output,parameter_a,parameter_b,normalized_center_a,normalized_center_b,parameter_value_a,parameter_value_b,ale_interaction_effect,samples
overall__mean_energy_saving_fraction,min_epochs_floor,utility_quantile,0.0625,0.0625,17,0.05625,-0.10323426338631433,32
overall__mean_energy_saving_fraction,min_epochs_floor,utility_quantile,0.0625,0.1875,17,0.14875,-0.024719985726852398,32
overall__mean_energy_saving_fraction,min_epochs_floor,utility_quantile,0.0625,0.3125,17,0.24125000000000002,0.02193359259409619,32
overall__mean_energy_saving_fraction,min_epochs_floor,utility_quantile,0.0625,0.4375,17,0.33375,0.025728648244938562,32
overall__mean_energy_saving_fraction,min_epochs_floor,utility_quantile,0.0625,0.5625,17,0.42625,0.02235860577201723,32
overall__mean_energy_saving_fraction,min_epochs_floor,utility_quantile,0.0625,0.6875,17,0.51875,0.02031907448039119,32
overall__mean_energy_saving_fraction,min_epochs_floor,utility_quantile,0.0625,0.8125,17,0.61125,0.01963783759429008,32
overall__mean_energy_saving_fraction,min_epochs_floor,utility_quantile,0.0625,0.9375,17,0.70375,0.017976490427433378,32
overall__mean_energy_saving_fraction,min_epochs_floor,utility_quantile,0.1875,0.0625,28,0.05625,-0.10582656997508479,32
overall__mean_energy_saving_fraction,min_epochs_floor,utility_quantile,0.1875,0.1875,28,0.14875,-0.03510201998389478,32
overall__mean_energy_saving_fraction,min_epochs_floor,utility_quantile,0.1875,0.3125,28,0.24125000000000002,0.021948174224167838,32
overall__mean_energy_saving_fraction,min_epochs_floor,utility_quantile,0.1875,0.4375,28,0.33375,0.027491287342711196,32
overall__mean_energy_saving_fraction,min_epochs_floor,utility_quantile,0.1875,0.5625,28,0.42625,0.0249002831893686,32
overall__mean_energy_saving_fraction,min_epochs_floor,utility_quantile,0.1875,0.6875,28,0.51875,0.023045956607253282,32
overall__mean_energy_saving_fraction,min_epochs_floor,utility_quantile,0.1875,0.8125,28,0.61125,0.02246043096923614,32
overall__mean_energy_saving_fraction,min_epochs_floor,utility_quantile,0.1875,0.9375,28,0.70375,0.02108245762624239,32
overall__mean_energy_saving_fraction,min_epochs_floor,utility_quantile,0.3125,0.0625,39,0.05625,-0.08476839035810196,32
overall__mean_energy_saving_fraction,min_epochs_floor,utility_quantile,0.3125,0.1875,39,0.14875,-0.027873390740340287,32
overall__mean_energy_saving_fraction,min_epochs_floor,utility_quantile,0.3125,0.3125,39,0.24125000000000002,0.023824244836803954,32
overall__mean_energy_saving_fraction,min_epochs_floor,utility_quantile,0.3125,0.4375,39,0.33375,0.023609502688627493,32
overall__mean_energy_saving_fraction,min_epochs_floor,utility_quantile,0.3125,0.5625,39,0.42625,0.01831108725753372,32
overall__mean_energy_saving_fraction,min_epochs_floor,utility_quantile,0.3125,0.6875,39,0.51875,0.01638976650295776,32
overall__mean_energy_saving_fraction,min_epochs_floor,utility_quantile,0.3125,0.8125,39,0.61125,0.015626316580067884,32
overall__mean_energy_saving_fraction,min_epochs_floor,utility_quantile,0.3125,0.9375,39,0.70375,0.014880863232451358,32
overall__mean_energy_saving_fraction,min_epochs_floor,utility_quantile,0.4375,0.0625,49,0.05625,-0.032291488982761574,32
overall__mean_energy_saving_fraction,min_epochs_floor,utility_quantile,0.4375,0.1875,49,0.14875,-0.019028121560430933,32
overall__mean_energy_saving_fraction,min_epochs_floor,utility_quantile,0.4375,0.3125,49,0.24125000000000002,-0.015262770132307535,32
overall__mean_energy_saving_fraction,min_epochs_floor,utility_quantile,0.4375,0.4375,49,0.33375,0.007939564484484407,32
overall__mean_energy_saving_fraction,min_epochs_floor,utility_quantile,0.4375,0.5625,49,0.42625,0.014087381008666494,32
overall__mean_energy_saving_fraction,min_epochs_floor,utility_quantile,0.4375,0.6875,49,0.51875,0.013440477927455396,32
overall__mean_energy_saving_fraction,min_epochs_floor,utility_quantile,0.4375,0.8125,49,0.61125,0.014816938994384132,32
overall__mean_energy_saving_fraction,min_epochs_floor,utility_quantile,0.4375,0.9375,49,0.70375,0.016298018260509528,32
overall__mean_energy_saving_fraction,min_epochs_floor,utility_quantile,0.5625,0.0625,60,0.05625,0.017257566817991482,32
overall__mean_energy_saving_fraction,min_epochs_floor,utility_quantile,0.5625,0.1875,60,0.14875,-0.005433138091015671,32
overall__mean_energy_saving_fraction,min_epochs_floor,utility_quantile,0.5625,0.3125,60,0.24125000000000002,-0.018842910926955475,32
overall__mean_energy_saving_fraction,min_epochs_floor,utility_quantile,0.5625,0.4375,60,0.33375,-0.02226900666336959,32
overall__mean_energy_saving_fraction,min_epochs_floor,utility_quantile,0.5625,0.5625,60,0.42625,0.00046389415200220885,32
overall__mean_energy_saving_fraction,min_epochs_floor,utility_quantile,0.5625,0.6875,60,0.51875,0.009077231025246907,32
overall__mean_energy_saving_fraction,min_epochs_floor,utility_quantile,0.5625,0.8125,60,0.61125,0.009774985018421223,32
overall__mean_energy_saving_fraction,min_epochs_floor,utility_quantile,0.5625,0.9375,60,0.70375,0.009971378667678776,32
overall__mean_energy_saving_fraction,min_epochs_floor,utility_quantile,0.6875,0.0625,70,0.05625,0.0713478575634301,32
overall__mean_energy_saving_fraction,min_epochs_floor,utility_quantile,0.6875,0.1875,70,0.14875,0.017907656176528924,32
overall__mean_energy_saving_fraction,min_epochs_floor,utility_quantile,0.6875,0.3125,70,0.24125000000000002,-0.020775563115139867,32
overall__mean_energy_saving_fraction,min_epochs_floor,utility_quantile,0.6875,0.4375,70,0.33375,-0.020471909091615476,32
overall__mean_energy_saving_fraction,min_epochs_floor,utility_quantile,0.6875,0.5625,70,0.42625,-0.013143901488328502,32
overall__mean_energy_saving_fraction,min_epochs_floor,utility_quantile,0.6875,0.6875,70,0.51875,-0.013358724852294945,32
overall__mean_energy_saving_fraction,min_epochs_floor,utility_quantile,0.6875,0.8125,70,0.61125,-0.011325527431571558,32
overall__mean_energy_saving_fraction,min_epochs_floor,utility_quantile,0.6875,0.9375,70,0.70375,-0.010179887761008699,32
overall__mean_energy_saving_fraction,min_epochs_floor,utility_quantile,0.8125,0.0625,81,0.05625,0.10527440805522068,32
overall__mean_energy_saving_fraction,min_epochs_floor,utility_quantile,0.8125,0.1875,81,0.14875,0.039396002537781416,32
overall__mean_energy_saving_fraction,min_epochs_floor,utility_quantile,0.8125,0.3125,81,0.24125000000000002,-0.009617039593441318,32
overall__mean_energy_saving_fraction,min_epochs_floor,utility_quantile,0.8125,0.4375,81,0.33375,-0.021025563050577317,32
overall__mean_energy_saving_fraction,min_epochs_floor,utility_quantile,0.8125,0.5625,81,0.42625,-0.03021099071047989,32
overall__mean_energy_saving_fraction,min_epochs_floor,utility_quantile,0.8125,0.6875,81,0.51875,-0.02838724520334951,32
overall__mean_energy_saving_fraction,min_epochs_floor,utility_quantile,0.8125,0.8125,81,0.61125,-0.027909853966771314,32
overall__mean_energy_saving_fraction,min_epochs_floor,utility_quantile,0.8125,0.9375,81,0.70375,-0.02751971806838288,32
overall__mean_energy_saving_fraction,min_epochs_floor,utility_quantile,0.9375,0.0625,92,0.05625,0.1322408802656203,32
overall__mean_energy_saving_fraction,min_epochs_floor,utility_quantile,0.9375,0.1875,92,0.14875,0.05485299738822355,32
overall__mean_energy_saving_fraction,min_epochs_floor,utility_quantile,0.9375,0.3125,92,0.24125000000000002,-0.0032077278872239823,32
overall__mean_energy_saving_fraction,min_epochs_floor,utility_quantile,0.9375,0.4375,92,0.33375,-0.021002523955199554,32
overall__mean_energy_saving_fraction,min_epochs_floor,utility_quantile,0.9375,0.5625,92,0.42625,-0.03676635918077997,32
overall__mean_energy_saving_fraction,min_epochs_floor,utility_quantile,0.9375,0.6875,92,0.51875,-0.04052653648766025,32
overall__mean_energy_saving_fraction,min_epochs_floor,utility_quantile,0.9375,0.8125,92,0.61125,-0.043081127758056725,32
overall__mean_energy_saving_fraction,min_epochs_floor,utility_quantile,0.9375,0.9375,92,0.70375,-0.042509602384923795,32
overall__mean_energy_saving_fraction,min_epochs_floor,noise_multiplier,0.0625,0.0625,17,0.484375,-0.06142781240012178,32
overall__mean_energy_saving_fraction,min_epochs_floor,noise_multiplier,0.0625,0.1875,17,0.953125,-0.002399681995192443,32
overall__mean_energy_saving_fraction,min_epochs_floor,noise_multiplier,0.0625,0.3125,17,1.421875,0.007931171191141478,32
overall__mean_energy_saving_fraction,min_epochs_floor,noise_multiplier,0.0625,0.4375,17,1.890625,0.011374727248971206,32
overall__mean_energy_saving_fraction,min_epochs_floor,noise_multiplier,0.0625,0.5625,17,2.359375,0.011186887950352942,32
overall__mean_energy_saving_fraction,min_epochs_floor,noise_multiplier,0.0625,0.6875,17,2.828125,0.011204414874867286,32
overall__mean_energy_saving_fraction,min_epochs_floor,noise_multiplier,0.0625,0.8125,17,3.296875,0.011147127880726498,32
overall__mean_energy_saving_fraction,min_epochs_floor,noise_multiplier,0.0625,0.9375,17,3.765625,0.01098316524925494,32
overall__mean_energy_saving_fraction,min_epochs_floor,noise_multiplier,0.1875,0.0625,28,0.484375,-0.06317749420790532,32
overall__mean_energy_saving_fraction,min_epochs_floor,noise_multiplier,0.1875,0.1875,28,0.953125,-0.004273552500481392,32
overall__mean_energy_saving_fraction,min_epochs_floor,noise_multiplier,0.1875,0.3125,28,1.421875,0.007322479699090695,32
overall__mean_energy_saving_fraction,min_epochs_floor,noise_multiplier,0.1875,0.4375,28,1.890625,0.012074724195388215,32
overall__mean_energy_saving_fraction,min_epochs_floor,noise_multiplier,0.1875,0.5625,28,2.359375,0.012336455992351752,32
overall__mean_energy_saving_fraction,min_epochs_floor,noise_multiplier,0.1875,0.6875,28,2.828125,0.012026070131074179,32
overall__mean_energy_saving_fraction,min_epochs_floor,noise_multiplier,0.1875,0.8125,28,3.296875,0.012118949982154376,32
overall__mean_energy_saving_fraction,min_epochs_floor,noise_multiplier,0.1875,0.9375,28,3.765625,0.01157236670832762,32
overall__mean_energy_saving_fraction,min_epochs_floor,noise_multiplier,0.3125,0.0625,39,0.484375,-0.040874483090315564,32
overall__mean_energy_saving_fraction,min_epochs_floor,noise_multiplier,0.3125,0.1875,39,0.953125,0.0006224294189342561,32
overall__mean_energy_saving_fraction,min_epochs_floor,noise_multiplier,0.3125,0.3125,39,1.421875,0.006036306128750224,32
overall__mean_energy_saving_fraction,min_epochs_floor,noise_multiplier,0.3125,0.4375,39,1.890625,0.006660653112999043,32
overall__mean_energy_saving_fraction,min_epochs_floor,noise_multiplier,0.3125,0.5625,39,2.359375,0.006625421182811647,32
overall__mean_energy_saving_fraction,min_epochs_floor,noise_multiplier,0.3125,0.6875,39,2.828125,0.006966243876868061,32
overall__mean_energy_saving_fraction,min_epochs_floor,noise_multiplier,0.3125,0.8125,39,3.296875,0.006846955369157748,32
overall__mean_energy_saving_fraction,min_epochs_floor,noise_multiplier,0.3125,0.9375,39,3.765625,0.007116474000794654,32
overall__mean_energy_saving_fraction,min_epochs_floor,noise_multiplier,0.4375,0.0625,49,0.484375,-0.0150577725792993,32
overall__mean_energy_saving_fraction,min_epochs_floor,noise_multiplier,0.4375,0.1875,49,0.953125,0.00019126100123434409,32
overall__mean_energy_saving_fraction,min_epochs_floor,noise_multiplier,0.4375,0.3125,49,1.421875,0.0024947923147463913,32
overall__mean_energy_saving_fraction,min_epochs_floor,noise_multiplier,0.4375,0.4375,49,1.890625,0.0023788725467922267,32
overall__mean_energy_saving_fraction,min_epochs_floor,noise_multiplier,0.4375,0.5625,49,2.359375,0.0023133652930139303,32
overall__mean_energy_saving_fraction,min_epochs_floor,noise_multiplier,0.4375,0.6875,49,2.828125,0.0025965954555087767,32
overall__mean_energy_saving_fraction,min_epochs_floor,noise_multiplier,0.4375,0.8125,49,3.296875,0.0025047912853301824,32
overall__mean_energy_saving_fraction,min_epochs_floor,noise_multiplier,0.4375,0.9375,49,3.765625,0.002578094682673532,32
overall__mean_energy_saving_fraction,min_epochs_floor,noise_multiplier,0.5625,0.0625,60,0.484375,0.02556638774981218,32
overall__mean_energy_saving_fraction,min_epochs_floor,noise_multiplier,0.5625,0.1875,60,0.953125,-0.001754815320937686,32
overall__mean_energy_saving_fraction,min_epochs_floor,noise_multiplier,0.5625,0.3125,60,1.421875,-0.00486606470334125,32
overall__mean_energy_saving_fraction,min_epochs_floor,noise_multiplier,0.5625,0.4375,60,1.890625,-0.004778161979619139,32
overall__mean_energy_saving_fraction,min_epochs_floor,noise_multiplier,0.5625,0.5625,60,2.359375,-0.0040243525051325835,32
overall__mean_energy_saving_fraction,min_epochs_floor,noise_multiplier,0.5625,0.6875,60,2.828125,-0.003406291598301331,32
overall__mean_energy_saving_fraction,min_epochs_floor,noise_multiplier,0.5625,0.8125,60,3.296875,-0.0032346540280241975,32
overall__mean_energy_saving_fraction,min_epochs_floor,noise_multiplier,0.5625,0.9375,60,3.765625,-0.003502047614456022,32
overall__mean_energy_saving_fraction,min_epochs_floor,noise_multiplier,0.6875,0.0625,70,0.484375,0.036724371742497014,32
overall__mean_energy_saving_fraction,min_epochs_floor,noise_multiplier,0.6875,0.1875,70,0.953125,-0.0023271345835282897,32
overall__mean_energy_saving_fraction,min_epochs_floor,noise_multiplier,0.6875,0.3125,70,1.421875,-0.005932210647406844,32
overall__mean_energy_saving_fraction,min_epochs_floor,noise_multiplier,0.6875,0.4375,70,1.890625,-0.006789848193340664,32
overall__mean_energy_saving_fraction,min_epochs_floor,noise_multiplier,0.6875,0.5625,70,2.359375,-0.005410282440904718,32
overall__mean_energy_saving_fraction,min_epochs_floor,noise_multiplier,0.6875,0.6875,70,2.828125,-0.00567668134437177,32
overall__mean_energy_saving_fraction,min_epochs_floor,noise_multiplier,0.6875,0.8125,70,3.296875,-0.005423698423384304,32
overall__mean_energy_saving_fraction,min_epochs_floor,noise_multiplier,0.6875,0.9375,70,3.765625,-0.005164516109560424,32
overall__mean_energy_saving_fraction,min_epochs_floor,noise_multiplier,0.8125,0.0625,81,0.484375,0.05118365805772704,32
overall__mean_energy_saving_fraction,min_epochs_floor,noise_multiplier,0.8125,0.1875,81,0.953125,0.0027718037114530802,32
overall__mean_energy_saving_fraction,min_epochs_floor,noise_multiplier,0.8125,0.3125,81,1.421875,-0.006463297096253706,32
overall__mean_energy_saving_fraction,min_epochs_floor,noise_multiplier,0.8125,0.4375,81,1.890625,-0.00917755616544047,32
overall__mean_energy_saving_fraction,min_epochs_floor,noise_multiplier,0.8125,0.5625,81,2.359375,-0.00985279738001757,32
overall__mean_energy_saving_fraction,min_epochs_floor,noise_multiplier,0.8125,0.6875,81,2.828125,-0.009810517108358063,32
overall__mean_energy_saving_fraction,min_epochs_floor,noise_multiplier,0.8125,0.8125,81,3.296875,-0.009414810532500428,32
overall__mean_energy_saving_fraction,min_epochs_floor,noise_multiplier,0.8125,0.9375,81,3.765625,-0.00923648348660977,32
overall__mean_energy_saving_fraction,min_epochs_floor,noise_multiplier,0.9375,0.0625,92,0.484375,0.06706314472760574,32
overall__mean_energy_saving_fraction,min_epochs_floor,noise_multiplier,0.9375,0.1875,92,0.953125,0.0071696902685182695,32
overall__mean_energy_saving_fraction,min_epochs_floor,noise_multiplier,0.9375,0.3125,92,1.421875,-0.0065231768867271,32
overall__mean_energy_saving_fraction,min_epochs_floor,noise_multiplier,0.9375,0.4375,92,1.890625,-0.011743410765750473,32
overall__mean_energy_saving_fraction,min_epochs_floor,noise_multiplier,0.9375,0.5625,92,2.359375,-0.013174698092475373,32
overall__mean_energy_saving_fraction,min_epochs_floor,noise_multiplier,0.9375,0.6875,92,2.828125,-0.013899834287286972,32
overall__mean_energy_saving_fraction,min_epochs_floor,noise_multiplier,0.9375,0.8125,92,3.296875,-0.01454466153345979,32
overall__mean_energy_saving_fraction,min_epochs_floor,noise_multiplier,0.9375,0.9375,92,3.765625,-0.014347053430424306,32
overall__mean_energy_saving_fraction,min_epochs_floor,minimum_quality_floor,0.0625,0.0625,17,0.04375,0.04336820064317475,32
overall__mean_energy_saving_fraction,min_epochs_floor,minimum_quality_floor,0.0625,0.1875,17,0.13124999999999998,0.034567730014533574,32
overall__mean_energy_saving_fraction,min_epochs_floor,minimum_quality_floor,0.0625,0.3125,17,0.21875,0.03318140656692103,32
overall__mean_energy_saving_fraction,min_epochs_floor,minimum_quality_floor,0.0625,0.4375,17,0.30624999999999997,0.03219951809687083,32
overall__mean_energy_saving_fraction,min_epochs_floor,minimum_quality_floor,0.0625,0.5625,17,0.39375,0.017916124399867964,32
overall__mean_energy_saving_fraction,min_epochs_floor,minimum_quality_floor,0.0625,0.6875,17,0.48124999999999996,-0.04332585967738936,32
overall__mean_energy_saving_fraction,min_epochs_floor,minimum_quality_floor,0.0625,0.8125,17,0.56875,-0.05334127251003312,32
overall__mean_energy_saving_fraction,min_epochs_floor,minimum_quality_floor,0.0625,0.9375,17,0.65625,-0.06456584753394562,32
overall__mean_energy_saving_fraction,min_epochs_floor,minimum_quality_floor,0.1875,0.0625,28,0.04375,0.040434446707903554,32
overall__mean_energy_saving_fraction,min_epochs_floor,minimum_quality_floor,0.1875,0.1875,28,0.13124999999999998,0.033331613915557445,32
overall__mean_energy_saving_fraction,min_epochs_floor,minimum_quality_floor,0.1875,0.3125,28,0.21875,0.03164886281323352,32
overall__mean_energy_saving_fraction,min_epochs_floor,minimum_quality_floor,0.1875,0.4375,28,0.30624999999999997,0.03052959388830448,32
overall__mean_energy_saving_fraction,min_epochs_floor,minimum_quality_floor,0.1875,0.5625,28,0.39375,0.02140975084204476,32
overall__mean_energy_saving_fraction,min_epochs_floor,minimum_quality_floor,0.1875,0.6875,28,0.48124999999999996,-0.042201673394012526,32
overall__mean_energy_saving_fraction,min_epochs_floor,minimum_quality_floor,0.1875,0.8125,28,0.56875,-0.05215103664494432,32
overall__mean_energy_saving_fraction,min_epochs_floor,minimum_quality_floor,0.1875,0.9375,28,0.65625,-0.06300155812808687,32
overall__mean_energy_saving_fraction,min_epochs_floor,minimum_quality_floor,0.3125,0.0625,39,0.04375,0.029706791421925387,32
overall__mean_energy_saving_fraction,min_epochs_floor,minimum_quality_floor,0.3125,0.1875,39,0.13124999999999998,0.022260986329560896,32
overall__mean_energy_saving_fraction,min_epochs_floor,minimum_quality_floor,0.3125,0.3125,39,0.21875,0.01907783108058686,32
overall__mean_energy_saving_fraction,min_epochs_floor,minimum_quality_floor,0.3125,0.4375,39,0.30624999999999997,0.01851322168739112,32
overall__mean_energy_saving_fraction,min_epochs_floor,minimum_quality_floor,0.3125,0.5625,39,0.39375,0.018405983157148226,32
overall__mean_energy_saving_fraction,min_epochs_floor,minimum_quality_floor,0.3125,0.6875,39,0.48124999999999996,-0.027449224302081618,32
overall__mean_energy_saving_fraction,min_epochs_floor,minimum_quality_floor,0.3125,0.8125,39,0.56875,-0.03828089800246577,32
overall__mean_energy_saving_fraction,min_epochs_floor,minimum_quality_floor,0.3125,0.9375,39,0.65625,-0.042234691372065036,32
overall__mean_energy_saving_fraction,min_epochs_floor,minimum_quality_floor,0.4375,0.0625,49,0.04375,0.004332234725685245,32
overall__mean_energy_saving_fraction,min_epochs_floor,minimum_quality_floor,0.4375,0.1875,49,0.13124999999999998,0.005261535338374701,32
overall__mean_energy_saving_fraction,min_epochs_floor,minimum_quality_floor,0.4375,0.3125,49,0.21875,0.005366679063369961,32
overall__mean_energy_saving_fraction,min_epochs_floor,minimum_quality_floor,0.4375,0.4375,49,0.30624999999999997,0.006172623789657272,32
overall__mean_energy_saving_fraction,min_epochs_floor,minimum_quality_floor,0.4375,0.5625,49,0.39375,0.00656144457581808,32
overall__mean_energy_saving_fraction,min_epochs_floor,minimum_quality_floor,0.4375,0.6875,49,0.48124999999999996,-0.004854327947927756,32
overall__mean_energy_saving_fraction,min_epochs_floor,minimum_quality_floor,0.4375,0.8125,49,0.56875,-0.012441903714988226,32
overall__mean_energy_saving_fraction,min_epochs_floor,minimum_quality_floor,0.4375,0.9375,49,0.65625,-0.010398285829989251,32
overall__mean_energy_saving_fraction,min_epochs_floor,minimum_quality_floor,0.5625,0.0625,60,0.04375,-0.009876625204937213,32
overall__mean_energy_saving_fraction,min_epochs_floor,minimum_quality_floor,0.5625,0.1875,60,0.13124999999999998,-0.006845434001882061,32
overall__mean_energy_saving_fraction,min_epochs_floor,minimum_quality_floor,0.5625,0.3125,60,0.21875,-0.007310654137154253,32
overall__mean_energy_saving_fraction,min_epochs_floor,minimum_quality_floor,0.5625,0.4375,60,0.30624999999999997,-0.010566774312116549,32
overall__mean_energy_saving_fraction,min_epochs_floor,minimum_quality_floor,0.5625,0.5625,60,0.39375,-0.009319040753454369,32
overall__mean_energy_saving_fraction,min_epochs_floor,minimum_quality_floor,0.5625,0.6875,60,0.48124999999999996,0.01222311242281486,32
overall__mean_energy_saving_fraction,min_epochs_floor,minimum_quality_floor,0.5625,0.8125,60,0.56875,0.014700952478788318,32
overall__mean_energy_saving_fraction,min_epochs_floor,minimum_quality_floor,0.5625,0.9375,60,0.65625,0.0169944635079413,32
overall__mean_energy_saving_fraction,min_epochs_floor,minimum_quality_floor,0.6875,0.0625,70,0.04375,-0.024881927231451453,32
overall__mean_energy_saving_fraction,min_epochs_floor,minimum_quality_floor,0.6875,0.1875,70,0.13124999999999998,-0.019669077958363826,32
overall__mean_energy_saving_fraction,min_epochs_floor,minimum_quality_floor,0.6875,0.3125,70,0.21875,-0.018281037889849416,32
overall__mean_energy_saving_fraction,min_epochs_floor,minimum_quality_floor,0.6875,0.4375,70,0.30624999999999997,-0.01818808989398471,32
overall__mean_energy_saving_fraction,min_epochs_floor,minimum_quality_floor,0.6875,0.5625,70,0.39375,-0.013063934164813704,32
overall__mean_energy_saving_fraction,min_epochs_floor,minimum_quality_floor,0.6875,0.6875,70,0.48124999999999996,0.02380252797134136,32
overall__mean_energy_saving_fraction,min_epochs_floor,minimum_quality_floor,0.6875,0.8125,70,0.56875,0.03205336494357752,32
overall__mean_energy_saving_fraction,min_epochs_floor,minimum_quality_floor,0.6875,0.9375,70,0.65625,0.038228174223544215,32
overall__mean_energy_saving_fraction,min_epochs_floor,minimum_quality_floor,0.8125,0.0625,81,0.04375,-0.038269928435289924,32
overall__mean_energy_saving_fraction,min_epochs_floor,minimum_quality_floor,0.8125,0.1875,81,0.13124999999999998,-0.031592755890919144,32
overall__mean_energy_saving_fraction,min_epochs_floor,minimum_quality_floor,0.8125,0.3125,81,0.21875,-0.028851123382233473,32
overall__mean_energy_saving_fraction,min_epochs_floor,minimum_quality_floor,0.8125,0.4375,81,0.30624999999999997,-0.026841673557008422,32
overall__mean_energy_saving_fraction,min_epochs_floor,minimum_quality_floor,0.8125,0.5625,81,0.39375,-0.01914809513832824,32
overall__mean_energy_saving_fraction,min_epochs_floor,minimum_quality_floor,0.8125,0.6875,81,0.48124999999999996,0.03775956885736889,32
overall__mean_energy_saving_fraction,min_epochs_floor,minimum_quality_floor,0.8125,0.8125,81,0.56875,0.049600321220960336,32
overall__mean_energy_saving_fraction,min_epochs_floor,minimum_quality_floor,0.8125,0.9375,81,0.65625,0.057343686325450005,32
overall__mean_energy_saving_fraction,min_epochs_floor,minimum_quality_floor,0.9375,0.0625,92,0.04375,-0.044813192627010306,32
overall__mean_energy_saving_fraction,min_epochs_floor,minimum_quality_floor,0.9375,0.1875,92,0.13124999999999998,-0.037314597746861536,32
overall__mean_energy_saving_fraction,min_epochs_floor,minimum_quality_floor,0.9375,0.3125,92,0.21875,-0.034831964114874145,32
overall__mean_energy_saving_fraction,min_epochs_floor,minimum_quality_floor,0.9375,0.4375,92,0.30624999999999997,-0.03181841969911395,32
overall__mean_energy_saving_fraction,min_epochs_floor,minimum_quality_floor,0.9375,0.5625,92,0.39375,-0.02276223291828265,32
overall__mean_energy_saving_fraction,min_epochs_floor,minimum_quality_floor,0.9375,0.6875,92,0.48124999999999996,0.04404587606988619,32
overall__mean_energy_saving_fraction,min_epochs_floor,minimum_quality_floor,0.9375,0.8125,92,0.56875,0.05986047222910523,32
overall__mean_energy_saving_fraction,min_epochs_floor,minimum_quality_floor,0.9375,0.9375,92,0.65625,0.06763405880715123,32
overall__mean_energy_saving_fraction,noise_multiplier,utility_quantile,0.0625,0.0625,0.484375,0.05625,0.06956184088308774,32
overall__mean_energy_saving_fraction,noise_multiplier,utility_quantile,0.0625,0.1875,0.484375,0.14875,0.03242116159687447,32
overall__mean_energy_saving_fraction,noise_multiplier,utility_quantile,0.0625,0.3125,0.484375,0.24125000000000002,-0.0035514342669079046,32
overall__mean_energy_saving_fraction,noise_multiplier,utility_quantile,0.0625,0.4375,0.484375,0.33375,-0.013031343108708376,32
overall__mean_energy_saving_fraction,noise_multiplier,utility_quantile,0.0625,0.5625,0.484375,0.42625,-0.021270898368878494,32
overall__mean_energy_saving_fraction,noise_multiplier,utility_quantile,0.0625,0.6875,0.484375,0.51875,-0.02272032190790066,32
overall__mean_energy_saving_fraction,noise_multiplier,utility_quantile,0.0625,0.8125,0.484375,0.61125,-0.021827925490624678,32
overall__mean_energy_saving_fraction,noise_multiplier,utility_quantile,0.0625,0.9375,0.484375,0.70375,-0.01958107933694206,32
overall__mean_energy_saving_fraction,noise_multiplier,utility_quantile,0.1875,0.0625,0.953125,0.05625,0.002709578537451268,32
overall__mean_energy_saving_fraction,noise_multiplier,utility_quantile,0.1875,0.1875,0.953125,0.14875,0.0008075039151358709,32
overall__mean_energy_saving_fraction,noise_multiplier,utility_quantile,0.1875,0.3125,0.953125,0.24125000000000002,0.0019058785861600924,32
overall__mean_energy_saving_fraction,noise_multiplier,utility_quantile,0.1875,0.4375,0.953125,0.33375,0.0013116499095083,32
overall__mean_energy_saving_fraction,noise_multiplier,utility_quantile,0.1875,0.5625,0.953125,0.42625,-0.0012794039796118206,32
overall__mean_energy_saving_fraction,noise_multiplier,utility_quantile,0.1875,0.6875,0.953125,0.51875,-0.001360835598530813,32
overall__mean_energy_saving_fraction,noise_multiplier,utility_quantile,0.1875,0.8125,0.953125,0.61125,-0.0014151649054929272,32
overall__mean_energy_saving_fraction,noise_multiplier,utility_quantile,0.1875,0.9375,0.953125,0.70375,-0.002679206464620054,32
overall__mean_energy_saving_fraction,noise_multiplier,utility_quantile,0.3125,0.0625,1.421875,0.05625,-0.007763987449548343,32
overall__mean_energy_saving_fraction,noise_multiplier,utility_quantile,0.3125,0.1875,1.421875,0.14875,-0.0018877591283534,32
overall__mean_energy_saving_fraction,noise_multiplier,utility_quantile,0.3125,0.3125,1.421875,0.24125000000000002,-0.0006226524030688296,32
overall__mean_energy_saving_fraction,noise_multiplier,utility_quantile,0.3125,0.4375,1.421875,0.33375,0.0014343524999718693,32
overall__mean_energy_saving_fraction,noise_multiplier,utility_quantile,0.3125,0.5625,1.421875,0.42625,0.0021816682736020276,32
overall__mean_energy_saving_fraction,noise_multiplier,utility_quantile,0.3125,0.6875,1.421875,0.51875,0.002444662795609287,32
overall__mean_energy_saving_fraction,noise_multiplier,utility_quantile,0.3125,0.8125,1.421875,0.61125,0.0022452401657060694,32
overall__mean_energy_saving_fraction,noise_multiplier,utility_quantile,0.3125,0.9375,1.421875,0.70375,0.0019684752460814303,32
overall__mean_energy_saving_fraction,noise_multiplier,utility_quantile,0.4375,0.0625,1.890625,0.05625,-0.012488600105622721,32
overall__mean_energy_saving_fraction,noise_multiplier,utility_quantile,0.4375,0.1875,1.890625,0.14875,-0.005641656352974839,32
overall__mean_energy_saving_fraction,noise_multiplier,utility_quantile,0.4375,0.3125,1.890625,0.24125000000000002,0.0003948829254020181,32
overall__mean_energy_saving_fraction,noise_multiplier,utility_quantile,0.4375,0.4375,1.890625,0.33375,0.0021874911978205513,32
overall__mean_energy_saving_fraction,noise_multiplier,utility_quantile,0.4375,0.5625,1.890625,0.42625,0.003762892845523169,32
overall__mean_energy_saving_fraction,noise_multiplier,utility_quantile,0.4375,0.6875,1.890625,0.51875,0.004044617438681203,32
overall__mean_energy_saving_fraction,noise_multiplier,utility_quantile,0.4375,0.8125,1.890625,0.61125,0.003952149044707115,32
overall__mean_energy_saving_fraction,noise_multiplier,utility_quantile,0.4375,0.9375,1.890625,0.70375,0.0037882230064633926,32
overall__mean_energy_saving_fraction,noise_multiplier,utility_quantile,0.5625,0.0625,2.359375,0.05625,-0.01334042278662298,32
overall__mean_energy_saving_fraction,noise_multiplier,utility_quantile,0.5625,0.1875,2.359375,0.14875,-0.006242862696407253,32
overall__mean_energy_saving_fraction,noise_multiplier,utility_quantile,0.5625,0.3125,2.359375,0.24125000000000002,0.000143664809952454,32
overall__mean_energy_saving_fraction,noise_multiplier,utility_quantile,0.5625,0.4375,2.359375,0.33375,0.0019726413198710713,32
overall__mean_energy_saving_fraction,noise_multiplier,utility_quantile,0.5625,0.5625,2.359375,0.42625,0.004118988341729357,32
overall__mean_energy_saving_fraction,noise_multiplier,utility_quantile,0.5625,0.6875,2.359375,0.51875,0.0044856356312722445,32
overall__mean_energy_saving_fraction,noise_multiplier,utility_quantile,0.5625,0.8125,2.359375,0.61125,0.00451611985011291,32
overall__mean_energy_saving_fraction,noise_multiplier,utility_quantile,0.5625,0.9375,2.359375,0.70375,0.004346235530092307,32
overall__mean_energy_saving_fraction,noise_multiplier,utility_quantile,0.6875,0.0625,2.828125,0.05625,-0.013689993838942788,32
overall__mean_energy_saving_fraction,noise_multiplier,utility_quantile,0.6875,0.1875,2.828125,0.14875,-0.005964375703730512,32
overall__mean_energy_saving_fraction,noise_multiplier,utility_quantile,0.6875,0.3125,2.828125,0.24125000000000002,0.00019461245478760714,32
overall__mean_energy_saving_fraction,noise_multiplier,utility_quantile,0.6875,0.4375,2.828125,0.33375,0.0020042319736188474,32
overall__mean_energy_saving_fraction,noise_multiplier,utility_quantile,0.6875,0.5625,2.828125,0.42625,0.0042966482180722965,32
overall__mean_energy_saving_fraction,noise_multiplier,utility_quantile,0.6875,0.6875,2.828125,0.51875,0.004533070832434538,32
overall__mean_energy_saving_fraction,noise_multiplier,utility_quantile,0.6875,0.8125,2.828125,0.61125,0.004389320595229396,32
overall__mean_energy_saving_fraction,noise_multiplier,utility_quantile,0.6875,0.9375,2.828125,0.70375,0.0042364854685306985,32
overall__mean_energy_saving_fraction,noise_multiplier,utility_quantile,0.8125,0.0625,3.296875,0.05625,-0.013122043920108933,32
overall__mean_energy_saving_fraction,noise_multiplier,utility_quantile,0.8125,0.1875,3.296875,0.14875,-0.00691087055375364,32
overall__mean_energy_saving_fraction,noise_multiplier,utility_quantile,0.8125,0.3125,3.296875,0.24125000000000002,0.0006860186317139971,32
overall__mean_energy_saving_fraction,noise_multiplier,utility_quantile,0.8125,0.4375,3.296875,0.33375,0.002354897178760834,32
overall__mean_energy_saving_fraction,noise_multiplier,utility_quantile,0.8125,0.5625,3.296875,0.42625,0.0043296003902895674,32
overall__mean_energy_saving_fraction,noise_multiplier,utility_quantile,0.8125,0.6875,3.296875,0.51875,0.004394442509028984,32
overall__mean_energy_saving_fraction,noise_multiplier,utility_quantile,0.8125,0.8125,3.296875,0.61125,0.004174050109186533,32
overall__mean_energy_saving_fraction,noise_multiplier,utility_quantile,0.8125,0.9375,3.296875,0.70375,0.004093905654882407,32
overall__mean_energy_saving_fraction,noise_multiplier,utility_quantile,0.9375,0.0625,3.765625,0.05625,-0.011866371319693175,32
overall__mean_energy_saving_fraction,noise_multiplier,utility_quantile,0.9375,0.1875,3.765625,0.14875,-0.006581141076790725,32
overall__mean_energy_saving_fraction,noise_multiplier,utility_quantile,0.9375,0.3125,3.765625,0.24125000000000002,0.0008490292619604267,32
overall__mean_energy_saving_fraction,noise_multiplier,utility_quantile,0.9375,0.4375,3.765625,0.33375,0.0017660790291569028,32
overall__mean_energy_saving_fraction,noise_multiplier,utility_quantile,0.9375,0.5625,3.765625,0.42625,0.0038605042792738964,32
overall__mean_energy_saving_fraction,noise_multiplier,utility_quantile,0.9375,0.6875,3.765625,0.51875,0.004178728299405243,32
overall__mean_energy_saving_fraction,noise_multiplier,utility_quantile,0.9375,0.8125,3.765625,0.61125,0.003966210631175637,32
overall__mean_energy_saving_fraction,noise_multiplier,utility_quantile,0.9375,0.9375,3.765625,0.70375,0.0038269608955117385,32
overall__mean_energy_saving_fraction,utility_quantile,minimum_quality_floor,0.0625,0.0625,0.05625,0.04375,-0.04465083720891043,32
overall__mean_energy_saving_fraction,utility_quantile,minimum_quality_floor,0.0625,0.1875,0.05625,0.13124999999999998,-0.036552402970175736,32
overall__mean_energy_saving_fraction,utility_quantile,minimum_quality_floor,0.0625,0.3125,0.05625,0.21875,-0.034837926039515674,32
overall__mean_energy_saving_fraction,utility_quantile,minimum_quality_floor,0.0625,0.4375,0.05625,0.30624999999999997,-0.03173690696721827,32
overall__mean_energy_saving_fraction,utility_quantile,minimum_quality_floor,0.0625,0.5625,0.05625,0.39375,-0.02421829226771576,32
overall__mean_energy_saving_fraction,utility_quantile,minimum_quality_floor,0.0625,0.6875,0.05625,0.48124999999999996,0.043566031779888686,32
overall__mean_energy_saving_fraction,utility_quantile,minimum_quality_floor,0.0625,0.8125,0.05625,0.56875,0.05953908082436653,32
overall__mean_energy_saving_fraction,utility_quantile,minimum_quality_floor,0.0625,0.9375,0.05625,0.65625,0.06889125284928065,32
overall__mean_energy_saving_fraction,utility_quantile,minimum_quality_floor,0.1875,0.0625,0.14875,0.04375,-0.01881205851963358,32
overall__mean_energy_saving_fraction,utility_quantile,minimum_quality_floor,0.1875,0.1875,0.14875,0.13124999999999998,-0.012058211409612794,32
overall__mean_energy_saving_fraction,utility_quantile,minimum_quality_floor,0.1875,0.3125,0.14875,0.21875,-0.012957457498978087,32
overall__mean_energy_saving_fraction,utility_quantile,minimum_quality_floor,0.1875,0.4375,0.14875,0.30624999999999997,-0.01544000063246602,32
overall__mean_energy_saving_fraction,utility_quantile,minimum_quality_floor,0.1875,0.5625,0.14875,0.39375,-0.0175139550217945,32
overall__mean_energy_saving_fraction,utility_quantile,minimum_quality_floor,0.1875,0.6875,0.14875,0.48124999999999996,0.017235029126757742,32
overall__mean_energy_saving_fraction,utility_quantile,minimum_quality_floor,0.1875,0.8125,0.14875,0.56875,0.02611722474385124,32
overall__mean_energy_saving_fraction,utility_quantile,minimum_quality_floor,0.1875,0.9375,0.14875,0.65625,0.03342942921187596,32
overall__mean_energy_saving_fraction,utility_quantile,minimum_quality_floor,0.3125,0.0625,0.24125000000000002,0.04375,0.0026053589492149726,32
overall__mean_energy_saving_fraction,utility_quantile,minimum_quality_floor,0.3125,0.1875,0.24125000000000002,0.13124999999999998,0.005996252798199556,32
overall__mean_energy_saving_fraction,utility_quantile,minimum_quality_floor,0.3125,0.3125,0.24125000000000002,0.21875,0.005576094960652311,32
overall__mean_energy_saving_fraction,utility_quantile,minimum_quality_floor,0.3125,0.4375,0.24125000000000002,0.30624999999999997,0.003185626532244565,32
overall__mean_energy_saving_fraction,utility_quantile,minimum_quality_floor,0.3125,0.5625,0.24125000000000002,0.39375,0.00290038873791669,32
overall__mean_energy_saving_fraction,utility_quantile,minimum_quality_floor,0.3125,0.6875,0.24125000000000002,0.48124999999999996,-0.008904297267408899,32
overall__mean_energy_saving_fraction,utility_quantile,minimum_quality_floor,0.3125,0.8125,0.24125000000000002,0.56875,-0.008262573613113208,32
overall__mean_energy_saving_fraction,utility_quantile,minimum_quality_floor,0.3125,0.9375,0.24125000000000002,0.65625,-0.0030968510977060076,32
overall__mean_energy_saving_fraction,utility_quantile,minimum_quality_floor,0.4375,0.0625,0.33375,0.04375,0.007128538309821256,32
overall__mean_energy_saving_fraction,utility_quantile,minimum_quality_floor,0.4375,0.1875,0.33375,0.13124999999999998,0.008475051962217275,32
overall__mean_energy_saving_fraction,utility_quantile,minimum_quality_floor,0.4375,0.3125,0.33375,0.21875,0.008720161087146502,32
overall__mean_energy_saving_fraction,utility_quantile,minimum_quality_floor,0.4375,0.4375,0.33375,0.30624999999999997,0.009904482388198396,32
overall__mean_energy_saving_fraction,utility_quantile,minimum_quality_floor,0.4375,0.5625,0.33375,0.39375,0.008303554921702663,32
overall__mean_energy_saving_fraction,utility_quantile,minimum_quality_floor,0.4375,0.6875,0.33375,0.48124999999999996,-0.01278471801477088,32
overall__mean_energy_saving_fraction,utility_quantile,minimum_quality_floor,0.4375,0.8125,0.33375,0.56875,-0.01581189525355181,32
overall__mean_energy_saving_fraction,utility_quantile,minimum_quality_floor,0.4375,0.9375,0.33375,0.65625,-0.013935175400763472,32
overall__mean_energy_saving_fraction,utility_quantile,minimum_quality_floor,0.5625,0.0625,0.42625,0.04375,0.011359734014742107,32
overall__mean_energy_saving_fraction,utility_quantile,minimum_quality_floor,0.5625,0.1875,0.42625,0.13124999999999998,0.008850199309610687,32
overall__mean_energy_saving_fraction,utility_quantile,minimum_quality_floor,0.5625,0.3125,0.42625,0.21875,0.008741872034360582,32
overall__mean_energy_saving_fraction,utility_quantile,minimum_quality_floor,0.5625,0.4375,0.42625,0.30624999999999997,0.00881643184836109,32
overall__mean_energy_saving_fraction,utility_quantile,minimum_quality_floor,0.5625,0.5625,0.42625,0.39375,0.008133969530043347,32
overall__mean_energy_saving_fraction,utility_quantile,minimum_quality_floor,0.5625,0.6875,0.42625,0.48124999999999996,-0.009868034507887716,32
overall__mean_energy_saving_fraction,utility_quantile,minimum_quality_floor,0.5625,0.8125,0.42625,0.56875,-0.016060944890260206,32
overall__mean_energy_saving_fraction,utility_quantile,minimum_quality_floor,0.5625,0.9375,0.42625,0.65625,-0.01997322733896993,32
overall__mean_energy_saving_fraction,utility_quantile,minimum_quality_floor,0.6875,0.0625,0.51875,0.04375,0.013797555694213273,32
overall__mean_energy_saving_fraction,utility_quantile,minimum_quality_floor,0.6875,0.1875,0.51875,0.13124999999999998,0.008721062838247487,32
overall__mean_energy_saving_fraction,utility_quantile,minimum_quality_floor,0.6875,0.3125,0.51875,0.21875,0.008589894389136085,32
overall__mean_energy_saving_fraction,utility_quantile,minimum_quality_floor,0.6875,0.4375,0.51875,0.30624999999999997,0.008814833589916013,32
overall__mean_energy_saving_fraction,utility_quantile,minimum_quality_floor,0.6875,0.5625,0.51875,0.39375,0.007831990683310919,32
overall__mean_energy_saving_fraction,utility_quantile,minimum_quality_floor,0.6875,0.6875,0.51875,0.48124999999999996,-0.009970980177173419,32
overall__mean_energy_saving_fraction,utility_quantile,minimum_quality_floor,0.6875,0.8125,0.51875,0.56875,-0.015686237250518972,32
overall__mean_energy_saving_fraction,utility_quantile,minimum_quality_floor,0.6875,0.9375,0.51875,0.65625,-0.022098119767131538,32
overall__mean_energy_saving_fraction,utility_quantile,minimum_quality_floor,0.8125,0.0625,0.61125,0.04375,0.015007642966419571,32
overall__mean_energy_saving_fraction,utility_quantile,minimum_quality_floor,0.8125,0.1875,0.61125,0.13124999999999998,0.008752291149791494,32
overall__mean_energy_saving_fraction,utility_quantile,minimum_quality_floor,0.8125,0.3125,0.61125,0.21875,0.008502620717034684,32
overall__mean_energy_saving_fraction,utility_quantile,minimum_quality_floor,0.8125,0.4375,0.61125,0.30624999999999997,0.00838802108731608,32
overall__mean_energy_saving_fraction,utility_quantile,minimum_quality_floor,0.8125,0.5625,0.61125,0.39375,0.006861718637368147,32
overall__mean_energy_saving_fraction,utility_quantile,minimum_quality_floor,0.8125,0.6875,0.61125,0.48124999999999996,-0.009964153507366125,32
overall__mean_energy_saving_fraction,utility_quantile,minimum_quality_floor,0.8125,0.8125,0.61125,0.56875,-0.015310307838123455,32
overall__mean_energy_saving_fraction,utility_quantile,minimum_quality_floor,0.8125,0.9375,0.61125,0.65625,-0.02223783321244044,32
overall__mean_energy_saving_fraction,utility_quantile,minimum_quality_floor,0.9375,0.0625,0.70375,0.04375,0.013564065794132774,32
overall__mean_energy_saving_fraction,utility_quantile,minimum_quality_floor,0.9375,0.1875,0.70375,0.13124999999999998,0.007815756321721976,32
overall__mean_energy_saving_fraction,utility_quantile,minimum_quality_floor,0.9375,0.3125,0.70375,0.21875,0.007664740350163526,32
overall__mean_energy_saving_fraction,utility_quantile,minimum_quality_floor,0.9375,0.4375,0.70375,0.30624999999999997,0.00806751215364808,32
overall__mean_energy_saving_fraction,utility_quantile,minimum_quality_floor,0.9375,0.5625,0.70375,0.39375,0.007700624779168455,32
overall__mean_energy_saving_fraction,utility_quantile,minimum_quality_floor,0.9375,0.6875,0.70375,0.48124999999999996,-0.009308877432039397,32
overall__mean_energy_saving_fraction,utility_quantile,minimum_quality_floor,0.9375,0.8125,0.70375,0.56875,-0.014524346722650211,32
overall__mean_energy_saving_fraction,utility_quantile,minimum_quality_floor,0.9375,0.9375,0.70375,0.65625,-0.0209794752441452,32
overall__mean_quality_regret_pp,min_epochs_floor,utility_quantile,0.0625,0.0625,17,0.05625,-1.704788605889986,32
overall__mean_quality_regret_pp,min_epochs_floor,utility_quantile,0.0625,0.1875,17,0.14875,-0.6525687016784967,32
overall__mean_quality_regret_pp,min_epochs_floor,utility_quantile,0.0625,0.3125,17,0.24125000000000002,0.3306016219822516,32
overall__mean_quality_regret_pp,min_epochs_floor,utility_quantile,0.0625,0.4375,17,0.33375,0.4647704296864017,32
overall__mean_quality_regret_pp,min_epochs_floor,utility_quantile,0.0625,0.5625,17,0.42625,0.4228712342681069,32
overall__mean_quality_regret_pp,min_epochs_floor,utility_quantile,0.0625,0.6875,17,0.51875,0.3871107005363261,32
overall__mean_quality_regret_pp,min_epochs_floor,utility_quantile,0.0625,0.8125,17,0.61125,0.38836721672779495,32
overall__mean_quality_regret_pp,min_epochs_floor,utility_quantile,0.0625,0.9375,17,0.70375,0.3636361043676022,32
overall__mean_quality_regret_pp,min_epochs_floor,utility_quantile,0.1875,0.0625,28,0.05625,-1.6928884574987253,32
overall__mean_quality_regret_pp,min_epochs_floor,utility_quantile,0.1875,0.1875,28,0.14875,-0.862836906268786,32
overall__mean_quality_regret_pp,min_epochs_floor,utility_quantile,0.1875,0.3125,28,0.24125000000000002,0.3220375112606062,32
overall__mean_quality_regret_pp,min_epochs_floor,utility_quantile,0.1875,0.4375,28,0.33375,0.4968453164996305,32
overall__mean_quality_regret_pp,min_epochs_floor,utility_quantile,0.1875,0.5625,28,0.42625,0.4654486548851682,32
overall__mean_quality_regret_pp,min_epochs_floor,utility_quantile,0.1875,0.6875,28,0.51875,0.4325451330373591,32
overall__mean_quality_regret_pp,min_epochs_floor,utility_quantile,0.1875,0.8125,28,0.61125,0.43134858547890786,32
overall__mean_quality_regret_pp,min_epochs_floor,utility_quantile,0.1875,0.9375,28,0.70375,0.4075001626058401,32
overall__mean_quality_regret_pp,min_epochs_floor,utility_quantile,0.3125,0.0625,39,0.05625,-1.2454129426656881,32
overall__mean_quality_regret_pp,min_epochs_floor,utility_quantile,0.3125,0.1875,39,0.14875,-0.6671720863760866,32
overall__mean_quality_regret_pp,min_epochs_floor,utility_quantile,0.3125,0.3125,39,0.24125000000000002,0.3181933099957872,32
overall__mean_quality_regret_pp,min_epochs_floor,utility_quantile,0.3125,0.4375,39,0.33375,0.3806904800844344,32
overall__mean_quality_regret_pp,min_epochs_floor,utility_quantile,0.3125,0.5625,39,0.42625,0.3243111958410001,32
overall__mean_quality_regret_pp,min_epochs_floor,utility_quantile,0.3125,0.6875,39,0.51875,0.3028461418950825,32
overall__mean_quality_regret_pp,min_epochs_floor,utility_quantile,0.3125,0.8125,39,0.61125,0.30006782825967004,32
overall__mean_quality_regret_pp,min_epochs_floor,utility_quantile,0.3125,0.9375,39,0.70375,0.2864760729658018,32
overall__mean_quality_regret_pp,min_epochs_floor,utility_quantile,0.4375,0.0625,49,0.05625,-0.2912585511361967,32
overall__mean_quality_regret_pp,min_epochs_floor,utility_quantile,0.4375,0.1875,49,0.14875,-0.3694942222097459,32
overall__mean_quality_regret_pp,min_epochs_floor,utility_quantile,0.4375,0.3125,49,0.24125000000000002,-0.3885047465925324,32
overall__mean_quality_regret_pp,min_epochs_floor,utility_quantile,0.4375,0.4375,49,0.33375,0.07556966279727417,32
overall__mean_quality_regret_pp,min_epochs_floor,utility_quantile,0.4375,0.5625,49,0.42625,0.23655973481067294,32
overall__mean_quality_regret_pp,min_epochs_floor,utility_quantile,0.4375,0.6875,49,0.51875,0.2303564813751411,32
overall__mean_quality_regret_pp,min_epochs_floor,utility_quantile,0.4375,0.8125,49,0.61125,0.24689213442316227,32
overall__mean_quality_regret_pp,min_epochs_floor,utility_quantile,0.4375,0.9375,49,0.70375,0.2598795065322239,32
overall__mean_quality_regret_pp,min_epochs_floor,utility_quantile,0.5625,0.0625,60,0.05625,0.5444675289174765,32
overall__mean_quality_regret_pp,min_epochs_floor,utility_quantile,0.5625,0.1875,60,0.14875,0.13071102452169914,32
overall__mean_quality_regret_pp,min_epochs_floor,utility_quantile,0.5625,0.3125,60,0.24125000000000002,-0.44778130261836324,32
overall__mean_quality_regret_pp,min_epochs_floor,utility_quantile,0.5625,0.4375,60,0.33375,-0.5304189034433482,32
overall__mean_quality_regret_pp,min_epochs_floor,utility_quantile,0.5625,0.5625,60,0.42625,-0.04882850296324692,32
overall__mean_quality_regret_pp,min_epochs_floor,utility_quantile,0.5625,0.6875,60,0.51875,0.10422786871922174,32
overall__mean_quality_regret_pp,min_epochs_floor,utility_quantile,0.5625,0.8125,60,0.61125,0.11605743228593735,32
overall__mean_quality_regret_pp,min_epochs_floor,utility_quantile,0.5625,0.9375,60,0.70375,0.1315648545806236,32
overall__mean_quality_regret_pp,min_epochs_floor,utility_quantile,0.6875,0.0625,70,0.05625,1.238126587124317,32
overall__mean_quality_regret_pp,min_epochs_floor,utility_quantile,0.6875,0.1875,70,0.14875,0.629593073559243,32
overall__mean_quality_regret_pp,min_epochs_floor,utility_quantile,0.6875,0.3125,70,0.24125000000000002,-0.1716174370658594,32
overall__mean_quality_regret_pp,min_epochs_floor,utility_quantile,0.6875,0.4375,70,0.33375,-0.35488124209752936,32
overall__mean_quality_regret_pp,min_epochs_floor,utility_quantile,0.6875,0.5625,70,0.42625,-0.379479552289689,32
overall__mean_quality_regret_pp,min_epochs_floor,utility_quantile,0.6875,0.6875,70,0.51875,-0.34850622786560637,32
overall__mean_quality_regret_pp,min_epochs_floor,utility_quantile,0.6875,0.8125,70,0.61125,-0.31551983787145277,32
overall__mean_quality_regret_pp,min_epochs_floor,utility_quantile,0.6875,0.9375,70,0.70375,-0.2977153634934222,32
overall__mean_quality_regret_pp,min_epochs_floor,utility_quantile,0.8125,0.0625,81,0.05625,1.5441207031013082,32
overall__mean_quality_regret_pp,min_epochs_floor,utility_quantile,0.8125,0.1875,81,0.14875,0.8747780340409399,32
overall__mean_quality_regret_pp,min_epochs_floor,utility_quantile,0.8125,0.3125,81,0.24125000000000002,0.004935856265266825,32
overall__mean_quality_regret_pp,min_epochs_floor,utility_quantile,0.8125,0.4375,81,0.33375,-0.2712042368356089,32
overall__mean_quality_regret_pp,min_epochs_floor,utility_quantile,0.8125,0.5625,81,0.42625,-0.5042450356945651,32
overall__mean_quality_regret_pp,min_epochs_floor,utility_quantile,0.8125,0.6875,81,0.51875,-0.536522357031878,32
overall__mean_quality_regret_pp,min_epochs_floor,utility_quantile,0.8125,0.8125,81,0.61125,-0.5602823217732005,32
overall__mean_quality_regret_pp,min_epochs_floor,utility_quantile,0.8125,0.9375,81,0.70375,-0.551580642072258,32
overall__mean_quality_regret_pp,min_epochs_floor,utility_quantile,0.9375,0.0625,92,0.05625,1.6076337380474954,32
overall__mean_quality_regret_pp,min_epochs_floor,utility_quantile,0.9375,0.1875,92,0.14875,0.9169897844112329,32
overall__mean_quality_regret_pp,min_epochs_floor,utility_quantile,0.9375,0.3125,92,0.24125000000000002,0.03213518677284499,32
overall__mean_quality_regret_pp,min_epochs_floor,utility_quantile,0.9375,0.4375,92,0.33375,-0.2613715066912521,32
overall__mean_quality_regret_pp,min_epochs_floor,utility_quantile,0.9375,0.5625,92,0.42625,-0.5166377288574471,32
overall__mean_quality_regret_pp,min_epochs_floor,utility_quantile,0.9375,0.6875,92,0.51875,-0.5720577406656449,32
overall__mean_quality_regret_pp,min_epochs_floor,utility_quantile,0.9375,0.8125,92,0.61125,-0.6069310375308183,32
overall__mean_quality_regret_pp,min_epochs_floor,utility_quantile,0.9375,0.9375,92,0.70375,-0.5997606954864132,32
overall__mean_quality_regret_pp,min_epochs_floor,noise_multiplier,0.0625,0.0625,17,0.484375,-0.9905062201523676,32
overall__mean_quality_regret_pp,min_epochs_floor,noise_multiplier,0.0625,0.1875,17,0.953125,-0.04310145844384117,32
overall__mean_quality_regret_pp,min_epochs_floor,noise_multiplier,0.0625,0.3125,17,1.421875,0.11662656876989841,32
overall__mean_quality_regret_pp,min_epochs_floor,noise_multiplier,0.0625,0.4375,17,1.890625,0.18372443361185953,32
overall__mean_quality_regret_pp,min_epochs_floor,noise_multiplier,0.0625,0.5625,17,2.359375,0.18367886622678187,32
overall__mean_quality_regret_pp,min_epochs_floor,noise_multiplier,0.0625,0.6875,17,2.828125,0.18205306578791314,32
overall__mean_quality_regret_pp,min_epochs_floor,noise_multiplier,0.0625,0.8125,17,3.296875,0.18416414055021502,32
overall__mean_quality_regret_pp,min_epochs_floor,noise_multiplier,0.0625,0.9375,17,3.765625,0.18336060364953877,32
overall__mean_quality_regret_pp,min_epochs_floor,noise_multiplier,0.1875,0.0625,28,0.484375,-1.0145203544148453,32
overall__mean_quality_regret_pp,min_epochs_floor,noise_multiplier,0.1875,0.1875,28,0.953125,-0.0952723818195742,32
overall__mean_quality_regret_pp,min_epochs_floor,noise_multiplier,0.1875,0.3125,28,1.421875,0.10538972650174205,32
overall__mean_quality_regret_pp,min_epochs_floor,noise_multiplier,0.1875,0.4375,28,1.890625,0.19488091494001125,32
overall__mean_quality_regret_pp,min_epochs_floor,noise_multiplier,0.1875,0.5625,28,2.359375,0.20602476270777403,32
overall__mean_quality_regret_pp,min_epochs_floor,noise_multiplier,0.1875,0.6875,28,2.828125,0.2007459393403117,32
overall__mean_quality_regret_pp,min_epochs_floor,noise_multiplier,0.1875,0.8125,28,3.296875,0.20597725970862335,32
overall__mean_quality_regret_pp,min_epochs_floor,noise_multiplier,0.1875,0.9375,28,3.765625,0.19677413303595515,32
overall__mean_quality_regret_pp,min_epochs_floor,noise_multiplier,0.3125,0.0625,39,0.484375,-0.655116603189521,32
overall__mean_quality_regret_pp,min_epochs_floor,noise_multiplier,0.3125,0.1875,39,0.953125,-0.019528530448417403,32
overall__mean_quality_regret_pp,min_epochs_floor,noise_multiplier,0.3125,0.3125,39,1.421875,0.08144353151975459,32
overall__mean_quality_regret_pp,min_epochs_floor,noise_multiplier,0.3125,0.4375,39,1.890625,0.10631997552588235,32
overall__mean_quality_regret_pp,min_epochs_floor,noise_multiplier,0.3125,0.5625,39,2.359375,0.11390840116606782,32
overall__mean_quality_regret_pp,min_epochs_floor,noise_multiplier,0.3125,0.6875,39,2.828125,0.12318842675789288,32
overall__mean_quality_regret_pp,min_epochs_floor,noise_multiplier,0.3125,0.8125,39,3.296875,0.1236254554873768,32
overall__mean_quality_regret_pp,min_epochs_floor,noise_multiplier,0.3125,0.9375,39,3.765625,0.12615934318096267,32
overall__mean_quality_regret_pp,min_epochs_floor,noise_multiplier,0.4375,0.0625,49,0.484375,-0.16542191919405091,32
overall__mean_quality_regret_pp,min_epochs_floor,noise_multiplier,0.4375,0.1875,49,0.953125,-0.02330730269464576,32
overall__mean_quality_regret_pp,min_epochs_floor,noise_multiplier,0.4375,0.3125,49,1.421875,0.012464132069977651,32
overall__mean_quality_regret_pp,min_epochs_floor,noise_multiplier,0.4375,0.4375,49,1.890625,0.018591256663488487,32
overall__mean_quality_regret_pp,min_epochs_floor,noise_multiplier,0.4375,0.5625,49,2.359375,0.03058904952887964,32
overall__mean_quality_regret_pp,min_epochs_floor,noise_multiplier,0.4375,0.6875,49,2.828125,0.04108242380600746,32
overall__mean_quality_regret_pp,min_epochs_floor,noise_multiplier,0.4375,0.8125,49,3.296875,0.04154584530956029,32
overall__mean_quality_regret_pp,min_epochs_floor,noise_multiplier,0.4375,0.9375,49,3.765625,0.04445651451078092,32
overall__mean_quality_regret_pp,min_epochs_floor,noise_multiplier,0.5625,0.0625,60,0.484375,0.4552302952737657,32
overall__mean_quality_regret_pp,min_epochs_floor,noise_multiplier,0.5625,0.1875,60,0.953125,-0.026751207867698135,32
overall__mean_quality_regret_pp,min_epochs_floor,noise_multiplier,0.5625,0.3125,60,1.421875,-0.09322315791856672,32
overall__mean_quality_regret_pp,min_epochs_floor,noise_multiplier,0.5625,0.4375,60,1.890625,-0.0907560207385596,32
overall__mean_quality_regret_pp,min_epochs_floor,noise_multiplier,0.5625,0.5625,60,2.359375,-0.07459413427136274,32
overall__mean_quality_regret_pp,min_epochs_floor,noise_multiplier,0.5625,0.6875,60,2.828125,-0.06008562204364365,32
overall__mean_quality_regret_pp,min_epochs_floor,noise_multiplier,0.5625,0.8125,60,3.296875,-0.05375422347634995,32
overall__mean_quality_regret_pp,min_epochs_floor,noise_multiplier,0.5625,0.9375,60,3.765625,-0.056065928957585776,32
overall__mean_quality_regret_pp,min_epochs_floor,noise_multiplier,0.6875,0.0625,70,0.484375,0.6845281822990303,32
overall__mean_quality_regret_pp,min_epochs_floor,noise_multiplier,0.6875,0.1875,70,0.953125,0.04391670281311022,32
overall__mean_quality_regret_pp,min_epochs_floor,noise_multiplier,0.6875,0.3125,70,1.421875,-0.07123246218632806,32
overall__mean_quality_regret_pp,min_epochs_floor,noise_multiplier,0.6875,0.4375,70,1.890625,-0.1232737424690491,32
overall__mean_quality_regret_pp,min_epochs_floor,noise_multiplier,0.6875,0.5625,70,2.359375,-0.12928546075438785,32
overall__mean_quality_regret_pp,min_epochs_floor,noise_multiplier,0.6875,0.6875,70,2.828125,-0.13503671189760524,32
overall__mean_quality_regret_pp,min_epochs_floor,noise_multiplier,0.6875,0.8125,70,3.296875,-0.1358493174044768,32
overall__mean_quality_regret_pp,min_epochs_floor,noise_multiplier,0.6875,0.9375,70,3.765625,-0.13376719040029572,32
overall__mean_quality_regret_pp,min_epochs_floor,noise_multiplier,0.8125,0.0625,81,0.484375,0.8200114365009599,32
overall__mean_quality_regret_pp,min_epochs_floor,noise_multiplier,0.8125,0.1875,81,0.953125,0.07592031813170586,32
overall__mean_quality_regret_pp,min_epochs_floor,noise_multiplier,0.8125,0.3125,81,1.421875,-0.07541590653682784,32
overall__mean_quality_regret_pp,min_epochs_floor,noise_multiplier,0.8125,0.4375,81,1.890625,-0.1411439099622891,32
overall__mean_quality_regret_pp,min_epochs_floor,noise_multiplier,0.8125,0.5625,81,2.359375,-0.1604380287538154,32
overall__mean_quality_regret_pp,min_epochs_floor,noise_multiplier,0.8125,0.6875,81,2.828125,-0.1700613557019066,32
overall__mean_quality_regret_pp,min_epochs_floor,noise_multiplier,0.8125,0.8125,81,3.296875,-0.1757428605972029,32
overall__mean_quality_regret_pp,min_epochs_floor,noise_multiplier,0.8125,0.9375,81,3.765625,-0.17312969308062565,32
overall__mean_quality_regret_pp,min_epochs_floor,noise_multiplier,0.9375,0.0625,92,0.484375,0.8657951828770267,32
overall__mean_quality_regret_pp,min_epochs_floor,noise_multiplier,0.9375,0.1875,92,0.953125,0.08812386032936059,32
overall__mean_quality_regret_pp,min_epochs_floor,noise_multiplier,0.9375,0.3125,92,1.421875,-0.07605243221965274,32
overall__mean_quality_regret_pp,min_epochs_floor,noise_multiplier,0.9375,0.4375,92,1.890625,-0.14834290757134783,32
overall__mean_quality_regret_pp,min_epochs_floor,noise_multiplier,0.9375,0.5625,92,2.359375,-0.16988345584993825,32
overall__mean_quality_regret_pp,min_epochs_floor,noise_multiplier,0.9375,0.6875,92,2.828125,-0.1818861660489719,32
overall__mean_quality_regret_pp,min_epochs_floor,noise_multiplier,0.9375,0.8125,92,3.296875,-0.18996629957774713,32
overall__mean_quality_regret_pp,min_epochs_floor,noise_multiplier,0.9375,0.9375,92,3.765625,-0.1877877819387317,32
overall__mean_quality_regret_pp,min_epochs_floor,minimum_quality_floor,0.0625,0.0625,17,0.04375,0.5932878881011578,32
overall__mean_quality_regret_pp,min_epochs_floor,minimum_quality_floor,0.0625,0.1875,17,0.13124999999999998,0.54880585573255,32
overall__mean_quality_regret_pp,min_epochs_floor,minimum_quality_floor,0.0625,0.3125,17,0.21875,0.5264264857162719,32
overall__mean_quality_regret_pp,min_epochs_floor,minimum_quality_floor,0.0625,0.4375,17,0.30624999999999997,0.5046598639030385,32
overall__mean_quality_regret_pp,min_epochs_floor,minimum_quality_floor,0.0625,0.5625,17,0.39375,0.2468320751694582,32
overall__mean_quality_regret_pp,min_epochs_floor,minimum_quality_floor,0.0625,0.6875,17,0.48124999999999996,-0.5199440786321263,32
overall__mean_quality_regret_pp,min_epochs_floor,minimum_quality_floor,0.0625,0.8125,17,0.56875,-0.805795498366916,32
overall__mean_quality_regret_pp,min_epochs_floor,minimum_quality_floor,0.0625,0.9375,17,0.65625,-1.0942725916234348,32
overall__mean_quality_regret_pp,min_epochs_floor,minimum_quality_floor,0.1875,0.0625,28,0.04375,0.5442045204016603,32
overall__mean_quality_regret_pp,min_epochs_floor,minimum_quality_floor,0.1875,0.1875,28,0.13124999999999998,0.5205756833569337,32
overall__mean_quality_regret_pp,min_epochs_floor,minimum_quality_floor,0.1875,0.3125,28,0.21875,0.49929143039369844,32
overall__mean_quality_regret_pp,min_epochs_floor,minimum_quality_floor,0.1875,0.4375,28,0.30624999999999997,0.4797558694060332,32
overall__mean_quality_regret_pp,min_epochs_floor,minimum_quality_floor,0.1875,0.5625,28,0.39375,0.29796978873970353,32
overall__mean_quality_regret_pp,min_epochs_floor,minimum_quality_floor,0.1875,0.6875,28,0.48124999999999996,-0.5077456102640916,32
overall__mean_quality_regret_pp,min_epochs_floor,minimum_quality_floor,0.1875,0.8125,28,0.56875,-0.7782173361222224,32
overall__mean_quality_regret_pp,min_epochs_floor,minimum_quality_floor,0.1875,0.9375,28,0.65625,-1.0558343459117159,32
overall__mean_quality_regret_pp,min_epochs_floor,minimum_quality_floor,0.3125,0.0625,39,0.04375,0.35948376810145527,32
overall__mean_quality_regret_pp,min_epochs_floor,minimum_quality_floor,0.3125,0.1875,39,0.13124999999999998,0.29053401008067314,32
overall__mean_quality_regret_pp,min_epochs_floor,minimum_quality_floor,0.3125,0.3125,39,0.21875,0.26286306262257875,32
overall__mean_quality_regret_pp,min_epochs_floor,minimum_quality_floor,0.3125,0.4375,39,0.30624999999999997,0.2640339464596897,32
overall__mean_quality_regret_pp,min_epochs_floor,minimum_quality_floor,0.3125,0.5625,39,0.39375,0.27222276611905,32
overall__mean_quality_regret_pp,min_epochs_floor,minimum_quality_floor,0.3125,0.6875,39,0.48124999999999996,-0.2561486326056386,32
overall__mean_quality_regret_pp,min_epochs_floor,minimum_quality_floor,0.3125,0.8125,39,0.56875,-0.5456451041088872,32
overall__mean_quality_regret_pp,min_epochs_floor,minimum_quality_floor,0.3125,0.9375,39,0.65625,-0.6473438166689223,32
overall__mean_quality_regret_pp,min_epochs_floor,minimum_quality_floor,0.4375,0.0625,49,0.04375,-0.029426398972119627,32
overall__mean_quality_regret_pp,min_epochs_floor,minimum_quality_floor,0.4375,0.1875,49,0.13124999999999998,-0.014666433637218534,32
overall__mean_quality_regret_pp,min_epochs_floor,minimum_quality_floor,0.4375,0.3125,49,0.21875,-0.012158588669257453,32
overall__mean_quality_regret_pp,min_epochs_floor,minimum_quality_floor,0.4375,0.4375,49,0.30624999999999997,0.006053498561428561,32
overall__mean_quality_regret_pp,min_epochs_floor,minimum_quality_floor,0.4375,0.5625,49,0.39375,0.07649141949914007,32
overall__mean_quality_regret_pp,min_epochs_floor,minimum_quality_floor,0.4375,0.6875,49,0.48124999999999996,0.058451061887416444,32
overall__mean_quality_regret_pp,min_epochs_floor,minimum_quality_floor,0.4375,0.8125,49,0.56875,-0.0710020705189568,32
overall__mean_quality_regret_pp,min_epochs_floor,minimum_quality_floor,0.4375,0.9375,49,0.65625,-0.013742488150432663,32
overall__mean_quality_regret_pp,min_epochs_floor,minimum_quality_floor,0.5625,0.0625,60,0.04375,-0.1954636708675399,32
overall__mean_quality_regret_pp,min_epochs_floor,minimum_quality_floor,0.5625,0.1875,60,0.13124999999999998,-0.16761381084132798,32
overall__mean_quality_regret_pp,min_epochs_floor,minimum_quality_floor,0.5625,0.3125,60,0.21875,-0.17129470921275014,32
overall__mean_quality_regret_pp,min_epochs_floor,minimum_quality_floor,0.5625,0.4375,60,0.30624999999999997,-0.21500729572731725,32
overall__mean_quality_regret_pp,min_epochs_floor,minimum_quality_floor,0.5625,0.5625,60,0.39375,-0.17814316092686178,32
overall__mean_quality_regret_pp,min_epochs_floor,minimum_quality_floor,0.5625,0.6875,60,0.48124999999999996,0.18893703149976793,32
overall__mean_quality_regret_pp,min_epochs_floor,minimum_quality_floor,0.5625,0.8125,60,0.56875,0.32315270801281915,32
overall__mean_quality_regret_pp,min_epochs_floor,minimum_quality_floor,0.5625,0.9375,60,0.65625,0.41543290806320954,32
overall__mean_quality_regret_pp,min_epochs_floor,minimum_quality_floor,0.6875,0.0625,70,0.04375,-0.36223245803782445,32
overall__mean_quality_regret_pp,min_epochs_floor,minimum_quality_floor,0.6875,0.1875,70,0.13124999999999998,-0.3331326759988551,32
overall__mean_quality_regret_pp,min_epochs_floor,minimum_quality_floor,0.6875,0.3125,70,0.21875,-0.3090889709371599,32
overall__mean_quality_regret_pp,min_epochs_floor,minimum_quality_floor,0.6875,0.4375,70,0.30624999999999997,-0.30387512730259925,32
overall__mean_quality_regret_pp,min_epochs_floor,minimum_quality_floor,0.6875,0.5625,70,0.39375,-0.20476696972440211,32
overall__mean_quality_regret_pp,min_epochs_floor,minimum_quality_floor,0.6875,0.6875,70,0.48124999999999996,0.2921051958655929,32
overall__mean_quality_regret_pp,min_epochs_floor,minimum_quality_floor,0.6875,0.8125,70,0.56875,0.5314894285696803,32
overall__mean_quality_regret_pp,min_epochs_floor,minimum_quality_floor,0.6875,0.9375,70,0.65625,0.6895015775655671,32
overall__mean_quality_regret_pp,min_epochs_floor,minimum_quality_floor,0.8125,0.0625,81,0.04375,-0.4495162797024097,32
overall__mean_quality_regret_pp,min_epochs_floor,minimum_quality_floor,0.8125,0.1875,81,0.13124999999999998,-0.41762632154806223,32
overall__mean_quality_regret_pp,min_epochs_floor,minimum_quality_floor,0.8125,0.3125,81,0.21875,-0.39251973412576135,32
overall__mean_quality_regret_pp,min_epochs_floor,minimum_quality_floor,0.8125,0.4375,81,0.30624999999999997,-0.3625951505785465,32
overall__mean_quality_regret_pp,min_epochs_floor,minimum_quality_floor,0.8125,0.5625,81,0.39375,-0.24983961140289135,32
overall__mean_quality_regret_pp,min_epochs_floor,minimum_quality_floor,0.8125,0.6875,81,0.48124999999999996,0.3676968028904337,32
overall__mean_quality_regret_pp,min_epochs_floor,minimum_quality_floor,0.8125,0.8125,81,0.56875,0.6626318338916741,32
overall__mean_quality_regret_pp,min_epochs_floor,minimum_quality_floor,0.8125,0.9375,81,0.65625,0.841768460575562,32
overall__mean_quality_regret_pp,min_epochs_floor,minimum_quality_floor,0.9375,0.0625,92,0.04375,-0.4603373690243804,32
overall__mean_quality_regret_pp,min_epochs_floor,minimum_quality_floor,0.9375,0.1875,92,0.13124999999999998,-0.42687630714469393,32
overall__mean_quality_regret_pp,min_epochs_floor,minimum_quality_floor,0.9375,0.3125,92,0.21875,-0.4035189757876214,32
overall__mean_quality_regret_pp,min_epochs_floor,minimum_quality_floor,0.9375,0.4375,92,0.30624999999999997,-0.37302560472172797,32
overall__mean_quality_regret_pp,min_epochs_floor,minimum_quality_floor,0.9375,0.5625,92,0.39375,-0.26076630747319784,32
overall__mean_quality_regret_pp,min_epochs_floor,minimum_quality_floor,0.9375,0.6875,92,0.48124999999999996,0.37664822935864506,32
overall__mean_quality_regret_pp,min_epochs_floor,minimum_quality_floor,0.9375,0.8125,92,0.56875,0.6833860386428097,32
overall__mean_quality_regret_pp,min_epochs_floor,minimum_quality_floor,0.9375,0.9375,92,0.65625,0.8644902961501675,32
overall__mean_quality_regret_pp,noise_multiplier,utility_quantile,0.0625,0.0625,0.484375,0.05625,0.9574335014371589,32
overall__mean_quality_regret_pp,noise_multiplier,utility_quantile,0.0625,0.1875,0.484375,0.14875,0.586386701077585,32
overall__mean_quality_regret_pp,noise_multiplier,utility_quantile,0.0625,0.3125,0.484375,0.24125000000000002,-0.021250597482718625,32
overall__mean_quality_regret_pp,noise_multiplier,utility_quantile,0.0625,0.4375,0.484375,0.33375,-0.19428071336373476,32
overall__mean_quality_regret_pp,noise_multiplier,utility_quantile,0.0625,0.5625,0.484375,0.42625,-0.33053102898774345,32
overall__mean_quality_regret_pp,noise_multiplier,utility_quantile,0.0625,0.6875,0.484375,0.51875,-0.34372917509421486,32
overall__mean_quality_regret_pp,noise_multiplier,utility_quantile,0.0625,0.8125,0.484375,0.61125,-0.3425023080323806,32
overall__mean_quality_regret_pp,noise_multiplier,utility_quantile,0.0625,0.9375,0.484375,0.70375,-0.3115263795539498,32
overall__mean_quality_regret_pp,noise_multiplier,utility_quantile,0.1875,0.0625,0.953125,0.05625,0.057506607800495324,32
overall__mean_quality_regret_pp,noise_multiplier,utility_quantile,0.1875,0.1875,0.953125,0.14875,0.010300838509594179,32
overall__mean_quality_regret_pp,noise_multiplier,utility_quantile,0.1875,0.3125,0.953125,0.24125000000000002,0.024032086866655256,32
overall__mean_quality_regret_pp,noise_multiplier,utility_quantile,0.1875,0.4375,0.953125,0.33375,0.020254920900164564,32
overall__mean_quality_regret_pp,noise_multiplier,utility_quantile,0.1875,0.5625,0.953125,0.42625,-0.018117231580877746,32
overall__mean_quality_regret_pp,noise_multiplier,utility_quantile,0.1875,0.6875,0.953125,0.51875,-0.02176736505885346,32
overall__mean_quality_regret_pp,noise_multiplier,utility_quantile,0.1875,0.8125,0.953125,0.61125,-0.02516945332260656,32
overall__mean_quality_regret_pp,noise_multiplier,utility_quantile,0.1875,0.9375,0.953125,0.70375,-0.04704040411457244,32
overall__mean_quality_regret_pp,noise_multiplier,utility_quantile,0.3125,0.0625,1.421875,0.05625,-0.096790590948026,32
overall__mean_quality_regret_pp,noise_multiplier,utility_quantile,0.3125,0.1875,1.421875,0.14875,-0.05493826406207747,32
overall__mean_quality_regret_pp,noise_multiplier,utility_quantile,0.3125,0.3125,1.421875,0.24125000000000002,-0.027006838954086287,32
overall__mean_quality_regret_pp,noise_multiplier,utility_quantile,0.3125,0.4375,1.421875,0.33375,0.0266863517995386,32
overall__mean_quality_regret_pp,noise_multiplier,utility_quantile,0.3125,0.5625,1.421875,0.42625,0.03783228434050345,32
overall__mean_quality_regret_pp,noise_multiplier,utility_quantile,0.3125,0.6875,1.421875,0.51875,0.039547257259354485,32
overall__mean_quality_regret_pp,noise_multiplier,utility_quantile,0.3125,0.8125,1.421875,0.61125,0.040132924003373205,32
overall__mean_quality_regret_pp,noise_multiplier,utility_quantile,0.3125,0.9375,1.421875,0.70375,0.03453687656141824,32
overall__mean_quality_regret_pp,noise_multiplier,utility_quantile,0.4375,0.0625,1.890625,0.05625,-0.17286658901014818,32
overall__mean_quality_regret_pp,noise_multiplier,utility_quantile,0.4375,0.1875,1.890625,0.14875,-0.10970027994365505,32
overall__mean_quality_regret_pp,noise_multiplier,utility_quantile,0.4375,0.3125,1.890625,0.24125000000000002,-0.006016785174257411,32
overall__mean_quality_regret_pp,noise_multiplier,utility_quantile,0.4375,0.4375,1.890625,0.33375,0.03732944010484962,32
overall__mean_quality_regret_pp,noise_multiplier,utility_quantile,0.4375,0.5625,1.890625,0.42625,0.06091155302350337,32
overall__mean_quality_regret_pp,noise_multiplier,utility_quantile,0.4375,0.6875,1.890625,0.51875,0.06317676021983587,32
overall__mean_quality_regret_pp,noise_multiplier,utility_quantile,0.4375,0.8125,1.890625,0.61125,0.06500870888125387,32
overall__mean_quality_regret_pp,noise_multiplier,utility_quantile,0.4375,0.9375,1.890625,0.70375,0.062157191898617015,32
overall__mean_quality_regret_pp,noise_multiplier,utility_quantile,0.5625,0.0625,2.359375,0.05625,-0.18681276230765675,32
overall__mean_quality_regret_pp,noise_multiplier,utility_quantile,0.5625,0.1875,2.359375,0.14875,-0.11226737603958137,32
overall__mean_quality_regret_pp,noise_multiplier,utility_quantile,0.5625,0.3125,2.359375,0.24125000000000002,-0.001461890123954035,32
overall__mean_quality_regret_pp,noise_multiplier,utility_quantile,0.5625,0.4375,2.359375,0.33375,0.029162580947956318,32
overall__mean_quality_regret_pp,noise_multiplier,utility_quantile,0.5625,0.5625,2.359375,0.42625,0.06391160893531422,32
overall__mean_quality_regret_pp,noise_multiplier,utility_quantile,0.5625,0.6875,2.359375,0.51875,0.06786659382771809,32
overall__mean_quality_regret_pp,noise_multiplier,utility_quantile,0.5625,0.8125,2.359375,0.61125,0.0706030577736998,32
overall__mean_quality_regret_pp,noise_multiplier,utility_quantile,0.5625,0.9375,2.359375,0.70375,0.06899818698650417,32
overall__mean_quality_regret_pp,noise_multiplier,utility_quantile,0.6875,0.0625,2.828125,0.05625,-0.18858307945319464,32
overall__mean_quality_regret_pp,noise_multiplier,utility_quantile,0.6875,0.1875,2.828125,0.14875,-0.10209830234600537,32
overall__mean_quality_regret_pp,noise_multiplier,utility_quantile,0.6875,0.3125,2.828125,0.24125000000000002,0.005910274965336804,32
overall__mean_quality_regret_pp,noise_multiplier,utility_quantile,0.6875,0.4375,2.828125,0.33375,0.02588667656179311,32
overall__mean_quality_regret_pp,noise_multiplier,utility_quantile,0.6875,0.5625,2.828125,0.42625,0.06255579225953944,32
overall__mean_quality_regret_pp,noise_multiplier,utility_quantile,0.6875,0.6875,2.828125,0.51875,0.06581687295925098,32
overall__mean_quality_regret_pp,noise_multiplier,utility_quantile,0.6875,0.8125,2.828125,0.61125,0.06560518750992772,32
overall__mean_quality_regret_pp,noise_multiplier,utility_quantile,0.6875,0.9375,2.828125,0.70375,0.06490657754335061,32
overall__mean_quality_regret_pp,noise_multiplier,utility_quantile,0.8125,0.0625,3.296875,0.05625,-0.1913509777197353,32
overall__mean_quality_regret_pp,noise_multiplier,utility_quantile,0.8125,0.1875,3.296875,0.14875,-0.11162802200348931,32
overall__mean_quality_regret_pp,noise_multiplier,utility_quantile,0.8125,0.3125,3.296875,0.24125000000000002,0.011803059443576736,32
overall__mean_quality_regret_pp,noise_multiplier,utility_quantile,0.8125,0.4375,3.296875,0.33375,0.03141845680886313,32
overall__mean_quality_regret_pp,noise_multiplier,utility_quantile,0.8125,0.5625,3.296875,0.42625,0.06470178818613403,32
overall__mean_quality_regret_pp,noise_multiplier,utility_quantile,0.8125,0.6875,3.296875,0.51875,0.06566809951483199,32
overall__mean_quality_regret_pp,noise_multiplier,utility_quantile,0.8125,0.8125,3.296875,0.61125,0.06422046078337296,32
overall__mean_quality_regret_pp,noise_multiplier,utility_quantile,0.8125,0.9375,3.296875,0.70375,0.06516713498644666,32
overall__mean_quality_regret_pp,noise_multiplier,utility_quantile,0.9375,0.0625,3.765625,0.05625,-0.17853610979889378,32
overall__mean_quality_regret_pp,noise_multiplier,utility_quantile,0.9375,0.1875,3.765625,0.14875,-0.10605529519237056,32
overall__mean_quality_regret_pp,noise_multiplier,utility_quantile,0.9375,0.3125,3.765625,0.24125000000000002,0.013990690459447563,32
overall__mean_quality_regret_pp,noise_multiplier,utility_quantile,0.9375,0.4375,3.765625,0.33375,0.023542286240571197,32
overall__mean_quality_regret_pp,noise_multiplier,utility_quantile,0.9375,0.5625,3.765625,0.42625,0.05873523382362755,32
overall__mean_quality_regret_pp,noise_multiplier,utility_quantile,0.9375,0.6875,3.765625,0.51875,0.0634209563720769,32
overall__mean_quality_regret_pp,noise_multiplier,utility_quantile,0.9375,0.8125,3.765625,0.61125,0.06210142240335914,32
overall__mean_quality_regret_pp,noise_multiplier,utility_quantile,0.9375,0.9375,3.765625,0.70375,0.06280081569218199,32
overall__mean_quality_regret_pp,utility_quantile,minimum_quality_floor,0.0625,0.0625,0.05625,0.04375,-0.4612471925812599,32
overall__mean_quality_regret_pp,utility_quantile,minimum_quality_floor,0.0625,0.1875,0.05625,0.13124999999999998,-0.44565532409393493,32
overall__mean_quality_regret_pp,utility_quantile,minimum_quality_floor,0.0625,0.3125,0.05625,0.21875,-0.43824382591132294,32
overall__mean_quality_regret_pp,utility_quantile,minimum_quality_floor,0.0625,0.4375,0.05625,0.30624999999999997,-0.40700223272863617,32
overall__mean_quality_regret_pp,utility_quantile,minimum_quality_floor,0.0625,0.5625,0.05625,0.39375,-0.277501109679719,32
overall__mean_quality_regret_pp,utility_quantile,minimum_quality_floor,0.0625,0.6875,0.05625,0.48124999999999996,0.36558270270330595,32
overall__mean_quality_regret_pp,utility_quantile,minimum_quality_floor,0.0625,0.8125,0.05625,0.56875,0.7201560536555535,32
overall__mean_quality_regret_pp,utility_quantile,minimum_quality_floor,0.0625,0.9375,0.05625,0.65625,0.943910928636014,32
overall__mean_quality_regret_pp,utility_quantile,minimum_quality_floor,0.1875,0.0625,0.14875,0.04375,-0.2215563866718797,32
overall__mean_quality_regret_pp,utility_quantile,minimum_quality_floor,0.1875,0.1875,0.14875,0.13124999999999998,-0.21203458215301485,32
overall__mean_quality_regret_pp,utility_quantile,minimum_quality_floor,0.1875,0.3125,0.14875,0.21875,-0.22803398704272537,32
overall__mean_quality_regret_pp,utility_quantile,minimum_quality_floor,0.1875,0.4375,0.14875,0.30624999999999997,-0.25388377054814915,32
overall__mean_quality_regret_pp,utility_quantile,minimum_quality_floor,0.1875,0.5625,0.14875,0.39375,-0.210064085708421,32
overall__mean_quality_regret_pp,utility_quantile,minimum_quality_floor,0.1875,0.6875,0.14875,0.48124999999999996,0.1362752098551201,32
overall__mean_quality_regret_pp,utility_quantile,minimum_quality_floor,0.1875,0.8125,0.14875,0.56875,0.4025353213031153,32
overall__mean_quality_regret_pp,utility_quantile,minimum_quality_floor,0.1875,0.9375,0.14875,0.65625,0.5867622809659548,32
overall__mean_quality_regret_pp,utility_quantile,minimum_quality_floor,0.3125,0.0625,0.24125000000000002,0.04375,0.05729927007957458,32
overall__mean_quality_regret_pp,utility_quantile,minimum_quality_floor,0.3125,0.1875,0.24125000000000002,0.13124999999999998,0.06128231454713984,32
overall__mean_quality_regret_pp,utility_quantile,minimum_quality_floor,0.3125,0.3125,0.24125000000000002,0.21875,0.054188807933072014,32
overall__mean_quality_regret_pp,utility_quantile,minimum_quality_floor,0.3125,0.4375,0.24125000000000002,0.30624999999999997,0.01612992936863089,32
overall__mean_quality_regret_pp,utility_quantile,minimum_quality_floor,0.3125,0.5625,0.24125000000000002,0.39375,0.0492022531337325,32
overall__mean_quality_regret_pp,utility_quantile,minimum_quality_floor,0.3125,0.6875,0.24125000000000002,0.48124999999999996,-0.18048506054919256,32
overall__mean_quality_regret_pp,utility_quantile,minimum_quality_floor,0.3125,0.8125,0.24125000000000002,0.56875,-0.08320010961459956,32
overall__mean_quality_regret_pp,utility_quantile,minimum_quality_floor,0.3125,0.9375,0.24125000000000002,0.65625,0.02558259510164229,32
overall__mean_quality_regret_pp,utility_quantile,minimum_quality_floor,0.4375,0.0625,0.33375,0.04375,0.10073762168069322,32
overall__mean_quality_regret_pp,utility_quantile,minimum_quality_floor,0.4375,0.1875,0.33375,0.13124999999999998,0.11137437938205597,32
overall__mean_quality_regret_pp,utility_quantile,minimum_quality_floor,0.4375,0.3125,0.33375,0.21875,0.11572634047765828,32
overall__mean_quality_regret_pp,utility_quantile,minimum_quality_floor,0.4375,0.4375,0.33375,0.30624999999999997,0.1340367730294414,32
overall__mean_quality_regret_pp,utility_quantile,minimum_quality_floor,0.4375,0.5625,0.33375,0.39375,0.0922042423611148,32
overall__mean_quality_regret_pp,utility_quantile,minimum_quality_floor,0.4375,0.6875,0.33375,0.48124999999999996,-0.18005925420304258,32
overall__mean_quality_regret_pp,utility_quantile,minimum_quality_floor,0.4375,0.8125,0.33375,0.56875,-0.20528474047316292,32
overall__mean_quality_regret_pp,utility_quantile,minimum_quality_floor,0.4375,0.9375,0.33375,0.65625,-0.16873536225475794,32
overall__mean_quality_regret_pp,utility_quantile,minimum_quality_floor,0.5625,0.0625,0.42625,0.04375,0.12525893066144078,32
overall__mean_quality_regret_pp,utility_quantile,minimum_quality_floor,0.5625,0.1875,0.42625,0.13124999999999998,0.12648804004783287,32
overall__mean_quality_regret_pp,utility_quantile,minimum_quality_floor,0.5625,0.3125,0.42625,0.21875,0.13155601916921356,32
overall__mean_quality_regret_pp,utility_quantile,minimum_quality_floor,0.5625,0.4375,0.42625,0.30624999999999997,0.13214165726682436,32
overall__mean_quality_regret_pp,utility_quantile,minimum_quality_floor,0.5625,0.5625,0.42625,0.39375,0.08685265066413528,32
overall__mean_quality_regret_pp,utility_quantile,minimum_quality_floor,0.5625,0.6875,0.42625,0.48124999999999996,-0.060658605985514424,32
overall__mean_quality_regret_pp,utility_quantile,minimum_quality_floor,0.5625,0.8125,0.42625,0.56875,-0.22176992006288077,32
overall__mean_quality_regret_pp,utility_quantile,minimum_quality_floor,0.5625,0.9375,0.42625,0.65625,-0.31986877176105144,32
overall__mean_quality_regret_pp,utility_quantile,minimum_quality_floor,0.6875,0.0625,0.51875,0.04375,0.13770268247030537,32
overall__mean_quality_regret_pp,utility_quantile,minimum_quality_floor,0.6875,0.1875,0.51875,0.13124999999999998,0.12618296658983208,32
overall__mean_quality_regret_pp,utility_quantile,minimum_quality_floor,0.6875,0.3125,0.51875,0.21875,0.12771641604786,32
overall__mean_quality_regret_pp,utility_quantile,minimum_quality_floor,0.6875,0.4375,0.51875,0.30624999999999997,0.13197082881118116,32
overall__mean_quality_regret_pp,utility_quantile,minimum_quality_floor,0.6875,0.5625,0.51875,0.39375,0.08836370355049594,32
overall__mean_quality_regret_pp,utility_quantile,minimum_quality_floor,0.6875,0.6875,0.51875,0.48124999999999996,-0.03824984102492546,32
overall__mean_quality_regret_pp,utility_quantile,minimum_quality_floor,0.6875,0.8125,0.51875,0.56875,-0.21494080866250476,32
overall__mean_quality_regret_pp,utility_quantile,minimum_quality_floor,0.6875,0.9375,0.51875,0.65625,-0.35874594778224445,32
overall__mean_quality_regret_pp,utility_quantile,minimum_quality_floor,0.8125,0.0625,0.61125,0.04375,0.14100374108771185,32
overall__mean_quality_regret_pp,utility_quantile,minimum_quality_floor,0.8125,0.1875,0.61125,0.13124999999999998,0.1225092475916979,32
overall__mean_quality_regret_pp,utility_quantile,minimum_quality_floor,0.8125,0.3125,0.61125,0.21875,0.12417960085238033,32
overall__mean_quality_regret_pp,utility_quantile,minimum_quality_floor,0.8125,0.4375,0.61125,0.30624999999999997,0.12484211293412084,32
overall__mean_quality_regret_pp,utility_quantile,minimum_quality_floor,0.8125,0.5625,0.61125,0.39375,0.07905785551577349,32
overall__mean_quality_regret_pp,utility_quantile,minimum_quality_floor,0.8125,0.6875,0.61125,0.48124999999999996,-0.02460230446835232,32
overall__mean_quality_regret_pp,utility_quantile,minimum_quality_floor,0.8125,0.8125,0.61125,0.56875,-0.20412636007232565,32
overall__mean_quality_regret_pp,utility_quantile,minimum_quality_floor,0.8125,0.9375,0.61125,0.65625,-0.3628638934410059,32
overall__mean_quality_regret_pp,utility_quantile,minimum_quality_floor,0.9375,0.0625,0.70375,0.04375,0.12080133327341425,32
overall__mean_quality_regret_pp,utility_quantile,minimum_quality_floor,0.9375,0.1875,0.70375,0.13124999999999998,0.10985295808839113,32
overall__mean_quality_regret_pp,utility_quantile,minimum_quality_floor,0.9375,0.3125,0.70375,0.21875,0.11291062847386424,32
overall__mean_quality_regret_pp,utility_quantile,minimum_quality_floor,0.9375,0.4375,0.70375,0.30624999999999997,0.12176470186658706,32
overall__mean_quality_regret_pp,utility_quantile,minimum_quality_floor,0.9375,0.5625,0.70375,0.39375,0.09188449016288847,32
overall__mean_quality_regret_pp,utility_quantile,minimum_quality_floor,0.9375,0.6875,0.70375,0.48124999999999996,-0.01780284632739848,32
overall__mean_quality_regret_pp,utility_quantile,minimum_quality_floor,0.9375,0.8125,0.70375,0.56875,-0.1933694360731949,32
overall__mean_quality_regret_pp,utility_quantile,minimum_quality_floor,0.9375,0.9375,0.70375,0.65625,-0.3460418294645512,32
overall__mean_stop_epoch,min_epochs_floor,utility_quantile,0.0625,0.0625,17,0.05625,10.300193707794024,32
overall__mean_stop_epoch,min_epochs_floor,utility_quantile,0.0625,0.1875,17,0.14875,2.4561071657111526,32
overall__mean_stop_epoch,min_epochs_floor,utility_quantile,0.0625,0.3125,17,0.24125000000000002,-2.1936456189691764,32
overall__mean_stop_epoch,min_epochs_floor,utility_quantile,0.0625,0.4375,17,0.33375,-2.5700452747323155,32
overall__mean_stop_epoch,min_epochs_floor,utility_quantile,0.0625,0.5625,17,0.42625,-2.226916660704749,32
overall__mean_stop_epoch,min_epochs_floor,utility_quantile,0.0625,0.6875,17,0.51875,-2.022861488942281,32
overall__mean_stop_epoch,min_epochs_floor,utility_quantile,0.0625,0.8125,17,0.61125,-1.9545498277181874,32
overall__mean_stop_epoch,min_epochs_floor,utility_quantile,0.0625,0.9375,17,0.70375,-1.7882820024384714,32
overall__mean_stop_epoch,min_epochs_floor,utility_quantile,0.1875,0.0625,28,0.05625,10.55852972452129,32
overall__mean_stop_epoch,min_epochs_floor,utility_quantile,0.1875,0.1875,28,0.14875,3.4957319349186182,32
overall__mean_stop_epoch,min_epochs_floor,utility_quantile,0.1875,0.3125,28,0.24125000000000002,-2.1962120079958733,32
overall__mean_stop_epoch,min_epochs_floor,utility_quantile,0.1875,0.4375,28,0.33375,-2.7459012016227504,32
overall__mean_stop_epoch,min_epochs_floor,utility_quantile,0.1875,0.5625,28,0.42625,-2.4812308175885676,32
overall__mean_stop_epoch,min_epochs_floor,utility_quantile,0.1875,0.6875,28,0.51875,-2.2954840811215025,32
overall__mean_stop_epoch,min_epochs_floor,utility_quantile,0.1875,0.8125,28,0.61125,-2.2365894999238645,32
overall__mean_stop_epoch,min_epochs_floor,utility_quantile,0.1875,0.9375,28,0.70375,-2.0988440511873545,32
overall__mean_stop_epoch,min_epochs_floor,utility_quantile,0.3125,0.0625,39,0.05625,8.453162655796019,32
overall__mean_stop_epoch,min_epochs_floor,utility_quantile,0.3125,0.1875,39,0.14875,2.7630159820527744,32
overall__mean_stop_epoch,min_epochs_floor,utility_quantile,0.3125,0.3125,39,0.24125000000000002,-2.3896658451803425,32
overall__mean_stop_epoch,min_epochs_floor,utility_quantile,0.3125,0.4375,39,0.33375,-2.3584336942856474,32
overall__mean_stop_epoch,min_epochs_floor,utility_quantile,0.3125,0.5625,39,0.42625,-1.818846864043321,32
overall__mean_stop_epoch,min_epochs_floor,utility_quantile,0.3125,0.6875,39,0.51875,-1.6257168052658528,32
overall__mean_stop_epoch,min_epochs_floor,utility_quantile,0.3125,0.8125,39,0.61125,-1.548990537284702,32
overall__mean_stop_epoch,min_epochs_floor,utility_quantile,0.3125,0.9375,39,0.70375,-1.4745248917889349,32
overall__mean_stop_epoch,min_epochs_floor,utility_quantile,0.4375,0.0625,49,0.05625,3.2404074295769387,32
overall__mean_stop_epoch,min_epochs_floor,utility_quantile,0.4375,0.1875,49,0.14875,1.8978824989472045,32
overall__mean_stop_epoch,min_epochs_floor,utility_quantile,0.4375,0.3125,49,0.24125000000000002,1.5167935563082615,32
overall__mean_stop_epoch,min_epochs_floor,utility_quantile,0.4375,0.4375,49,0.33375,-0.8015001530446817,32
overall__mean_stop_epoch,min_epochs_floor,utility_quantile,0.4375,0.5625,49,0.42625,-1.4073773122755,32
overall__mean_stop_epoch,min_epochs_floor,utility_quantile,0.4375,0.6875,49,0.51875,-1.340671335380005,32
overall__mean_stop_epoch,min_epochs_floor,utility_quantile,0.4375,0.8125,49,0.61125,-1.4783146179389863,32
overall__mean_stop_epoch,min_epochs_floor,utility_quantile,0.4375,0.9375,49,0.70375,-1.6272200661932334,32
overall__mean_stop_epoch,min_epochs_floor,utility_quantile,0.5625,0.0625,60,0.05625,-1.693366298997251,32
overall__mean_stop_epoch,min_epochs_floor,utility_quantile,0.5625,0.1875,60,0.14875,0.5554372260607696,32
overall__mean_stop_epoch,min_epochs_floor,utility_quantile,0.5625,0.3125,60,0.24125000000000002,1.880305169996042,32
overall__mean_stop_epoch,min_epochs_floor,utility_quantile,0.5625,0.4375,60,0.33375,2.2235358006452763,32
overall__mean_stop_epoch,min_epochs_floor,utility_quantile,0.5625,0.5625,60,0.42625,-0.056151722893325484,32
overall__mean_stop_epoch,min_epochs_floor,utility_quantile,0.5625,0.6875,60,0.51875,-0.9172312030819221,32
overall__mean_stop_epoch,min_epochs_floor,utility_quantile,0.5625,0.8125,60,0.61125,-0.9868334390139069,32
overall__mean_stop_epoch,min_epochs_floor,utility_quantile,0.5625,0.9375,60,0.70375,-1.0056955327156842,32
overall__mean_stop_epoch,min_epochs_floor,utility_quantile,0.6875,0.0625,70,0.05625,-7.109896705363557,32
overall__mean_stop_epoch,min_epochs_floor,utility_quantile,0.6875,0.1875,70,0.14875,-1.7676393086080822,32
overall__mean_stop_epoch,min_epochs_floor,utility_quantile,0.6875,0.3125,70,0.24125000000000002,2.090197982402369,32
overall__mean_stop_epoch,min_epochs_floor,utility_quantile,0.6875,0.4375,70,0.33375,2.0475897567721937,32
overall__mean_stop_epoch,min_epochs_floor,utility_quantile,0.6875,0.5625,70,0.42625,1.2960211292874995,32
overall__mean_stop_epoch,min_epochs_floor,utility_quantile,0.6875,0.6875,70,0.51875,1.3205654870985768,32
overall__mean_stop_epoch,min_epochs_floor,utility_quantile,0.6875,0.8125,70,0.61125,1.119028947815643,32
overall__mean_stop_epoch,min_epochs_floor,utility_quantile,0.6875,0.9375,70,0.70375,1.0041327105953464,32
overall__mean_stop_epoch,min_epochs_floor,utility_quantile,0.8125,0.0625,81,0.05625,-10.506480338382655,32
overall__mean_stop_epoch,min_epochs_floor,utility_quantile,0.8125,0.1875,81,0.14875,-3.9170579628462967,32
overall__mean_stop_epoch,min_epochs_floor,utility_quantile,0.8125,0.3125,81,0.24125000000000002,0.9716728329038276,32
overall__mean_stop_epoch,min_epochs_floor,utility_quantile,0.8125,0.4375,81,0.33375,2.1029591913418955,32
overall__mean_stop_epoch,min_epochs_floor,utility_quantile,0.8125,0.5625,81,0.42625,3.014282075284278,32
overall__mean_stop_epoch,min_epochs_floor,utility_quantile,0.8125,0.6875,81,0.51875,2.8248716753242746,32
overall__mean_stop_epoch,min_epochs_floor,utility_quantile,0.8125,0.8125,81,0.61125,2.774161862507345,32
overall__mean_stop_epoch,min_epochs_floor,utility_quantile,0.8125,0.9375,81,0.70375,2.7355906638673133,32
overall__mean_stop_epoch,min_epochs_floor,utility_quantile,0.9375,0.0625,92,0.05625,-13.242550174944821,32
overall__mean_stop_epoch,min_epochs_floor,utility_quantile,0.9375,0.1875,92,0.14875,-5.483477536236148,32
overall__mean_stop_epoch,min_epochs_floor,utility_quantile,0.9375,0.3125,92,0.24125000000000002,0.3205539305348779,32
overall__mean_stop_epoch,min_epochs_floor,utility_quantile,0.9375,0.4375,92,0.33375,2.101795574926033,32
overall__mean_stop_epoch,min_epochs_floor,utility_quantile,0.9375,0.5625,92,0.42625,3.680220172933687,32
overall__mean_stop_epoch,min_epochs_floor,utility_quantile,0.9375,0.6875,92,0.51875,4.056527751368712,32
overall__mean_stop_epoch,min_epochs_floor,utility_quantile,0.9375,0.8125,92,0.61125,4.312087111556643,32
overall__mean_stop_epoch,min_epochs_floor,utility_quantile,0.9375,0.9375,92,0.70375,4.254843169861015,32
overall__mean_stop_epoch,min_epochs_floor,noise_multiplier,0.0625,0.0625,17,0.484375,6.125973461846177,32
overall__mean_stop_epoch,min_epochs_floor,noise_multiplier,0.0625,0.1875,17,0.953125,0.23373980430802632,32
overall__mean_stop_epoch,min_epochs_floor,noise_multiplier,0.0625,0.3125,17,1.421875,-0.7923346374840126,32
overall__mean_stop_epoch,min_epochs_floor,noise_multiplier,0.0625,0.4375,17,1.890625,-1.1346041684469537,32
overall__mean_stop_epoch,min_epochs_floor,noise_multiplier,0.0625,0.5625,17,2.359375,-1.1145246285508534,32
overall__mean_stop_epoch,min_epochs_floor,noise_multiplier,0.0625,0.6875,17,2.828125,-1.1156522275505232,32
overall__mean_stop_epoch,min_epochs_floor,noise_multiplier,0.0625,0.8125,17,3.296875,-1.1094926264656895,32
overall__mean_stop_epoch,min_epochs_floor,noise_multiplier,0.0625,0.9375,17,3.765625,-1.0931049776561714,32
overall__mean_stop_epoch,min_epochs_floor,noise_multiplier,0.1875,0.0625,28,0.484375,6.301498432222043,32
overall__mean_stop_epoch,min_epochs_floor,noise_multiplier,0.1875,0.1875,28,0.953125,0.4212426599352419,32
overall__mean_stop_epoch,min_epochs_floor,noise_multiplier,0.1875,0.3125,28,1.421875,-0.7316126184970155,32
overall__mean_stop_epoch,min_epochs_floor,noise_multiplier,0.1875,0.4375,28,1.890625,-1.2047553582342108,32
overall__mean_stop_epoch,min_epochs_floor,noise_multiplier,0.1875,0.5625,28,2.359375,-1.2294453978134232,32
overall__mean_stop_epoch,min_epochs_floor,noise_multiplier,0.1875,0.6875,28,2.828125,-1.1978646221437739,32
overall__mean_stop_epoch,min_epochs_floor,noise_multiplier,0.1875,0.8125,28,3.296875,-1.2068756422009184,32
overall__mean_stop_epoch,min_epochs_floor,noise_multiplier,0.1875,0.9375,28,3.765625,-1.152187453267942,32
overall__mean_stop_epoch,min_epochs_floor,noise_multiplier,0.3125,0.0625,39,0.484375,4.069944732015966,32
overall__mean_stop_epoch,min_epochs_floor,noise_multiplier,0.3125,0.1875,39,0.953125,-0.06936142140972201,32
overall__mean_stop_epoch,min_epochs_floor,noise_multiplier,0.3125,0.3125,39,1.421875,-0.6045818549896893,32
overall__mean_stop_epoch,min_epochs_floor,noise_multiplier,0.3125,0.4375,39,1.890625,-0.6633258954323509,32
overall__mean_stop_epoch,min_epochs_floor,noise_multiplier,0.3125,0.5625,39,2.359375,-0.6575823757082109,32
overall__mean_stop_epoch,min_epochs_floor,noise_multiplier,0.3125,0.6875,39,2.828125,-0.6911279641258616,32
overall__mean_stop_epoch,min_epochs_floor,noise_multiplier,0.3125,0.8125,39,3.296875,-0.6786038623796493,32
overall__mean_stop_epoch,min_epochs_floor,noise_multiplier,0.3125,0.9375,39,3.765625,-0.7053613579704816,32
overall__mean_stop_epoch,min_epochs_floor,noise_multiplier,0.4375,0.0625,49,0.484375,1.512049319240905,32
overall__mean_stop_epoch,min_epochs_floor,noise_multiplier,0.4375,0.1875,49,0.953125,-0.018728641104125643,32
overall__mean_stop_epoch,min_epochs_floor,noise_multiplier,0.4375,0.3125,49,1.421875,-0.25095250557031257,32
overall__mean_stop_epoch,min_epochs_floor,noise_multiplier,0.4375,0.4375,49,1.890625,-0.23941249664863307,32
overall__mean_stop_epoch,min_epochs_floor,noise_multiplier,0.4375,0.5625,49,2.359375,-0.2324135619112404,32
overall__mean_stop_epoch,min_epochs_floor,noise_multiplier,0.4375,0.6875,49,2.828125,-0.26089148333153744,32
overall__mean_stop_epoch,min_epochs_floor,noise_multiplier,0.4375,0.8125,49,3.296875,-0.25131973498038995,32
overall__mean_stop_epoch,min_epochs_floor,noise_multiplier,0.4375,0.9375,49,3.765625,-0.2583308956946766,32
overall__mean_stop_epoch,min_epochs_floor,noise_multiplier,0.5625,0.0625,60,0.484375,-2.545313217387342,32
overall__mean_stop_epoch,min_epochs_floor,noise_multiplier,0.5625,0.1875,60,0.953125,0.17927019058041438,32
overall__mean_stop_epoch,min_epochs_floor,noise_multiplier,0.5625,0.3125,60,1.421875,0.4860532154439934,32
overall__mean_stop_epoch,min_epochs_floor,noise_multiplier,0.5625,0.4375,60,1.890625,0.47565568302967876,32
overall__mean_stop_epoch,min_epochs_floor,noise_multiplier,0.5625,0.5625,60,2.359375,0.3996275564795724,32
overall__mean_stop_epoch,min_epochs_floor,noise_multiplier,0.5625,0.6875,60,2.828125,0.3377053421800831,32
overall__mean_stop_epoch,min_epochs_floor,noise_multiplier,0.5625,0.8125,60,3.296875,0.3201288321538165,32
overall__mean_stop_epoch,min_epochs_floor,noise_multiplier,0.5625,0.9375,60,3.765625,0.3468723975197747,32
overall__mean_stop_epoch,min_epochs_floor,noise_multiplier,0.6875,0.0625,70,0.484375,-3.6538487915900326,32
overall__mean_stop_epoch,min_epochs_floor,noise_multiplier,0.6875,0.1875,70,0.953125,0.23869645637993742,32
overall__mean_stop_epoch,min_epochs_floor,noise_multiplier,0.6875,0.3125,70,1.421875,0.5929867104469277,32
overall__mean_stop_epoch,min_epochs_floor,noise_multiplier,0.6875,0.4375,70,1.890625,0.6759480432222311,32
overall__mean_stop_epoch,min_epochs_floor,noise_multiplier,0.6875,0.5625,70,2.359375,0.5361321080301451,32
overall__mean_stop_epoch,min_epochs_floor,noise_multiplier,0.6875,0.6875,70,2.828125,0.5627075444691769,32
overall__mean_stop_epoch,min_epochs_floor,noise_multiplier,0.6875,0.8125,70,3.296875,0.5368027624705327,32
overall__mean_stop_epoch,min_epochs_floor,noise_multiplier,0.6875,0.9375,70,3.765625,0.5105751665710585,32
overall__mean_stop_epoch,min_epochs_floor,noise_multiplier,0.8125,0.0625,81,0.484375,-5.1004718815233545,32
overall__mean_stop_epoch,min_epochs_floor,noise_multiplier,0.8125,0.1875,81,0.953125,-0.27126443576534953,32
overall__mean_stop_epoch,min_epochs_floor,noise_multiplier,0.8125,0.3125,81,1.421875,0.6464518728284094,32
overall__mean_stop_epoch,min_epochs_floor,noise_multiplier,0.8125,0.4375,81,1.890625,0.9151513697351277,32
overall__mean_stop_epoch,min_epochs_floor,noise_multiplier,0.8125,0.5625,81,2.359375,0.9810923789875048,32
overall__mean_stop_epoch,min_epochs_floor,noise_multiplier,0.8125,0.6875,81,2.828125,0.9759779730544018,32
overall__mean_stop_epoch,min_epochs_floor,noise_multiplier,0.8125,0.8125,81,3.296875,0.9354573217142104,32
overall__mean_stop_epoch,min_epochs_floor,noise_multiplier,0.8125,0.9375,81,3.765625,0.9176054009690624,32
overall__mean_stop_epoch,min_epochs_floor,noise_multiplier,0.9375,0.0625,92,0.484375,-6.709832054824371,32
overall__mean_stop_epoch,min_epochs_floor,noise_multiplier,0.9375,0.1875,92,0.953125,-0.7135946129244175,32
overall__mean_stop_epoch,min_epochs_floor,noise_multiplier,0.9375,0.3125,92,1.421875,0.6539898178217012,32
overall__mean_stop_epoch,min_epochs_floor,noise_multiplier,0.9375,0.4375,92,1.890625,1.1753428227751144,32
overall__mean_stop_epoch,min_epochs_floor,noise_multiplier,0.9375,0.5625,92,2.359375,1.317113920486502,32
overall__mean_stop_epoch,min_epochs_floor,noise_multiplier,0.9375,0.6875,92,2.828125,1.389145437448029,32
overall__mean_stop_epoch,min_epochs_floor,noise_multiplier,0.9375,0.8125,92,3.296875,1.4539029496880893,32
overall__mean_stop_epoch,min_epochs_floor,noise_multiplier,0.9375,0.9375,92,3.765625,1.4339317195293617,32
overall__mean_stop_epoch,min_epochs_floor,minimum_quality_floor,0.0625,0.0625,17,0.04375,-4.34591914855603,32
overall__mean_stop_epoch,min_epochs_floor,minimum_quality_floor,0.0625,0.1875,17,0.13124999999999998,-3.4620125179205585,32
overall__mean_stop_epoch,min_epochs_floor,minimum_quality_floor,0.0625,0.3125,17,0.21875,-3.3234813006448602,32
overall__mean_stop_epoch,min_epochs_floor,minimum_quality_floor,0.0625,0.4375,17,0.30624999999999997,-3.2257916356729703,32
overall__mean_stop_epoch,min_epochs_floor,minimum_quality_floor,0.0625,0.5625,17,0.39375,-1.7966891009825257,32
overall__mean_stop_epoch,min_epochs_floor,minimum_quality_floor,0.0625,0.6875,17,0.48124999999999996,4.3439713674071125,32
overall__mean_stop_epoch,min_epochs_floor,minimum_quality_floor,0.0625,0.8125,17,0.56875,5.342967373031092,32
overall__mean_stop_epoch,min_epochs_floor,minimum_quality_floor,0.0625,0.9375,17,0.65625,6.466954963338733,32
overall__mean_stop_epoch,min_epochs_floor,minimum_quality_floor,0.1875,0.0625,28,0.04375,-4.051805685599947,32
overall__mean_stop_epoch,min_epochs_floor,minimum_quality_floor,0.1875,0.1875,28,0.13124999999999998,-3.3377767280244437,32
overall__mean_stop_epoch,min_epochs_floor,minimum_quality_floor,0.1875,0.3125,28,0.21875,-3.169740881119126,32
overall__mean_stop_epoch,min_epochs_floor,minimum_quality_floor,0.1875,0.4375,28,0.30624999999999997,-3.058357515750402,32
overall__mean_stop_epoch,min_epochs_floor,minimum_quality_floor,0.1875,0.5625,28,0.39375,-2.146260974776898,32
overall__mean_stop_epoch,min_epochs_floor,minimum_quality_floor,0.1875,0.6875,28,0.48124999999999996,4.230743174719423,32
overall__mean_stop_epoch,min_epochs_floor,minimum_quality_floor,0.1875,0.8125,28,0.56875,5.222906756401631,32
overall__mean_stop_epoch,min_epochs_floor,minimum_quality_floor,0.1875,0.9375,28,0.65625,6.310291854149757,32
overall__mean_stop_epoch,min_epochs_floor,minimum_quality_floor,0.3125,0.0625,39,0.04375,-2.9762531744657332,32
overall__mean_stop_epoch,min_epochs_floor,minimum_quality_floor,0.3125,0.1875,39,0.13124999999999998,-2.230962463693566,32
overall__mean_stop_epoch,min_epochs_floor,minimum_quality_floor,0.3125,0.3125,39,0.21875,-1.9125252857697284,32
overall__mean_stop_epoch,min_epochs_floor,minimum_quality_floor,0.3125,0.4375,39,0.30624999999999997,-1.8559894733110638,32
overall__mean_stop_epoch,min_epochs_floor,minimum_quality_floor,0.3125,0.5625,39,0.39375,-1.843925624857241,32
overall__mean_stop_epoch,min_epochs_floor,minimum_quality_floor,0.3125,0.6875,39,0.48124999999999996,2.7538377764790924,32
overall__mean_stop_epoch,min_epochs_floor,minimum_quality_floor,0.3125,0.8125,39,0.56875,3.8356029482185807,32
overall__mean_stop_epoch,min_epochs_floor,minimum_quality_floor,0.3125,0.9375,39,0.65625,4.230215297399653,32
overall__mean_stop_epoch,min_epochs_floor,minimum_quality_floor,0.4375,0.0625,49,0.04375,-0.4370384879999749,32
overall__mean_stop_epoch,min_epochs_floor,minimum_quality_floor,0.4375,0.1875,49,0.13124999999999998,-0.5281751499130127,32
overall__mean_stop_epoch,min_epochs_floor,minimum_quality_floor,0.4375,0.3125,49,0.21875,-0.5382740789667029,32
overall__mean_stop_epoch,min_epochs_floor,minimum_quality_floor,0.4375,0.4375,49,0.30624999999999997,-0.6183785883775421,32
overall__mean_stop_epoch,min_epochs_floor,minimum_quality_floor,0.4375,0.5625,49,0.39375,-0.6568186157900087,32
overall__mean_stop_epoch,min_epochs_floor,minimum_quality_floor,0.4375,0.6875,49,0.48124999999999996,0.48707541872162974,32
overall__mean_stop_epoch,min_epochs_floor,minimum_quality_floor,0.4375,0.8125,49,0.56875,1.2480583415083215,32
overall__mean_stop_epoch,min_epochs_floor,minimum_quality_floor,0.4375,0.9375,49,0.65625,1.0435511608172883,32
overall__mean_stop_epoch,min_epochs_floor,minimum_quality_floor,0.5625,0.0625,60,0.04375,0.9842739990824922,32
overall__mean_stop_epoch,min_epochs_floor,minimum_quality_floor,0.5625,0.1875,60,0.13124999999999998,0.6830589365962858,32
overall__mean_stop_epoch,min_epochs_floor,minimum_quality_floor,0.5625,0.3125,60,0.21875,0.7308006573441919,32
overall__mean_stop_epoch,min_epochs_floor,minimum_quality_floor,0.5625,0.4375,60,0.30624999999999997,1.0571107271330922,32
overall__mean_stop_epoch,min_epochs_floor,minimum_quality_floor,0.5625,0.5625,60,0.39375,0.9323128472625255,32
overall__mean_stop_epoch,min_epochs_floor,minimum_quality_floor,0.5625,0.6875,60,0.48124999999999996,-1.2238784035359336,32
overall__mean_stop_epoch,min_epochs_floor,minimum_quality_floor,0.5625,0.8125,60,0.56875,-1.4673999312563213,32
overall__mean_stop_epoch,min_epochs_floor,minimum_quality_floor,0.5625,0.9375,60,0.65625,-1.6962788326263354,32
overall__mean_stop_epoch,min_epochs_floor,minimum_quality_floor,0.6875,0.0625,70,0.04375,2.4819383578237,32
overall__mean_stop_epoch,min_epochs_floor,minimum_quality_floor,0.6875,0.1875,70,0.13124999999999998,1.9619469229829756,32
overall__mean_stop_epoch,min_epochs_floor,minimum_quality_floor,0.6875,0.3125,70,0.21875,1.825533296233063,32
overall__mean_stop_epoch,min_epochs_floor,minimum_quality_floor,0.6875,0.4375,70,0.30624999999999997,1.8185740024123458,32
overall__mean_stop_epoch,min_epochs_floor,minimum_quality_floor,0.6875,0.5625,70,0.39375,1.3081171650351457,32
overall__mean_stop_epoch,min_epochs_floor,minimum_quality_floor,0.6875,0.6875,70,0.48124999999999996,-2.3776704123726446,32
overall__mean_stop_epoch,min_epochs_floor,minimum_quality_floor,0.6875,0.8125,70,0.56875,-3.200184127593001,32
overall__mean_stop_epoch,min_epochs_floor,minimum_quality_floor,0.6875,0.9375,70,0.65625,-3.8182552045215843,32
overall__mean_stop_epoch,min_epochs_floor,minimum_quality_floor,0.8125,0.0625,81,0.04375,3.8353964930887443,32
overall__mean_stop_epoch,min_epochs_floor,minimum_quality_floor,0.8125,0.1875,81,0.13124999999999998,3.1623349386492947,32
overall__mean_stop_epoch,min_epochs_floor,minimum_quality_floor,0.8125,0.3125,81,0.21875,2.886323366297546,32
overall__mean_stop_epoch,min_epochs_floor,minimum_quality_floor,0.8125,0.4375,81,0.30624999999999997,2.685485992946399,32
overall__mean_stop_epoch,min_epochs_floor,minimum_quality_floor,0.8125,0.5625,81,0.39375,1.916724523183853,32
overall__mean_stop_epoch,min_epochs_floor,minimum_quality_floor,0.8125,0.6875,81,0.48124999999999996,-3.783604796673208,32
overall__mean_stop_epoch,min_epochs_floor,minimum_quality_floor,0.8125,0.8125,81,0.56875,-4.963340192155185,32
overall__mean_stop_epoch,min_epochs_floor,minimum_quality_floor,0.8125,0.9375,81,0.65625,-5.739320325337454,32
overall__mean_stop_epoch,min_epochs_floor,minimum_quality_floor,0.9375,0.0625,92,0.04375,4.5094076466267445,32
overall__mean_stop_epoch,min_epochs_floor,minimum_quality_floor,0.9375,0.1875,92,0.13124999999999998,3.751586061323021,32
overall__mean_stop_epoch,min_epochs_floor,minimum_quality_floor,0.9375,0.3125,92,0.21875,3.5013642266256095,32
overall__mean_stop_epoch,min_epochs_floor,minimum_quality_floor,0.9375,0.4375,92,0.30624999999999997,3.197346490620136,32
overall__mean_stop_epoch,min_epochs_floor,minimum_quality_floor,0.9375,0.5625,92,0.39375,2.2865397809251427,32
overall__mean_stop_epoch,min_epochs_floor,minimum_quality_floor,0.9375,0.6875,92,0.48124999999999996,-4.430474124745475,32
overall__mean_stop_epoch,min_epochs_floor,minimum_quality_floor,0.9375,0.8125,92,0.56875,-6.01861116815512,32
overall__mean_stop_epoch,min_epochs_floor,minimum_quality_floor,0.9375,0.9375,92,0.65625,-6.797158913220068,32
overall__mean_stop_epoch,noise_multiplier,utility_quantile,0.0625,0.0625,0.484375,0.05625,-6.9682611828396865,32
overall__mean_stop_epoch,noise_multiplier,utility_quantile,0.0625,0.1875,0.484375,0.14875,-3.2440544785899377,32
overall__mean_stop_epoch,noise_multiplier,utility_quantile,0.0625,0.3125,0.484375,0.24125000000000002,0.35406227993891903,32
overall__mean_stop_epoch,noise_multiplier,utility_quantile,0.0625,0.4375,0.484375,0.33375,1.3023350873522936,32
overall__mean_stop_epoch,noise_multiplier,utility_quantile,0.0625,0.5625,0.484375,0.42625,2.1307179495128885,32
overall__mean_stop_epoch,noise_multiplier,utility_quantile,0.0625,0.6875,0.484375,0.51875,2.2766389621984544,32
overall__mean_stop_epoch,noise_multiplier,utility_quantile,0.0625,0.8125,0.484375,0.61125,2.1867985879700456,32
overall__mean_stop_epoch,noise_multiplier,utility_quantile,0.0625,0.9375,0.484375,0.70375,1.9617627944570408,32
overall__mean_stop_epoch,noise_multiplier,utility_quantile,0.1875,0.0625,0.953125,0.05625,-0.2713927988264686,32
overall__mean_stop_epoch,noise_multiplier,utility_quantile,0.1875,0.1875,0.953125,0.14875,-0.08049003732250526,32
overall__mean_stop_epoch,noise_multiplier,utility_quantile,0.1875,0.3125,0.953125,0.24125000000000002,-0.18985513282892086,32
overall__mean_stop_epoch,noise_multiplier,utility_quantile,0.1875,0.4375,0.953125,0.33375,-0.12978215042656416,32
overall__mean_stop_epoch,noise_multiplier,utility_quantile,0.1875,0.5625,0.953125,0.42625,0.12782321871520708,32
overall__mean_stop_epoch,noise_multiplier,utility_quantile,0.1875,0.6875,0.953125,0.51875,0.13559187616855084,32
overall__mean_stop_epoch,noise_multiplier,utility_quantile,0.1875,0.8125,0.953125,0.61125,0.1408513696650182,32
overall__mean_stop_epoch,noise_multiplier,utility_quantile,0.1875,0.9375,0.953125,0.70375,0.26725365485570407,32
overall__mean_stop_epoch,noise_multiplier,utility_quantile,0.3125,0.0625,1.421875,0.05625,0.7771603586682332,32
overall__mean_stop_epoch,noise_multiplier,utility_quantile,0.3125,0.1875,1.421875,0.14875,0.1882460869931748,32
overall__mean_stop_epoch,noise_multiplier,utility_quantile,0.3125,0.3125,1.421875,0.24125000000000002,0.06322512039988482,32
overall__mean_stop_epoch,noise_multiplier,utility_quantile,0.3125,0.4375,1.421875,0.33375,-0.14254734656578094,32
overall__mean_stop_epoch,noise_multiplier,utility_quantile,0.3125,0.5625,1.421875,0.42625,-0.2184356323512624,32
overall__mean_stop_epoch,noise_multiplier,utility_quantile,0.3125,0.6875,1.421875,0.51875,-0.24521654592233233,32
overall__mean_stop_epoch,noise_multiplier,utility_quantile,0.3125,0.8125,1.421875,0.61125,-0.22499938046819068,32
overall__mean_stop_epoch,noise_multiplier,utility_quantile,0.3125,0.9375,1.421875,0.70375,-0.19743266075368382,32
overall__mean_stop_epoch,noise_multiplier,utility_quantile,0.4375,0.0625,1.890625,0.05625,1.2511130464828497,32
overall__mean_stop_epoch,noise_multiplier,utility_quantile,0.4375,0.1875,1.890625,0.14875,0.564054374455047,32
overall__mean_stop_epoch,noise_multiplier,utility_quantile,0.4375,0.3125,1.890625,0.24125000000000002,-0.03904769103228034,32
overall__mean_stop_epoch,noise_multiplier,utility_quantile,0.4375,0.4375,1.890625,0.33375,-0.21877782765915654,32
overall__mean_stop_epoch,noise_multiplier,utility_quantile,0.4375,0.5625,1.890625,0.42625,-0.3768252776311485,32
overall__mean_stop_epoch,noise_multiplier,utility_quantile,0.4375,0.6875,1.890625,0.51875,-0.4052947567519034,32
overall__mean_stop_epoch,noise_multiplier,utility_quantile,0.4375,0.8125,1.890625,0.61125,-0.3958352660111686,32
overall__mean_stop_epoch,noise_multiplier,utility_quantile,0.4375,0.9375,1.890625,0.70375,-0.37938660185221806,32
overall__mean_stop_epoch,noise_multiplier,utility_quantile,0.5625,0.0625,2.359375,0.05625,1.3369089483650107,32
overall__mean_stop_epoch,noise_multiplier,utility_quantile,0.5625,0.1875,2.359375,0.14875,0.6247646626357053,32
overall__mean_stop_epoch,noise_multiplier,utility_quantile,0.5625,0.3125,2.359375,0.24125000000000002,-0.014394790968886184,32
overall__mean_stop_epoch,noise_multiplier,utility_quantile,0.5625,0.4375,2.359375,0.33375,-0.19752689932197143,32
overall__mean_stop_epoch,noise_multiplier,utility_quantile,0.5625,0.5625,2.359375,0.42625,-0.41265199204087466,32
overall__mean_stop_epoch,noise_multiplier,utility_quantile,0.5625,0.6875,2.359375,0.51875,-0.4494107403415164,32
overall__mean_stop_epoch,noise_multiplier,utility_quantile,0.5625,0.8125,2.359375,0.61125,-0.4523812264526299,32
overall__mean_stop_epoch,noise_multiplier,utility_quantile,0.5625,0.9375,2.359375,0.70375,-0.4353079618748019,32
overall__mean_stop_epoch,noise_multiplier,utility_quantile,0.6875,0.0625,2.828125,0.05625,1.3716079759361222,32
overall__mean_stop_epoch,noise_multiplier,utility_quantile,0.6875,0.1875,2.828125,0.14875,0.5969571108968417,32
overall__mean_stop_epoch,noise_multiplier,utility_quantile,0.6875,0.3125,2.828125,0.24125000000000002,-0.019623025853704235,32
overall__mean_stop_epoch,noise_multiplier,utility_quantile,0.6875,0.4375,2.828125,0.33375,-0.20080674217637196,32
overall__mean_stop_epoch,noise_multiplier,utility_quantile,0.6875,0.5625,2.828125,0.42625,-0.4304201919278974,32
overall__mean_stop_epoch,noise_multiplier,utility_quantile,0.6875,0.6875,2.828125,0.51875,-0.4540079746200689,32
overall__mean_stop_epoch,noise_multiplier,utility_quantile,0.6875,0.8125,2.828125,0.61125,-0.43954665131759185,32
overall__mean_stop_epoch,noise_multiplier,utility_quantile,0.6875,0.9375,2.828125,0.70375,-0.4241605009372904,32
overall__mean_stop_epoch,noise_multiplier,utility_quantile,0.8125,0.0625,3.296875,0.05625,1.314251615017909,32
overall__mean_stop_epoch,noise_multiplier,utility_quantile,0.8125,0.1875,3.296875,0.14875,0.6919190370156691,32
overall__mean_stop_epoch,noise_multiplier,utility_quantile,0.8125,0.3125,3.296875,0.24125000000000002,-0.06898930740684506,32
overall__mean_stop_epoch,noise_multiplier,utility_quantile,0.8125,0.4375,3.296875,0.33375,-0.23596522776390927,32
overall__mean_stop_epoch,noise_multiplier,utility_quantile,0.8125,0.5625,3.296875,0.42625,-0.433595776832,32
overall__mean_stop_epoch,noise_multiplier,utility_quantile,0.8125,0.6875,3.296875,0.51875,-0.43999033678753463,32
overall__mean_stop_epoch,noise_multiplier,utility_quantile,0.8125,0.8125,3.296875,0.61125,-0.4178690983616029,32
overall__mean_stop_epoch,noise_multiplier,utility_quantile,0.8125,0.9375,3.296875,0.70375,-0.40976090488166506,32
overall__mean_stop_epoch,noise_multiplier,utility_quantile,0.9375,0.0625,3.765625,0.05625,1.1886120371960516,32
overall__mean_stop_epoch,noise_multiplier,utility_quantile,0.9375,0.1875,3.765625,0.14875,0.6586032439160263,32
overall__mean_stop_epoch,noise_multiplier,utility_quantile,0.9375,0.3125,3.765625,0.24125000000000002,-0.08537745224811744,32
overall__mean_stop_epoch,noise_multiplier,utility_quantile,0.9375,0.4375,3.765625,0.33375,-0.17692889343851803,32
overall__mean_stop_epoch,noise_multiplier,utility_quantile,0.9375,0.5625,3.765625,0.42625,-0.3866122974448736,32
overall__mean_stop_epoch,noise_multiplier,utility_quantile,0.9375,0.6875,3.765625,0.51875,-0.41831048394362114,32
overall__mean_stop_epoch,noise_multiplier,utility_quantile,0.9375,0.8125,3.765625,0.61125,-0.3970183350238621,32
overall__mean_stop_epoch,noise_multiplier,utility_quantile,0.9375,0.9375,3.765625,0.70375,-0.3829678190130643,32
overall__mean_stop_epoch,utility_quantile,minimum_quality_floor,0.0625,0.0625,0.05625,0.04375,4.490434723790564,32
overall__mean_stop_epoch,utility_quantile,minimum_quality_floor,0.0625,0.1875,0.05625,0.13124999999999998,3.6721510918047953,32
overall__mean_stop_epoch,utility_quantile,minimum_quality_floor,0.0625,0.3125,0.05625,0.21875,3.4991192464518543,32
overall__mean_stop_epoch,utility_quantile,minimum_quality_floor,0.0625,0.4375,0.05625,0.30624999999999997,3.1882467685206795,32
overall__mean_stop_epoch,utility_quantile,minimum_quality_floor,0.0625,0.5625,0.05625,0.39375,2.4369738674609973,32
overall__mean_stop_epoch,utility_quantile,minimum_quality_floor,0.0625,0.6875,0.05625,0.48124999999999996,-4.380484483802315,32
overall__mean_stop_epoch,utility_quantile,minimum_quality_floor,0.0625,0.8125,0.05625,0.56875,-5.984717089966894,32
overall__mean_stop_epoch,utility_quantile,minimum_quality_floor,0.0625,0.9375,0.05625,0.65625,-6.921724124259686,32
overall__mean_stop_epoch,utility_quantile,minimum_quality_floor,0.1875,0.0625,0.14875,0.04375,1.8902171797544938,32
overall__mean_stop_epoch,utility_quantile,minimum_quality_floor,0.1875,0.1875,0.14875,0.13124999999999998,1.2087177050658875,32
overall__mean_stop_epoch,utility_quantile,minimum_quality_floor,0.1875,0.3125,0.14875,0.21875,1.2980660542676397,32
overall__mean_stop_epoch,utility_quantile,minimum_quality_floor,0.1875,0.4375,0.14875,0.30624999999999997,1.5470930334572603,32
overall__mean_stop_epoch,utility_quantile,minimum_quality_floor,0.1875,0.5625,0.14875,0.39375,1.7569912352627082,32
overall__mean_stop_epoch,utility_quantile,minimum_quality_floor,0.1875,0.6875,0.14875,0.48124999999999996,-1.7299244298897793,32
overall__mean_stop_epoch,utility_quantile,minimum_quality_floor,0.1875,0.8125,0.14875,0.56875,-2.6195465794295743,32
overall__mean_stop_epoch,utility_quantile,minimum_quality_floor,0.1875,0.9375,0.14875,0.65625,-3.351614198488644,32
overall__mean_stop_epoch,utility_quantile,minimum_quality_floor,0.3125,0.0625,0.24125000000000002,0.04375,-0.26063808467833915,32
overall__mean_stop_epoch,utility_quantile,minimum_quality_floor,0.3125,0.1875,0.24125000000000002,0.13124999999999998,-0.6031267293404934,32
overall__mean_stop_epoch,utility_quantile,minimum_quality_floor,0.3125,0.3125,0.24125000000000002,0.21875,-0.5603276457361641,32
overall__mean_stop_epoch,utility_quantile,minimum_quality_floor,0.3125,0.4375,0.24125000000000002,0.30624999999999997,-0.3200698579229275,32
overall__mean_stop_epoch,utility_quantile,minimum_quality_floor,0.3125,0.5625,0.24125000000000002,0.39375,-0.291370821342702,32
overall__mean_stop_epoch,utility_quantile,minimum_quality_floor,0.3125,0.6875,0.24125000000000002,0.48124999999999996,0.8929302862672257,32
overall__mean_stop_epoch,utility_quantile,minimum_quality_floor,0.3125,0.8125,0.24125000000000002,0.56875,0.8293054912248046,32
overall__mean_stop_epoch,utility_quantile,minimum_quality_floor,0.3125,0.9375,0.24125000000000002,0.65625,0.3132973615285852,32
overall__mean_stop_epoch,utility_quantile,minimum_quality_floor,0.4375,0.0625,0.33375,0.04375,-0.718682803892202,32
overall__mean_stop_epoch,utility_quantile,minimum_quality_floor,0.4375,0.1875,0.33375,0.13124999999999998,-0.8520714568215633,32
overall__mean_stop_epoch,utility_quantile,minimum_quality_floor,0.4375,0.3125,0.33375,0.21875,-0.8762058314770949,32
overall__mean_stop_epoch,utility_quantile,minimum_quality_floor,0.4375,0.4375,0.33375,0.30624999999999997,-0.9942763983081804,32
overall__mean_stop_epoch,utility_quantile,minimum_quality_floor,0.4375,0.5625,0.33375,0.39375,-0.8346311788759548,32
overall__mean_stop_epoch,utility_quantile,minimum_quality_floor,0.4375,0.6875,0.33375,0.48124999999999996,1.285161310182402,32
overall__mean_stop_epoch,utility_quantile,minimum_quality_floor,0.4375,0.8125,0.33375,0.56875,1.589576976173916,32
overall__mean_stop_epoch,utility_quantile,minimum_quality_floor,0.4375,0.9375,0.33375,0.65625,1.401129383018679,32
overall__mean_stop_epoch,utility_quantile,minimum_quality_floor,0.5625,0.0625,0.42625,0.04375,-1.143953441453748,32
overall__mean_stop_epoch,utility_quantile,minimum_quality_floor,0.5625,0.1875,0.42625,0.13124999999999998,-0.8887881509307185,32
overall__mean_stop_epoch,utility_quantile,minimum_quality_floor,0.5625,0.3125,0.42625,0.21875,-0.8774117506744359,32
overall__mean_stop_epoch,utility_quantile,minimum_quality_floor,0.5625,0.4375,0.42625,0.30624999999999997,-0.8848775170205094,32
overall__mean_stop_epoch,utility_quantile,minimum_quality_floor,0.5625,0.5625,0.42625,0.39375,-0.8175654150559568,32
overall__mean_stop_epoch,utility_quantile,minimum_quality_floor,0.5625,0.6875,0.42625,0.48124999999999996,0.9929631162202046,32
overall__mean_stop_epoch,utility_quantile,minimum_quality_floor,0.5625,0.8125,0.42625,0.56875,1.6143971078289852,32
overall__mean_stop_epoch,utility_quantile,minimum_quality_floor,0.5625,0.9375,0.42625,0.65625,2.0052360510861664,32
overall__mean_stop_epoch,utility_quantile,minimum_quality_floor,0.6875,0.0625,0.51875,0.04375,-1.3869400930901836,32
overall__mean_stop_epoch,utility_quantile,minimum_quality_floor,0.6875,0.1875,0.51875,0.13124999999999998,-0.875058417903726,32
overall__mean_stop_epoch,utility_quantile,minimum_quality_floor,0.6875,0.3125,0.51875,0.21875,-0.8617633255178099,32
overall__mean_stop_epoch,utility_quantile,minimum_quality_floor,0.6875,0.4375,0.51875,0.30624999999999997,-0.8844731188149559,32
overall__mean_stop_epoch,utility_quantile,minimum_quality_floor,0.6875,0.5625,0.51875,0.39375,-0.7869769936655171,32
overall__mean_stop_epoch,utility_quantile,minimum_quality_floor,0.6875,0.6875,0.51875,0.48124999999999996,1.0024353238026,32
overall__mean_stop_epoch,utility_quantile,minimum_quality_floor,0.6875,0.8125,0.51875,0.56875,1.5753784736271328,32
overall__mean_stop_epoch,utility_quantile,minimum_quality_floor,0.6875,0.9375,0.51875,0.65625,2.2173981515624543,32
overall__mean_stop_epoch,utility_quantile,minimum_quality_floor,0.8125,0.0625,0.61125,0.04375,-1.5077520540001483,32
overall__mean_stop_epoch,utility_quantile,minimum_quality_floor,0.8125,0.1875,0.61125,0.13124999999999998,-0.8779299026231859,32
overall__mean_stop_epoch,utility_quantile,minimum_quality_floor,0.8125,0.3125,0.61125,0.21875,-0.8527536029511165,32
overall__mean_stop_epoch,utility_quantile,minimum_quality_floor,0.8125,0.4375,0.61125,0.30624999999999997,-0.8419205239488825,32
overall__mean_stop_epoch,utility_quantile,minimum_quality_floor,0.8125,0.5625,0.61125,0.39375,-0.689754549262414,32
overall__mean_stop_epoch,utility_quantile,minimum_quality_floor,0.8125,0.6875,0.61125,0.48124999999999996,1.0015400915632817,32
overall__mean_stop_epoch,utility_quantile,minimum_quality_floor,0.8125,0.8125,0.61125,0.56875,1.5373778690884663,32
overall__mean_stop_epoch,utility_quantile,minimum_quality_floor,0.8125,0.9375,0.61125,0.65625,2.231192672134002,32
overall__mean_stop_epoch,utility_quantile,minimum_quality_floor,0.9375,0.0625,0.70375,0.04375,-1.3626854264304376,32
overall__mean_stop_epoch,utility_quantile,minimum_quality_floor,0.9375,0.1875,0.70375,0.13124999999999998,-0.7838941392509993,32
overall__mean_stop_epoch,utility_quantile,minimum_quality_floor,0.9375,0.3125,0.70375,0.21875,-0.7687231443628777,32
overall__mean_stop_epoch,utility_quantile,minimum_quality_floor,0.9375,0.4375,0.70375,0.30624999999999997,-0.8097223859624876,32
overall__mean_stop_epoch,utility_quantile,minimum_quality_floor,0.9375,0.5625,0.70375,0.39375,-0.7736661445211643,32
overall__mean_stop_epoch,utility_quantile,minimum_quality_floor,0.9375,0.6875,0.70375,0.48124999999999996,0.9353787856563747,32
overall__mean_stop_epoch,utility_quantile,minimum_quality_floor,0.9375,0.8125,0.70375,0.56875,1.4582277514531548,32
overall__mean_stop_epoch,utility_quantile,minimum_quality_floor,0.9375,0.9375,0.70375,0.65625,2.105084703418429,32
