{
  "job_id": "17",
  "samples": 16,
  "duration_seconds": 3.672999858856201,
  "gpu_power_avg_w": 47.165625000000006,
  "gpu_power_max_w": 59.2,
  "gpu_util_avg_pct": 12.375,
  "gpu_mem_used_avg_mb": 925.0,
  "gpu_temp_avg_c": 48.875,
  "gpu_energy_kwh_integrated": 4.7663182663586406e-05,
  "gpu_energy_kwh_estimated": 4.81220372132957e-05,
  "gpu_energy_kwh": 4.81220372132957e-05,
  "training_energy_kwh": 4.81220372132957e-05,
  "estimated_electricity_cost_eur": 1.443661116398871e-05,
  "estimated_co2_kg": 1.9248814885318284e-05,
  "price_eur_kwh": 0.3,
  "co2_kg_kwh": 0.4,
  "pue_factor": 1.0
}