{
  "job_id": "15",
  "samples": 142,
  "duration_seconds": 31.107999801635742,
  "gpu_power_avg_w": 202.99880281690145,
  "gpu_power_max_w": 220.45,
  "gpu_util_avg_pct": 96.91549295774648,
  "gpu_mem_used_avg_mb": 3505.7676056338028,
  "gpu_temp_avg_c": 74.48591549295774,
  "gpu_energy_kwh_integrated": 0.0018549815822349663,
  "gpu_energy_kwh_estimated": 0.0017541351993779065,
  "gpu_energy_kwh": 0.0018549815822349663,
  "training_energy_kwh": 0.0018549815822349663,
  "estimated_electricity_cost_eur": 0.0005564944746704899,
  "estimated_co2_kg": 0.0007419926328939866,
  "price_eur_kwh": 0.3,
  "co2_kg_kwh": 0.4,
  "pue_factor": 1.0
}