{
  "job_id": "21",
  "samples": 143,
  "duration_seconds": 31.026000022888184,
  "gpu_power_avg_w": 202.27342657342658,
  "gpu_power_max_w": 219.88,
  "gpu_util_avg_pct": 97.78321678321679,
  "gpu_mem_used_avg_mb": 3934.5384615384614,
  "gpu_temp_avg_c": 74.64335664335664,
  "gpu_energy_kwh_integrated": 0.0018842477088812331,
  "gpu_energy_kwh_estimated": 0.0017432598159713346,
  "gpu_energy_kwh": 0.0018842477088812331,
  "training_energy_kwh": 0.0018842477088812331,
  "estimated_electricity_cost_eur": 0.0005652743126643699,
  "estimated_co2_kg": 0.0007536990835524933,
  "price_eur_kwh": 0.3,
  "co2_kg_kwh": 0.4,
  "pue_factor": 1.0
}