{
  "job_id": "22",
  "samples": 135,
  "duration_seconds": 31.633999824523926,
  "gpu_power_avg_w": 197.95562962962958,
  "gpu_power_max_w": 219.96,
  "gpu_util_avg_pct": 97.17037037037036,
  "gpu_mem_used_avg_mb": 5008.096296296297,
  "gpu_temp_avg_c": 74.70370370370371,
  "gpu_energy_kwh_integrated": 0.0017426187237077296,
  "gpu_energy_kwh_estimated": 0.0017394800980464514,
  "gpu_energy_kwh": 0.0017426187237077296,
  "training_energy_kwh": 0.0017426187237077296,
  "estimated_electricity_cost_eur": 0.0005227856171123188,
  "estimated_co2_kg": 0.0006970474894830919,
  "price_eur_kwh": 0.3,
  "co2_kg_kwh": 0.4,
  "pue_factor": 1.0
}