{
  "job_id": "16",
  "samples": 138,
  "duration_seconds": 31.05900001525879,
  "gpu_power_avg_w": 197.7075362318841,
  "gpu_power_max_w": 220.01,
  "gpu_util_avg_pct": 97.78260869565217,
  "gpu_mem_used_avg_mb": 3499.0289855072465,
  "gpu_temp_avg_c": 75.35507246376811,
  "gpu_energy_kwh_integrated": 0.0017605833120415606,
  "gpu_energy_kwh_estimated": 0.0017057217696785738,
  "gpu_energy_kwh": 0.0017605833120415606,
  "training_energy_kwh": 0.0017605833120415606,
  "estimated_electricity_cost_eur": 0.0005281749936124682,
  "estimated_co2_kg": 0.0007042333248166243,
  "price_eur_kwh": 0.3,
  "co2_kg_kwh": 0.4,
  "pue_factor": 1.0
}