{
  "job_id": "23",
  "samples": 132,
  "duration_seconds": 31.045000076293945,
  "gpu_power_avg_w": 186.77318181818188,
  "gpu_power_max_w": 219.6,
  "gpu_util_avg_pct": 97.54545454545455,
  "gpu_mem_used_avg_mb": 5328.621212121212,
  "gpu_temp_avg_c": 75.75757575757575,
  "gpu_energy_kwh_integrated": 0.0016115263130721123,
  "gpu_energy_kwh_estimated": 0.0016106592899430888,
  "gpu_energy_kwh": 0.0016115263130721123,
  "training_energy_kwh": 0.0016115263130721123,
  "estimated_electricity_cost_eur": 0.00048345789392163367,
  "estimated_co2_kg": 0.000644610525228845,
  "price_eur_kwh": 0.3,
  "co2_kg_kwh": 0.4,
  "pue_factor": 1.0
}