output,parameter_a,parameter_b,normalized_center_a,normalized_center_b,parameter_value_a,parameter_value_b,ale_interaction_effect,samples
overall__mean_energy_saving_fraction,min_epochs_floor,noise_multiplier,0.0625,0.0625,17,0.484375,-0.057897288085937686,16
overall__mean_energy_saving_fraction,min_epochs_floor,noise_multiplier,0.0625,0.1875,17,0.953125,-0.02880355031316533,16
overall__mean_energy_saving_fraction,min_epochs_floor,noise_multiplier,0.0625,0.3125,17,1.421875,-0.01969845156391687,16
overall__mean_energy_saving_fraction,min_epochs_floor,noise_multiplier,0.0625,0.4375,17,1.890625,-0.0013519852871194393,16
overall__mean_energy_saving_fraction,min_epochs_floor,noise_multiplier,0.0625,0.5625,17,2.359375,0.01856024779507233,16
overall__mean_energy_saving_fraction,min_epochs_floor,noise_multiplier,0.0625,0.6875,17,2.828125,0.027646501789294176,16
overall__mean_energy_saving_fraction,min_epochs_floor,noise_multiplier,0.0625,0.8125,17,3.296875,0.029903818953931877,16
overall__mean_energy_saving_fraction,min_epochs_floor,noise_multiplier,0.0625,0.9375,17,3.765625,0.03164070671184087,16
overall__mean_energy_saving_fraction,min_epochs_floor,noise_multiplier,0.1875,0.0625,28,0.484375,-0.05843924397025041,16
overall__mean_energy_saving_fraction,min_epochs_floor,noise_multiplier,0.1875,0.1875,28,0.953125,-0.02827406818307747,16
overall__mean_energy_saving_fraction,min_epochs_floor,noise_multiplier,0.1875,0.3125,28,1.421875,-0.015777321190046927,16
overall__mean_energy_saving_fraction,min_epochs_floor,noise_multiplier,0.1875,0.4375,28,1.890625,0.0023546823982969756,16
overall__mean_energy_saving_fraction,min_epochs_floor,noise_multiplier,0.1875,0.5625,28,2.359375,0.017602168939354845,16
overall__mean_energy_saving_fraction,min_epochs_floor,noise_multiplier,0.1875,0.6875,28,2.828125,0.025174366096805956,16
overall__mean_energy_saving_fraction,min_epochs_floor,noise_multiplier,0.1875,0.8125,28,3.296875,0.02778278685497608,16
overall__mean_energy_saving_fraction,min_epochs_floor,noise_multiplier,0.1875,0.9375,28,3.765625,0.029576629053940873,16
overall__mean_energy_saving_fraction,min_epochs_floor,noise_multiplier,0.3125,0.0625,39,0.484375,-0.04691860986687749,16
overall__mean_energy_saving_fraction,min_epochs_floor,noise_multiplier,0.3125,0.1875,39,0.953125,-0.02644273458358709,16
overall__mean_energy_saving_fraction,min_epochs_floor,noise_multiplier,0.3125,0.3125,39,1.421875,-0.007858289579723808,16
overall__mean_energy_saving_fraction,min_epochs_floor,noise_multiplier,0.3125,0.4375,39,1.890625,0.00537665695125418,16
overall__mean_energy_saving_fraction,min_epochs_floor,noise_multiplier,0.3125,0.5625,39,2.359375,0.01575467378566875,16
overall__mean_energy_saving_fraction,min_epochs_floor,noise_multiplier,0.3125,0.6875,39,2.828125,0.01944264102939329,16
overall__mean_energy_saving_fraction,min_epochs_floor,noise_multiplier,0.3125,0.8125,39,3.296875,0.02014186061456212,16
overall__mean_energy_saving_fraction,min_epochs_floor,noise_multiplier,0.3125,0.9375,39,3.765625,0.020503801649310024,16
overall__mean_energy_saving_fraction,min_epochs_floor,noise_multiplier,0.4375,0.0625,49,0.484375,-0.019175416579324853,16
overall__mean_energy_saving_fraction,min_epochs_floor,noise_multiplier,0.4375,0.1875,49,0.953125,-0.012837253063241141,16
overall__mean_energy_saving_fraction,min_epochs_floor,noise_multiplier,0.4375,0.3125,49,1.421875,0.0017201030597580186,16
overall__mean_energy_saving_fraction,min_epochs_floor,noise_multiplier,0.4375,0.4375,49,1.890625,0.008405096310999977,16
overall__mean_energy_saving_fraction,min_epochs_floor,noise_multiplier,0.4375,0.5625,49,2.359375,0.007050374873510942,16
overall__mean_energy_saving_fraction,min_epochs_floor,noise_multiplier,0.4375,0.6875,49,2.828125,0.005393114906167326,16
overall__mean_energy_saving_fraction,min_epochs_floor,noise_multiplier,0.4375,0.8125,49,3.296875,0.004885350940076055,16
overall__mean_energy_saving_fraction,min_epochs_floor,noise_multiplier,0.4375,0.9375,49,3.765625,0.0045586295520536335,16
overall__mean_energy_saving_fraction,min_epochs_floor,noise_multiplier,0.5625,0.0625,60,0.484375,0.017715702910192963,16
overall__mean_energy_saving_fraction,min_epochs_floor,noise_multiplier,0.5625,0.1875,60,0.953125,0.007820633774694927,16
overall__mean_energy_saving_fraction,min_epochs_floor,noise_multiplier,0.5625,0.3125,60,1.421875,0.008282991478287288,16
overall__mean_energy_saving_fraction,min_epochs_floor,noise_multiplier,0.5625,0.4375,60,1.890625,0.0015235678859116947,16
overall__mean_energy_saving_fraction,min_epochs_floor,noise_multiplier,0.5625,0.5625,60,2.359375,-0.005962875198385939,16
overall__mean_energy_saving_fraction,min_epochs_floor,noise_multiplier,0.5625,0.6875,60,2.828125,-0.008578691329580751,16
overall__mean_energy_saving_fraction,min_epochs_floor,noise_multiplier,0.5625,0.8125,60,3.296875,-0.01010070474238109,16
overall__mean_energy_saving_fraction,min_epochs_floor,noise_multiplier,0.5625,0.9375,60,3.765625,-0.010700624778739162,16
overall__mean_energy_saving_fraction,min_epochs_floor,noise_multiplier,0.6875,0.0625,70,0.484375,0.03955997206569599,16
overall__mean_energy_saving_fraction,min_epochs_floor,noise_multiplier,0.6875,0.1875,70,0.953125,0.02128436336774832,16
overall__mean_energy_saving_fraction,min_epochs_floor,noise_multiplier,0.6875,0.3125,70,1.421875,0.012188364399619567,16
overall__mean_energy_saving_fraction,min_epochs_floor,noise_multiplier,0.6875,0.4375,70,1.890625,-0.002896648723640975,16
overall__mean_energy_saving_fraction,min_epochs_floor,noise_multiplier,0.6875,0.5625,70,2.359375,-0.014210656155627097,16
overall__mean_energy_saving_fraction,min_epochs_floor,noise_multiplier,0.6875,0.6875,70,2.828125,-0.018328069285903748,16
overall__mean_energy_saving_fraction,min_epochs_floor,noise_multiplier,0.6875,0.8125,70,3.296875,-0.018475701003168518,16
overall__mean_energy_saving_fraction,min_epochs_floor,noise_multiplier,0.6875,0.9375,70,3.765625,-0.019121624664723544,16
overall__mean_energy_saving_fraction,min_epochs_floor,noise_multiplier,0.8125,0.0625,81,0.484375,0.05914388229126362,16
overall__mean_energy_saving_fraction,min_epochs_floor,noise_multiplier,0.8125,0.1875,81,0.953125,0.031245301063095365,16
overall__mean_energy_saving_fraction,min_epochs_floor,noise_multiplier,0.8125,0.3125,81,1.421875,0.009783570749827608,16
overall__mean_energy_saving_fraction,min_epochs_floor,noise_multiplier,0.8125,0.4375,81,1.890625,-0.006183666348277557,16
overall__mean_energy_saving_fraction,min_epochs_floor,noise_multiplier,0.8125,0.5625,81,2.359375,-0.018353818398050767,16
overall__mean_energy_saving_fraction,min_epochs_floor,noise_multiplier,0.8125,0.6875,81,2.828125,-0.023687004957957142,16
overall__mean_energy_saving_fraction,min_epochs_floor,noise_multiplier,0.8125,0.8125,81,3.296875,-0.02543540651951938,16
overall__mean_energy_saving_fraction,min_epochs_floor,noise_multiplier,0.8125,0.9375,81,3.765625,-0.026512857880381865,16
overall__mean_energy_saving_fraction,min_epochs_floor,noise_multiplier,0.9375,0.0625,92,0.484375,0.06601100123523786,16
overall__mean_energy_saving_fraction,min_epochs_floor,noise_multiplier,0.9375,0.1875,92,0.953125,0.03600730793753237,16
overall__mean_energy_saving_fraction,min_epochs_floor,noise_multiplier,0.9375,0.3125,92,1.421875,0.011359032646195089,16
overall__mean_energy_saving_fraction,min_epochs_floor,noise_multiplier,0.9375,0.4375,92,1.890625,-0.00722770318742489,16
overall__mean_energy_saving_fraction,min_epochs_floor,noise_multiplier,0.9375,0.5625,92,2.359375,-0.020440115641543008,16
overall__mean_energy_saving_fraction,min_epochs_floor,noise_multiplier,0.9375,0.6875,92,2.828125,-0.027062858248219218,16
overall__mean_energy_saving_fraction,min_epochs_floor,noise_multiplier,0.9375,0.8125,92,3.296875,-0.02870200509847727,16
overall__mean_energy_saving_fraction,min_epochs_floor,noise_multiplier,0.9375,0.9375,92,3.765625,-0.02994465964330091,16
overall__mean_energy_saving_fraction,noise_multiplier,utility_quantile,0.0625,0.0625,0.484375,0.05625,0.06156573006274074,16
overall__mean_energy_saving_fraction,noise_multiplier,utility_quantile,0.0625,0.1875,0.484375,0.14875,0.02067825666096354,16
overall__mean_energy_saving_fraction,noise_multiplier,utility_quantile,0.0625,0.3125,0.484375,0.24125000000000002,0.0033530479241721534,16
overall__mean_energy_saving_fraction,noise_multiplier,utility_quantile,0.0625,0.4375,0.484375,0.33375,-0.010386254498823744,16
overall__mean_energy_saving_fraction,noise_multiplier,utility_quantile,0.0625,0.5625,0.484375,0.42625,-0.01671399571694908,16
overall__mean_energy_saving_fraction,noise_multiplier,utility_quantile,0.0625,0.6875,0.484375,0.51875,-0.01977292564066463,16
overall__mean_energy_saving_fraction,noise_multiplier,utility_quantile,0.0625,0.8125,0.484375,0.61125,-0.020007065683730854,16
overall__mean_energy_saving_fraction,noise_multiplier,utility_quantile,0.0625,0.9375,0.484375,0.70375,-0.018716793107708116,16
overall__mean_energy_saving_fraction,noise_multiplier,utility_quantile,0.1875,0.0625,0.953125,0.05625,0.03502543331660771,16
overall__mean_energy_saving_fraction,noise_multiplier,utility_quantile,0.1875,0.1875,0.953125,0.14875,0.011623982327141194,16
overall__mean_energy_saving_fraction,noise_multiplier,utility_quantile,0.1875,0.3125,0.953125,0.24125000000000002,0.004954608507586444,16
overall__mean_energy_saving_fraction,noise_multiplier,utility_quantile,0.1875,0.4375,0.953125,0.33375,-0.003506941369769062,16
overall__mean_energy_saving_fraction,noise_multiplier,utility_quantile,0.1875,0.5625,0.953125,0.42625,-0.00973738192710466,16
overall__mean_energy_saving_fraction,noise_multiplier,utility_quantile,0.1875,0.6875,0.953125,0.51875,-0.011986662317763214,16
overall__mean_energy_saving_fraction,noise_multiplier,utility_quantile,0.1875,0.8125,0.953125,0.61125,-0.01313808638901684,16
overall__mean_energy_saving_fraction,noise_multiplier,utility_quantile,0.1875,0.9375,0.953125,0.70375,-0.013234952147681597,16
overall__mean_energy_saving_fraction,noise_multiplier,utility_quantile,0.3125,0.0625,1.421875,0.05625,0.010262139337395115,16
overall__mean_energy_saving_fraction,noise_multiplier,utility_quantile,0.3125,0.1875,1.421875,0.14875,0.0018173093570046095,16
overall__mean_energy_saving_fraction,noise_multiplier,utility_quantile,0.3125,0.3125,1.421875,0.24125000000000002,0.0010072237862955857,16
overall__mean_energy_saving_fraction,noise_multiplier,utility_quantile,0.3125,0.4375,1.421875,0.33375,-0.000746383151511168,16
overall__mean_energy_saving_fraction,noise_multiplier,utility_quantile,0.3125,0.5625,1.421875,0.42625,-0.0036915263965635325,16
overall__mean_energy_saving_fraction,noise_multiplier,utility_quantile,0.3125,0.6875,1.421875,0.51875,-0.002172152654834447,16
overall__mean_energy_saving_fraction,noise_multiplier,utility_quantile,0.3125,0.8125,1.421875,0.61125,-0.0031326313635196,16
overall__mean_energy_saving_fraction,noise_multiplier,utility_quantile,0.3125,0.9375,1.421875,0.70375,-0.003343978914266507,16
overall__mean_energy_saving_fraction,noise_multiplier,utility_quantile,0.4375,0.0625,1.890625,0.05625,-0.00703669811052797,16
overall__mean_energy_saving_fraction,noise_multiplier,utility_quantile,0.4375,0.1875,1.890625,0.14875,-0.005074268833785228,16
overall__mean_energy_saving_fraction,noise_multiplier,utility_quantile,0.4375,0.3125,1.890625,0.24125000000000002,-0.001001109641302747,16
overall__mean_energy_saving_fraction,noise_multiplier,utility_quantile,0.4375,0.4375,1.890625,0.33375,0.0033889660047140835,16
overall__mean_energy_saving_fraction,noise_multiplier,utility_quantile,0.4375,0.5625,1.890625,0.42625,0.0022606552622897597,16
overall__mean_energy_saving_fraction,noise_multiplier,utility_quantile,0.4375,0.6875,1.890625,0.51875,0.00252827080497435,16
overall__mean_energy_saving_fraction,noise_multiplier,utility_quantile,0.4375,0.8125,1.890625,0.61125,0.0023172617630814463,16
overall__mean_energy_saving_fraction,noise_multiplier,utility_quantile,0.4375,0.9375,1.890625,0.70375,0.002616922750556319,16
overall__mean_energy_saving_fraction,noise_multiplier,utility_quantile,0.5625,0.0625,2.359375,0.05625,-0.02017878867479568,16
overall__mean_energy_saving_fraction,noise_multiplier,utility_quantile,0.5625,0.1875,2.359375,0.14875,-0.006683791456144186,16
overall__mean_energy_saving_fraction,noise_multiplier,utility_quantile,0.5625,0.3125,2.359375,0.24125000000000002,-0.001412311364483665,16
overall__mean_energy_saving_fraction,noise_multiplier,utility_quantile,0.5625,0.4375,2.359375,0.33375,0.0026818043192705227,16
overall__mean_energy_saving_fraction,noise_multiplier,utility_quantile,0.5625,0.5625,2.359375,0.42625,0.005593567795975626,16
overall__mean_energy_saving_fraction,noise_multiplier,utility_quantile,0.5625,0.6875,2.359375,0.51875,0.006496469936700389,16
overall__mean_energy_saving_fraction,noise_multiplier,utility_quantile,0.5625,0.8125,2.359375,0.61125,0.006773435700394043,16
overall__mean_energy_saving_fraction,noise_multiplier,utility_quantile,0.5625,0.9375,2.359375,0.70375,0.006729613743082993,16
overall__mean_energy_saving_fraction,noise_multiplier,utility_quantile,0.6875,0.0625,2.828125,0.05625,-0.02692357406522214,16
overall__mean_energy_saving_fraction,noise_multiplier,utility_quantile,0.6875,0.1875,2.828125,0.14875,-0.008776098661495327,16
overall__mean_energy_saving_fraction,noise_multiplier,utility_quantile,0.6875,0.3125,2.828125,0.24125000000000002,-0.0032363191096802524,16
overall__mean_energy_saving_fraction,noise_multiplier,utility_quantile,0.6875,0.4375,2.828125,0.33375,0.003146900297777269,16
overall__mean_energy_saving_fraction,noise_multiplier,utility_quantile,0.6875,0.5625,2.828125,0.42625,0.007977445326235774,16
overall__mean_energy_saving_fraction,noise_multiplier,utility_quantile,0.6875,0.6875,2.828125,0.51875,0.008787211909482923,16
overall__mean_energy_saving_fraction,noise_multiplier,utility_quantile,0.6875,0.8125,2.828125,0.61125,0.009672581672980712,16
overall__mean_energy_saving_fraction,noise_multiplier,utility_quantile,0.6875,0.9375,2.828125,0.70375,0.00935185262992104,16
overall__mean_energy_saving_fraction,noise_multiplier,utility_quantile,0.8125,0.0625,3.296875,0.05625,-0.02734341536725167,16
overall__mean_energy_saving_fraction,noise_multiplier,utility_quantile,0.8125,0.1875,3.296875,0.14875,-0.007389665664313053,16
overall__mean_energy_saving_fraction,noise_multiplier,utility_quantile,0.8125,0.3125,3.296875,0.24125000000000002,-0.0022317014082351427,16
overall__mean_energy_saving_fraction,noise_multiplier,utility_quantile,0.8125,0.4375,3.296875,0.33375,0.0030047199860247092,16
overall__mean_energy_saving_fraction,noise_multiplier,utility_quantile,0.8125,0.5625,3.296875,0.42625,0.007624863115872169,16
overall__mean_energy_saving_fraction,noise_multiplier,utility_quantile,0.8125,0.6875,3.296875,0.51875,0.008500146617229531,16
overall__mean_energy_saving_fraction,noise_multiplier,utility_quantile,0.8125,0.8125,3.296875,0.61125,0.009151429479487827,16
overall__mean_energy_saving_fraction,noise_multiplier,utility_quantile,0.8125,0.9375,3.296875,0.70375,0.008683623241185615,16
overall__mean_energy_saving_fraction,noise_multiplier,utility_quantile,0.9375,0.0625,3.765625,0.05625,-0.025370826498946106,16
overall__mean_energy_saving_fraction,noise_multiplier,utility_quantile,0.9375,0.1875,3.765625,0.14875,-0.006195723729371536,16
overall__mean_energy_saving_fraction,noise_multiplier,utility_quantile,0.9375,0.3125,3.765625,0.24125000000000002,-0.0014334386943523764,16
overall__mean_energy_saving_fraction,noise_multiplier,utility_quantile,0.9375,0.4375,3.765625,0.33375,0.0024171884123173892,16
overall__mean_energy_saving_fraction,noise_multiplier,utility_quantile,0.9375,0.5625,3.765625,0.42625,0.006686372540243998,16
overall__mean_energy_saving_fraction,noise_multiplier,utility_quantile,0.9375,0.6875,3.765625,0.51875,0.007619641344875111,16
overall__mean_energy_saving_fraction,noise_multiplier,utility_quantile,0.9375,0.8125,3.765625,0.61125,0.008363074820323252,16
overall__mean_energy_saving_fraction,noise_multiplier,utility_quantile,0.9375,0.9375,3.765625,0.70375,0.007913711804910281,16
overall__mean_energy_saving_fraction,min_epochs_floor,utility_quantile,0.0625,0.0625,17,0.05625,-0.053173549785715785,16
overall__mean_energy_saving_fraction,min_epochs_floor,utility_quantile,0.0625,0.1875,17,0.14875,-0.012503079494371606,16
overall__mean_energy_saving_fraction,min_epochs_floor,utility_quantile,0.0625,0.3125,17,0.24125000000000002,0.004936523992072367,16
overall__mean_energy_saving_fraction,min_epochs_floor,utility_quantile,0.0625,0.4375,17,0.33375,0.009200959747243512,16
overall__mean_energy_saving_fraction,min_epochs_floor,utility_quantile,0.0625,0.5625,17,0.42625,0.01249835122269509,16
overall__mean_energy_saving_fraction,min_epochs_floor,utility_quantile,0.0625,0.6875,17,0.51875,0.01413217974681237,16
overall__mean_energy_saving_fraction,min_epochs_floor,utility_quantile,0.0625,0.8125,17,0.61125,0.012758699998460674,16
overall__mean_energy_saving_fraction,min_epochs_floor,utility_quantile,0.0625,0.9375,17,0.70375,0.012149914572803386,16
overall__mean_energy_saving_fraction,min_epochs_floor,utility_quantile,0.1875,0.0625,28,0.05625,-0.05487658567789425,16
overall__mean_energy_saving_fraction,min_epochs_floor,utility_quantile,0.1875,0.1875,28,0.14875,-0.012693926613337535,16
overall__mean_energy_saving_fraction,min_epochs_floor,utility_quantile,0.1875,0.3125,28,0.24125000000000002,0.003305610558738556,16
overall__mean_energy_saving_fraction,min_epochs_floor,utility_quantile,0.1875,0.4375,28,0.33375,0.007954851885856429,16
overall__mean_energy_saving_fraction,min_epochs_floor,utility_quantile,0.1875,0.5625,28,0.42625,0.01300332194645372,16
overall__mean_energy_saving_fraction,min_epochs_floor,utility_quantile,0.1875,0.6875,28,0.51875,0.015701145316274548,16
overall__mean_energy_saving_fraction,min_epochs_floor,utility_quantile,0.1875,0.8125,28,0.61125,0.01410652159271579,16
overall__mean_energy_saving_fraction,min_epochs_floor,utility_quantile,0.1875,0.9375,28,0.70375,0.013499060991192774,16
overall__mean_energy_saving_fraction,min_epochs_floor,utility_quantile,0.3125,0.0625,39,0.05625,-0.04668628134998689,16
overall__mean_energy_saving_fraction,min_epochs_floor,utility_quantile,0.3125,0.1875,39,0.14875,-0.0140804908277362,16
overall__mean_energy_saving_fraction,min_epochs_floor,utility_quantile,0.3125,0.3125,39,0.24125000000000002,-0.00295665346515029,16
overall__mean_energy_saving_fraction,min_epochs_floor,utility_quantile,0.3125,0.4375,39,0.33375,0.006073143157099226,16
overall__mean_energy_saving_fraction,min_epochs_floor,utility_quantile,0.3125,0.5625,39,0.42625,0.013152815639590004,16
overall__mean_energy_saving_fraction,min_epochs_floor,utility_quantile,0.3125,0.6875,39,0.51875,0.016180521617286003,16
overall__mean_energy_saving_fraction,min_epochs_floor,utility_quantile,0.3125,0.8125,39,0.61125,0.01454726526802863,16
overall__mean_energy_saving_fraction,min_epochs_floor,utility_quantile,0.3125,0.9375,39,0.70375,0.013769679960869557,16
overall__mean_energy_saving_fraction,min_epochs_floor,utility_quantile,0.4375,0.0625,49,0.05625,-0.019704447821132176,16
overall__mean_energy_saving_fraction,min_epochs_floor,utility_quantile,0.4375,0.1875,49,0.14875,-0.014170465100901204,16
overall__mean_energy_saving_fraction,min_epochs_floor,utility_quantile,0.4375,0.3125,49,0.24125000000000002,-0.004370366268973594,16
overall__mean_energy_saving_fraction,min_epochs_floor,utility_quantile,0.4375,0.4375,49,0.33375,0.00554405767000804,16
overall__mean_energy_saving_fraction,min_epochs_floor,utility_quantile,0.4375,0.5625,49,0.42625,0.007932262232102152,16
overall__mean_energy_saving_fraction,min_epochs_floor,utility_quantile,0.4375,0.6875,49,0.51875,0.007649185224064908,16
overall__mean_energy_saving_fraction,min_epochs_floor,utility_quantile,0.4375,0.8125,49,0.61125,0.008652312145978891,16
overall__mean_energy_saving_fraction,min_epochs_floor,utility_quantile,0.4375,0.9375,49,0.70375,0.008467461918853017,16
overall__mean_energy_saving_fraction,min_epochs_floor,utility_quantile,0.5625,0.0625,60,0.05625,0.01714935878757154,16
overall__mean_energy_saving_fraction,min_epochs_floor,utility_quantile,0.5625,0.1875,60,0.14875,0.004175070154150709,16
overall__mean_energy_saving_fraction,min_epochs_floor,utility_quantile,0.5625,0.3125,60,0.24125000000000002,-0.004280806801178941,16
overall__mean_energy_saving_fraction,min_epochs_floor,utility_quantile,0.5625,0.4375,60,0.33375,-0.007179640374342183,16
overall__mean_energy_saving_fraction,min_epochs_floor,utility_quantile,0.5625,0.5625,60,0.42625,-0.005085689023804435,16
overall__mean_energy_saving_fraction,min_epochs_floor,utility_quantile,0.5625,0.6875,60,0.51875,-0.00500899105552198,16
overall__mean_energy_saving_fraction,min_epochs_floor,utility_quantile,0.5625,0.8125,60,0.61125,-0.0007774479247028565,16
overall__mean_energy_saving_fraction,min_epochs_floor,utility_quantile,0.5625,0.9375,60,0.70375,0.0010081462378281753,16
overall__mean_energy_saving_fraction,min_epochs_floor,utility_quantile,0.6875,0.0625,70,0.05625,0.037627675405761674,16
overall__mean_energy_saving_fraction,min_epochs_floor,utility_quantile,0.6875,0.1875,70,0.14875,0.008921811810771701,16
overall__mean_energy_saving_fraction,min_epochs_floor,utility_quantile,0.6875,0.3125,70,0.24125000000000002,-0.0020155972904018077,16
overall__mean_energy_saving_fraction,min_epochs_floor,utility_quantile,0.6875,0.4375,70,0.33375,-0.007177905629670661,16
overall__mean_energy_saving_fraction,min_epochs_floor,utility_quantile,0.6875,0.5625,70,0.42625,-0.010899205481860089,16
overall__mean_energy_saving_fraction,min_epochs_floor,utility_quantile,0.6875,0.6875,70,0.51875,-0.01039907902053483,16
overall__mean_energy_saving_fraction,min_epochs_floor,utility_quantile,0.6875,0.8125,70,0.61125,-0.00877302099473741,16
overall__mean_energy_saving_fraction,min_epochs_floor,utility_quantile,0.6875,0.9375,70,0.70375,-0.007284678799328523,16
overall__mean_energy_saving_fraction,min_epochs_floor,utility_quantile,0.8125,0.0625,81,0.05625,0.055676214727760964,16
overall__mean_energy_saving_fraction,min_epochs_floor,utility_quantile,0.8125,0.1875,81,0.14875,0.017213023696285162,16
overall__mean_energy_saving_fraction,min_epochs_floor,utility_quantile,0.8125,0.3125,81,0.24125000000000002,0.0019248752481895726,16
overall__mean_energy_saving_fraction,min_epochs_floor,utility_quantile,0.8125,0.4375,81,0.33375,-0.007100057586524544,16
overall__mean_energy_saving_fraction,min_epochs_floor,utility_quantile,0.8125,0.5625,81,0.42625,-0.014165662293234113,16
overall__mean_energy_saving_fraction,min_epochs_floor,utility_quantile,0.8125,0.6875,81,0.51875,-0.01699775881292026,16
overall__mean_energy_saving_fraction,min_epochs_floor,utility_quantile,0.8125,0.8125,81,0.61125,-0.018006979794366065,16
overall__mean_energy_saving_fraction,min_epochs_floor,utility_quantile,0.8125,0.9375,81,0.70375,-0.0185436551851908,16
overall__mean_energy_saving_fraction,min_epochs_floor,utility_quantile,0.9375,0.0625,92,0.05625,0.06398761571363493,16
overall__mean_energy_saving_fraction,min_epochs_floor,utility_quantile,0.9375,0.1875,92,0.14875,0.023138056375138993,16
overall__mean_energy_saving_fraction,min_epochs_floor,utility_quantile,0.9375,0.3125,92,0.24125000000000002,0.0034564140267041854,16
overall__mean_energy_saving_fraction,min_epochs_floor,utility_quantile,0.9375,0.4375,92,0.33375,-0.007315408869669748,16
overall__mean_energy_saving_fraction,min_epochs_floor,utility_quantile,0.9375,0.5625,92,0.42625,-0.016436194241942273,16
overall__mean_energy_saving_fraction,min_epochs_floor,utility_quantile,0.9375,0.6875,92,0.51875,-0.02125720301546069,16
overall__mean_energy_saving_fraction,min_epochs_floor,utility_quantile,0.9375,0.8125,92,0.61125,-0.02250735029137764,16
overall__mean_energy_saving_fraction,min_epochs_floor,utility_quantile,0.9375,0.9375,92,0.70375,-0.023065929697027587,16
overall__mean_energy_saving_fraction,min_epochs_floor,min_meaningful_gain,0.0625,0.0625,17,1.702886197051996e-06,0.0006773404719657833,16
overall__mean_energy_saving_fraction,min_epochs_floor,min_meaningful_gain,0.0625,0.1875,17,4.938065836163674e-06,0.00025386428100475714,16
overall__mean_energy_saving_fraction,min_epochs_floor,min_meaningful_gain,0.0625,0.3125,17,1.431950898686055e-05,-0.00029881955289930617,16
overall__mean_energy_saving_fraction,min_epochs_floor,min_meaningful_gain,0.0625,0.4375,17,4.1524018599168725e-05,-0.0006676312346418251,16
overall__mean_energy_saving_fraction,min_epochs_floor,min_meaningful_gain,0.0625,0.5625,17,0.00012041223775244372,-6.896890693393592e-05,16
overall__mean_energy_saving_fraction,min_epochs_floor,min_meaningful_gain,0.0625,0.6875,17,0.0003491739838696951,6.446571167115353e-06,16
overall__mean_energy_saving_fraction,min_epochs_floor,min_meaningful_gain,0.0625,0.8125,17,0.0010125421907870799,0.0001743381329780227,16
overall__mean_energy_saving_fraction,min_epochs_floor,min_meaningful_gain,0.0625,0.9375,17,0.002936191513358849,-7.656976264061198e-05,16
overall__mean_energy_saving_fraction,min_epochs_floor,min_meaningful_gain,0.1875,0.0625,28,1.702886197051996e-06,0.0006866375248552265,16
overall__mean_energy_saving_fraction,min_epochs_floor,min_meaningful_gain,0.1875,0.1875,28,4.938065836163674e-06,-1.2670233344573047e-06,16
overall__mean_energy_saving_fraction,min_epochs_floor,min_meaningful_gain,0.1875,0.3125,28,1.431950898686055e-05,-0.0005200190390396373,16
overall__mean_energy_saving_fraction,min_epochs_floor,min_meaningful_gain,0.1875,0.4375,28,4.1524018599168725e-05,-0.0006081497268680594,16
overall__mean_energy_saving_fraction,min_epochs_floor,min_meaningful_gain,0.1875,0.5625,28,0.00012041223775244372,-0.00010331792588162182,16
overall__mean_energy_saving_fraction,min_epochs_floor,min_meaningful_gain,0.1875,0.6875,28,0.0003491739838696951,-6.548920164720703e-05,16
overall__mean_energy_saving_fraction,min_epochs_floor,min_meaningful_gain,0.1875,0.8125,28,0.0010125421907870799,0.00041837775854149215,16
overall__mean_energy_saving_fraction,min_epochs_floor,min_meaningful_gain,0.1875,0.9375,28,0.002936191513358849,0.00019322763337426398,16
overall__mean_energy_saving_fraction,min_epochs_floor,min_meaningful_gain,0.3125,0.0625,39,1.702886197051996e-06,0.0006467625102170541,16
overall__mean_energy_saving_fraction,min_epochs_floor,min_meaningful_gain,0.3125,0.1875,39,4.938065836163674e-06,-8.831991185549194e-05,16
overall__mean_energy_saving_fraction,min_epochs_floor,min_meaningful_gain,0.3125,0.3125,39,1.431950898686055e-05,-0.0005584884751437777,16
overall__mean_energy_saving_fraction,min_epochs_floor,min_meaningful_gain,0.3125,0.4375,39,4.1524018599168725e-05,-0.0004984071669473872,16
overall__mean_energy_saving_fraction,min_epochs_floor,min_meaningful_gain,0.3125,0.5625,39,0.00012041223775244372,-0.00015017202905095225,16
overall__mean_energy_saving_fraction,min_epochs_floor,min_meaningful_gain,0.3125,0.6875,39,0.0003491739838696951,3.481585870105785e-05,16
overall__mean_energy_saving_fraction,min_epochs_floor,min_meaningful_gain,0.3125,0.8125,39,0.0010125421907870799,0.00028673061559018225,16
overall__mean_energy_saving_fraction,min_epochs_floor,min_meaningful_gain,0.3125,0.9375,39,0.002936191513358849,0.00032707859848931433,16
overall__mean_energy_saving_fraction,min_epochs_floor,min_meaningful_gain,0.4375,0.0625,49,1.702886197051996e-06,-0.0005555184600200238,16
overall__mean_energy_saving_fraction,min_epochs_floor,min_meaningful_gain,0.4375,0.1875,49,4.938065836163674e-06,-8.709201310300673e-05,16
overall__mean_energy_saving_fraction,min_epochs_floor,min_meaningful_gain,0.4375,0.3125,49,1.431950898686055e-05,-0.00012166901997058023,16
overall__mean_energy_saving_fraction,min_epochs_floor,min_meaningful_gain,0.4375,0.4375,49,4.1524018599168725e-05,0.0002968147951435573,16
overall__mean_energy_saving_fraction,min_epochs_floor,min_meaningful_gain,0.4375,0.5625,49,0.00012041223775244372,-2.634679298403771e-05,16
overall__mean_energy_saving_fraction,min_epochs_floor,min_meaningful_gain,0.4375,0.6875,49,0.0003491739838696951,0.00025353727228659287,16
overall__mean_energy_saving_fraction,min_epochs_floor,min_meaningful_gain,0.4375,0.8125,49,0.0010125421907870799,8.296746896492785e-05,16
overall__mean_energy_saving_fraction,min_epochs_floor,min_meaningful_gain,0.4375,0.9375,49,0.002936191513358849,0.00015730674968256902,16
overall__mean_energy_saving_fraction,min_epochs_floor,min_meaningful_gain,0.5625,0.0625,60,1.702886197051996e-06,-0.0001343623954199422,16
overall__mean_energy_saving_fraction,min_epochs_floor,min_meaningful_gain,0.5625,0.1875,60,4.938065836163674e-06,0.0002618450354063428,16
overall__mean_energy_saving_fraction,min_epochs_floor,min_meaningful_gain,0.5625,0.3125,60,1.431950898686055e-05,0.0005191259305586633,16
overall__mean_energy_saving_fraction,min_epochs_floor,min_meaningful_gain,0.5625,0.4375,60,4.1524018599168725e-05,0.00050137744649708,16
overall__mean_energy_saving_fraction,min_epochs_floor,min_meaningful_gain,0.5625,0.5625,60,0.00012041223775244372,8.659517773852829e-05,16
overall__mean_energy_saving_fraction,min_epochs_floor,min_meaningful_gain,0.5625,0.6875,60,0.0003491739838696951,-4.545797435758295e-05,16
overall__mean_energy_saving_fraction,min_epochs_floor,min_meaningful_gain,0.5625,0.8125,60,0.0010125421907870799,-0.0005697724305734258,16
overall__mean_energy_saving_fraction,min_epochs_floor,min_meaningful_gain,0.5625,0.9375,60,0.002936191513358849,-0.0006193507898496641,16
overall__mean_energy_saving_fraction,min_epochs_floor,min_meaningful_gain,0.6875,0.0625,70,1.702886197051996e-06,-0.0005075244160463007,16
overall__mean_energy_saving_fraction,min_epochs_floor,min_meaningful_gain,0.6875,0.1875,70,4.938065836163674e-06,-9.249606565270318e-05,16
overall__mean_energy_saving_fraction,min_epochs_floor,min_meaningful_gain,0.6875,0.3125,70,1.431950898686055e-05,0.00039620251244984115,16
overall__mean_energy_saving_fraction,min_epochs_floor,min_meaningful_gain,0.6875,0.4375,70,4.1524018599168725e-05,0.0005090418929368179,16
overall__mean_energy_saving_fraction,min_epochs_floor,min_meaningful_gain,0.6875,0.5625,70,0.00012041223775244372,0.00016261279537555754,16
overall__mean_energy_saving_fraction,min_epochs_floor,min_meaningful_gain,0.6875,0.6875,70,0.0003491739838696951,4.2387531109398715e-05,16
overall__mean_energy_saving_fraction,min_epochs_floor,min_meaningful_gain,0.6875,0.8125,70,0.0010125421907870799,-0.0002134608763980498,16
overall__mean_energy_saving_fraction,min_epochs_floor,min_meaningful_gain,0.6875,0.9375,70,0.002936191513358849,-0.0002967633737745618,16
overall__mean_energy_saving_fraction,min_epochs_floor,min_meaningful_gain,0.8125,0.0625,81,1.702886197051996e-06,-0.00041015745080185924,16
overall__mean_energy_saving_fraction,min_epochs_floor,min_meaningful_gain,0.8125,0.1875,81,4.938065836163674e-06,-0.0001334212973479065,16
overall__mean_energy_saving_fraction,min_epochs_floor,min_meaningful_gain,0.8125,0.3125,81,1.431950898686055e-05,0.00023825496419929866,16
overall__mean_energy_saving_fraction,min_epochs_floor,min_meaningful_gain,0.8125,0.4375,81,4.1524018599168725e-05,0.00016673495581058225,16
overall__mean_energy_saving_fraction,min_epochs_floor,min_meaningful_gain,0.8125,0.5625,81,0.00012041223775244372,-7.182767300556751e-07,16
overall__mean_energy_saving_fraction,min_epochs_floor,min_meaningful_gain,0.8125,0.6875,81,0.0003491739838696951,-0.00014146004096838942,16
overall__mean_energy_saving_fraction,min_epochs_floor,min_meaningful_gain,0.8125,0.8125,81,0.0010125421907870799,-7.034776484309815e-05,16
overall__mean_energy_saving_fraction,min_epochs_floor,min_meaningful_gain,0.8125,0.9375,81,0.002936191513358849,0.00035111491068142776,16
overall__mean_energy_saving_fraction,min_epochs_floor,min_meaningful_gain,0.9375,0.0625,92,1.702886197051996e-06,-0.00040317778474993876,16
overall__mean_energy_saving_fraction,min_epochs_floor,min_meaningful_gain,0.9375,0.1875,92,4.938065836163674e-06,-0.0001131130051175344,16
overall__mean_energy_saving_fraction,min_epochs_floor,min_meaningful_gain,0.9375,0.3125,92,1.431950898686055e-05,0.0003454126798454973,16
overall__mean_energy_saving_fraction,min_epochs_floor,min_meaningful_gain,0.9375,0.4375,92,4.1524018599168725e-05,0.0003002190380692341,16
overall__mean_energy_saving_fraction,min_epochs_floor,min_meaningful_gain,0.9375,0.5625,92,0.00012041223775244372,0.00010031595846651711,16
overall__mean_energy_saving_fraction,min_epochs_floor,min_meaningful_gain,0.9375,0.6875,92,0.0003491739838696951,-8.478001629098615e-05,16
overall__mean_energy_saving_fraction,min_epochs_floor,min_meaningful_gain,0.9375,0.8125,92,0.0010125421907870799,-0.00010883290426005215,16
overall__mean_energy_saving_fraction,min_epochs_floor,min_meaningful_gain,0.9375,0.9375,92,0.002936191513358849,-3.604396596273735e-05,16
overall__mean_energy_saving_fraction,min_epochs_floor,bayesian_window,0.0625,0.0625,17,14,0.010257772081381053,16
overall__mean_energy_saving_fraction,min_epochs_floor,bayesian_window,0.0625,0.1875,17,19,0.008943489642498716,16
overall__mean_energy_saving_fraction,min_epochs_floor,bayesian_window,0.0625,0.3125,17,24,0.005724277970822847,16
overall__mean_energy_saving_fraction,min_epochs_floor,bayesian_window,0.0625,0.4375,17,29,0.0013841210122897563,16
overall__mean_energy_saving_fraction,min_epochs_floor,bayesian_window,0.0625,0.5625,17,33,-0.0019263051553236477,16
overall__mean_energy_saving_fraction,min_epochs_floor,bayesian_window,0.0625,0.6875,17,38,-0.005810295271556316,16
overall__mean_energy_saving_fraction,min_epochs_floor,bayesian_window,0.0625,0.8125,17,43,-0.008647729202578499,16
overall__mean_energy_saving_fraction,min_epochs_floor,bayesian_window,0.0625,0.9375,17,48,-0.009925331077533912,16
overall__mean_energy_saving_fraction,min_epochs_floor,bayesian_window,0.1875,0.0625,28,14,0.008537002622024201,16
overall__mean_energy_saving_fraction,min_epochs_floor,bayesian_window,0.1875,0.1875,28,19,0.007294232656633934,16
overall__mean_energy_saving_fraction,min_epochs_floor,bayesian_window,0.1875,0.3125,28,24,0.00425628707478097,16
overall__mean_energy_saving_fraction,min_epochs_floor,bayesian_window,0.1875,0.4375,28,29,0.0009555696824842357,16
overall__mean_energy_saving_fraction,min_epochs_floor,bayesian_window,0.1875,0.5625,28,33,-0.0005911778494481143,16
overall__mean_energy_saving_fraction,min_epochs_floor,bayesian_window,0.1875,0.6875,28,38,-0.00469388055159849,16
overall__mean_energy_saving_fraction,min_epochs_floor,bayesian_window,0.1875,0.8125,28,43,-0.007259692512657116,16
overall__mean_energy_saving_fraction,min_epochs_floor,bayesian_window,0.1875,0.9375,28,48,-0.008498341122219623,16
overall__mean_energy_saving_fraction,min_epochs_floor,bayesian_window,0.3125,0.0625,39,14,0.0016371635699438999,16
overall__mean_energy_saving_fraction,min_epochs_floor,bayesian_window,0.3125,0.1875,39,19,0.0007682436215100622,16
overall__mean_energy_saving_fraction,min_epochs_floor,bayesian_window,0.3125,0.3125,39,24,-0.00015826880122694897,16
overall__mean_energy_saving_fraction,min_epochs_floor,bayesian_window,0.3125,0.4375,39,29,0.0002042397233156558,16
overall__mean_energy_saving_fraction,min_epochs_floor,bayesian_window,0.3125,0.5625,39,33,0.00024555616799221656,16
overall__mean_energy_saving_fraction,min_epochs_floor,bayesian_window,0.3125,0.6875,39,38,-0.0003927117889883699,16
overall__mean_energy_saving_fraction,min_epochs_floor,bayesian_window,0.3125,0.8125,39,43,-0.001034981568399821,16
overall__mean_energy_saving_fraction,min_epochs_floor,bayesian_window,0.3125,0.9375,39,48,-0.0012692409241466928,16
overall__mean_energy_saving_fraction,min_epochs_floor,bayesian_window,0.4375,0.0625,49,14,-0.0018927448977680787,16
overall__mean_energy_saving_fraction,min_epochs_floor,bayesian_window,0.4375,0.1875,49,19,-0.0015265546373360583,16
overall__mean_energy_saving_fraction,min_epochs_floor,bayesian_window,0.4375,0.3125,49,24,-0.0007277258800624624,16
overall__mean_energy_saving_fraction,min_epochs_floor,bayesian_window,0.4375,0.4375,49,29,0.0014454283497725186,16
overall__mean_energy_saving_fraction,min_epochs_floor,bayesian_window,0.4375,0.5625,49,33,0.0006517438164955393,16
overall__mean_energy_saving_fraction,min_epochs_floor,bayesian_window,0.4375,0.6875,49,38,0.0005451596604087432,16
overall__mean_energy_saving_fraction,min_epochs_floor,bayesian_window,0.4375,0.8125,49,43,0.0005691796064696674,16
overall__mean_energy_saving_fraction,min_epochs_floor,bayesian_window,0.4375,0.9375,49,48,0.000935513982020136,16
overall__mean_energy_saving_fraction,min_epochs_floor,bayesian_window,0.5625,0.0625,60,14,-0.001591533595756171,16
overall__mean_energy_saving_fraction,min_epochs_floor,bayesian_window,0.5625,0.1875,60,19,-0.0008396374675542634,16
overall__mean_energy_saving_fraction,min_epochs_floor,bayesian_window,0.5625,0.3125,60,24,0.0004107980915614498,16
overall__mean_energy_saving_fraction,min_epochs_floor,bayesian_window,0.5625,0.4375,60,29,0.0008079108835088982,16
overall__mean_energy_saving_fraction,min_epochs_floor,bayesian_window,0.5625,0.5625,60,33,-0.0009921559692860418,16
overall__mean_energy_saving_fraction,min_epochs_floor,bayesian_window,0.5625,0.6875,60,38,0.0001495168554811431,16
overall__mean_energy_saving_fraction,min_epochs_floor,bayesian_window,0.5625,0.8125,60,43,0.0008219890487138268,16
overall__mean_energy_saving_fraction,min_epochs_floor,bayesian_window,0.5625,0.9375,60,48,0.0012331121533311548,16
overall__mean_energy_saving_fraction,min_epochs_floor,bayesian_window,0.6875,0.0625,70,14,-0.003941431802788685,16
overall__mean_energy_saving_fraction,min_epochs_floor,bayesian_window,0.6875,0.1875,70,19,-0.0036433113837487097,16
overall__mean_energy_saving_fraction,min_epochs_floor,bayesian_window,0.6875,0.3125,70,24,-0.0021364489284289544,16
overall__mean_energy_saving_fraction,min_epochs_floor,bayesian_window,0.6875,0.4375,70,29,-0.001110603391970522,16
overall__mean_energy_saving_fraction,min_epochs_floor,bayesian_window,0.6875,0.5625,70,33,0.0005763104416150206,16
overall__mean_energy_saving_fraction,min_epochs_floor,bayesian_window,0.6875,0.6875,70,38,0.002364361680363419,16
overall__mean_energy_saving_fraction,min_epochs_floor,bayesian_window,0.6875,0.8125,70,43,0.0036602697038029975,16
overall__mean_energy_saving_fraction,min_epochs_floor,bayesian_window,0.6875,0.9375,70,48,0.004230853681155429,16
overall__mean_energy_saving_fraction,min_epochs_floor,bayesian_window,0.8125,0.0625,81,14,-0.006724261630850454,16
overall__mean_energy_saving_fraction,min_epochs_floor,bayesian_window,0.8125,0.1875,81,19,-0.005702397870420026,16
overall__mean_energy_saving_fraction,min_epochs_floor,bayesian_window,0.8125,0.3125,81,24,-0.003758567604074812,16
overall__mean_energy_saving_fraction,min_epochs_floor,bayesian_window,0.8125,0.4375,81,29,-0.0018638938268333433,16
overall__mean_energy_saving_fraction,min_epochs_floor,bayesian_window,0.8125,0.5625,81,33,0.0011128619178768333,16
overall__mean_energy_saving_fraction,min_epochs_floor,bayesian_window,0.8125,0.6875,81,38,0.0040341272282803445,16
overall__mean_energy_saving_fraction,min_epochs_floor,bayesian_window,0.8125,0.8125,81,43,0.006142602938292316,16
overall__mean_energy_saving_fraction,min_epochs_floor,bayesian_window,0.8125,0.9375,81,48,0.006759528847729131,16
overall__mean_energy_saving_fraction,min_epochs_floor,bayesian_window,0.9375,0.0625,92,14,-0.006281966346185771,16
overall__mean_energy_saving_fraction,min_epochs_floor,bayesian_window,0.9375,0.1875,92,19,-0.005294064561583656,16
overall__mean_energy_saving_fraction,min_epochs_floor,bayesian_window,0.9375,0.3125,92,24,-0.003610351923372092,16
overall__mean_energy_saving_fraction,min_epochs_floor,bayesian_window,0.9375,0.4375,92,29,-0.0018227724325671872,16
overall__mean_energy_saving_fraction,min_epochs_floor,bayesian_window,0.9375,0.5625,92,33,0.0009231666300781871,16
overall__mean_energy_saving_fraction,min_epochs_floor,bayesian_window,0.9375,0.6875,92,38,0.0038037221876095276,16
overall__mean_energy_saving_fraction,min_epochs_floor,bayesian_window,0.9375,0.8125,92,43,0.005748361986356636,16
overall__mean_energy_saving_fraction,min_epochs_floor,bayesian_window,0.9375,0.9375,92,48,0.006533904459664366,16
overall__mean_quality_regret_pp,min_epochs_floor,noise_multiplier,0.0625,0.0625,17,0.484375,-0.7513533796348794,16
overall__mean_quality_regret_pp,min_epochs_floor,noise_multiplier,0.0625,0.1875,17,0.953125,-0.40132865753780483,16
overall__mean_quality_regret_pp,min_epochs_floor,noise_multiplier,0.0625,0.3125,17,1.421875,-0.265320694381146,16
overall__mean_quality_regret_pp,min_epochs_floor,noise_multiplier,0.0625,0.4375,17,1.890625,-0.025692054344256476,16
overall__mean_quality_regret_pp,min_epochs_floor,noise_multiplier,0.0625,0.5625,17,2.359375,0.24315657677555114,16
overall__mean_quality_regret_pp,min_epochs_floor,noise_multiplier,0.0625,0.6875,17,2.828125,0.367150630277263,16
overall__mean_quality_regret_pp,min_epochs_floor,noise_multiplier,0.0625,0.8125,17,3.296875,0.40446483056998594,16
overall__mean_quality_regret_pp,min_epochs_floor,noise_multiplier,0.0625,0.9375,17,3.765625,0.42892274827528587,16
overall__mean_quality_regret_pp,min_epochs_floor,noise_multiplier,0.1875,0.0625,28,0.484375,-0.7437506848066144,16
overall__mean_quality_regret_pp,min_epochs_floor,noise_multiplier,0.1875,0.1875,28,0.953125,-0.38343330229129235,16
overall__mean_quality_regret_pp,min_epochs_floor,noise_multiplier,0.1875,0.3125,28,1.421875,-0.2111071271325783,16
overall__mean_quality_regret_pp,min_epochs_floor,noise_multiplier,0.1875,0.4375,28,1.890625,0.021503429543936137,16
overall__mean_quality_regret_pp,min_epochs_floor,noise_multiplier,0.1875,0.5625,28,2.359375,0.22540984510011663,16
overall__mean_quality_regret_pp,min_epochs_floor,noise_multiplier,0.1875,0.6875,28,2.828125,0.33063301515437205,16
overall__mean_quality_regret_pp,min_epochs_floor,noise_multiplier,0.1875,0.8125,28,3.296875,0.368367247421436,16
overall__mean_quality_regret_pp,min_epochs_floor,noise_multiplier,0.1875,0.9375,28,3.765625,0.3923775770106236,16
overall__mean_quality_regret_pp,min_epochs_floor,noise_multiplier,0.3125,0.0625,39,0.484375,-0.584560498571281,16
overall__mean_quality_regret_pp,min_epochs_floor,noise_multiplier,0.3125,0.1875,39,0.953125,-0.33698905079067554,16
overall__mean_quality_regret_pp,min_epochs_floor,noise_multiplier,0.3125,0.3125,39,1.421875,-0.09075013928927456,16
overall__mean_quality_regret_pp,min_epochs_floor,noise_multiplier,0.3125,0.4375,39,1.890625,0.06843996559021781,16
overall__mean_quality_regret_pp,min_epochs_floor,noise_multiplier,0.3125,0.5625,39,2.359375,0.19789116107712712,16
overall__mean_quality_regret_pp,min_epochs_floor,noise_multiplier,0.3125,0.6875,39,2.828125,0.23930952650297643,16
overall__mean_quality_regret_pp,min_epochs_floor,noise_multiplier,0.3125,0.8125,39,3.296875,0.25142843365458856,16
overall__mean_quality_regret_pp,min_epochs_floor,noise_multiplier,0.3125,0.9375,39,3.765625,0.2552306018263205,16
overall__mean_quality_regret_pp,min_epochs_floor,noise_multiplier,0.4375,0.0625,49,0.484375,-0.18975197713041247,16
overall__mean_quality_regret_pp,min_epochs_floor,noise_multiplier,0.4375,0.1875,49,0.953125,-0.12300825478083399,16
overall__mean_quality_regret_pp,min_epochs_floor,noise_multiplier,0.4375,0.3125,49,1.421875,0.032666143815657134,16
overall__mean_quality_regret_pp,min_epochs_floor,noise_multiplier,0.4375,0.4375,49,1.890625,0.0854520654523665,16
overall__mean_quality_regret_pp,min_epochs_floor,noise_multiplier,0.4375,0.5625,49,2.359375,0.06102495831577648,16
overall__mean_quality_regret_pp,min_epochs_floor,noise_multiplier,0.4375,0.6875,49,2.828125,0.044939828068580656,16
overall__mean_quality_regret_pp,min_epochs_floor,noise_multiplier,0.4375,0.8125,49,3.296875,0.04627824638073885,16
overall__mean_quality_regret_pp,min_epochs_floor,noise_multiplier,0.4375,0.9375,49,3.765625,0.042398989878126625,16
overall__mean_quality_regret_pp,min_epochs_floor,noise_multiplier,0.5625,0.0625,60,0.484375,0.3223467573638309,16
overall__mean_quality_regret_pp,min_epochs_floor,noise_multiplier,0.5625,0.1875,60,0.953125,0.1737017293340356,16
overall__mean_quality_regret_pp,min_epochs_floor,noise_multiplier,0.5625,0.3125,60,1.421875,0.11511166732841338,16
overall__mean_quality_regret_pp,min_epochs_floor,noise_multiplier,0.5625,0.4375,60,1.890625,0.0010139145297892727,16
overall__mean_quality_regret_pp,min_epochs_floor,noise_multiplier,0.5625,0.5625,60,2.359375,-0.10611824249760471,16
overall__mean_quality_regret_pp,min_epochs_floor,noise_multiplier,0.5625,0.6875,60,2.828125,-0.14797653826709556,16
overall__mean_quality_regret_pp,min_epochs_floor,noise_multiplier,0.5625,0.8125,60,3.296875,-0.17386693691445443,16
overall__mean_quality_regret_pp,min_epochs_floor,noise_multiplier,0.5625,0.9375,60,3.765625,-0.18421235087691457,16
overall__mean_quality_regret_pp,min_epochs_floor,noise_multiplier,0.6875,0.0625,70,0.484375,0.5733142075187959,16
overall__mean_quality_regret_pp,min_epochs_floor,noise_multiplier,0.6875,0.1875,70,0.953125,0.32718312434029884,16
overall__mean_quality_regret_pp,min_epochs_floor,noise_multiplier,0.6875,0.3125,70,1.421875,0.15475324609489538,16
overall__mean_quality_regret_pp,min_epochs_floor,noise_multiplier,0.6875,0.4375,70,1.890625,-0.04046952973510909,16
overall__mean_quality_regret_pp,min_epochs_floor,noise_multiplier,0.6875,0.5625,70,2.359375,-0.19408023196066415,16
overall__mean_quality_regret_pp,min_epochs_floor,noise_multiplier,0.6875,0.6875,70,2.828125,-0.25813514924514347,16
overall__mean_quality_regret_pp,min_epochs_floor,noise_multiplier,0.6875,0.8125,70,3.296875,-0.2751397998551971,16
overall__mean_quality_regret_pp,min_epochs_floor,noise_multiplier,0.6875,0.9375,70,3.765625,-0.28742586715787655,16
overall__mean_quality_regret_pp,min_epochs_floor,noise_multiplier,0.8125,0.0625,81,0.484375,0.6787841983936581,16
overall__mean_quality_regret_pp,min_epochs_floor,noise_multiplier,0.8125,0.1875,81,0.953125,0.3668445694271799,16
overall__mean_quality_regret_pp,min_epochs_floor,noise_multiplier,0.8125,0.3125,81,1.421875,0.1306074164178287,16
overall__mean_quality_regret_pp,min_epochs_floor,noise_multiplier,0.8125,0.4375,81,1.890625,-0.054140444315840974,16
overall__mean_quality_regret_pp,min_epochs_floor,noise_multiplier,0.8125,0.5625,81,2.359375,-0.21139774026104552,16
overall__mean_quality_regret_pp,min_epochs_floor,noise_multiplier,0.8125,0.6875,81,2.828125,-0.2841713917084424,16
overall__mean_quality_regret_pp,min_epochs_floor,noise_multiplier,0.8125,0.8125,81,3.296875,-0.3070345024176996,16
overall__mean_quality_regret_pp,min_epochs_floor,noise_multiplier,0.8125,0.9375,81,3.765625,-0.3194921055356382,16
overall__mean_quality_regret_pp,min_epochs_floor,noise_multiplier,0.9375,0.0625,92,0.484375,0.6949713768669018,16
overall__mean_quality_regret_pp,min_epochs_floor,noise_multiplier,0.9375,0.1875,92,0.953125,0.37702984229909176,16
overall__mean_quality_regret_pp,min_epochs_floor,noise_multiplier,0.9375,0.3125,92,1.421875,0.13403948714620373,16
overall__mean_quality_regret_pp,min_epochs_floor,noise_multiplier,0.9375,0.4375,92,1.890625,-0.056107346721103846,16
overall__mean_quality_regret_pp,min_epochs_floor,noise_multiplier,0.9375,0.5625,92,2.359375,-0.21588632654925755,16
overall__mean_quality_regret_pp,min_epochs_floor,noise_multiplier,0.9375,0.6875,92,2.828125,-0.2917499207825106,16
overall__mean_quality_regret_pp,min_epochs_floor,noise_multiplier,0.9375,0.8125,92,3.296875,-0.31449751883939825,16
overall__mean_quality_regret_pp,min_epochs_floor,noise_multiplier,0.9375,0.9375,92,3.765625,-0.32779959341992704,16
overall__mean_quality_regret_pp,noise_multiplier,utility_quantile,0.0625,0.0625,0.484375,0.05625,0.6865402594856759,16
overall__mean_quality_regret_pp,noise_multiplier,utility_quantile,0.0625,0.1875,0.484375,0.14875,0.3267812081232962,16
overall__mean_quality_regret_pp,noise_multiplier,utility_quantile,0.0625,0.3125,0.484375,0.24125000000000002,0.09991649870571095,16
overall__mean_quality_regret_pp,noise_multiplier,utility_quantile,0.0625,0.4375,0.484375,0.33375,-0.10084435161387217,16
overall__mean_quality_regret_pp,noise_multiplier,utility_quantile,0.0625,0.5625,0.484375,0.42625,-0.21425735318069106,16
overall__mean_quality_regret_pp,noise_multiplier,utility_quantile,0.0625,0.6875,0.484375,0.51875,-0.2660933854912293,16
overall__mean_quality_regret_pp,noise_multiplier,utility_quantile,0.0625,0.8125,0.484375,0.61125,-0.2742653841736651,16
overall__mean_quality_regret_pp,noise_multiplier,utility_quantile,0.0625,0.9375,0.484375,0.70375,-0.257777491855226,16
overall__mean_quality_regret_pp,noise_multiplier,utility_quantile,0.1875,0.0625,0.953125,0.05625,0.3961009734980106,16
overall__mean_quality_regret_pp,noise_multiplier,utility_quantile,0.1875,0.1875,0.953125,0.14875,0.18140633451149557,16
overall__mean_quality_regret_pp,noise_multiplier,utility_quantile,0.1875,0.3125,0.953125,0.24125000000000002,0.10845178730973526,16
overall__mean_quality_regret_pp,noise_multiplier,utility_quantile,0.1875,0.4375,0.953125,0.33375,-0.020105938528907075,16
overall__mean_quality_regret_pp,noise_multiplier,utility_quantile,0.1875,0.5625,0.953125,0.42625,-0.12400861626533255,16
overall__mean_quality_regret_pp,noise_multiplier,utility_quantile,0.1875,0.6875,0.953125,0.51875,-0.16659162927887594,16
overall__mean_quality_regret_pp,noise_multiplier,utility_quantile,0.1875,0.8125,0.953125,0.61125,-0.18650264790480686,16
overall__mean_quality_regret_pp,noise_multiplier,utility_quantile,0.1875,0.9375,0.953125,0.70375,-0.18875026334131983,16
overall__mean_quality_regret_pp,noise_multiplier,utility_quantile,0.3125,0.0625,1.421875,0.05625,0.14129226397380168,16
overall__mean_quality_regret_pp,noise_multiplier,utility_quantile,0.3125,0.1875,1.421875,0.14875,0.026016259008221465,16
overall__mean_quality_regret_pp,noise_multiplier,utility_quantile,0.3125,0.3125,1.421875,0.24125000000000002,0.029529358240329096,16
overall__mean_quality_regret_pp,noise_multiplier,utility_quantile,0.3125,0.4375,1.421875,0.33375,0.00029588987183870596,16
overall__mean_quality_regret_pp,noise_multiplier,utility_quantile,0.3125,0.5625,1.421875,0.42625,-0.04871044786410139,16
overall__mean_quality_regret_pp,noise_multiplier,utility_quantile,0.3125,0.6875,1.421875,0.51875,-0.038757265863568646,16
overall__mean_quality_regret_pp,noise_multiplier,utility_quantile,0.3125,0.8125,1.421875,0.61125,-0.0537749639982642,16
overall__mean_quality_regret_pp,noise_multiplier,utility_quantile,0.3125,0.9375,1.421875,0.70375,-0.055891093368257594,16
overall__mean_quality_regret_pp,noise_multiplier,utility_quantile,0.4375,0.0625,1.890625,0.05625,-0.06253249654444426,16
overall__mean_quality_regret_pp,noise_multiplier,utility_quantile,0.4375,0.1875,1.890625,0.14875,-0.07436030337655031,16
overall__mean_quality_regret_pp,noise_multiplier,utility_quantile,0.4375,0.3125,1.890625,0.24125000000000002,-0.02456372361530479,16
overall__mean_quality_regret_pp,noise_multiplier,utility_quantile,0.4375,0.4375,1.890625,0.33375,0.03446527299725233,16
overall__mean_quality_regret_pp,noise_multiplier,utility_quantile,0.4375,0.5625,1.890625,0.42625,0.03089086369223004,16
overall__mean_quality_regret_pp,noise_multiplier,utility_quantile,0.4375,0.6875,1.890625,0.51875,0.03460439165168916,16
overall__mean_quality_regret_pp,noise_multiplier,utility_quantile,0.4375,0.8125,1.890625,0.61125,0.029390952062644082,16
overall__mean_quality_regret_pp,noise_multiplier,utility_quantile,0.4375,0.9375,1.890625,0.70375,0.03210504313248386,16
overall__mean_quality_regret_pp,noise_multiplier,utility_quantile,0.5625,0.0625,2.359375,0.05625,-0.22618310748212656,16
overall__mean_quality_regret_pp,noise_multiplier,utility_quantile,0.5625,0.1875,2.359375,0.14875,-0.10029671822108721,16
overall__mean_quality_regret_pp,noise_multiplier,utility_quantile,0.5625,0.3125,2.359375,0.24125000000000002,-0.040305881497766705,16
overall__mean_quality_regret_pp,noise_multiplier,utility_quantile,0.5625,0.4375,2.359375,0.33375,0.01928122063865567,16
overall__mean_quality_regret_pp,noise_multiplier,utility_quantile,0.5625,0.5625,2.359375,0.42625,0.0688159462441873,16
overall__mean_quality_regret_pp,noise_multiplier,utility_quantile,0.5625,0.6875,2.359375,0.51875,0.08964731993927977,16
overall__mean_quality_regret_pp,noise_multiplier,utility_quantile,0.5625,0.8125,2.359375,0.61125,0.09490555311176574,16
overall__mean_quality_regret_pp,noise_multiplier,utility_quantile,0.5625,0.9375,2.359375,0.70375,0.09413566726709055,16
overall__mean_quality_regret_pp,noise_multiplier,utility_quantile,0.6875,0.0625,2.828125,0.05625,-0.3062475074751463,16
overall__mean_quality_regret_pp,noise_multiplier,utility_quantile,0.6875,0.1875,2.828125,0.14875,-0.13331068729378548,16
overall__mean_quality_regret_pp,noise_multiplier,utility_quantile,0.6875,0.3125,2.828125,0.24125000000000002,-0.07128336931962531,16
overall__mean_quality_regret_pp,noise_multiplier,utility_quantile,0.6875,0.4375,2.828125,0.33375,0.02311757628773381,16
overall__mean_quality_regret_pp,noise_multiplier,utility_quantile,0.6875,0.5625,2.828125,0.42625,0.09927841247154001,16
overall__mean_quality_regret_pp,noise_multiplier,utility_quantile,0.6875,0.6875,2.828125,0.51875,0.12077685818887884,16
overall__mean_quality_regret_pp,noise_multiplier,utility_quantile,0.6875,0.8125,2.828125,0.61125,0.13584437601387656,16
overall__mean_quality_regret_pp,noise_multiplier,utility_quantile,0.6875,0.9375,2.828125,0.70375,0.13182434112652697,16
overall__mean_quality_regret_pp,noise_multiplier,utility_quantile,0.8125,0.0625,3.296875,0.05625,-0.3236568294836626,16
overall__mean_quality_regret_pp,noise_multiplier,utility_quantile,0.8125,0.1875,3.296875,0.14875,-0.12233827946001852,16
overall__mean_quality_regret_pp,noise_multiplier,utility_quantile,0.8125,0.3125,3.296875,0.24125000000000002,-0.058122208806966724,16
overall__mean_quality_regret_pp,noise_multiplier,utility_quantile,0.8125,0.4375,3.296875,0.33375,0.02537187578441169,16
overall__mean_quality_regret_pp,noise_multiplier,utility_quantile,0.8125,0.5625,3.296875,0.42625,0.10013882505855043,16
overall__mean_quality_regret_pp,noise_multiplier,utility_quantile,0.8125,0.6875,3.296875,0.51875,0.11920112532008864,16
overall__mean_quality_regret_pp,noise_multiplier,utility_quantile,0.8125,0.8125,3.296875,0.61125,0.13230969136244797,16
overall__mean_quality_regret_pp,noise_multiplier,utility_quantile,0.8125,0.9375,3.296875,0.70375,0.12709580022514766,16
overall__mean_quality_regret_pp,noise_multiplier,utility_quantile,0.9375,0.0625,3.765625,0.05625,-0.3053135559721094,16
overall__mean_quality_regret_pp,noise_multiplier,utility_quantile,0.9375,0.1875,3.765625,0.14875,-0.10389781329157244,16
overall__mean_quality_regret_pp,noise_multiplier,utility_quantile,0.9375,0.3125,3.765625,0.24125000000000002,-0.04362246101611256,16
overall__mean_quality_regret_pp,noise_multiplier,utility_quantile,0.9375,0.4375,3.765625,0.33375,0.018418454562886266,16
overall__mean_quality_regret_pp,noise_multiplier,utility_quantile,0.9375,0.5625,3.765625,0.42625,0.08785236984361733,16
overall__mean_quality_regret_pp,noise_multiplier,utility_quantile,0.9375,0.6875,3.765625,0.51875,0.10721258553373603,16
overall__mean_quality_regret_pp,noise_multiplier,utility_quantile,0.9375,0.8125,3.765625,0.61125,0.12209242352600103,16
overall__mean_quality_regret_pp,noise_multiplier,utility_quantile,0.9375,0.9375,3.765625,0.70375,0.11725799681355387,16
overall__mean_quality_regret_pp,min_epochs_floor,utility_quantile,0.0625,0.0625,17,0.05625,-0.7081319948169591,16
overall__mean_quality_regret_pp,min_epochs_floor,utility_quantile,0.0625,0.1875,17,0.14875,-0.28418822982967706,16
overall__mean_quality_regret_pp,min_epochs_floor,utility_quantile,0.0625,0.3125,17,0.24125000000000002,0.014226807613570758,16
overall__mean_quality_regret_pp,min_epochs_floor,utility_quantile,0.0625,0.4375,17,0.33375,0.12024368230152005,16
overall__mean_quality_regret_pp,min_epochs_floor,utility_quantile,0.0625,0.5625,17,0.42625,0.199655378035422,16
overall__mean_quality_regret_pp,min_epochs_floor,utility_quantile,0.0625,0.6875,17,0.51875,0.2351914772914061,16
overall__mean_quality_regret_pp,min_epochs_floor,utility_quantile,0.0625,0.8125,17,0.61125,0.214341578134843,16
overall__mean_quality_regret_pp,min_epochs_floor,utility_quantile,0.0625,0.9375,17,0.70375,0.2086613012698737,16
overall__mean_quality_regret_pp,min_epochs_floor,utility_quantile,0.1875,0.0625,28,0.05625,-0.7099726131380475,16
overall__mean_quality_regret_pp,min_epochs_floor,utility_quantile,0.1875,0.1875,28,0.14875,-0.27473893303609076,16
overall__mean_quality_regret_pp,min_epochs_floor,utility_quantile,0.1875,0.3125,28,0.24125000000000002,-0.008373816821118263,16
overall__mean_quality_regret_pp,min_epochs_floor,utility_quantile,0.1875,0.4375,28,0.33375,0.10261462989597048,16
overall__mean_quality_regret_pp,min_epochs_floor,utility_quantile,0.1875,0.5625,28,0.42625,0.19889245031363134,16
overall__mean_quality_regret_pp,min_epochs_floor,utility_quantile,0.1875,0.6875,28,0.51875,0.24782604793704044,16
overall__mean_quality_regret_pp,min_epochs_floor,utility_quantile,0.1875,0.8125,28,0.61125,0.224907983112147,16
overall__mean_quality_regret_pp,min_epochs_floor,utility_quantile,0.1875,0.9375,28,0.70375,0.21884425173646682,16
overall__mean_quality_regret_pp,min_epochs_floor,utility_quantile,0.3125,0.0625,39,0.05625,-0.5768251754823212,16
overall__mean_quality_regret_pp,min_epochs_floor,utility_quantile,0.3125,0.1875,39,0.14875,-0.27017572859672356,16
overall__mean_quality_regret_pp,min_epochs_floor,utility_quantile,0.3125,0.3125,39,0.24125000000000002,-0.10593282561163131,16
overall__mean_quality_regret_pp,min_epochs_floor,utility_quantile,0.3125,0.4375,39,0.33375,0.06248730556735538,16
overall__mean_quality_regret_pp,min_epochs_floor,utility_quantile,0.3125,0.5625,39,0.42625,0.1961767368299081,16
overall__mean_quality_regret_pp,min_epochs_floor,utility_quantile,0.3125,0.6875,39,0.51875,0.2459606368339209,16
overall__mean_quality_regret_pp,min_epochs_floor,utility_quantile,0.3125,0.8125,39,0.61125,0.22613107180359893,16
overall__mean_quality_regret_pp,min_epochs_floor,utility_quantile,0.3125,0.9375,39,0.70375,0.2221779786558924,16
overall__mean_quality_regret_pp,min_epochs_floor,utility_quantile,0.4375,0.0625,49,0.05625,-0.2116963510437172,16
overall__mean_quality_regret_pp,min_epochs_floor,utility_quantile,0.4375,0.1875,49,0.14875,-0.193731858519406,16
overall__mean_quality_regret_pp,min_epochs_floor,utility_quantile,0.4375,0.3125,49,0.24125000000000002,-0.0981521915603164,16
overall__mean_quality_regret_pp,min_epochs_floor,utility_quantile,0.4375,0.4375,49,0.33375,0.04205839236165565,16
overall__mean_quality_regret_pp,min_epochs_floor,utility_quantile,0.4375,0.5625,49,0.42625,0.09163868595135694,16
overall__mean_quality_regret_pp,min_epochs_floor,utility_quantile,0.4375,0.6875,49,0.51875,0.10918539746951661,16
overall__mean_quality_regret_pp,min_epochs_floor,utility_quantile,0.4375,0.8125,49,0.61125,0.1292567160840713,16
overall__mean_quality_regret_pp,min_epochs_floor,utility_quantile,0.4375,0.9375,49,0.70375,0.131441209256839,16
overall__mean_quality_regret_pp,min_epochs_floor,utility_quantile,0.5625,0.0625,60,0.05625,0.29059362658276466,16
overall__mean_quality_regret_pp,min_epochs_floor,utility_quantile,0.5625,0.1875,60,0.14875,0.10083344163377872,16
overall__mean_quality_regret_pp,min_epochs_floor,utility_quantile,0.5625,0.3125,60,0.24125000000000002,-0.04437047988405862,16
overall__mean_quality_regret_pp,min_epochs_floor,utility_quantile,0.5625,0.4375,60,0.33375,-0.09821865410919983,16
overall__mean_quality_regret_pp,min_epochs_floor,utility_quantile,0.5625,0.5625,60,0.42625,-0.10188784472826984,16
overall__mean_quality_regret_pp,min_epochs_floor,utility_quantile,0.5625,0.6875,60,0.51875,-0.09718722315619455,16
overall__mean_quality_regret_pp,min_epochs_floor,utility_quantile,0.5625,0.8125,60,0.61125,-0.03352633466068178,16
overall__mean_quality_regret_pp,min_epochs_floor,utility_quantile,0.5625,0.9375,60,0.70375,-0.01623653167814032,16
overall__mean_quality_regret_pp,min_epochs_floor,utility_quantile,0.6875,0.0625,70,0.05625,0.5481250095734178,16
overall__mean_quality_regret_pp,min_epochs_floor,utility_quantile,0.6875,0.1875,70,0.14875,0.24595569374476245,16
overall__mean_quality_regret_pp,min_epochs_floor,utility_quantile,0.6875,0.3125,70,0.24125000000000002,0.04469170081166196,16
overall__mean_quality_regret_pp,min_epochs_floor,utility_quantile,0.6875,0.4375,70,0.33375,-0.08708745455757017,16
overall__mean_quality_regret_pp,min_epochs_floor,utility_quantile,0.6875,0.5625,70,0.42625,-0.1841790809757402,16
overall__mean_quality_regret_pp,min_epochs_floor,utility_quantile,0.6875,0.6875,70,0.51875,-0.20400711668455984,16
overall__mean_quality_regret_pp,min_epochs_floor,utility_quantile,0.6875,0.8125,70,0.61125,-0.18732366930750932,16
overall__mean_quality_regret_pp,min_epochs_floor,utility_quantile,0.6875,0.9375,70,0.70375,-0.17617508260446324,16
overall__mean_quality_regret_pp,min_epochs_floor,utility_quantile,0.8125,0.0625,81,0.05625,0.6734151476903047,16
overall__mean_quality_regret_pp,min_epochs_floor,utility_quantile,0.8125,0.1875,81,0.14875,0.33071178222345887,16
overall__mean_quality_regret_pp,min_epochs_floor,utility_quantile,0.8125,0.3125,81,0.24125000000000002,0.0964837042921266,16
overall__mean_quality_regret_pp,min_epochs_floor,utility_quantile,0.8125,0.4375,81,0.33375,-0.0709890732650349,16
overall__mean_quality_regret_pp,min_epochs_floor,utility_quantile,0.8125,0.5625,81,0.42625,-0.19795748852473394,16
overall__mean_quality_regret_pp,min_epochs_floor,utility_quantile,0.8125,0.6875,81,0.51875,-0.263055303219919,16
overall__mean_quality_regret_pp,min_epochs_floor,utility_quantile,0.8125,0.8125,81,0.61125,-0.28078355154246926,16
overall__mean_quality_regret_pp,min_epochs_floor,utility_quantile,0.8125,0.9375,81,0.70375,-0.28782521765373437,16
overall__mean_quality_regret_pp,min_epochs_floor,utility_quantile,0.9375,0.0625,92,0.05625,0.694492350634557,16
overall__mean_quality_regret_pp,min_epochs_floor,utility_quantile,0.9375,0.1875,92,0.14875,0.34533383237989623,16
overall__mean_quality_regret_pp,min_epochs_floor,utility_quantile,0.9375,0.3125,92,0.24125000000000002,0.10142710115976461,16
overall__mean_quality_regret_pp,min_epochs_floor,utility_quantile,0.9375,0.4375,92,0.33375,-0.07110882819469722,16
overall__mean_quality_regret_pp,min_epochs_floor,utility_quantile,0.9375,0.5625,92,0.42625,-0.2023388369015755,16
overall__mean_quality_regret_pp,min_epochs_floor,utility_quantile,0.9375,0.6875,92,0.51875,-0.27391391647121166,16
overall__mean_quality_regret_pp,min_epochs_floor,utility_quantile,0.9375,0.8125,92,0.61125,-0.29300379362400064,16
overall__mean_quality_regret_pp,min_epochs_floor,utility_quantile,0.9375,0.9375,92,0.70375,-0.3008879089827343,16
overall__mean_quality_regret_pp,min_epochs_floor,min_meaningful_gain,0.0625,0.0625,17,1.702886197051996e-06,0.008797261139899013,16
overall__mean_quality_regret_pp,min_epochs_floor,min_meaningful_gain,0.0625,0.1875,17,4.938065836163674e-06,0.0035126954617523704,16
overall__mean_quality_regret_pp,min_epochs_floor,min_meaningful_gain,0.0625,0.3125,17,1.431950898686055e-05,-0.0043035182029726345,16
overall__mean_quality_regret_pp,min_epochs_floor,min_meaningful_gain,0.0625,0.4375,17,4.1524018599168725e-05,-0.008462124371867101,16
overall__mean_quality_regret_pp,min_epochs_floor,min_meaningful_gain,0.0625,0.5625,17,0.00012041223775244372,-0.0004704715040889859,16
overall__mean_quality_regret_pp,min_epochs_floor,min_meaningful_gain,0.0625,0.6875,17,0.0003491739838696951,-0.0007873150841585172,16
overall__mean_quality_regret_pp,min_epochs_floor,min_meaningful_gain,0.0625,0.8125,17,0.0010125421907870799,0.0016536524083106494,16
overall__mean_quality_regret_pp,min_epochs_floor,min_meaningful_gain,0.0625,0.9375,17,0.002936191513358849,5.9820153125202113e-05,16
overall__mean_quality_regret_pp,min_epochs_floor,min_meaningful_gain,0.1875,0.0625,28,1.702886197051996e-06,0.0077055598195556844,16
overall__mean_quality_regret_pp,min_epochs_floor,min_meaningful_gain,0.1875,0.1875,28,4.938065836163674e-06,0.0002923513162845573,16
overall__mean_quality_regret_pp,min_epochs_floor,min_meaningful_gain,0.1875,0.3125,28,1.431950898686055e-05,-0.006678491324173587,16
overall__mean_quality_regret_pp,min_epochs_floor,min_meaningful_gain,0.1875,0.4375,28,4.1524018599168725e-05,-0.00821218281219839,16
overall__mean_quality_regret_pp,min_epochs_floor,min_meaningful_gain,0.1875,0.5625,28,0.00012041223775244372,-0.0010606563661882413,16
overall__mean_quality_regret_pp,min_epochs_floor,min_meaningful_gain,0.1875,0.6875,28,0.0003491739838696951,-0.0013781733826649743,16
overall__mean_quality_regret_pp,min_epochs_floor,min_meaningful_gain,0.1875,0.8125,28,0.0010125421907870799,0.005262824163910364,16
overall__mean_quality_regret_pp,min_epochs_floor,min_meaningful_gain,0.1875,0.9375,28,0.002936191513358849,0.004068768585474587,16
overall__mean_quality_regret_pp,min_epochs_floor,min_meaningful_gain,0.3125,0.0625,39,1.702886197051996e-06,0.007580719154246067,16
overall__mean_quality_regret_pp,min_epochs_floor,min_meaningful_gain,0.3125,0.1875,39,4.938065836163674e-06,-0.0002772700604518098,16
overall__mean_quality_regret_pp,min_epochs_floor,min_meaningful_gain,0.3125,0.3125,39,1.431950898686055e-05,-0.006506111282859051,16
overall__mean_quality_regret_pp,min_epochs_floor,min_meaningful_gain,0.3125,0.4375,39,4.1524018599168725e-05,-0.0069346800868123615,16
overall__mean_quality_regret_pp,min_epochs_floor,min_meaningful_gain,0.3125,0.5625,39,0.00012041223775244372,-0.003206467015577655,16
overall__mean_quality_regret_pp,min_epochs_floor,min_meaningful_gain,0.3125,0.6875,39,0.0003491739838696951,0.00037960432862137183,16
overall__mean_quality_regret_pp,min_epochs_floor,min_meaningful_gain,0.3125,0.8125,39,0.0010125421907870799,0.0035792036724792446,16
overall__mean_quality_regret_pp,min_epochs_floor,min_meaningful_gain,0.3125,0.9375,39,0.002936191513358849,0.005385001290354192,16
overall__mean_quality_regret_pp,min_epochs_floor,min_meaningful_gain,0.4375,0.0625,49,1.702886197051996e-06,-0.003554053838438688,16
overall__mean_quality_regret_pp,min_epochs_floor,min_meaningful_gain,0.4375,0.1875,49,4.938065836163674e-06,0.0009613901115346629,16
overall__mean_quality_regret_pp,min_epochs_floor,min_meaningful_gain,0.4375,0.3125,49,1.431950898686055e-05,6.792221224264858e-05,16
overall__mean_quality_regret_pp,min_epochs_floor,min_meaningful_gain,0.4375,0.4375,49,4.1524018599168725e-05,0.0021594261952123505,16
overall__mean_quality_regret_pp,min_epochs_floor,min_meaningful_gain,0.4375,0.5625,49,0.00012041223775244372,-0.002397072227017712,16
overall__mean_quality_regret_pp,min_epochs_floor,min_meaningful_gain,0.4375,0.6875,49,0.0003491739838696951,0.001006177391479065,16
overall__mean_quality_regret_pp,min_epochs_floor,min_meaningful_gain,0.4375,0.8125,49,0.0010125421907870799,-3.9320822877117814e-05,16
overall__mean_quality_regret_pp,min_epochs_floor,min_meaningful_gain,0.4375,0.9375,49,0.002936191513358849,0.0017955309778647857,16
overall__mean_quality_regret_pp,min_epochs_floor,min_meaningful_gain,0.5625,0.0625,60,1.702886197051996e-06,-0.003768948251169916,16
overall__mean_quality_regret_pp,min_epochs_floor,min_meaningful_gain,0.5625,0.1875,60,4.938065836163674e-06,-0.0004810195715151764,16
overall__mean_quality_regret_pp,min_epochs_floor,min_meaningful_gain,0.5625,0.3125,60,1.431950898686055e-05,0.003584221220853707,16
overall__mean_quality_regret_pp,min_epochs_floor,min_meaningful_gain,0.5625,0.4375,60,4.1524018599168725e-05,0.00361974928874495,16
overall__mean_quality_regret_pp,min_epochs_floor,min_meaningful_gain,0.5625,0.5625,60,0.00012041223775244372,7.259259654327464e-05,16
overall__mean_quality_regret_pp,min_epochs_floor,min_meaningful_gain,0.5625,0.6875,60,0.0003491739838696951,0.00014767900628065087,16
overall__mean_quality_regret_pp,min_epochs_floor,min_meaningful_gain,0.5625,0.8125,60,0.0010125421907870799,-0.002019775200130648,16
overall__mean_quality_regret_pp,min_epochs_floor,min_meaningful_gain,0.5625,0.9375,60,0.002936191513358849,-0.0011544990896068495,16
overall__mean_quality_regret_pp,min_epochs_floor,min_meaningful_gain,0.6875,0.0625,70,1.702886197051996e-06,-0.0070861131670894514,16
overall__mean_quality_regret_pp,min_epochs_floor,min_meaningful_gain,0.6875,0.1875,70,4.938065836163674e-06,-0.0023905279900084155,16
overall__mean_quality_regret_pp,min_epochs_floor,min_meaningful_gain,0.6875,0.3125,70,1.431950898686055e-05,0.004401842301732175,16
overall__mean_quality_regret_pp,min_epochs_floor,min_meaningful_gain,0.6875,0.4375,70,4.1524018599168725e-05,0.006300908393534709,16
overall__mean_quality_regret_pp,min_epochs_floor,min_meaningful_gain,0.6875,0.5625,70,0.00012041223775244372,0.002242734516045628,16
overall__mean_quality_regret_pp,min_epochs_floor,min_meaningful_gain,0.6875,0.6875,70,0.0003491739838696951,0.0007565258688925335,16
overall__mean_quality_regret_pp,min_epochs_floor,min_meaningful_gain,0.6875,0.8125,70,0.0010125421907870799,-0.002041509684687139,16
overall__mean_quality_regret_pp,min_epochs_floor,min_meaningful_gain,0.6875,0.9375,70,0.002936191513358849,-0.0021838602384200486,16
overall__mean_quality_regret_pp,min_epochs_floor,min_meaningful_gain,0.8125,0.0625,81,1.702886197051996e-06,-0.0050868941214166664,16
overall__mean_quality_regret_pp,min_epochs_floor,min_meaningful_gain,0.8125,0.1875,81,4.938065836163674e-06,-0.001071193048829711,16
overall__mean_quality_regret_pp,min_epochs_floor,min_meaningful_gain,0.8125,0.3125,81,1.431950898686055e-05,0.004392444950132862,16
overall__mean_quality_regret_pp,min_epochs_floor,min_meaningful_gain,0.8125,0.4375,81,4.1524018599168725e-05,0.005595863188531797,16
overall__mean_quality_regret_pp,min_epochs_floor,min_meaningful_gain,0.8125,0.5625,81,0.00012041223775244372,0.0023686994769669695,16
overall__mean_quality_regret_pp,min_epochs_floor,min_meaningful_gain,0.8125,0.6875,81,0.0003491739838696951,-1.2107544689944974e-05,16
overall__mean_quality_regret_pp,min_epochs_floor,min_meaningful_gain,0.8125,0.8125,81,0.0010125421907870799,-0.0029506938433438955,16
overall__mean_quality_regret_pp,min_epochs_floor,min_meaningful_gain,0.8125,0.9375,81,0.002936191513358849,-0.003236119057351425,16
overall__mean_quality_regret_pp,min_epochs_floor,min_meaningful_gain,0.9375,0.0625,92,1.702886197051996e-06,-0.00458753073558605,16
overall__mean_quality_regret_pp,min_epochs_floor,min_meaningful_gain,0.9375,0.1875,92,4.938065836163674e-06,-0.0005464262187664833,16
overall__mean_quality_regret_pp,min_epochs_floor,min_meaningful_gain,0.9375,0.3125,92,1.431950898686055e-05,0.005041690125043876,16
overall__mean_quality_regret_pp,min_epochs_floor,min_meaningful_gain,0.9375,0.4375,92,4.1524018599168725e-05,0.005933040204854049,16
overall__mean_quality_regret_pp,min_epochs_floor,min_meaningful_gain,0.9375,0.5625,92,0.00012041223775244372,0.0024506405233167133,16
overall__mean_quality_regret_pp,min_epochs_floor,min_meaningful_gain,0.9375,0.6875,92,0.0003491739838696951,-0.0001123905837601899,16
overall__mean_quality_regret_pp,min_epochs_floor,min_meaningful_gain,0.9375,0.8125,92,0.0010125421907870799,-0.0034443806936614637,16
overall__mean_quality_regret_pp,min_epochs_floor,min_meaningful_gain,0.9375,0.9375,92,0.002936191513358849,-0.004734642621440448,16
overall__mean_quality_regret_pp,min_epochs_floor,bayesian_window,0.0625,0.0625,17,14,0.12669243827434198,16
overall__mean_quality_regret_pp,min_epochs_floor,bayesian_window,0.0625,0.1875,17,19,0.10942365133628479,16
overall__mean_quality_regret_pp,min_epochs_floor,bayesian_window,0.0625,0.3125,17,24,0.07226829454181177,16
overall__mean_quality_regret_pp,min_epochs_floor,bayesian_window,0.0625,0.4375,17,29,0.018916064166439303,16
overall__mean_quality_regret_pp,min_epochs_floor,bayesian_window,0.0625,0.5625,17,33,-0.02216072835276439,16
overall__mean_quality_regret_pp,min_epochs_floor,bayesian_window,0.0625,0.6875,17,38,-0.07366120066962065,16
overall__mean_quality_regret_pp,min_epochs_floor,bayesian_window,0.0625,0.8125,17,43,-0.108345736934363,16
overall__mean_quality_regret_pp,min_epochs_floor,bayesian_window,0.0625,0.9375,17,48,-0.12313278236212977,16
overall__mean_quality_regret_pp,min_epochs_floor,bayesian_window,0.1875,0.0625,28,14,0.1026511180943096,16
overall__mean_quality_regret_pp,min_epochs_floor,bayesian_window,0.1875,0.1875,28,19,0.08708972300633412,16
overall__mean_quality_regret_pp,min_epochs_floor,bayesian_window,0.1875,0.3125,28,24,0.051654949994566476,16
overall__mean_quality_regret_pp,min_epochs_floor,bayesian_window,0.1875,0.4375,28,29,0.011911907006296615,16
overall__mean_quality_regret_pp,min_epochs_floor,bayesian_window,0.1875,0.5625,28,33,-0.005930140158458802,16
overall__mean_quality_regret_pp,min_epochs_floor,bayesian_window,0.1875,0.6875,28,38,-0.05715606312086635,16
overall__mean_quality_regret_pp,min_epochs_floor,bayesian_window,0.1875,0.8125,28,43,-0.08793366841227548,16
overall__mean_quality_regret_pp,min_epochs_floor,bayesian_window,0.1875,0.9375,28,48,-0.10228782640990616,16
overall__mean_quality_regret_pp,min_epochs_floor,bayesian_window,0.3125,0.0625,39,14,0.017025215609848043,16
overall__mean_quality_regret_pp,min_epochs_floor,bayesian_window,0.3125,0.1875,39,19,0.005241878581021514,16
overall__mean_quality_regret_pp,min_epochs_floor,bayesian_window,0.3125,0.3125,39,24,-0.005098314619638444,16
overall__mean_quality_regret_pp,min_epochs_floor,bayesian_window,0.3125,0.4375,39,29,-0.0005499964098454879,16
overall__mean_quality_regret_pp,min_epochs_floor,bayesian_window,0.3125,0.5625,39,33,0.0019754666417309275,16
overall__mean_quality_regret_pp,min_epochs_floor,bayesian_window,0.3125,0.6875,39,38,-0.0032332478815446097,16
overall__mean_quality_regret_pp,min_epochs_floor,bayesian_window,0.3125,0.8125,39,43,-0.006523659868017534,16
overall__mean_quality_regret_pp,min_epochs_floor,bayesian_window,0.3125,0.9375,39,48,-0.008837342053554409,16
overall__mean_quality_regret_pp,min_epochs_floor,bayesian_window,0.4375,0.0625,49,14,-0.029854307845658234,16
overall__mean_quality_regret_pp,min_epochs_floor,bayesian_window,0.4375,0.1875,49,19,-0.02537685131823683,16
overall__mean_quality_regret_pp,min_epochs_floor,bayesian_window,0.4375,0.3125,49,24,-0.01345989282985599,16
overall__mean_quality_regret_pp,min_epochs_floor,bayesian_window,0.4375,0.4375,49,29,0.013052274811631931,16
overall__mean_quality_regret_pp,min_epochs_floor,bayesian_window,0.4375,0.5625,49,33,0.007603954317929595,16
overall__mean_quality_regret_pp,min_epochs_floor,bayesian_window,0.4375,0.6875,49,38,0.01052530450384434,16
overall__mean_quality_regret_pp,min_epochs_floor,bayesian_window,0.4375,0.8125,49,43,0.01608978277809958,16
overall__mean_quality_regret_pp,min_epochs_floor,bayesian_window,0.4375,0.9375,49,48,0.021419735582245858,16
overall__mean_quality_regret_pp,min_epochs_floor,bayesian_window,0.5625,0.0625,60,14,-0.0340353244749545,16
overall__mean_quality_regret_pp,min_epochs_floor,bayesian_window,0.5625,0.1875,60,19,-0.02455774356341353,16
overall__mean_quality_regret_pp,min_epochs_floor,bayesian_window,0.5625,0.3125,60,24,-0.007976008623478192,16
overall__mean_quality_regret_pp,min_epochs_floor,bayesian_window,0.5625,0.4375,60,29,0.0014304015934574477,16
overall__mean_quality_regret_pp,min_epochs_floor,bayesian_window,0.5625,0.5625,60,33,-0.005028596016801917,16
overall__mean_quality_regret_pp,min_epochs_floor,bayesian_window,0.5625,0.6875,60,38,0.013363009523908426,16
overall__mean_quality_regret_pp,min_epochs_floor,bayesian_window,0.5625,0.8125,60,43,0.025612624859946448,16
overall__mean_quality_regret_pp,min_epochs_floor,bayesian_window,0.5625,0.9375,60,48,0.031191636701335707,16
overall__mean_quality_regret_pp,min_epochs_floor,bayesian_window,0.6875,0.0625,70,14,-0.05047719395867237,16
overall__mean_quality_regret_pp,min_epochs_floor,bayesian_window,0.6875,0.1875,70,19,-0.04424763127924952,16
overall__mean_quality_regret_pp,min_epochs_floor,bayesian_window,0.6875,0.3125,70,24,-0.027898635896098034,16
overall__mean_quality_regret_pp,min_epochs_floor,bayesian_window,0.6875,0.4375,70,29,-0.01263414586163189,16
overall__mean_quality_regret_pp,min_epochs_floor,bayesian_window,0.6875,0.5625,70,33,0.005550982777375757,16
overall__mean_quality_regret_pp,min_epochs_floor,bayesian_window,0.6875,0.6875,70,38,0.030533102784551763,16
overall__mean_quality_regret_pp,min_epochs_floor,bayesian_window,0.6875,0.8125,70,43,0.04614030489797516,16
overall__mean_quality_regret_pp,min_epochs_floor,bayesian_window,0.6875,0.9375,70,48,0.05303321653574905,16
overall__mean_quality_regret_pp,min_epochs_floor,bayesian_window,0.8125,0.0625,81,14,-0.06616520176102589,16
overall__mean_quality_regret_pp,min_epochs_floor,bayesian_window,0.8125,0.1875,81,19,-0.05389128741560742,16
overall__mean_quality_regret_pp,min_epochs_floor,bayesian_window,0.8125,0.3125,81,24,-0.034886100538463194,16
overall__mean_quality_regret_pp,min_epochs_floor,bayesian_window,0.8125,0.4375,81,29,-0.016190060173941673,16
overall__mean_quality_regret_pp,min_epochs_floor,bayesian_window,0.8125,0.5625,81,33,0.009068011609380144,16
overall__mean_quality_regret_pp,min_epochs_floor,bayesian_window,0.8125,0.6875,81,38,0.039926402947116524,16
overall__mean_quality_regret_pp,min_epochs_floor,bayesian_window,0.8125,0.8125,81,43,0.057719833788888925,16
overall__mean_quality_regret_pp,min_epochs_floor,bayesian_window,0.8125,0.9375,81,48,0.0644184015436525,16
overall__mean_quality_regret_pp,min_epochs_floor,bayesian_window,0.9375,0.0625,92,14,-0.06583674393818861,16
overall__mean_quality_regret_pp,min_epochs_floor,bayesian_window,0.9375,0.1875,92,19,-0.05368173934713308,16
overall__mean_quality_regret_pp,min_epochs_floor,bayesian_window,0.9375,0.3125,92,24,-0.034604292028844325,16
overall__mean_quality_regret_pp,min_epochs_floor,bayesian_window,0.9375,0.4375,92,29,-0.0159364451324063,16
overall__mean_quality_regret_pp,min_epochs_floor,bayesian_window,0.9375,0.5625,92,33,0.008921049181608853,16
overall__mean_quality_regret_pp,min_epochs_floor,bayesian_window,0.9375,0.6875,92,38,0.03970269191261058,16
overall__mean_quality_regret_pp,min_epochs_floor,bayesian_window,0.9375,0.8125,92,43,0.05724051888974585,16
overall__mean_quality_regret_pp,min_epochs_floor,bayesian_window,0.9375,0.9375,92,48,0.06419496046260709,16
overall__mean_stop_epoch,min_epochs_floor,noise_multiplier,0.0625,0.0625,17,0.484375,5.788836443865741,16
overall__mean_stop_epoch,min_epochs_floor,noise_multiplier,0.0625,0.1875,17,0.953125,2.875573640046306,16
overall__mean_stop_epoch,min_epochs_floor,noise_multiplier,0.0625,0.3125,17,1.421875,1.9691876446759515,16
overall__mean_stop_epoch,min_epochs_floor,noise_multiplier,0.0625,0.4375,17,1.890625,0.13528645833334974,16
overall__mean_stop_epoch,min_epochs_floor,noise_multiplier,0.0625,0.5625,17,2.359375,-1.8558412905092627,16
overall__mean_stop_epoch,min_epochs_floor,noise_multiplier,0.0625,0.6875,17,2.828125,-2.7630779803240824,16
overall__mean_stop_epoch,min_epochs_floor,noise_multiplier,0.0625,0.8125,17,3.296875,-2.9882005931713156,16
overall__mean_stop_epoch,min_epochs_floor,noise_multiplier,0.0625,0.9375,17,3.765625,-3.161764322916687,16
overall__mean_stop_epoch,min_epochs_floor,noise_multiplier,0.1875,0.0625,28,0.484375,5.844331958912043,16
overall__mean_stop_epoch,min_epochs_floor,noise_multiplier,0.1875,0.1875,28,0.953125,2.8230946180555643,16
overall__mean_stop_epoch,min_epochs_floor,noise_multiplier,0.1875,0.3125,28,1.421875,1.5762630208333492,16
overall__mean_stop_epoch,min_epochs_floor,noise_multiplier,0.1875,0.4375,28,1.890625,-0.23655598958332202,16
overall__mean_stop_epoch,min_epochs_floor,noise_multiplier,0.1875,0.5625,28,2.359375,-1.760166377314814,16
overall__mean_stop_epoch,min_epochs_floor,noise_multiplier,0.1875,0.6875,28,2.828125,-2.5157074652777833,16
overall__mean_stop_epoch,min_epochs_floor,noise_multiplier,0.1875,0.8125,28,3.296875,-2.77596317997687,16
overall__mean_stop_epoch,min_epochs_floor,noise_multiplier,0.1875,0.9375,28,3.765625,-2.9552965856481634,16
overall__mean_stop_epoch,min_epochs_floor,noise_multiplier,0.3125,0.0625,39,0.484375,4.693565899884266,16
overall__mean_stop_epoch,min_epochs_floor,noise_multiplier,0.3125,0.1875,39,0.953125,2.6428783275462964,16
overall__mean_stop_epoch,min_epochs_floor,noise_multiplier,0.3125,0.3125,39,1.421875,0.7850137442129643,16
overall__mean_stop_epoch,min_epochs_floor,noise_multiplier,0.3125,0.4375,39,1.890625,-0.5383955439814851,16
overall__mean_stop_epoch,min_epochs_floor,noise_multiplier,0.3125,0.5625,39,2.359375,-1.576042390046286,16
overall__mean_stop_epoch,min_epochs_floor,noise_multiplier,0.3125,0.6875,39,2.828125,-1.9442715567129714,16
overall__mean_stop_epoch,min_epochs_floor,noise_multiplier,0.3125,0.8125,39,3.296875,-2.0133438223379656,16
overall__mean_stop_epoch,min_epochs_floor,noise_multiplier,0.3125,0.9375,39,3.765625,-2.049404658564816,16
overall__mean_stop_epoch,min_epochs_floor,noise_multiplier,0.4375,0.0625,49,0.484375,1.92501916956018,16
overall__mean_stop_epoch,min_epochs_floor,noise_multiplier,0.4375,0.1875,49,0.953125,1.2890509259259293,16
overall__mean_stop_epoch,min_epochs_floor,noise_multiplier,0.4375,0.3125,49,1.421875,-0.1712210648148167,16
overall__mean_stop_epoch,min_epochs_floor,noise_multiplier,0.4375,0.4375,49,1.890625,-0.8427871817129686,16
overall__mean_stop_epoch,min_epochs_floor,noise_multiplier,0.4375,0.5625,49,2.359375,-0.7080410879629531,16
overall__mean_stop_epoch,min_epochs_floor,noise_multiplier,0.4375,0.6875,49,2.828125,-0.5423582175925921,16
overall__mean_stop_epoch,min_epochs_floor,noise_multiplier,0.4375,0.8125,49,3.296875,-0.4911845341435148,16
overall__mean_stop_epoch,min_epochs_floor,noise_multiplier,0.4375,0.9375,49,3.765625,-0.4584780092592604,16
overall__mean_stop_epoch,min_epochs_floor,noise_multiplier,0.5625,0.0625,60,0.484375,-1.7611237702546383,16
overall__mean_stop_epoch,min_epochs_floor,noise_multiplier,0.5625,0.1875,60,0.953125,-0.7731221064814866,16
overall__mean_stop_epoch,min_epochs_floor,noise_multiplier,0.5625,0.3125,60,1.421875,-0.8273871527777779,16
overall__mean_stop_epoch,min_epochs_floor,noise_multiplier,0.5625,0.4375,60,1.890625,-0.15463035300926098,16
overall__mean_stop_epoch,min_epochs_floor,noise_multiplier,0.5625,0.5625,60,2.359375,0.592676504629635,16
overall__mean_stop_epoch,min_epochs_floor,noise_multiplier,0.5625,0.6875,60,2.828125,0.8533043981481523,16
overall__mean_stop_epoch,min_epochs_floor,noise_multiplier,0.5625,0.8125,60,3.296875,1.0053200954861232,16
overall__mean_stop_epoch,min_epochs_floor,noise_multiplier,0.5625,0.9375,60,3.765625,1.0649623842592675,16
overall__mean_stop_epoch,min_epochs_floor,noise_multiplier,0.6875,0.0625,70,0.484375,-3.9460691550925926,16
overall__mean_stop_epoch,min_epochs_floor,noise_multiplier,0.6875,0.1875,70,0.953125,-2.119702329282406,16
overall__mean_stop_epoch,min_epochs_floor,noise_multiplier,0.6875,0.3125,70,1.421875,-1.2182353153935157,16
overall__mean_stop_epoch,min_epochs_floor,noise_multiplier,0.6875,0.4375,70,1.890625,0.28845666956018867,16
overall__mean_stop_epoch,min_epochs_floor,noise_multiplier,0.6875,0.5625,70,2.359375,1.418862485532408,16
overall__mean_stop_epoch,min_epochs_floor,noise_multiplier,0.6875,0.6875,70,2.828125,1.8289550781249915,16
overall__mean_stop_epoch,min_epochs_floor,noise_multiplier,0.6875,0.8125,70,3.296875,1.8416912615740735,16
overall__mean_stop_epoch,min_epochs_floor,noise_multiplier,0.6875,0.9375,70,3.765625,1.9060413049768474,16
overall__mean_stop_epoch,min_epochs_floor,noise_multiplier,0.8125,0.0625,81,0.484375,-5.922859519675923,16
overall__mean_stop_epoch,min_epochs_floor,noise_multiplier,0.8125,0.1875,81,0.953125,-3.126556351273152,16
overall__mean_stop_epoch,min_epochs_floor,noise_multiplier,0.8125,0.3125,81,1.421875,-0.9764753327546405,16
overall__mean_stop_epoch,min_epochs_floor,noise_multiplier,0.8125,0.4375,81,1.890625,0.6211801938657331,16
overall__mean_stop_epoch,min_epochs_floor,noise_multiplier,0.8125,0.5625,81,2.359375,1.8379575376157238,16
overall__mean_stop_epoch,min_epochs_floor,noise_multiplier,0.8125,0.6875,81,2.828125,2.369702329282415,16
overall__mean_stop_epoch,min_epochs_floor,noise_multiplier,0.8125,0.8125,81,3.296875,2.544611545138901,16
overall__mean_stop_epoch,min_epochs_floor,noise_multiplier,0.8125,0.9375,81,3.765625,2.6524395978009405,16
overall__mean_stop_epoch,min_epochs_floor,noise_multiplier,0.9375,0.0625,92,0.484375,-6.621701027199075,16
overall__mean_stop_epoch,min_epochs_floor,noise_multiplier,0.9375,0.1875,92,0.953125,-3.6112167245370497,16
overall__mean_stop_epoch,min_epochs_floor,noise_multiplier,0.9375,0.3125,92,1.421875,-1.1371455439815126,16
overall__mean_stop_epoch,min_epochs_floor,noise_multiplier,0.9375,0.4375,92,1.890625,0.72744574652776,16
overall__mean_stop_epoch,min_epochs_floor,noise_multiplier,0.9375,0.5625,92,2.359375,2.0505946180555465,16
overall__mean_stop_epoch,min_epochs_floor,noise_multiplier,0.9375,0.6875,92,2.828125,2.7134534143518714,16
overall__mean_stop_epoch,min_epochs_floor,noise_multiplier,0.9375,0.8125,92,3.296875,2.8770692274305727,16
overall__mean_stop_epoch,min_epochs_floor,noise_multiplier,0.9375,0.9375,92,3.765625,3.0015002893518794,16
overall__mean_stop_epoch,noise_multiplier,utility_quantile,0.0625,0.0625,0.484375,0.05625,-6.175116622359646,16
overall__mean_stop_epoch,noise_multiplier,utility_quantile,0.0625,0.1875,0.484375,0.14875,-2.069927458586508,16
overall__mean_stop_epoch,noise_multiplier,utility_quantile,0.0625,0.3125,0.484375,0.24125000000000002,-0.3353094030309549,16
overall__mean_stop_epoch,noise_multiplier,utility_quantile,0.0625,0.4375,0.484375,0.33375,1.0400649459273632,16
overall__mean_stop_epoch,noise_multiplier,utility_quantile,0.0625,0.5625,0.484375,0.42625,1.6750014693648607,16
overall__mean_stop_epoch,noise_multiplier,utility_quantile,0.0625,0.6875,0.484375,0.51875,1.9822405101634724,16
overall__mean_stop_epoch,noise_multiplier,utility_quantile,0.0625,0.8125,0.484375,0.61125,2.0061084210431135,16
overall__mean_stop_epoch,noise_multiplier,utility_quantile,0.0625,0.9375,0.484375,0.70375,1.8769381374782936,16
overall__mean_stop_epoch,noise_multiplier,utility_quantile,0.1875,0.0625,0.953125,0.05625,-3.512986269350394,16
overall__mean_stop_epoch,noise_multiplier,utility_quantile,0.1875,0.1875,0.953125,0.14875,-1.1637374990957685,16
overall__mean_stop_epoch,noise_multiplier,utility_quantile,0.1875,0.3125,0.953125,0.24125000000000002,-0.49549386483651414,16
overall__mean_stop_epoch,noise_multiplier,utility_quantile,0.1875,0.4375,0.953125,0.33375,0.3507167109736544,16
overall__mean_stop_epoch,noise_multiplier,utility_quantile,0.1875,0.5625,0.953125,0.42625,0.9759078640407823,16
overall__mean_stop_epoch,noise_multiplier,utility_quantile,0.1875,0.6875,0.953125,0.51875,1.201546789098665,16
overall__mean_stop_epoch,noise_multiplier,utility_quantile,0.1875,0.8125,0.953125,0.61125,1.3170900472005274,16
overall__mean_stop_epoch,noise_multiplier,utility_quantile,0.1875,0.9375,0.953125,0.70375,1.3269562219690494,16
overall__mean_stop_epoch,noise_multiplier,utility_quantile,0.3125,0.0625,1.421875,0.05625,-1.0273569290726279,16
overall__mean_stop_epoch,noise_multiplier,utility_quantile,0.3125,0.1875,1.421875,0.14875,-0.18262783474390254,16
overall__mean_stop_epoch,noise_multiplier,utility_quantile,0.3125,0.3125,1.421875,0.24125000000000002,-0.09989345974392005,16
overall__mean_stop_epoch,noise_multiplier,utility_quantile,0.3125,0.4375,1.421875,0.33375,0.0742077410662576,16
overall__mean_stop_epoch,noise_multiplier,utility_quantile,0.3125,0.5625,1.421875,0.42625,0.3698589635778182,16
overall__mean_stop_epoch,noise_multiplier,utility_quantile,0.3125,0.6875,1.421875,0.51875,0.2174423330801405,16
overall__mean_stop_epoch,noise_multiplier,utility_quantile,0.3125,0.8125,1.421875,0.61125,0.3134861698857003,16
overall__mean_stop_epoch,noise_multiplier,utility_quantile,0.3125,0.9375,1.421875,0.70375,0.3348830159505214,16
overall__mean_stop_epoch,noise_multiplier,utility_quantile,0.4375,0.0625,1.890625,0.05625,0.7065202048972674,16
overall__mean_stop_epoch,noise_multiplier,utility_quantile,0.4375,0.1875,1.890625,0.14875,0.5075658501519156,16
overall__mean_stop_epoch,noise_multiplier,utility_quantile,0.4375,0.3125,1.890625,0.24125000000000002,0.1001584427444957,16
overall__mean_stop_epoch,noise_multiplier,utility_quantile,0.4375,0.4375,1.890625,0.33375,-0.339519291630487,16
overall__mean_stop_epoch,noise_multiplier,utility_quantile,0.4375,0.5625,1.890625,0.42625,-0.22599914550780564,16
overall__mean_stop_epoch,noise_multiplier,utility_quantile,0.4375,0.6875,1.890625,0.51875,-0.25334488480179207,16
overall__mean_stop_epoch,noise_multiplier,utility_quantile,0.4375,0.8125,1.890625,0.61125,-0.2325846128110518,16
overall__mean_stop_epoch,noise_multiplier,utility_quantile,0.4375,0.9375,1.890625,0.70375,-0.2627965630425413,16
overall__mean_stop_epoch,noise_multiplier,utility_quantile,0.5625,0.0625,2.359375,0.05625,2.0237619583694952,16
overall__mean_stop_epoch,noise_multiplier,utility_quantile,0.5625,0.1875,2.359375,0.14875,0.6687254276981998,16
overall__mean_stop_epoch,noise_multiplier,utility_quantile,0.5625,0.3125,2.359375,0.24125000000000002,0.1411067934389445,16
overall__mean_stop_epoch,noise_multiplier,utility_quantile,0.5625,0.4375,2.359375,0.33375,-0.2684349455656756,16
overall__mean_stop_epoch,noise_multiplier,utility_quantile,0.5625,0.5625,2.359375,0.42625,-0.5605426929615023,16
overall__mean_stop_epoch,noise_multiplier,utility_quantile,0.5625,0.6875,2.359375,0.51875,-0.6511320665147506,16
overall__mean_stop_epoch,noise_multiplier,utility_quantile,0.5625,0.8125,2.359375,0.61125,-0.6788440167462424,16
overall__mean_stop_epoch,noise_multiplier,utility_quantile,0.5625,0.9375,2.359375,0.70375,-0.6746404577184686,16
overall__mean_stop_epoch,noise_multiplier,utility_quantile,0.6875,0.0625,2.828125,0.05625,2.7003161395037703,16
overall__mean_stop_epoch,noise_multiplier,utility_quantile,0.6875,0.1875,2.828125,0.14875,0.8790701180917191,16
overall__mean_stop_epoch,noise_multiplier,utility_quantile,0.6875,0.3125,2.828125,0.24125000000000002,0.3236187292028374,16
overall__mean_stop_epoch,noise_multiplier,utility_quantile,0.6875,0.4375,2.828125,0.33375,-0.3151591209129032,16
overall__mean_stop_epoch,noise_multiplier,utility_quantile,0.6875,0.5625,2.828125,0.42625,-0.7999086507161435,16
overall__mean_stop_epoch,noise_multiplier,utility_quantile,0.6875,0.6875,2.828125,0.51875,-0.8808973298249407,16
overall__mean_stop_epoch,noise_multiplier,utility_quantile,0.6875,0.8125,2.828125,0.61125,-0.9695467800564321,16
overall__mean_stop_epoch,noise_multiplier,utility_quantile,0.6875,0.9375,2.828125,0.70375,-0.9374931052879125,16
overall__mean_stop_epoch,noise_multiplier,utility_quantile,0.8125,0.0625,3.296875,0.05625,2.7416417326750464,16
overall__mean_stop_epoch,noise_multiplier,utility_quantile,0.8125,0.1875,3.296875,0.14875,0.7402394612630063,16
overall__mean_stop_epoch,noise_multiplier,utility_quantile,0.8125,0.3125,3.296875,0.24125000000000002,0.22281758626301862,16
overall__mean_stop_epoch,noise_multiplier,utility_quantile,0.8125,0.4375,3.296875,0.33375,-0.300465472186052,16
overall__mean_stop_epoch,noise_multiplier,utility_quantile,0.8125,0.5625,3.296875,0.42625,-0.7642500135633616,16
overall__mean_stop_epoch,noise_multiplier,utility_quantile,0.8125,0.6875,3.296875,0.51875,-0.8520760769314153,16
overall__mean_stop_epoch,noise_multiplier,utility_quantile,0.8125,0.8125,3.296875,0.61125,-0.9173777262369756,16
overall__mean_stop_epoch,noise_multiplier,utility_quantile,0.8125,0.9375,3.296875,0.70375,-0.8705294912832686,16
overall__mean_stop_epoch,noise_multiplier,utility_quantile,0.9375,0.0625,3.765625,0.05625,2.5432197853370875,16
overall__mean_stop_epoch,noise_multiplier,utility_quantile,0.9375,0.1875,3.765625,0.14875,0.6206919352213385,16
overall__mean_stop_epoch,noise_multiplier,utility_quantile,0.9375,0.3125,3.765625,0.24125000000000002,0.14299517596208933,16
overall__mean_stop_epoch,noise_multiplier,utility_quantile,0.9375,0.4375,3.765625,0.33375,-0.24141056767216096,16
overall__mean_stop_epoch,noise_multiplier,utility_quantile,0.9375,0.5625,3.765625,0.42625,-0.6700677942346553,16
overall__mean_stop_epoch,noise_multiplier,utility_quantile,0.9375,0.6875,3.765625,0.51875,-0.763779274269381,16
overall__mean_stop_epoch,noise_multiplier,utility_quantile,0.9375,0.8125,3.765625,0.61125,-0.8383315022786464,16
overall__mean_stop_epoch,noise_multiplier,utility_quantile,0.9375,0.9375,3.765625,0.70375,-0.7933177580656823,16
overall__mean_stop_epoch,min_epochs_floor,utility_quantile,0.0625,0.0625,17,0.05625,5.313047372323453,16
overall__mean_stop_epoch,min_epochs_floor,utility_quantile,0.0625,0.1875,17,0.14875,1.2415268283419882,16
overall__mean_stop_epoch,min_epochs_floor,utility_quantile,0.0625,0.3125,17,0.24125000000000002,-0.4972423412181852,16
overall__mean_stop_epoch,min_epochs_floor,utility_quantile,0.0625,0.4375,17,0.33375,-0.9191451913339188,16
overall__mean_stop_epoch,min_epochs_floor,utility_quantile,0.0625,0.5625,17,0.42625,-1.2472162995514884,16
overall__mean_stop_epoch,min_epochs_floor,utility_quantile,0.0625,0.6875,17,0.51875,-1.4094132034866629,16
overall__mean_stop_epoch,min_epochs_floor,utility_quantile,0.0625,0.8125,17,0.61125,-1.271424198857038,16
overall__mean_stop_epoch,min_epochs_floor,utility_quantile,0.0625,0.9375,17,0.70375,-1.210132966218148,16
overall__mean_stop_epoch,min_epochs_floor,utility_quantile,0.1875,0.0625,28,0.05625,5.485289125795686,16
overall__mean_stop_epoch,min_epochs_floor,utility_quantile,0.1875,0.1875,28,0.14875,1.2606754105179174,16
overall__mean_stop_epoch,min_epochs_floor,utility_quantile,0.1875,0.3125,28,0.24125000000000002,-0.33471991644966614,16
overall__mean_stop_epoch,min_epochs_floor,utility_quantile,0.1875,0.4375,28,0.33375,-0.7944584147135441,16
overall__mean_stop_epoch,min_epochs_floor,utility_quantile,0.1875,0.5625,28,0.42625,-1.2979635507089018,16
overall__mean_stop_epoch,min_epochs_floor,utility_quantile,0.1875,0.6875,28,0.51875,-1.5667808250144475,16
overall__mean_stop_epoch,min_epochs_floor,utility_quantile,0.1875,0.8125,28,0.61125,-1.4065869592737092,16
overall__mean_stop_epoch,min_epochs_floor,utility_quantile,0.1875,0.9375,28,0.70375,-1.3454548701533362,16
overall__mean_stop_epoch,min_epochs_floor,utility_quantile,0.3125,0.0625,39,0.05625,4.669569724754039,16
overall__mean_stop_epoch,min_epochs_floor,utility_quantile,0.3125,0.1875,39,0.14875,1.4012523057725588,16
overall__mean_stop_epoch,min_epochs_floor,utility_quantile,0.3125,0.3125,39,0.24125000000000002,0.29178579824941764,16
overall__mean_stop_epoch,min_epochs_floor,utility_quantile,0.3125,0.4375,39,0.33375,-0.6067113805700313,16
overall__mean_stop_epoch,min_epochs_floor,utility_quantile,0.3125,0.5625,39,0.42625,-1.3138044795283577,16
overall__mean_stop_epoch,min_epochs_floor,utility_quantile,0.3125,0.6875,39,0.51875,-1.6161952492042708,16
overall__mean_stop_epoch,min_epochs_floor,utility_quantile,0.3125,0.8125,39,0.61125,-1.452150110315383,16
overall__mean_stop_epoch,min_epochs_floor,utility_quantile,0.3125,0.9375,39,0.70375,-1.3737466091579726,16
overall__mean_stop_epoch,min_epochs_floor,utility_quantile,0.4375,0.0625,49,0.05625,1.9779587583188736,16
overall__mean_stop_epoch,min_epochs_floor,utility_quantile,0.4375,0.1875,49,0.14875,1.4190018717447854,16
overall__mean_stop_epoch,min_epochs_floor,utility_quantile,0.4375,0.3125,49,0.24125000000000002,0.4372060818142396,16
overall__mean_stop_epoch,min_epochs_floor,utility_quantile,0.4375,0.4375,49,0.33375,-0.5557673701533643,16
overall__mean_stop_epoch,min_epochs_floor,utility_quantile,0.4375,0.5625,49,0.42625,-0.7953344274450318,16
overall__mean_stop_epoch,min_epochs_floor,utility_quantile,0.4375,0.6875,49,0.51875,-0.7669960304542771,16
overall__mean_stop_epoch,min_epochs_floor,utility_quantile,0.4375,0.8125,49,0.61125,-0.8673490397135408,16
overall__mean_stop_epoch,min_epochs_floor,utility_quantile,0.4375,0.9375,49,0.70375,-0.848719844111689,16
overall__mean_stop_epoch,min_epochs_floor,utility_quantile,0.5625,0.0625,60,0.05625,-1.706796558521412,16
overall__mean_stop_epoch,min_epochs_floor,utility_quantile,0.5625,0.1875,60,0.14875,-0.4144021719473576,16
overall__mean_stop_epoch,min_epochs_floor,utility_quantile,0.5625,0.3125,60,0.24125000000000002,0.43069439923320996,16
overall__mean_stop_epoch,min_epochs_floor,utility_quantile,0.5625,0.4375,60,0.33375,0.7193413176359851,16
overall__mean_stop_epoch,min_epochs_floor,utility_quantile,0.5625,0.5625,60,0.42625,0.5066405797887752,16
overall__mean_stop_epoch,min_epochs_floor,utility_quantile,0.5625,0.6875,60,0.51875,0.4979578540943441,16
overall__mean_stop_epoch,min_epochs_floor,utility_quantile,0.5625,0.8125,60,0.61125,0.07322405779803898,16
overall__mean_stop_epoch,min_epochs_floor,utility_quantile,0.5625,0.9375,60,0.70375,-0.10665947808158549,16
overall__mean_stop_epoch,min_epochs_floor,utility_quantile,0.6875,0.0625,70,0.05625,-3.7532661042389686,16
overall__mean_stop_epoch,min_epochs_floor,utility_quantile,0.6875,0.1875,70,0.14875,-0.8807125741463864,16
overall__mean_stop_epoch,min_epochs_floor,utility_quantile,0.6875,0.3125,70,0.24125000000000002,0.20643550166378422,16
overall__mean_stop_epoch,min_epochs_floor,utility_quantile,0.6875,0.4375,70,0.33375,0.7170037163628535,16
overall__mean_stop_epoch,min_epochs_floor,utility_quantile,0.6875,0.5625,70,0.42625,1.0858596914785812,16
overall__mean_stop_epoch,min_epochs_floor,utility_quantile,0.6875,0.6875,70,0.51875,1.0341271972656019,16
overall__mean_stop_epoch,min_epochs_floor,utility_quantile,0.6875,0.8125,70,0.61125,0.8702556694878227,16
overall__mean_stop_epoch,min_epochs_floor,utility_quantile,0.6875,0.9375,70,0.70375,0.7202969021267087,16
overall__mean_stop_epoch,min_epochs_floor,utility_quantile,0.8125,0.0625,81,0.05625,-5.570569344979721,16
overall__mean_stop_epoch,min_epochs_floor,utility_quantile,0.8125,0.1875,81,0.14875,-1.7127293565537904,16
overall__mean_stop_epoch,min_epochs_floor,utility_quantile,0.8125,0.3125,81,0.24125000000000002,-0.1899099844473282,16
overall__mean_stop_epoch,min_epochs_floor,utility_quantile,0.8125,0.4375,81,0.33375,0.708904758029524,16
overall__mean_stop_epoch,min_epochs_floor,utility_quantile,0.8125,0.5625,81,0.42625,1.415506682219326,16
overall__mean_stop_epoch,min_epochs_floor,utility_quantile,0.8125,0.6875,81,0.51875,1.6974634241174469,16
overall__mean_stop_epoch,min_epochs_floor,utility_quantile,0.8125,0.8125,81,0.61125,1.7986034704137497,16
overall__mean_stop_epoch,min_epochs_floor,utility_quantile,0.8125,0.9375,81,0.70375,1.8527303512007816,16
overall__mean_stop_epoch,min_epochs_floor,utility_quantile,0.9375,0.0625,92,0.05625,-6.415232973451954,16
overall__mean_stop_epoch,min_epochs_floor,utility_quantile,0.9375,0.1875,92,0.14875,-2.314612313729717,16
overall__mean_stop_epoch,min_epochs_floor,utility_quantile,0.9375,0.3125,92,0.24125000000000002,-0.3442495388454736,16
overall__mean_stop_epoch,min_epochs_floor,utility_quantile,0.9375,0.4375,92,0.33375,0.7308325647424958,16
overall__mean_stop_epoch,min_epochs_floor,utility_quantile,0.9375,0.5625,92,0.42625,1.646311803747099,16
overall__mean_stop_epoch,min_epochs_floor,utility_quantile,0.9375,0.6875,92,0.51875,2.1298368326822734,16
overall__mean_stop_epoch,min_epochs_floor,utility_quantile,0.9375,0.8125,92,0.61125,2.2554271104600536,16
overall__mean_stop_epoch,min_epochs_floor,utility_quantile,0.9375,0.9375,92,0.70375,2.311686514395234,16
overall__mean_stop_epoch,min_epochs_floor,min_meaningful_gain,0.0625,0.0625,17,1.702886197051996e-06,-0.06822193287037302,16
overall__mean_stop_epoch,min_epochs_floor,min_meaningful_gain,0.0625,0.1875,17,4.938065836163674e-06,-0.02576533564814408,16
overall__mean_stop_epoch,min_epochs_floor,min_meaningful_gain,0.0625,0.3125,17,1.431950898686055e-05,0.029622034143530332,16
overall__mean_stop_epoch,min_epochs_floor,min_meaningful_gain,0.0625,0.4375,17,4.1524018599168725e-05,0.06665039062500423,16
overall__mean_stop_epoch,min_epochs_floor,min_meaningful_gain,0.0625,0.5625,17,0.00012041223775244372,0.007031249999992564,16
overall__mean_stop_epoch,min_epochs_floor,min_meaningful_gain,0.0625,0.6875,17,0.0003491739838696951,-0.0004973234953744438,16
overall__mean_stop_epoch,min_epochs_floor,min_meaningful_gain,0.0625,0.8125,17,0.0010125421907870799,-0.017076099537040354,16
overall__mean_stop_epoch,min_epochs_floor,min_meaningful_gain,0.0625,0.9375,17,0.002936191513358849,0.008257016782404772,16
overall__mean_stop_epoch,min_epochs_floor,min_meaningful_gain,0.1875,0.0625,28,1.702886197051996e-06,-0.0691279658564851,16
overall__mean_stop_epoch,min_epochs_floor,min_meaningful_gain,0.1875,0.1875,28,4.938065836163674e-06,-0.0001378038194411041,16
overall__mean_stop_epoch,min_epochs_floor,min_meaningful_gain,0.1875,0.3125,28,1.431950898686055e-05,0.051817853009266904,16
overall__mean_stop_epoch,min_epochs_floor,min_meaningful_gain,0.1875,0.4375,28,4.1524018599168725e-05,0.06066912615741045,16
overall__mean_stop_epoch,min_epochs_floor,min_meaningful_gain,0.1875,0.5625,28,0.00012041223775244372,0.010451027199067112,16
overall__mean_stop_epoch,min_epochs_floor,min_meaningful_gain,0.1875,0.6875,28,0.0003491739838696951,0.006686921296292184,16
overall__mean_stop_epoch,min_epochs_floor,min_meaningful_gain,0.1875,0.8125,28,0.0010125421907870799,-0.0415672019675926,16
overall__mean_stop_epoch,min_epochs_floor,min_meaningful_gain,0.1875,0.9375,28,0.002936191513358849,-0.01879195601851784,16
overall__mean_stop_epoch,min_epochs_floor,min_meaningful_gain,0.3125,0.0625,39,1.702886197051996e-06,-0.06496383101852192,16
overall__mean_stop_epoch,min_epochs_floor,min_meaningful_gain,0.3125,0.1875,39,4.938065836163674e-06,0.008742766203704358,16
overall__mean_stop_epoch,min_epochs_floor,min_meaningful_gain,0.3125,0.3125,39,1.431950898686055e-05,0.05577654803241107,16
overall__mean_stop_epoch,min_epochs_floor,min_meaningful_gain,0.3125,0.4375,39,4.1524018599168725e-05,0.04975802951388726,16
overall__mean_stop_epoch,min_epochs_floor,min_meaningful_gain,0.3125,0.5625,39,0.00012041223775244372,0.015040509259254056,16
overall__mean_stop_epoch,min_epochs_floor,min_meaningful_gain,0.3125,0.6875,39,0.0003491739838696951,-0.003356119791668541,16
overall__mean_stop_epoch,min_epochs_floor,min_meaningful_gain,0.3125,0.8125,39,0.0010125421907870799,-0.028560474537032185,16
overall__mean_stop_epoch,min_epochs_floor,min_meaningful_gain,0.3125,0.9375,39,0.002936191513358849,-0.0324374276620341,16
overall__mean_stop_epoch,min_epochs_floor,min_meaningful_gain,0.4375,0.0625,49,1.702886197051996e-06,0.05594943576388557,16
overall__mean_stop_epoch,min_epochs_floor,min_meaningful_gain,0.4375,0.1875,49,4.938065836163674e-06,0.00882848668981008,16
overall__mean_stop_epoch,min_epochs_floor,min_meaningful_gain,0.4375,0.3125,49,1.431950898686055e-05,0.012268518518515584,16
overall__mean_stop_epoch,min_epochs_floor,min_meaningful_gain,0.4375,0.4375,49,4.1524018599168725e-05,-0.02986979166666602,16
overall__mean_stop_epoch,min_epochs_floor,min_meaningful_gain,0.4375,0.5625,49,0.00012041223775244372,0.00251916956018379,16
overall__mean_stop_epoch,min_epochs_floor,min_meaningful_gain,0.4375,0.6875,49,0.0003491739838696951,-0.025556278935184515,16
overall__mean_stop_epoch,min_epochs_floor,min_meaningful_gain,0.4375,0.8125,49,0.0010125421907870799,-0.00844871238425314,16
overall__mean_stop_epoch,min_epochs_floor,min_meaningful_gain,0.4375,0.9375,49,0.002936191513358849,-0.01569082754629135,16
overall__mean_stop_epoch,min_epochs_floor,min_meaningful_gain,0.5625,0.0625,60,1.702886197051996e-06,0.013257016782407885,16
overall__mean_stop_epoch,min_epochs_floor,min_meaningful_gain,0.5625,0.1875,60,4.938065836163674e-06,-0.02657805266204026,16
overall__mean_stop_epoch,min_epochs_floor,min_meaningful_gain,0.5625,0.3125,60,1.431950898686055e-05,-0.05223813657407943,16
overall__mean_stop_epoch,min_epochs_floor,min_meaningful_gain,0.5625,0.4375,60,4.1524018599168725e-05,-0.050510706018523574,16
overall__mean_stop_epoch,min_epochs_floor,min_meaningful_gain,0.5625,0.5625,60,0.00012041223775244372,-0.008778573495370964,16
overall__mean_stop_epoch,min_epochs_floor,min_meaningful_gain,0.5625,0.6875,60,0.0003491739838696951,0.004569589120376208,16
overall__mean_stop_epoch,min_epochs_floor,min_meaningful_gain,0.5625,0.8125,60,0.0010125421907870799,0.0575220630787079,16
overall__mean_stop_epoch,min_epochs_floor,min_meaningful_gain,0.5625,0.9375,60,0.002936191513358849,0.06275679976852223,16
overall__mean_stop_epoch,min_epochs_floor,min_meaningful_gain,0.6875,0.0625,70,1.702886197051996e-06,0.05086914062501237,16
overall__mean_stop_epoch,min_epochs_floor,min_meaningful_gain,0.6875,0.1875,70,4.938065836163674e-06,0.009280598958335898,16
overall__mean_stop_epoch,min_epochs_floor,min_meaningful_gain,0.6875,0.3125,70,1.431950898686055e-05,-0.039640480324081004,16
overall__mean_stop_epoch,min_epochs_floor,min_meaningful_gain,0.6875,0.4375,70,4.1524018599168725e-05,-0.05095413773148148,16
overall__mean_stop_epoch,min_epochs_floor,min_meaningful_gain,0.6875,0.5625,70,0.00012041223775244372,-0.0163834635416628,16
overall__mean_stop_epoch,min_epochs_floor,min_meaningful_gain,0.6875,0.6875,70,0.0003491739838696951,-0.004403935185183214,16
overall__mean_stop_epoch,min_epochs_floor,min_meaningful_gain,0.6875,0.8125,70,0.0010125421907870799,0.021340784143511718,16
overall__mean_stop_epoch,min_epochs_floor,min_meaningful_gain,0.6875,0.9375,70,0.002936191513358849,0.029891493055548515,16
overall__mean_stop_epoch,min_epochs_floor,min_meaningful_gain,0.8125,0.0625,81,1.702886197051996e-06,0.041376229745376816,16
overall__mean_stop_epoch,min_epochs_floor,min_meaningful_gain,0.8125,0.1875,81,4.938065836163674e-06,0.013754701967593111,16
overall__mean_stop_epoch,min_epochs_floor,min_meaningful_gain,0.8125,0.3125,81,1.431950898686055e-05,-0.023427372685191614,16
overall__mean_stop_epoch,min_epochs_floor,min_meaningful_gain,0.8125,0.4375,81,4.1524018599168725e-05,-0.01611545138888658,16
overall__mean_stop_epoch,min_epochs_floor,min_meaningful_gain,0.8125,0.5625,81,0.00012041223775244372,0.00024341724537386977,16
overall__mean_stop_epoch,min_epochs_floor,min_meaningful_gain,0.8125,0.6875,81,0.0003491739838696951,0.014242621527777347,16
overall__mean_stop_epoch,min_epochs_floor,min_meaningful_gain,0.8125,0.8125,81,0.0010125421907870799,0.006555627893515839,16
overall__mean_stop_epoch,min_epochs_floor,min_meaningful_gain,0.8125,0.9375,81,0.002936191513358849,-0.03662977430555879,16
overall__mean_stop_epoch,min_epochs_floor,min_meaningful_gain,0.9375,0.0625,92,1.702886197051996e-06,0.040861906828697406,16
overall__mean_stop_epoch,min_epochs_floor,min_meaningful_gain,0.9375,0.1875,92,4.938065836163674e-06,0.011874638310181998,16
overall__mean_stop_epoch,min_epochs_floor,min_meaningful_gain,0.9375,0.3125,92,1.431950898686055e-05,-0.034178964120371844,16
overall__mean_stop_epoch,min_epochs_floor,min_meaningful_gain,0.9375,0.4375,92,4.1524018599168725e-05,-0.029627459490744287,16
overall__mean_stop_epoch,min_epochs_floor,min_meaningful_gain,0.9375,0.5625,92,0.00012041223775244372,-0.010123336226837629,16
overall__mean_stop_epoch,min_epochs_floor,min_meaningful_gain,0.9375,0.6875,92,0.0003491739838696951,0.008314525462964975,16
overall__mean_stop_epoch,min_epochs_floor,min_meaningful_gain,0.9375,0.8125,92,0.0010125421907870799,0.010234013310182824,16
overall__mean_stop_epoch,min_epochs_floor,min_meaningful_gain,0.9375,0.9375,92,0.002936191513358849,0.0026446759259265568,16
overall__mean_stop_epoch,min_epochs_floor,bayesian_window,0.0625,0.0625,17,14,-1.0265544524016261,16
overall__mean_stop_epoch,min_epochs_floor,bayesian_window,0.0625,0.1875,17,19,-0.8948592122395851,16
overall__mean_stop_epoch,min_epochs_floor,bayesian_window,0.0625,0.3125,17,24,-0.5725675455729144,16
overall__mean_stop_epoch,min_epochs_floor,bayesian_window,0.0625,0.4375,17,29,-0.1378004738136649,16
overall__mean_stop_epoch,min_epochs_floor,bayesian_window,0.0625,0.5625,17,33,0.19283682364004417,16
overall__mean_stop_epoch,min_epochs_floor,bayesian_window,0.0625,0.6875,17,38,0.5810952871817137,16
overall__mean_stop_epoch,min_epochs_floor,bayesian_window,0.0625,0.8125,17,43,0.8649085828993162,16
overall__mean_stop_epoch,min_epochs_floor,bayesian_window,0.0625,0.9375,17,48,0.9929409903067166,16
overall__mean_stop_epoch,min_epochs_floor,bayesian_window,0.1875,0.0625,28,14,-0.854501139322922,16
overall__mean_stop_epoch,min_epochs_floor,bayesian_window,0.1875,0.1875,28,19,-0.7300252278645873,16
overall__mean_stop_epoch,min_epochs_floor,bayesian_window,0.1875,0.3125,28,24,-0.42579779730902834,16
overall__mean_stop_epoch,min_epochs_floor,bayesian_window,0.1875,0.4375,28,29,-0.09513084129051297,16
overall__mean_stop_epoch,min_epochs_floor,bayesian_window,0.1875,0.5625,28,33,0.059024974681716635,16
overall__mean_stop_epoch,min_epochs_floor,bayesian_window,0.1875,0.6875,28,38,0.4696358687789379,16
overall__mean_stop_epoch,min_epochs_floor,bayesian_window,0.1875,0.8125,28,43,0.7263108543113492,16
overall__mean_stop_epoch,min_epochs_floor,bayesian_window,0.1875,0.9375,28,48,0.8504833080150476,16
overall__mean_stop_epoch,min_epochs_floor,bayesian_window,0.3125,0.0625,39,14,-0.16419225622106715,16
overall__mean_stop_epoch,min_epochs_floor,bayesian_window,0.3125,0.1875,39,19,-0.07715558087384433,16
overall__mean_stop_epoch,min_epochs_floor,bayesian_window,0.3125,0.3125,39,24,0.015570113570598787,16
overall__mean_stop_epoch,min_epochs_floor,bayesian_window,0.3125,0.4375,39,29,-0.020663972077547,16
overall__mean_stop_epoch,min_epochs_floor,bayesian_window,0.3125,0.5625,39,33,-0.024893572771987005,16
overall__mean_stop_epoch,min_epochs_floor,bayesian_window,0.3125,0.6875,39,38,0.03947021484375379,16
overall__mean_stop_epoch,min_epochs_floor,bayesian_window,0.3125,0.8125,39,43,0.1041428855613451,16
overall__mean_stop_epoch,min_epochs_floor,bayesian_window,0.3125,0.9375,39,48,0.12772216796874902,16
overall__mean_stop_epoch,min_epochs_floor,bayesian_window,0.4375,0.0625,49,14,0.18865749782986163,16
overall__mean_stop_epoch,min_epochs_floor,bayesian_window,0.4375,0.1875,49,19,0.15191523799189666,16
overall__mean_stop_epoch,min_epochs_floor,bayesian_window,0.4375,0.3125,49,24,0.07196442780671286,16
overall__mean_stop_epoch,min_epochs_floor,bayesian_window,0.4375,0.4375,49,29,-0.14556306061921354,16
overall__mean_stop_epoch,min_epochs_floor,bayesian_window,0.4375,0.5625,49,33,-0.06529613353587815,16
overall__mean_stop_epoch,min_epochs_floor,bayesian_window,0.4375,0.6875,49,38,-0.053927137586804674,16
overall__mean_stop_epoch,min_epochs_floor,bayesian_window,0.4375,0.8125,49,43,-0.05560574001736063,16
overall__mean_stop_epoch,min_epochs_floor,bayesian_window,0.4375,0.9375,49,48,-0.09214509186921394,16
overall__mean_stop_epoch,min_epochs_floor,bayesian_window,0.5625,0.0625,60,14,0.15760859736690258,16
overall__mean_stop_epoch,min_epochs_floor,bayesian_window,0.5625,0.1875,60,19,0.0822899486400459,16
overall__mean_stop_epoch,min_epochs_floor,bayesian_window,0.5625,0.3125,60,24,-0.04279396339699271,16
overall__mean_stop_epoch,min_epochs_floor,bayesian_window,0.5625,0.4375,60,29,-0.0819013129340267,16
overall__mean_stop_epoch,min_epochs_floor,bayesian_window,0.5625,0.5625,60,33,0.10000913266782141,16
overall__mean_stop_epoch,min_epochs_floor,bayesian_window,0.5625,0.6875,60,38,-0.013639232494214726,16
overall__mean_stop_epoch,min_epochs_floor,bayesian_window,0.5625,0.8125,60,43,-0.08027153862847403,16
overall__mean_stop_epoch,min_epochs_floor,bayesian_window,0.5625,0.9375,60,48,-0.12130163122106152,16
overall__mean_stop_epoch,min_epochs_floor,bayesian_window,0.6875,0.0625,70,14,0.39399386935765146,16
overall__mean_stop_epoch,min_epochs_floor,bayesian_window,0.6875,0.1875,70,19,0.3643696650752406,16
overall__mean_stop_epoch,min_epochs_floor,bayesian_window,0.6875,0.3125,70,24,0.2134379521122669,16
overall__mean_stop_epoch,min_epochs_floor,bayesian_window,0.6875,0.4375,70,29,0.1109393988715317,16
overall__mean_stop_epoch,min_epochs_floor,bayesian_window,0.6875,0.5625,70,33,-0.057673882378473484,16
overall__mean_stop_epoch,min_epochs_floor,bayesian_window,0.6875,0.6875,70,38,-0.23629331235533058,16
overall__mean_stop_epoch,min_epochs_floor,bayesian_window,0.6875,0.8125,70,43,-0.36584517867477606,16
overall__mean_stop_epoch,min_epochs_floor,bayesian_window,0.6875,0.9375,70,48,-0.4229285120081103,16
overall__mean_stop_epoch,min_epochs_floor,bayesian_window,0.8125,0.0625,81,14,0.6751653826678281,16
overall__mean_stop_epoch,min_epochs_floor,bayesian_window,0.8125,0.1875,81,19,0.572641872829867,16
overall__mean_stop_epoch,min_epochs_floor,bayesian_window,0.8125,0.3125,81,24,0.3776071506076495,16
overall__mean_stop_epoch,min_epochs_floor,bayesian_window,0.8125,0.4375,81,29,0.18712537977431487,16
overall__mean_stop_epoch,min_epochs_floor,bayesian_window,0.8125,0.5625,81,33,-0.11180618851273771,16
overall__mean_stop_epoch,min_epochs_floor,bayesian_window,0.8125,0.6875,81,38,-0.4049886971932948,16
overall__mean_stop_epoch,min_epochs_floor,bayesian_window,0.8125,0.8125,81,43,-0.6169248227720052,16
overall__mean_stop_epoch,min_epochs_floor,bayesian_window,0.8125,0.9375,81,48,-0.6788200774016224,16
overall__mean_stop_epoch,min_epochs_floor,bayesian_window,0.9375,0.0625,92,14,0.629822500723372,16
overall__mean_stop_epoch,min_epochs_floor,bayesian_window,0.9375,0.1875,92,19,0.5308232964409667,16
overall__mean_stop_epoch,min_epochs_floor,bayesian_window,0.9375,0.3125,92,24,0.3625796621817079,16
overall__mean_stop_epoch,min_epochs_floor,bayesian_window,0.9375,0.4375,92,29,0.1829948820891203,16
overall__mean_stop_epoch,min_epochs_floor,bayesian_window,0.9375,0.5625,92,33,-0.09220115379050453,16
overall__mean_stop_epoch,min_epochs_floor,bayesian_window,0.9375,0.6875,92,38,-0.38135299117476107,16
overall__mean_stop_epoch,min_epochs_floor,bayesian_window,0.9375,0.8125,92,43,-0.5767150426793954,16
overall__mean_stop_epoch,min_epochs_floor,bayesian_window,0.9375,0.9375,92,48,-0.6559511537905063,16
