output,parameter,bin,normalized_center,parameter_value,ale_effect,samples
overall__mean_energy_saving_fraction,min_epochs_floor,1,0.05,16,0.056181815726151135,103
overall__mean_energy_saving_fraction,min_epochs_floor,2,0.15000000000000002,25,0.05322638133838222,102
overall__mean_energy_saving_fraction,min_epochs_floor,3,0.25,33,0.05086612597100516,103
overall__mean_energy_saving_fraction,min_epochs_floor,4,0.35000000000000003,42,0.044042621827784845,102
overall__mean_energy_saving_fraction,min_epochs_floor,5,0.45,50,0.02655741280894417,102
overall__mean_energy_saving_fraction,min_epochs_floor,6,0.55,59,-0.001940477132536006,102
overall__mean_energy_saving_fraction,min_epochs_floor,7,0.6500000000000001,67,-0.029889308029229456,103
overall__mean_energy_saving_fraction,min_epochs_floor,8,0.75,76,-0.04974801540776795,102
overall__mean_energy_saving_fraction,min_epochs_floor,9,0.8500000000000001,84,-0.06852346618686596,103
overall__mean_energy_saving_fraction,min_epochs_floor,10,0.95,93,-0.08085774942058434,102
overall__mean_energy_saving_fraction,noise_multiplier,1,0.05,0.4375,-0.061433719443418244,103
overall__mean_energy_saving_fraction,noise_multiplier,2,0.15000000000000002,0.8125000000000001,-0.04938983343387898,102
overall__mean_energy_saving_fraction,noise_multiplier,3,0.25,1.1875,-0.029074557007332233,102
overall__mean_energy_saving_fraction,noise_multiplier,4,0.35000000000000003,1.5625000000000002,-0.010868464432819927,103
overall__mean_energy_saving_fraction,noise_multiplier,5,0.45,1.9375,0.0045642825186927305,102
overall__mean_energy_saving_fraction,noise_multiplier,6,0.55,2.3125,0.01673929556734438,102
overall__mean_energy_saving_fraction,noise_multiplier,7,0.6500000000000001,2.6875000000000004,0.0263036757415889,103
overall__mean_energy_saving_fraction,noise_multiplier,8,0.75,3.0625,0.032184660668727993,102
overall__mean_energy_saving_fraction,noise_multiplier,9,0.8500000000000001,3.4375000000000004,0.03461563546180402,102
overall__mean_energy_saving_fraction,noise_multiplier,10,0.95,3.8125,0.03645261158041127,103
overall__mean_energy_saving_fraction,utility_quantile,1,0.05,0.047,-0.06570748009166254,102
overall__mean_energy_saving_fraction,utility_quantile,2,0.15000000000000002,0.12100000000000001,-0.04611774717519353,103
overall__mean_energy_saving_fraction,utility_quantile,3,0.25,0.195,-0.018101462254615203,103
overall__mean_energy_saving_fraction,utility_quantile,4,0.35000000000000003,0.269,-0.0001810023152262613,102
overall__mean_energy_saving_fraction,utility_quantile,5,0.45,0.343,0.010337803341673182,102
overall__mean_energy_saving_fraction,utility_quantile,6,0.55,0.41700000000000004,0.017512631409794657,102
overall__mean_energy_saving_fraction,utility_quantile,7,0.6500000000000001,0.4910000000000001,0.02174673710482715,103
overall__mean_energy_saving_fraction,utility_quantile,8,0.75,0.565,0.02480685720764801,103
overall__mean_energy_saving_fraction,utility_quantile,9,0.8500000000000001,0.639,0.027361678797463415,102
overall__mean_energy_saving_fraction,utility_quantile,10,0.95,0.713,0.028515176280363055,102
overall__mean_energy_saving_fraction,minimum_quality_floor,1,0.05,0.034999999999999996,0.017085106141953934,103
overall__mean_energy_saving_fraction,minimum_quality_floor,2,0.15000000000000002,0.10500000000000001,0.015789685163886985,101
overall__mean_energy_saving_fraction,minimum_quality_floor,3,0.25,0.175,0.014194072181940617,104
overall__mean_energy_saving_fraction,minimum_quality_floor,4,0.35000000000000003,0.245,0.012668831691155274,101
overall__mean_energy_saving_fraction,minimum_quality_floor,5,0.45,0.315,0.010674676524414181,103
overall__mean_energy_saving_fraction,minimum_quality_floor,6,0.55,0.385,0.0066791469857434005,102
overall__mean_energy_saving_fraction,minimum_quality_floor,7,0.6500000000000001,0.45500000000000007,-0.003474160611626767,103
overall__mean_energy_saving_fraction,minimum_quality_floor,8,0.75,0.5249999999999999,-0.017535783980362294,102
overall__mean_energy_saving_fraction,minimum_quality_floor,9,0.8500000000000001,0.595,-0.02668036436646758,103
overall__mean_energy_saving_fraction,minimum_quality_floor,10,0.95,0.6649999999999999,-0.029377041938452576,102
overall__mean_energy_saving_fraction,trend_window,1,0.05,5,-0.01604187450996238,102
overall__mean_energy_saving_fraction,trend_window,2,0.15000000000000002,8,-0.015042977126082158,103
overall__mean_energy_saving_fraction,trend_window,3,0.25,10,-0.012387457371675088,102
overall__mean_energy_saving_fraction,trend_window,4,0.35000000000000003,13,-0.007241375928647327,103
overall__mean_energy_saving_fraction,trend_window,5,0.45,16,-0.0011419285588858148,102
overall__mean_energy_saving_fraction,trend_window,6,0.55,18,0.0039420063956635935,102
overall__mean_energy_saving_fraction,trend_window,7,0.6500000000000001,21,0.008075128539703536,103
overall__mean_energy_saving_fraction,trend_window,8,0.75,24,0.011371339355837288,102
overall__mean_energy_saving_fraction,trend_window,9,0.8500000000000001,26,0.013554958530755987,103
overall__mean_energy_saving_fraction,trend_window,10,0.95,29,0.014918595045687173,102
overall__mean_energy_saving_fraction,horizon_epochs,1,0.05,4,0.014237127277151554,102
overall__mean_energy_saving_fraction,horizon_epochs,2,0.15000000000000002,5,0.011499637348250463,103
overall__mean_energy_saving_fraction,horizon_epochs,3,0.25,6,0.008336316360087696,102
overall__mean_energy_saving_fraction,horizon_epochs,4,0.35000000000000003,7,0.00439206877453607,102
overall__mean_energy_saving_fraction,horizon_epochs,5,0.45,8,0.000757959458742994,103
overall__mean_energy_saving_fraction,horizon_epochs,6,0.55,10,-0.002601920846945549,103
overall__mean_energy_saving_fraction,horizon_epochs,7,0.6500000000000001,11,-0.006149169331925632,101
overall__mean_energy_saving_fraction,horizon_epochs,8,0.75,12,-0.008738650129887823,103
overall__mean_energy_saving_fraction,horizon_epochs,9,0.8500000000000001,13,-0.010384081227416728,103
overall__mean_energy_saving_fraction,horizon_epochs,10,0.95,14,-0.011316759387834916,102
overall__mean_energy_saving_fraction,bayesian_window,1,0.05,14,0.00661198020348782,102
overall__mean_energy_saving_fraction,bayesian_window,2,0.15000000000000002,18,0.0057313241981883,103
overall__mean_energy_saving_fraction,bayesian_window,3,0.25,22,0.004686009482982418,102
overall__mean_energy_saving_fraction,bayesian_window,4,0.35000000000000003,25,0.0030686721220177923,103
overall__mean_energy_saving_fraction,bayesian_window,5,0.45,29,0.0011506537614388145,102
overall__mean_energy_saving_fraction,bayesian_window,6,0.55,33,-0.0009237855561137747,102
overall__mean_energy_saving_fraction,bayesian_window,7,0.6500000000000001,37,-0.002875811638479263,102
overall__mean_energy_saving_fraction,bayesian_window,8,0.75,40,-0.004786027201796932,103
overall__mean_energy_saving_fraction,bayesian_window,9,0.8500000000000001,44,-0.006119937177762973,102
overall__mean_energy_saving_fraction,bayesian_window,10,0.95,48,-0.006518523736917994,103
overall__mean_energy_saving_fraction,remaining_room_fraction,1,0.05,0.000651660660281532,-0.0028522217490847355,103
overall__mean_energy_saving_fraction,remaining_room_fraction,2,0.15000000000000002,0.0011069410767284434,-0.002919845991116514,102
overall__mean_energy_saving_fraction,remaining_room_fraction,3,0.25,0.0018803015465431972,-0.0028121825775683992,103
overall__mean_energy_saving_fraction,remaining_room_fraction,4,0.35000000000000003,0.0031939675744819093,-0.0025249422293384433,102
overall__mean_energy_saving_fraction,remaining_room_fraction,5,0.45,0.005425421728550121,-0.0019678894201713764,102
overall__mean_energy_saving_fraction,remaining_room_fraction,6,0.55,0.00921587343835149,-0.001139687247295925,103
overall__mean_energy_saving_fraction,remaining_room_fraction,7,0.6500000000000001,0.015654510834572418,0.00014099749085549592,102
overall__mean_energy_saving_fraction,remaining_room_fraction,8,0.75,0.026591479484724956,0.0018730535498616445,103
overall__mean_energy_saving_fraction,remaining_room_fraction,9,0.8500000000000001,0.0451695226161222,0.004441233120885402,102
overall__mean_energy_saving_fraction,remaining_room_fraction,10,0.95,0.07672704990109257,0.007809828563012921,102
overall__mean_quality_regret_pp,min_epochs_floor,1,0.05,16,0.725195336306957,103
overall__mean_quality_regret_pp,min_epochs_floor,2,0.15000000000000002,25,0.6852586276870678,102
overall__mean_quality_regret_pp,min_epochs_floor,3,0.25,33,0.64661870945943,103
overall__mean_quality_regret_pp,min_epochs_floor,4,0.35000000000000003,42,0.5333425534604039,102
overall__mean_quality_regret_pp,min_epochs_floor,5,0.45,50,0.2783425707008416,102
overall__mean_quality_regret_pp,min_epochs_floor,6,0.55,59,-0.10087739166027987,102
overall__mean_quality_regret_pp,min_epochs_floor,7,0.6500000000000001,67,-0.4548847295398952,103
overall__mean_quality_regret_pp,min_epochs_floor,8,0.75,76,-0.6719633841429644,102
overall__mean_quality_regret_pp,min_epochs_floor,9,0.8500000000000001,84,-0.7977443670891393,103
overall__mean_quality_regret_pp,min_epochs_floor,10,0.95,93,-0.8444564050759253,102
overall__mean_quality_regret_pp,noise_multiplier,1,0.05,0.4375,-0.6325212615944723,103
overall__mean_quality_regret_pp,noise_multiplier,2,0.15000000000000002,0.8125000000000001,-0.5081174582797633,102
overall__mean_quality_regret_pp,noise_multiplier,3,0.25,1.1875,-0.29551598163349563,102
overall__mean_quality_regret_pp,noise_multiplier,4,0.35000000000000003,1.5625000000000002,-0.11665310088951242,103
overall__mean_quality_regret_pp,noise_multiplier,5,0.45,1.9375,0.029943810116704217,102
overall__mean_quality_regret_pp,noise_multiplier,6,0.55,2.3125,0.1579448306491028,102
overall__mean_quality_regret_pp,noise_multiplier,7,0.6500000000000001,2.6875000000000004,0.2683178745300414,103
overall__mean_quality_regret_pp,noise_multiplier,8,0.75,3.0625,0.3394473096917241,102
overall__mean_quality_regret_pp,noise_multiplier,9,0.8500000000000001,3.4375000000000004,0.368580079201694,102
overall__mean_quality_regret_pp,noise_multiplier,10,0.95,3.8125,0.38946984568123977,103
overall__mean_quality_regret_pp,utility_quantile,1,0.05,0.047,-0.6579103606637212,102
overall__mean_quality_regret_pp,utility_quantile,2,0.15000000000000002,0.12100000000000001,-0.5076246787507825,103
overall__mean_quality_regret_pp,utility_quantile,3,0.25,0.195,-0.2650286333774172,103
overall__mean_quality_regret_pp,utility_quantile,4,0.35000000000000003,0.269,-0.06904464553570455,102
overall__mean_quality_regret_pp,utility_quantile,5,0.45,0.343,0.07524397402591554,102
overall__mean_quality_regret_pp,utility_quantile,6,0.55,0.41700000000000004,0.1888207618398564,102
overall__mean_quality_regret_pp,utility_quantile,7,0.6500000000000001,0.4910000000000001,0.2561566709508004,103
overall__mean_quality_regret_pp,utility_quantile,8,0.75,0.565,0.29948123567392926,103
overall__mean_quality_regret_pp,utility_quantile,9,0.8500000000000001,0.639,0.33377713667232956,102
overall__mean_quality_regret_pp,utility_quantile,10,0.95,0.713,0.3482561411795343,102
overall__mean_quality_regret_pp,minimum_quality_floor,1,0.05,0.034999999999999996,0.172884265163381,103
overall__mean_quality_regret_pp,minimum_quality_floor,2,0.15000000000000002,0.10500000000000001,0.1620690849564366,101
overall__mean_quality_regret_pp,minimum_quality_floor,3,0.25,0.175,0.14856383110596033,104
overall__mean_quality_regret_pp,minimum_quality_floor,4,0.35000000000000003,0.245,0.13697013669382063,101
overall__mean_quality_regret_pp,minimum_quality_floor,5,0.45,0.315,0.12195193659702644,103
overall__mean_quality_regret_pp,minimum_quality_floor,6,0.55,0.385,0.07971554978961577,102
overall__mean_quality_regret_pp,minimum_quality_floor,7,0.6500000000000001,0.45500000000000007,-0.028455278924641086,103
overall__mean_quality_regret_pp,minimum_quality_floor,8,0.75,0.5249999999999999,-0.17698835857986608,102
overall__mean_quality_regret_pp,minimum_quality_floor,9,0.8500000000000001,0.595,-0.2866184344745386,103
overall__mean_quality_regret_pp,minimum_quality_floor,10,0.95,0.6649999999999999,-0.3298755845715371,102
overall__mean_quality_regret_pp,trend_window,1,0.05,5,-0.1613351846764188,102
overall__mean_quality_regret_pp,trend_window,2,0.15000000000000002,8,-0.15353042504335418,103
overall__mean_quality_regret_pp,trend_window,3,0.25,10,-0.13177025134672107,102
overall__mean_quality_regret_pp,trend_window,4,0.35000000000000003,13,-0.08108526897181305,103
overall__mean_quality_regret_pp,trend_window,5,0.45,16,-0.017452002839764308,102
overall__mean_quality_regret_pp,trend_window,6,0.55,18,0.03659719643096285,102
overall__mean_quality_regret_pp,trend_window,7,0.6500000000000001,21,0.08175452562623606,103
overall__mean_quality_regret_pp,trend_window,8,0.75,24,0.1200118458199862,102
overall__mean_quality_regret_pp,trend_window,9,0.8500000000000001,26,0.1459869433538215,103
overall__mean_quality_regret_pp,trend_window,10,0.95,29,0.16089001601015412,102
overall__mean_quality_regret_pp,horizon_epochs,1,0.05,4,0.1630385194027104,102
overall__mean_quality_regret_pp,horizon_epochs,2,0.15000000000000002,5,0.1323203976183172,103
overall__mean_quality_regret_pp,horizon_epochs,3,0.25,6,0.09925529385515089,102
overall__mean_quality_regret_pp,horizon_epochs,4,0.35000000000000003,7,0.0520439287820621,102
overall__mean_quality_regret_pp,horizon_epochs,5,0.45,8,0.007487711766967831,103
overall__mean_quality_regret_pp,horizon_epochs,6,0.55,10,-0.030913561752939633,103
overall__mean_quality_regret_pp,horizon_epochs,7,0.6500000000000001,11,-0.0724244521968215,101
overall__mean_quality_regret_pp,horizon_epochs,8,0.75,12,-0.10153049665285721,103
overall__mean_quality_regret_pp,horizon_epochs,9,0.8500000000000001,13,-0.11926757076338226,103
overall__mean_quality_regret_pp,horizon_epochs,10,0.95,14,-0.12962272037698144,102
overall__mean_quality_regret_pp,bayesian_window,1,0.05,14,0.07051305202450057,102
overall__mean_quality_regret_pp,bayesian_window,2,0.15000000000000002,18,0.06225473021103082,103
overall__mean_quality_regret_pp,bayesian_window,3,0.25,22,0.051644082134785316,102
overall__mean_quality_regret_pp,bayesian_window,4,0.35000000000000003,25,0.0344654678068933,103
overall__mean_quality_regret_pp,bayesian_window,5,0.45,29,0.015101727030904115,102
overall__mean_quality_regret_pp,bayesian_window,6,0.55,33,-0.0063017262198157425,102
overall__mean_quality_regret_pp,bayesian_window,7,0.6500000000000001,37,-0.02855455339873096,102
overall__mean_quality_regret_pp,bayesian_window,8,0.75,40,-0.05246674375362599,103
overall__mean_quality_regret_pp,bayesian_window,9,0.8500000000000001,44,-0.07003810360701691,102
overall__mean_quality_regret_pp,bayesian_window,10,0.95,48,-0.07630371399625831,103
overall__mean_quality_regret_pp,patience,1,0.05,1,0.07793327956304347,102
overall__mean_quality_regret_pp,patience,2,0.15000000000000002,2,0.06316404105945034,102
overall__mean_quality_regret_pp,patience,3,0.25,3,0.046593652208653344,103
overall__mean_quality_regret_pp,patience,4,0.35000000000000003,3,0.028678936153577805,102
overall__mean_quality_regret_pp,patience,5,0.45,4,0.006697992735863564,103
overall__mean_quality_regret_pp,patience,6,0.55,5,-0.016938248247297394,102
overall__mean_quality_regret_pp,patience,7,0.6500000000000001,6,-0.03641290420820062,102
overall__mean_quality_regret_pp,patience,8,0.75,6,-0.048915776776396955,103
overall__mean_quality_regret_pp,patience,9,0.8500000000000001,7,-0.057836725471774694,103
overall__mean_quality_regret_pp,patience,10,0.95,8,-0.06244012096492228,102
overall__mean_stop_epoch,min_epochs_floor,1,0.05,16,-5.613669769476242,103
overall__mean_stop_epoch,min_epochs_floor,2,0.15000000000000002,25,-5.318060829523056,102
overall__mean_stop_epoch,min_epochs_floor,3,0.25,33,-5.082967666268902,103
overall__mean_stop_epoch,min_epochs_floor,4,0.35000000000000003,42,-4.404020109405452,102
overall__mean_stop_epoch,min_epochs_floor,5,0.45,50,-2.6608052401244047,102
overall__mean_stop_epoch,min_epochs_floor,6,0.55,59,0.1857034744725441,102
overall__mean_stop_epoch,min_epochs_floor,7,0.6500000000000001,67,2.97990842393704,103
overall__mean_stop_epoch,min_epochs_floor,8,0.75,76,4.965786848347079,102
overall__mean_stop_epoch,min_epochs_floor,9,0.8500000000000001,84,6.85402908073986,103
overall__mean_stop_epoch,min_epochs_floor,10,0.95,93,8.10255362976299,102
overall__mean_stop_epoch,noise_multiplier,1,0.05,0.4375,6.168016225693525,103
overall__mean_stop_epoch,noise_multiplier,2,0.15000000000000002,0.8125000000000001,4.959008945462123,102
overall__mean_stop_epoch,noise_multiplier,3,0.25,1.1875,2.919247462165089,102
overall__mean_stop_epoch,noise_multiplier,4,0.35000000000000003,1.5625000000000002,1.090278812857104,103
overall__mean_stop_epoch,noise_multiplier,5,0.45,1.9375,-0.4597978838364929,102
overall__mean_stop_epoch,noise_multiplier,6,0.55,2.3125,-1.6814821385569036,102
overall__mean_stop_epoch,noise_multiplier,7,0.6500000000000001,2.6875000000000004,-2.6409283787124505,103
overall__mean_stop_epoch,noise_multiplier,8,0.75,3.0625,-3.2307229758033618,102
overall__mean_stop_epoch,noise_multiplier,9,0.8500000000000001,3.4375000000000004,-3.4744044391294384,102
overall__mean_stop_epoch,noise_multiplier,10,0.95,3.8125,-3.6586151546993797,103
overall__mean_stop_epoch,utility_quantile,1,0.05,0.047,6.595874938039626,102
overall__mean_stop_epoch,utility_quantile,2,0.15000000000000002,0.12100000000000001,4.62749293542736,103
overall__mean_stop_epoch,utility_quantile,3,0.25,0.195,1.8147679713856508,103
overall__mean_stop_epoch,utility_quantile,4,0.35000000000000003,0.269,0.016868365076023295,102
overall__mean_stop_epoch,utility_quantile,5,0.45,0.343,-1.0375640514090954,102
overall__mean_stop_epoch,utility_quantile,6,0.55,0.41700000000000004,-1.7566624083444626,102
overall__mean_stop_epoch,utility_quantile,7,0.6500000000000001,0.4910000000000001,-2.1817831286030778,103
overall__mean_stop_epoch,utility_quantile,8,0.75,0.565,-2.4891247997645305,103
overall__mean_stop_epoch,utility_quantile,9,0.8500000000000001,0.639,-2.7456186264843616,102
overall__mean_stop_epoch,utility_quantile,10,0.95,0.713,-2.8616174009941684,102
overall__mean_stop_epoch,minimum_quality_floor,1,0.05,0.034999999999999996,-1.7193752561640734,103
overall__mean_stop_epoch,minimum_quality_floor,2,0.15000000000000002,0.10500000000000001,-1.5890203282764626,101
overall__mean_stop_epoch,minimum_quality_floor,3,0.25,0.175,-1.4284102564519725,104
overall__mean_stop_epoch,minimum_quality_floor,4,0.35000000000000003,0.245,-1.2746605164939995,101
overall__mean_stop_epoch,minimum_quality_floor,5,0.45,0.315,-1.0736665946908124,103
overall__mean_stop_epoch,minimum_quality_floor,6,0.55,0.385,-0.6719425478939185,102
overall__mean_stop_epoch,minimum_quality_floor,7,0.6500000000000001,0.45500000000000007,0.3484634028943445,103
overall__mean_stop_epoch,minimum_quality_floor,8,0.75,0.5249999999999999,1.7640235611989443,102
overall__mean_stop_epoch,minimum_quality_floor,9,0.8500000000000001,0.595,2.6854616635884065,103
overall__mean_stop_epoch,minimum_quality_floor,10,0.95,0.6649999999999999,2.956698013980775,102
overall__mean_stop_epoch,trend_window,1,0.05,5,1.6091026691379433,102
overall__mean_stop_epoch,trend_window,2,0.15000000000000002,8,1.5088020737109942,103
overall__mean_stop_epoch,trend_window,3,0.25,10,1.2423397589666858,102
overall__mean_stop_epoch,trend_window,4,0.35000000000000003,13,0.7261482550817806,103
overall__mean_stop_epoch,trend_window,5,0.45,16,0.11440369201023737,102
overall__mean_stop_epoch,trend_window,6,0.55,18,-0.3953142183020364,102
overall__mean_stop_epoch,trend_window,7,0.6500000000000001,21,-0.8097326392572572,103
overall__mean_stop_epoch,trend_window,8,0.75,24,-1.1403801814906207,102
overall__mean_stop_epoch,trend_window,9,0.8500000000000001,26,-1.3595309599699377,103
overall__mean_stop_epoch,trend_window,10,0.95,29,-1.4964824374325523,102
overall__mean_stop_epoch,horizon_epochs,1,0.05,4,-1.4287675301004015,102
overall__mean_stop_epoch,horizon_epochs,2,0.15000000000000002,5,-1.153693652563051,103
overall__mean_stop_epoch,horizon_epochs,3,0.25,6,-0.8358186221571461,102
overall__mean_stop_epoch,horizon_epochs,4,0.35000000000000003,7,-0.4401859061077611,102
overall__mean_stop_epoch,horizon_epochs,5,0.45,8,-0.0758503258220673,103
overall__mean_stop_epoch,horizon_epochs,6,0.55,10,0.2611772721642698,103
overall__mean_stop_epoch,horizon_epochs,7,0.6500000000000001,11,0.6168832250411114,101
overall__mean_stop_epoch,horizon_epochs,8,0.75,12,0.8764681782775348,103
overall__mean_stop_epoch,horizon_epochs,9,0.8500000000000001,13,1.0414479517403181,103
overall__mean_stop_epoch,horizon_epochs,10,0.95,14,1.1350779762060543,102
overall__mean_stop_epoch,bayesian_window,1,0.05,14,-0.6623574289695356,102
overall__mean_stop_epoch,bayesian_window,2,0.15000000000000002,18,-0.5739465980334223,103
overall__mean_stop_epoch,bayesian_window,3,0.25,22,-0.4691198720355807,102
overall__mean_stop_epoch,bayesian_window,4,0.35000000000000003,25,-0.30712688390181614,103
overall__mean_stop_epoch,bayesian_window,5,0.45,29,-0.11496868153421147,102
overall__mean_stop_epoch,bayesian_window,6,0.55,33,0.0928492650888798,102
overall__mean_stop_epoch,bayesian_window,7,0.6500000000000001,37,0.2881846862943991,102
overall__mean_stop_epoch,bayesian_window,8,0.75,40,0.479243408911459,103
overall__mean_stop_epoch,bayesian_window,9,0.8500000000000001,44,0.6125486366120318,102
overall__mean_stop_epoch,bayesian_window,10,0.95,48,0.6522384831547468,103
overall__mean_stop_epoch,remaining_room_fraction,1,0.05,0.000651660660281532,0.28789399793568504,103
overall__mean_stop_epoch,remaining_room_fraction,2,0.15000000000000002,0.0011069410767284434,0.2946495423864747,102
overall__mean_stop_epoch,remaining_room_fraction,3,0.25,0.0018803015465431972,0.283706417293935,103
overall__mean_stop_epoch,remaining_room_fraction,4,0.35000000000000003,0.0031939675744819093,0.2546530434722756,102
overall__mean_stop_epoch,remaining_room_fraction,5,0.45,0.005425421728550121,0.1983193016422093,102
overall__mean_stop_epoch,remaining_room_fraction,6,0.55,0.00921587343835149,0.11453610191859265,103
overall__mean_stop_epoch,remaining_room_fraction,7,0.6500000000000001,0.015654510834572418,-0.014736839998196694,102
overall__mean_stop_epoch,remaining_room_fraction,8,0.75,0.026591479484724956,-0.18938127598187066,103
overall__mean_stop_epoch,remaining_room_fraction,9,0.8500000000000001,0.0451695226161222,-0.4479400184288689,102
overall__mean_stop_epoch,remaining_room_fraction,10,0.95,0.07672704990109257,-0.7865704196634353,102
overall__bayesian_veto_rate,min_epochs_floor,1,0.05,16,0.011904322869041004,103
overall__bayesian_veto_rate,min_epochs_floor,2,0.15000000000000002,25,0.011096980744764541,102
overall__bayesian_veto_rate,min_epochs_floor,3,0.25,33,0.010044168159250107,103
overall__bayesian_veto_rate,min_epochs_floor,4,0.35000000000000003,42,0.007760279710760333,102
overall__bayesian_veto_rate,min_epochs_floor,5,0.45,50,0.0035069897500268846,102
overall__bayesian_veto_rate,min_epochs_floor,6,0.55,59,-0.0013057644110790086,102
overall__bayesian_veto_rate,min_epochs_floor,7,0.6500000000000001,67,-0.006005794059433309,103
overall__bayesian_veto_rate,min_epochs_floor,8,0.75,76,-0.01019994552835215,102
overall__bayesian_veto_rate,min_epochs_floor,9,0.8500000000000001,84,-0.01283303989422375,103
overall__bayesian_veto_rate,min_epochs_floor,10,0.95,93,-0.013998684174819689,102
overall__bayesian_veto_rate,utility_quantile,1,0.05,0.047,-0.01416394023487524,102
overall__bayesian_veto_rate,utility_quantile,2,0.15000000000000002,0.12100000000000001,-0.009362552388628995,103
overall__bayesian_veto_rate,utility_quantile,3,0.25,0.195,-0.0031788236211121104,103
overall__bayesian_veto_rate,utility_quantile,4,0.35000000000000003,0.269,0.0004658974241091886,102
overall__bayesian_veto_rate,utility_quantile,5,0.45,0.343,0.0022710981225228973,102
overall__bayesian_veto_rate,utility_quantile,6,0.55,0.41700000000000004,0.003527207842294839,102
overall__bayesian_veto_rate,utility_quantile,7,0.6500000000000001,0.4910000000000001,0.004471080363376078,103
overall__bayesian_veto_rate,utility_quantile,8,0.75,0.565,0.0050660237180322025,103
overall__bayesian_veto_rate,utility_quantile,9,0.8500000000000001,0.639,0.005409395557537937,102
overall__bayesian_veto_rate,utility_quantile,10,0.95,0.713,0.005524066863099402,102
overall__bayesian_veto_rate,noise_multiplier,1,0.05,0.4375,-0.009471220877675398,103
overall__bayesian_veto_rate,noise_multiplier,2,0.15000000000000002,0.8125000000000001,-0.0073997448223093055,102
overall__bayesian_veto_rate,noise_multiplier,3,0.25,1.1875,-0.004269203170361184,102
overall__bayesian_veto_rate,noise_multiplier,4,0.35000000000000003,1.5625000000000002,-0.0008873309481597057,103
overall__bayesian_veto_rate,noise_multiplier,5,0.45,1.9375,0.0020524979648542004,102
overall__bayesian_veto_rate,noise_multiplier,6,0.55,2.3125,0.003583053649765725,102
overall__bayesian_veto_rate,noise_multiplier,7,0.6500000000000001,2.6875000000000004,0.0040683441970843885,103
overall__bayesian_veto_rate,noise_multiplier,8,0.75,3.0625,0.00404896024923132,102
overall__bayesian_veto_rate,noise_multiplier,9,0.8500000000000001,3.4375000000000004,0.0040935894663474935,102
overall__bayesian_veto_rate,noise_multiplier,10,0.95,3.8125,0.004201531508091674,103
overall__bayesian_veto_rate,minimum_quality_floor,1,0.05,0.034999999999999996,0.0034042493227418352,103
overall__bayesian_veto_rate,minimum_quality_floor,2,0.15000000000000002,0.10500000000000001,0.002978112546002296,101
overall__bayesian_veto_rate,minimum_quality_floor,3,0.25,0.175,0.0025574498086099124,104
overall__bayesian_veto_rate,minimum_quality_floor,4,0.35000000000000003,0.245,0.0023670417800045374,101
overall__bayesian_veto_rate,minimum_quality_floor,5,0.45,0.315,0.0019929292996531053,103
overall__bayesian_veto_rate,minimum_quality_floor,6,0.55,0.385,0.0012032811745750836,102
overall__bayesian_veto_rate,minimum_quality_floor,7,0.6500000000000001,0.45500000000000007,-0.0006239296955362493,103
overall__bayesian_veto_rate,minimum_quality_floor,8,0.75,0.5249999999999999,-0.003279189211750202,102
overall__bayesian_veto_rate,minimum_quality_floor,9,0.8500000000000001,0.595,-0.00500668482727561,103
overall__bayesian_veto_rate,minimum_quality_floor,10,0.95,0.6649999999999999,-0.005588714210659965,102
overall__bayesian_veto_rate,trend_window,1,0.05,5,0.0026788959914693647,102
overall__bayesian_veto_rate,trend_window,2,0.15000000000000002,8,0.0022841269615617014,103
overall__bayesian_veto_rate,trend_window,3,0.25,10,0.0018652220881797722,102
overall__bayesian_veto_rate,trend_window,4,0.35000000000000003,13,0.001430506277773279,103
overall__bayesian_veto_rate,trend_window,5,0.45,16,0.000586397148316431,102
overall__bayesian_veto_rate,trend_window,6,0.55,18,-0.0006056060204953097,102
overall__bayesian_veto_rate,trend_window,7,0.6500000000000001,21,-0.0015577670900546138,103
overall__bayesian_veto_rate,trend_window,8,0.75,24,-0.0020838753140364754,102
overall__bayesian_veto_rate,trend_window,9,0.8500000000000001,26,-0.00227338262684709,103
overall__bayesian_veto_rate,trend_window,10,0.95,29,-0.0023233750974595412,102
overall__bayesian_veto_rate,bayesian_window,1,0.05,14,-0.0016707459371582635,102
overall__bayesian_veto_rate,bayesian_window,2,0.15000000000000002,18,-0.0016140188069988734,103
overall__bayesian_veto_rate,bayesian_window,3,0.25,22,-0.0014295855139775026,102
overall__bayesian_veto_rate,bayesian_window,4,0.35000000000000003,25,-0.0011549290887051206,103
overall__bayesian_veto_rate,bayesian_window,5,0.45,29,-0.0006779087954633285,102
overall__bayesian_veto_rate,bayesian_window,6,0.55,33,-7.253880777236552e-06,102
overall__bayesian_veto_rate,bayesian_window,7,0.6500000000000001,37,0.0007521385526029589,102
overall__bayesian_veto_rate,bayesian_window,8,0.75,40,0.0015578378019976062,103
overall__bayesian_veto_rate,bayesian_window,9,0.8500000000000001,44,0.002045182171573659,102
overall__bayesian_veto_rate,bayesian_window,10,0.95,48,0.002189689580370181,103
overall__bayesian_veto_rate,remaining_room_fraction,1,0.05,0.000651660660281532,-0.0007928005982470093,103
overall__bayesian_veto_rate,remaining_room_fraction,2,0.15000000000000002,0.0011069410767284434,-0.0008061533733922865,102
overall__bayesian_veto_rate,remaining_room_fraction,3,0.25,0.0018803015465431972,-0.0007618807823264851,103
overall__bayesian_veto_rate,remaining_room_fraction,4,0.35000000000000003,0.0031939675744819093,-0.0007409090102331249,102
overall__bayesian_veto_rate,remaining_room_fraction,5,0.45,0.005425421728550121,-0.0006081304662092265,102
overall__bayesian_veto_rate,remaining_room_fraction,6,0.55,0.00921587343835149,-0.0002575190398853705,103
overall__bayesian_veto_rate,remaining_room_fraction,7,0.6500000000000001,0.015654510834572418,0.00021330740764288671,102
overall__bayesian_veto_rate,remaining_room_fraction,8,0.75,0.026591479484724956,0.0007608106654506076,103
overall__bayesian_veto_rate,remaining_room_fraction,9,0.8500000000000001,0.0451695226161222,0.0012670165628217477,102
overall__bayesian_veto_rate,remaining_room_fraction,10,0.95,0.07672704990109257,0.0017365663770744196,102
overall__bayesian_veto_rate,horizon_epochs,1,0.05,4,0.0007127196653427795,102
overall__bayesian_veto_rate,horizon_epochs,2,0.15000000000000002,5,0.00015879273380299801,103
overall__bayesian_veto_rate,horizon_epochs,3,0.25,6,-1.2874126356810607e-05,102
overall__bayesian_veto_rate,horizon_epochs,4,0.35000000000000003,7,-8.841453894197285e-06,102
overall__bayesian_veto_rate,horizon_epochs,5,0.45,8,0.00010102896308295298,103
overall__bayesian_veto_rate,horizon_epochs,6,0.55,10,6.699593170355418e-05,103
overall__bayesian_veto_rate,horizon_epochs,7,0.6500000000000001,11,-0.00016336963440381964,101
overall__bayesian_veto_rate,horizon_epochs,8,0.75,12,-0.00028359712852614525,103
overall__bayesian_veto_rate,horizon_epochs,9,0.8500000000000001,13,-0.0003072540353655786,103
overall__bayesian_veto_rate,horizon_epochs,10,0.95,14,-0.00026261401439653365,102
overall__controller_runtime_ms_per_epoch,min_epochs_floor,1,0.05,16,-0.3560514314936997,103
overall__controller_runtime_ms_per_epoch,min_epochs_floor,2,0.15000000000000002,25,-0.3390379123249101,102
overall__controller_runtime_ms_per_epoch,min_epochs_floor,3,0.25,33,-0.3258303972171693,103
overall__controller_runtime_ms_per_epoch,min_epochs_floor,4,0.35000000000000003,42,-0.28938235097982223,102
overall__controller_runtime_ms_per_epoch,min_epochs_floor,5,0.45,50,-0.18647413900624601,102
overall__controller_runtime_ms_per_epoch,min_epochs_floor,6,0.55,59,-0.0027956657910751526,102
overall__controller_runtime_ms_per_epoch,min_epochs_floor,7,0.6500000000000001,67,0.18747939349891318,103
overall__controller_runtime_ms_per_epoch,min_epochs_floor,8,0.75,76,0.320093644956167,102
overall__controller_runtime_ms_per_epoch,min_epochs_floor,9,0.8500000000000001,84,0.4509122367462165,103
overall__controller_runtime_ms_per_epoch,min_epochs_floor,10,0.95,93,0.5415129961063879,102
overall__controller_runtime_ms_per_epoch,noise_multiplier,1,0.05,0.4375,0.40132438887422434,103
overall__controller_runtime_ms_per_epoch,noise_multiplier,2,0.15000000000000002,0.8125000000000001,0.31028848107954204,102
overall__controller_runtime_ms_per_epoch,noise_multiplier,3,0.25,1.1875,0.17936288411756043,102
overall__controller_runtime_ms_per_epoch,noise_multiplier,4,0.35000000000000003,1.5625000000000002,0.06133032907120728,103
overall__controller_runtime_ms_per_epoch,noise_multiplier,5,0.45,1.9375,-0.034840872080380614,102
overall__controller_runtime_ms_per_epoch,noise_multiplier,6,0.55,2.3125,-0.11015155474641847,102
overall__controller_runtime_ms_per_epoch,noise_multiplier,7,0.6500000000000001,2.6875000000000004,-0.16586389983859418,103
overall__controller_runtime_ms_per_epoch,noise_multiplier,8,0.75,3.0625,-0.19984926243582524,102
overall__controller_runtime_ms_per_epoch,noise_multiplier,9,0.8500000000000001,3.4375000000000004,-0.21526061253105588,102
overall__controller_runtime_ms_per_epoch,noise_multiplier,10,0.95,3.8125,-0.2270238711859548,103
overall__controller_runtime_ms_per_epoch,utility_quantile,1,0.05,0.047,0.4435303238290425,102
overall__controller_runtime_ms_per_epoch,utility_quantile,2,0.15000000000000002,0.12100000000000001,0.3056100234015425,103
overall__controller_runtime_ms_per_epoch,utility_quantile,3,0.25,0.195,0.1238883940806037,103
overall__controller_runtime_ms_per_epoch,utility_quantile,4,0.35000000000000003,0.269,0.012989620784149114,102
overall__controller_runtime_ms_per_epoch,utility_quantile,5,0.45,0.343,-0.0642772923521352,102
overall__controller_runtime_ms_per_epoch,utility_quantile,6,0.55,0.41700000000000004,-0.11840954512796709,102
overall__controller_runtime_ms_per_epoch,utility_quantile,7,0.6500000000000001,0.4910000000000001,-0.15060165693381034,103
overall__controller_runtime_ms_per_epoch,utility_quantile,8,0.75,0.565,-0.17093476529054963,103
overall__controller_runtime_ms_per_epoch,utility_quantile,9,0.8500000000000001,0.639,-0.1871055574370355,102
overall__controller_runtime_ms_per_epoch,utility_quantile,10,0.95,0.713,-0.19574799588774028,102
overall__controller_runtime_ms_per_epoch,minimum_quality_floor,1,0.05,0.034999999999999996,-0.10674482852651927,103
overall__controller_runtime_ms_per_epoch,minimum_quality_floor,2,0.15000000000000002,0.10500000000000001,-0.09890956628462358,101
overall__controller_runtime_ms_per_epoch,minimum_quality_floor,3,0.25,0.175,-0.08993812419483868,104
overall__controller_runtime_ms_per_epoch,minimum_quality_floor,4,0.35000000000000003,0.245,-0.08039031935192124,101
overall__controller_runtime_ms_per_epoch,minimum_quality_floor,5,0.45,0.315,-0.06787350742543213,103
overall__controller_runtime_ms_per_epoch,minimum_quality_floor,6,0.55,0.385,-0.044150225388360706,102
overall__controller_runtime_ms_per_epoch,minimum_quality_floor,7,0.6500000000000001,0.45500000000000007,0.019838889569941273,103
overall__controller_runtime_ms_per_epoch,minimum_quality_floor,8,0.75,0.5249999999999999,0.10938829206376348,102
overall__controller_runtime_ms_per_epoch,minimum_quality_floor,9,0.8500000000000001,0.595,0.16940570645751235,103
overall__controller_runtime_ms_per_epoch,minimum_quality_floor,10,0.95,0.6649999999999999,0.18923593898908264,102
overall__controller_runtime_ms_per_epoch,trend_window,1,0.05,5,0.0439138863507305,102
overall__controller_runtime_ms_per_epoch,trend_window,2,0.15000000000000002,8,0.04279565791721585,103
overall__controller_runtime_ms_per_epoch,trend_window,3,0.25,10,0.0380961855496787,102
overall__controller_runtime_ms_per_epoch,trend_window,4,0.35000000000000003,13,0.02234227002617039,103
overall__controller_runtime_ms_per_epoch,trend_window,5,0.45,16,0.003277879648285645,102
overall__controller_runtime_ms_per_epoch,trend_window,6,0.55,18,-0.009785131963061452,102
overall__controller_runtime_ms_per_epoch,trend_window,7,0.6500000000000001,21,-0.020943569958674205,103
overall__controller_runtime_ms_per_epoch,trend_window,8,0.75,24,-0.03251393178559919,102
overall__controller_runtime_ms_per_epoch,trend_window,9,0.8500000000000001,26,-0.04119776412444266,103
overall__controller_runtime_ms_per_epoch,trend_window,10,0.95,29,-0.04601486003148267,102
overall__controller_runtime_ms_per_epoch,horizon_epochs,1,0.05,4,-0.04686437887649832,102
overall__controller_runtime_ms_per_epoch,horizon_epochs,2,0.15000000000000002,5,-0.03586549865056911,103
overall__controller_runtime_ms_per_epoch,horizon_epochs,3,0.25,6,-0.025301935142128317,102
overall__controller_runtime_ms_per_epoch,horizon_epochs,4,0.35000000000000003,7,-0.011776686870366489,102
overall__controller_runtime_ms_per_epoch,horizon_epochs,5,0.45,8,-0.0017453677313191418,103
overall__controller_runtime_ms_per_epoch,horizon_epochs,6,0.55,10,0.00784742720559923,103
overall__controller_runtime_ms_per_epoch,horizon_epochs,7,0.6500000000000001,11,0.019635616847472274,101
overall__controller_runtime_ms_per_epoch,horizon_epochs,8,0.75,12,0.02753037734708328,103
overall__controller_runtime_ms_per_epoch,horizon_epochs,9,0.8500000000000001,13,0.03236948855939407,103
overall__controller_runtime_ms_per_epoch,horizon_epochs,10,0.95,14,0.03406800819483529,102
overall__controller_runtime_ms_per_epoch,bayesian_samples,1,0.05,64,-0.06346289488520289,102
overall__controller_runtime_ms_per_epoch,bayesian_samples,2,0.15000000000000002,64,-0.052540698274573444,103
overall__controller_runtime_ms_per_epoch,bayesian_samples,3,0.25,128,-0.04049041872800513,102
overall__controller_runtime_ms_per_epoch,bayesian_samples,4,0.35000000000000003,128,-0.029234403723499336,103
overall__controller_runtime_ms_per_epoch,bayesian_samples,5,0.45,256,-0.015506651774664919,102
overall__controller_runtime_ms_per_epoch,bayesian_samples,6,0.55,256,0.003979598565983664,103
overall__controller_runtime_ms_per_epoch,bayesian_samples,7,0.6500000000000001,512,0.023569544144435864,101
overall__controller_runtime_ms_per_epoch,bayesian_samples,8,0.75,512,0.04111369005046572,103
overall__controller_runtime_ms_per_epoch,bayesian_samples,9,0.8500000000000001,1024,0.06016695725814407,103
overall__controller_runtime_ms_per_epoch,bayesian_samples,10,0.95,1024,0.07240610482052341,102
overall__controller_runtime_ms_per_epoch,bayesian_window,1,0.05,14,-0.040092260266710505,102
overall__controller_runtime_ms_per_epoch,bayesian_window,2,0.15000000000000002,18,-0.03429778737345861,103
overall__controller_runtime_ms_per_epoch,bayesian_window,3,0.25,22,-0.028021174109829156,102
overall__controller_runtime_ms_per_epoch,bayesian_window,4,0.35000000000000003,25,-0.019193989229838053,103
overall__controller_runtime_ms_per_epoch,bayesian_window,5,0.45,29,-0.00807156302444094,102
overall__controller_runtime_ms_per_epoch,bayesian_window,6,0.55,33,0.003886457978947655,102
overall__controller_runtime_ms_per_epoch,bayesian_window,7,0.6500000000000001,37,0.015713295972464528,102
overall__controller_runtime_ms_per_epoch,bayesian_window,8,0.75,40,0.028705642784570037,103
overall__controller_runtime_ms_per_epoch,bayesian_window,9,0.8500000000000001,44,0.03882660648888041,102
overall__controller_runtime_ms_per_epoch,bayesian_window,10,0.95,48,0.042372356828339994,103
image_classification__mean_energy_saving_fraction,min_epochs_floor,1,0.05,16,0.06546205400427493,103
image_classification__mean_energy_saving_fraction,min_epochs_floor,2,0.15000000000000002,25,0.061701379085644256,102
image_classification__mean_energy_saving_fraction,min_epochs_floor,3,0.25,33,0.058451441450667,103
image_classification__mean_energy_saving_fraction,min_epochs_floor,4,0.35000000000000003,42,0.04850706331587968,102
image_classification__mean_energy_saving_fraction,min_epochs_floor,5,0.45,50,0.02578506471502895,102
image_classification__mean_energy_saving_fraction,min_epochs_floor,6,0.55,59,-0.008884111300583378,102
image_classification__mean_energy_saving_fraction,min_epochs_floor,7,0.6500000000000001,67,-0.041130195837194045,103
image_classification__mean_energy_saving_fraction,min_epochs_floor,8,0.75,76,-0.05838398007020208,102
image_classification__mean_energy_saving_fraction,min_epochs_floor,9,0.8500000000000001,84,-0.07142780176525572,103
image_classification__mean_energy_saving_fraction,min_epochs_floor,10,0.95,93,-0.08019224200857818,102
image_classification__mean_energy_saving_fraction,utility_quantile,1,0.05,0.047,-0.06770861853562087,102
image_classification__mean_energy_saving_fraction,utility_quantile,2,0.15000000000000002,0.12100000000000001,-0.05584523378554936,103
image_classification__mean_energy_saving_fraction,utility_quantile,3,0.25,0.195,-0.034650047068351085,103
image_classification__mean_energy_saving_fraction,utility_quantile,4,0.35000000000000003,0.269,-0.013975570466320753,102
image_classification__mean_energy_saving_fraction,utility_quantile,5,0.45,0.343,0.004380089961774594,102
image_classification__mean_energy_saving_fraction,utility_quantile,6,0.55,0.41700000000000004,0.019851273776765432,102
image_classification__mean_energy_saving_fraction,utility_quantile,7,0.6500000000000001,0.4910000000000001,0.02958682736816319,103
image_classification__mean_energy_saving_fraction,utility_quantile,8,0.75,0.565,0.03588911875570648,103
image_classification__mean_energy_saving_fraction,utility_quantile,9,0.8500000000000001,0.639,0.040426412209360246,102
image_classification__mean_energy_saving_fraction,utility_quantile,10,0.95,0.713,0.04229103537946456,102
image_classification__mean_energy_saving_fraction,noise_multiplier,1,0.05,0.4375,-0.06699309660966572,103
image_classification__mean_energy_saving_fraction,noise_multiplier,2,0.15000000000000002,0.8125000000000001,-0.05392833821493104,102
image_classification__mean_energy_saving_fraction,noise_multiplier,3,0.25,1.1875,-0.030319050879050444,102
image_classification__mean_energy_saving_fraction,noise_multiplier,4,0.35000000000000003,1.5625000000000002,-0.010587511413276782,103
image_classification__mean_energy_saving_fraction,noise_multiplier,5,0.45,1.9375,0.0042521667652822975,102
image_classification__mean_energy_saving_fraction,noise_multiplier,6,0.55,2.3125,0.016805994126499912,102
image_classification__mean_energy_saving_fraction,noise_multiplier,7,0.6500000000000001,2.6875000000000004,0.027871153489115355,103
image_classification__mean_energy_saving_fraction,noise_multiplier,8,0.75,3.0625,0.03510419036584815,102
image_classification__mean_energy_saving_fraction,noise_multiplier,9,0.8500000000000001,3.4375000000000004,0.037928272842502705,102
image_classification__mean_energy_saving_fraction,noise_multiplier,10,0.95,3.8125,0.039961784916084875,103
image_classification__mean_energy_saving_fraction,trend_window,1,0.05,5,-0.017534420374622616,102
image_classification__mean_energy_saving_fraction,trend_window,2,0.15000000000000002,8,-0.016733638531540758,103
image_classification__mean_energy_saving_fraction,trend_window,3,0.25,10,-0.014362398349058152,102
image_classification__mean_energy_saving_fraction,trend_window,4,0.35000000000000003,13,-0.009041968970070745,103
image_classification__mean_energy_saving_fraction,trend_window,5,0.45,16,-0.0022238118356543955,102
image_classification__mean_energy_saving_fraction,trend_window,6,0.55,18,0.0038691192826103282,102
image_classification__mean_energy_saving_fraction,trend_window,7,0.6500000000000001,21,0.008867261322192527,103
image_classification__mean_energy_saving_fraction,trend_window,8,0.75,24,0.013121304544260196,102
image_classification__mean_energy_saving_fraction,trend_window,9,0.8500000000000001,26,0.016138066151771397,103
image_classification__mean_energy_saving_fraction,trend_window,10,0.95,29,0.01790803852508915,102
image_classification__mean_energy_saving_fraction,minimum_quality_floor,1,0.05,0.034999999999999996,0.010753427227193302,103
image_classification__mean_energy_saving_fraction,minimum_quality_floor,2,0.15000000000000002,0.10500000000000001,0.009929292986191654,101
image_classification__mean_energy_saving_fraction,minimum_quality_floor,3,0.25,0.175,0.009029424213324382,104
image_classification__mean_energy_saving_fraction,minimum_quality_floor,4,0.35000000000000003,0.245,0.008287625128175,101
image_classification__mean_energy_saving_fraction,minimum_quality_floor,5,0.45,0.315,0.007143805763576619,103
image_classification__mean_energy_saving_fraction,minimum_quality_floor,6,0.55,0.385,0.004146615126731448,102
image_classification__mean_energy_saving_fraction,minimum_quality_floor,7,0.6500000000000001,0.45500000000000007,-0.0020978306106222908,103
image_classification__mean_energy_saving_fraction,minimum_quality_floor,8,0.75,0.5249999999999999,-0.009850648876152345,102
image_classification__mean_energy_saving_fraction,minimum_quality_floor,9,0.8500000000000001,0.595,-0.016755436454546243,103
image_classification__mean_energy_saving_fraction,minimum_quality_floor,10,0.95,0.6649999999999999,-0.020575351917968422,102
image_classification__mean_energy_saving_fraction,horizon_epochs,1,0.05,4,0.015147531767847156,102
image_classification__mean_energy_saving_fraction,horizon_epochs,2,0.15000000000000002,5,0.011963385620483543,103
image_classification__mean_energy_saving_fraction,horizon_epochs,3,0.25,6,0.009034333623147183,102
image_classification__mean_energy_saving_fraction,horizon_epochs,4,0.35000000000000003,7,0.004859062983786569,102
image_classification__mean_energy_saving_fraction,horizon_epochs,5,0.45,8,0.0008992530530775381,103
image_classification__mean_energy_saving_fraction,horizon_epochs,6,0.55,10,-0.0026402866723349745,103
image_classification__mean_energy_saving_fraction,horizon_epochs,7,0.6500000000000001,11,-0.006710428595085537,101
image_classification__mean_energy_saving_fraction,horizon_epochs,8,0.75,12,-0.009524547390725134,103
image_classification__mean_energy_saving_fraction,horizon_epochs,9,0.8500000000000001,13,-0.011093085277147221,103
image_classification__mean_energy_saving_fraction,horizon_epochs,10,0.95,14,-0.011899093112347565,102
image_classification__mean_energy_saving_fraction,bayesian_window,1,0.05,14,0.006416331346871607,102
image_classification__mean_energy_saving_fraction,bayesian_window,2,0.15000000000000002,18,0.005843783015497418,103
image_classification__mean_energy_saving_fraction,bayesian_window,3,0.25,22,0.0048838986544753,102
image_classification__mean_energy_saving_fraction,bayesian_window,4,0.35000000000000003,25,0.0032348991660782157,103
image_classification__mean_energy_saving_fraction,bayesian_window,5,0.45,29,0.001493451250163918,102
image_classification__mean_energy_saving_fraction,bayesian_window,6,0.55,33,-0.00048125679217217443,102
image_classification__mean_energy_saving_fraction,bayesian_window,7,0.6500000000000001,37,-0.002608088819539379,102
image_classification__mean_energy_saving_fraction,bayesian_window,8,0.75,40,-0.004903601987617898,103
image_classification__mean_energy_saving_fraction,bayesian_window,9,0.8500000000000001,44,-0.006626389311258795,102
image_classification__mean_energy_saving_fraction,bayesian_window,10,0.95,48,-0.007223143548434717,103
image_classification__mean_energy_saving_fraction,patience,1,0.05,1,0.008592960725902186,102
image_classification__mean_energy_saving_fraction,patience,2,0.15000000000000002,2,0.007069606277792961,102
image_classification__mean_energy_saving_fraction,patience,3,0.25,3,0.005259666584979583,103
image_classification__mean_energy_saving_fraction,patience,4,0.35000000000000003,3,0.0032938128588349564,102
image_classification__mean_energy_saving_fraction,patience,5,0.45,4,0.0008339725100373584,103
image_classification__mean_energy_saving_fraction,patience,6,0.55,5,-0.0017726549406801607,102
image_classification__mean_energy_saving_fraction,patience,7,0.6500000000000001,6,-0.003967284876002147,102
image_classification__mean_energy_saving_fraction,patience,8,0.75,6,-0.005502483192579488,103
image_classification__mean_energy_saving_fraction,patience,9,0.8500000000000001,7,-0.006591303161743686,103
image_classification__mean_energy_saving_fraction,patience,10,0.95,8,-0.007157467813411112,102
image_classification__mean_quality_regret_pp,min_epochs_floor,1,0.05,16,1.4201907138057195,103
image_classification__mean_quality_regret_pp,min_epochs_floor,2,0.15000000000000002,25,1.3405870707816276,102
image_classification__mean_quality_regret_pp,min_epochs_floor,3,0.25,33,1.2717873179948607,103
image_classification__mean_quality_regret_pp,min_epochs_floor,4,0.35000000000000003,42,1.0531860197287908,102
image_classification__mean_quality_regret_pp,min_epochs_floor,5,0.45,50,0.5332271485414268,102
image_classification__mean_quality_regret_pp,min_epochs_floor,6,0.55,59,-0.24262056387687392,102
image_classification__mean_quality_regret_pp,min_epochs_floor,7,0.6500000000000001,67,-0.9470654903210223,103
image_classification__mean_quality_regret_pp,min_epochs_floor,8,0.75,76,-1.335372133813101,102
image_classification__mean_quality_regret_pp,min_epochs_floor,9,0.8500000000000001,84,-1.5206027457517814,103
image_classification__mean_quality_regret_pp,min_epochs_floor,10,0.95,93,-1.5755164527340346,102
image_classification__mean_quality_regret_pp,utility_quantile,1,0.05,0.047,-1.2901814326524526,102
image_classification__mean_quality_regret_pp,utility_quantile,2,0.15000000000000002,0.12100000000000001,-1.0796756794585107,103
image_classification__mean_quality_regret_pp,utility_quantile,3,0.25,0.195,-0.6788969914865582,103
image_classification__mean_quality_regret_pp,utility_quantile,4,0.35000000000000003,0.269,-0.2717917514253234,102
image_classification__mean_quality_regret_pp,utility_quantile,5,0.45,0.343,0.0844678210147638,102
image_classification__mean_quality_regret_pp,utility_quantile,6,0.55,0.41700000000000004,0.3897740914396004,102
image_classification__mean_quality_regret_pp,utility_quantile,7,0.6500000000000001,0.4910000000000001,0.5754712088275484,103
image_classification__mean_quality_regret_pp,utility_quantile,8,0.75,0.565,0.6894376597444851,103
image_classification__mean_quality_regret_pp,utility_quantile,9,0.8500000000000001,0.639,0.7752079123911204,102
image_classification__mean_quality_regret_pp,utility_quantile,10,0.95,0.713,0.8110270028050639,102
image_classification__mean_quality_regret_pp,noise_multiplier,1,0.05,0.4375,-1.2349050484396071,103
image_classification__mean_quality_regret_pp,noise_multiplier,2,0.15000000000000002,0.8125000000000001,-0.986872345169518,102
image_classification__mean_quality_regret_pp,noise_multiplier,3,0.25,1.1875,-0.5452198805725681,102
image_classification__mean_quality_regret_pp,noise_multiplier,4,0.35000000000000003,1.5625000000000002,-0.19428784173761682,103
image_classification__mean_quality_regret_pp,noise_multiplier,5,0.45,1.9375,0.0621919299404714,102
image_classification__mean_quality_regret_pp,noise_multiplier,6,0.55,2.3125,0.2928874637095342,102
image_classification__mean_quality_regret_pp,noise_multiplier,7,0.6500000000000001,2.6875000000000004,0.5056472117767761,103
image_classification__mean_quality_regret_pp,noise_multiplier,8,0.75,3.0625,0.6489028067939089,102
image_classification__mean_quality_regret_pp,noise_multiplier,9,0.8500000000000001,3.4375000000000004,0.7066739260749544,102
image_classification__mean_quality_regret_pp,noise_multiplier,10,0.95,3.8125,0.7467154077282954,103
image_classification__mean_quality_regret_pp,minimum_quality_floor,1,0.05,0.034999999999999996,0.2605255534757469,103
image_classification__mean_quality_regret_pp,minimum_quality_floor,2,0.15000000000000002,0.10500000000000001,0.24195513748997355,101
image_classification__mean_quality_regret_pp,minimum_quality_floor,3,0.25,0.175,0.22161871822905715,104
image_classification__mean_quality_regret_pp,minimum_quality_floor,4,0.35000000000000003,0.245,0.2061496188251264,101
image_classification__mean_quality_regret_pp,minimum_quality_floor,5,0.45,0.315,0.18381850894229335,103
image_classification__mean_quality_regret_pp,minimum_quality_floor,6,0.55,0.385,0.11800113209943108,102
image_classification__mean_quality_regret_pp,minimum_quality_floor,7,0.6500000000000001,0.45500000000000007,-0.02907416680384095,103
image_classification__mean_quality_regret_pp,minimum_quality_floor,8,0.75,0.5249999999999999,-0.23783660486833297,102
image_classification__mean_quality_regret_pp,minimum_quality_floor,9,0.8500000000000001,0.595,-0.431871507873494,103
image_classification__mean_quality_regret_pp,minimum_quality_floor,10,0.95,0.6649999999999999,-0.5330759097893305,102
image_classification__mean_quality_regret_pp,trend_window,1,0.05,5,-0.3150837023992137,102
image_classification__mean_quality_regret_pp,trend_window,2,0.15000000000000002,8,-0.30408659314154074,103
image_classification__mean_quality_regret_pp,trend_window,3,0.25,10,-0.2673244580124081,102
image_classification__mean_quality_regret_pp,trend_window,4,0.35000000000000003,13,-0.1706332640914742,103
image_classification__mean_quality_regret_pp,trend_window,5,0.45,16,-0.045463420933067655,102
image_classification__mean_quality_regret_pp,trend_window,6,0.55,18,0.06610095134362054,102
image_classification__mean_quality_regret_pp,trend_window,7,0.6500000000000001,21,0.1600837558124955,103
image_classification__mean_quality_regret_pp,trend_window,8,0.75,24,0.24187643228572775,102
image_classification__mean_quality_regret_pp,trend_window,9,0.8500000000000001,26,0.3007503250480644,103
image_classification__mean_quality_regret_pp,trend_window,10,0.95,29,0.3339161091502706,102
image_classification__mean_quality_regret_pp,horizon_epochs,1,0.05,4,0.3232415697438928,102
image_classification__mean_quality_regret_pp,horizon_epochs,2,0.15000000000000002,5,0.25705386589212553,103
image_classification__mean_quality_regret_pp,horizon_epochs,3,0.25,6,0.19380829166998775,102
image_classification__mean_quality_regret_pp,horizon_epochs,4,0.35000000000000003,7,0.10186284640854998,102
image_classification__mean_quality_regret_pp,horizon_epochs,5,0.45,8,0.015731395002475224,103
image_classification__mean_quality_regret_pp,horizon_epochs,6,0.55,10,-0.05947833396192603,103
image_classification__mean_quality_regret_pp,horizon_epochs,7,0.6500000000000001,11,-0.14446481509183517,101
image_classification__mean_quality_regret_pp,horizon_epochs,8,0.75,12,-0.20148574201462466,103
image_classification__mean_quality_regret_pp,horizon_epochs,9,0.8500000000000001,13,-0.23368722529402042,103
image_classification__mean_quality_regret_pp,horizon_epochs,10,0.95,14,-0.2518230168126233,102
image_classification__mean_quality_regret_pp,bayesian_window,1,0.05,14,0.12354050708855224,102
image_classification__mean_quality_regret_pp,bayesian_window,2,0.15000000000000002,18,0.11231697952758184,103
image_classification__mean_quality_regret_pp,bayesian_window,3,0.25,22,0.09386008459188375,102
image_classification__mean_quality_regret_pp,bayesian_window,4,0.35000000000000003,25,0.06254284041130967,103
image_classification__mean_quality_regret_pp,bayesian_window,5,0.45,29,0.0298537280390144,102
image_classification__mean_quality_regret_pp,bayesian_window,6,0.55,33,-0.007525431819373429,102
image_classification__mean_quality_regret_pp,bayesian_window,7,0.6500000000000001,37,-0.04831331308298992,102
image_classification__mean_quality_regret_pp,bayesian_window,8,0.75,40,-0.09416984427151703,103
image_classification__mean_quality_regret_pp,bayesian_window,9,0.8500000000000001,44,-0.12933473602649298,102
image_classification__mean_quality_regret_pp,bayesian_window,10,0.95,48,-0.14216808786776886,103
image_classification__mean_quality_regret_pp,patience,1,0.05,1,0.15185966559096428,102
image_classification__mean_quality_regret_pp,patience,2,0.15000000000000002,2,0.12744589244281623,102
image_classification__mean_quality_regret_pp,patience,3,0.25,3,0.09751432311470765,103
image_classification__mean_quality_regret_pp,patience,4,0.35000000000000003,3,0.06245944223975809,102
image_classification__mean_quality_regret_pp,patience,5,0.45,4,0.017699538441399543,103
image_classification__mean_quality_regret_pp,patience,6,0.55,5,-0.03161590048767793,102
image_classification__mean_quality_regret_pp,patience,7,0.6500000000000001,6,-0.07325574253560813,102
image_classification__mean_quality_regret_pp,patience,8,0.75,6,-0.09996136194356553,103
image_classification__mean_quality_regret_pp,patience,9,0.8500000000000001,7,-0.11989317154442847,103
image_classification__mean_quality_regret_pp,patience,10,0.95,8,-0.13122679637785706,102
image_classification__mean_stop_epoch,min_epochs_floor,1,0.05,16,-6.525601320807143,103
image_classification__mean_stop_epoch,min_epochs_floor,2,0.15000000000000002,25,-6.150264330833159,102
image_classification__mean_stop_epoch,min_epochs_floor,3,0.25,33,-5.826410620255077,103
image_classification__mean_stop_epoch,min_epochs_floor,4,0.35000000000000003,42,-4.838026680918823,102
image_classification__mean_stop_epoch,min_epochs_floor,5,0.45,50,-2.578285395515765,102
image_classification__mean_stop_epoch,min_epochs_floor,6,0.55,59,0.8770802090594092,102
image_classification__mean_stop_epoch,min_epochs_floor,7,0.6500000000000001,67,4.095661013414594,103
image_classification__mean_stop_epoch,min_epochs_floor,8,0.75,76,5.8184357175519015,102
image_classification__mean_stop_epoch,min_epochs_floor,9,0.8500000000000001,84,7.127020157395799,103
image_classification__mean_stop_epoch,min_epochs_floor,10,0.95,93,8.011463121204846,102
image_classification__mean_stop_epoch,utility_quantile,1,0.05,0.047,6.773944721539436,102
image_classification__mean_stop_epoch,utility_quantile,2,0.15000000000000002,0.12100000000000001,5.588658562307677,103
image_classification__mean_stop_epoch,utility_quantile,3,0.25,0.195,3.470454678812533,103
image_classification__mean_stop_epoch,utility_quantile,4,0.35000000000000003,0.269,1.4021611375556802,102
image_classification__mean_stop_epoch,utility_quantile,5,0.45,0.343,-0.43521018597373295,102
image_classification__mean_stop_epoch,utility_quantile,6,0.55,0.41700000000000004,-1.9850331707231916,102
image_classification__mean_stop_epoch,utility_quantile,7,0.6500000000000001,0.4910000000000001,-2.961559117536657,103
image_classification__mean_stop_epoch,utility_quantile,8,0.75,0.565,-3.5936390797804556,103
image_classification__mean_stop_epoch,utility_quantile,9,0.8500000000000001,0.639,-4.04860009412147,102
image_classification__mean_stop_epoch,utility_quantile,10,0.95,0.713,-4.235725638783778,102
image_classification__mean_stop_epoch,noise_multiplier,1,0.05,0.4375,6.701017123541723,103
image_classification__mean_stop_epoch,noise_multiplier,2,0.15000000000000002,0.8125000000000001,5.393828347815686,102
image_classification__mean_stop_epoch,noise_multiplier,3,0.25,1.1875,3.0323019316936857,102
image_classification__mean_stop_epoch,noise_multiplier,4,0.35000000000000003,1.5625000000000002,1.0581436332610492,103
image_classification__mean_stop_epoch,noise_multiplier,5,0.45,1.9375,-0.4268330202914159,102
image_classification__mean_stop_epoch,noise_multiplier,6,0.55,2.3125,-1.6817431510103704,102
image_classification__mean_stop_epoch,noise_multiplier,7,0.6500000000000001,2.6875000000000004,-2.787370398403392,103
image_classification__mean_stop_epoch,noise_multiplier,8,0.75,3.0625,-3.510321311373761,102
image_classification__mean_stop_epoch,noise_multiplier,9,0.8500000000000001,3.4375000000000004,-3.792691954075287,102
image_classification__mean_stop_epoch,noise_multiplier,10,0.95,3.8125,-3.995898765791341,103
image_classification__mean_stop_epoch,trend_window,1,0.05,5,1.7548097210251972,102
image_classification__mean_stop_epoch,trend_window,2,0.15000000000000002,8,1.6746632570998214,103
image_classification__mean_stop_epoch,trend_window,3,0.25,10,1.4372748269435085,102
image_classification__mean_stop_epoch,trend_window,4,0.35000000000000003,13,0.9044710785563446,103
image_classification__mean_stop_epoch,trend_window,5,0.45,16,0.22178511339357998,102
image_classification__mean_stop_epoch,trend_window,6,0.55,18,-0.3875136338831098,102
image_classification__mean_stop_epoch,trend_window,7,0.6500000000000001,21,-0.8871374731707151,103
image_classification__mean_stop_epoch,trend_window,8,0.75,24,-1.312701535769865,102
image_classification__mean_stop_epoch,trend_window,9,0.8500000000000001,26,-1.6145877396850867,103
image_classification__mean_stop_epoch,trend_window,10,0.95,29,-1.791822527478307,102
image_classification__mean_stop_epoch,minimum_quality_floor,1,0.05,0.034999999999999996,-1.0772816511026422,103
image_classification__mean_stop_epoch,minimum_quality_floor,2,0.15000000000000002,0.10500000000000001,-0.9948999062534001,101
image_classification__mean_stop_epoch,minimum_quality_floor,3,0.25,0.175,-0.9049016383977689,104
image_classification__mean_stop_epoch,minimum_quality_floor,4,0.35000000000000003,0.245,-0.8305263078358658,101
image_classification__mean_stop_epoch,minimum_quality_floor,5,0.45,0.315,-0.7159485952102324,103
image_classification__mean_stop_epoch,minimum_quality_floor,6,0.55,0.385,-0.41574236385037533,102
image_classification__mean_stop_epoch,minimum_quality_floor,7,0.6500000000000001,0.45500000000000007,0.20958927204022304,103
image_classification__mean_stop_epoch,minimum_quality_floor,8,0.75,0.5249999999999999,0.9867441650114341,102
image_classification__mean_stop_epoch,minimum_quality_floor,9,0.8500000000000001,0.595,1.679409440938417,103
image_classification__mean_stop_epoch,minimum_quality_floor,10,0.95,0.6649999999999999,2.0624655120723716,102
image_classification__mean_stop_epoch,horizon_epochs,1,0.05,4,-1.5156920619195773,102
image_classification__mean_stop_epoch,horizon_epochs,2,0.15000000000000002,5,-1.196622575171265,103
image_classification__mean_stop_epoch,horizon_epochs,3,0.25,6,-0.9031508553074833,102
image_classification__mean_stop_epoch,horizon_epochs,4,0.35000000000000003,7,-0.4854860949588977,102
image_classification__mean_stop_epoch,horizon_epochs,5,0.45,8,-0.08965133386999424,103
image_classification__mean_stop_epoch,horizon_epochs,6,0.55,10,0.26424362298006265,103
image_classification__mean_stop_epoch,horizon_epochs,7,0.6500000000000001,11,0.6712208170586953,101
image_classification__mean_stop_epoch,horizon_epochs,8,0.75,12,0.9525743595731422,103
image_classification__mean_stop_epoch,horizon_epochs,9,0.8500000000000001,13,1.1092336098428315,103
image_classification__mean_stop_epoch,horizon_epochs,10,0.95,14,1.1897172091617398,102
image_classification__mean_stop_epoch,bayesian_window,1,0.05,14,-0.6397997124963597,102
image_classification__mean_stop_epoch,bayesian_window,2,0.15000000000000002,18,-0.5825600465382841,103
image_classification__mean_stop_epoch,bayesian_window,3,0.25,22,-0.48693190018805044,102
image_classification__mean_stop_epoch,bayesian_window,4,0.35000000000000003,25,-0.3226164561031882,103
image_classification__mean_stop_epoch,bayesian_window,5,0.45,29,-0.1489375860924005,102
image_classification__mean_stop_epoch,bayesian_window,6,0.55,33,0.04808174941958132,102
image_classification__mean_stop_epoch,bayesian_window,7,0.6500000000000001,37,0.2601664444086874,102
image_classification__mean_stop_epoch,bayesian_window,8,0.75,40,0.48900776127524037,103
image_classification__mean_stop_epoch,bayesian_window,9,0.8500000000000001,44,0.660645238272513,102
image_classification__mean_stop_epoch,bayesian_window,10,0.95,48,0.7199661025405515,103
image_classification__mean_stop_epoch,patience,1,0.05,1,-0.8607218683714312,102
image_classification__mean_stop_epoch,patience,2,0.15000000000000002,2,-0.7079223041012759,102
image_classification__mean_stop_epoch,patience,3,0.25,3,-0.5265439382997222,103
image_classification__mean_stop_epoch,patience,4,0.35000000000000003,3,-0.32969103546113243,102
image_classification__mean_stop_epoch,patience,5,0.45,4,-0.0834145889332234,103
image_classification__mean_stop_epoch,patience,6,0.55,5,0.1775282519301966,102
image_classification__mean_stop_epoch,patience,7,0.6500000000000001,6,0.3971844338474064,102
image_classification__mean_stop_epoch,patience,8,0.75,6,0.5509281147070204,103
image_classification__mean_stop_epoch,patience,9,0.8500000000000001,7,0.6600394955052942,103
image_classification__mean_stop_epoch,patience,10,0.95,8,0.716721193265305,102
object_detection__mean_energy_saving_fraction,min_epochs_floor,1,0.05,16,0.05128686434996342,103
object_detection__mean_energy_saving_fraction,min_epochs_floor,2,0.15000000000000002,25,0.04897825283880723,102
object_detection__mean_energy_saving_fraction,min_epochs_floor,3,0.25,33,0.04670624872885445,103
object_detection__mean_energy_saving_fraction,min_epochs_floor,4,0.35000000000000003,42,0.04119236000595376,102
object_detection__mean_energy_saving_fraction,min_epochs_floor,5,0.45,50,0.02798383214808632,102
object_detection__mean_energy_saving_fraction,min_epochs_floor,6,0.55,59,0.0048269624709656594,102
object_detection__mean_energy_saving_fraction,min_epochs_floor,7,0.6500000000000001,67,-0.021615412963113007,103
object_detection__mean_energy_saving_fraction,min_epochs_floor,8,0.75,76,-0.04561387438072538,102
object_detection__mean_energy_saving_fraction,min_epochs_floor,9,0.8500000000000001,84,-0.06936235780523835,103
object_detection__mean_energy_saving_fraction,min_epochs_floor,10,0.95,93,-0.08445165325934297,102
object_detection__mean_energy_saving_fraction,noise_multiplier,1,0.05,0.4375,-0.06529120171100083,103
object_detection__mean_energy_saving_fraction,noise_multiplier,2,0.15000000000000002,0.8125000000000001,-0.05410449021015023,102
object_detection__mean_energy_saving_fraction,noise_multiplier,3,0.25,1.1875,-0.03460026677769949,102
object_detection__mean_energy_saving_fraction,noise_multiplier,4,0.35000000000000003,1.5625000000000002,-0.014669497609366006,103
object_detection__mean_energy_saving_fraction,noise_multiplier,5,0.45,1.9375,0.0037829175136654264,102
object_detection__mean_energy_saving_fraction,noise_multiplier,6,0.55,2.3125,0.01803134081277459,102
object_detection__mean_energy_saving_fraction,noise_multiplier,7,0.6500000000000001,2.6875000000000004,0.02967441070832741,103
object_detection__mean_energy_saving_fraction,noise_multiplier,8,0.75,3.0625,0.03666737598034461,102
object_detection__mean_energy_saving_fraction,noise_multiplier,9,0.8500000000000001,3.4375000000000004,0.03926700592737187,102
object_detection__mean_energy_saving_fraction,noise_multiplier,10,0.95,3.8125,0.041330210057444444,103
object_detection__mean_energy_saving_fraction,utility_quantile,1,0.05,0.047,-0.06591568917950506,102
object_detection__mean_energy_saving_fraction,utility_quantile,2,0.15000000000000002,0.12100000000000001,-0.03934567505612284,103
object_detection__mean_energy_saving_fraction,utility_quantile,3,0.25,0.195,-0.005485041846995234,103
object_detection__mean_energy_saving_fraction,utility_quantile,4,0.35000000000000003,0.269,0.009889565445063184,102
object_detection__mean_energy_saving_fraction,utility_quantile,5,0.45,0.343,0.013858626433014068,102
object_detection__mean_energy_saving_fraction,utility_quantile,6,0.55,0.41700000000000004,0.015285768146207954,102
object_detection__mean_energy_saving_fraction,utility_quantile,7,0.6500000000000001,0.4910000000000001,0.016168054421767095,103
object_detection__mean_energy_saving_fraction,utility_quantile,8,0.75,0.565,0.017472663091135238,103
object_detection__mean_energy_saving_fraction,utility_quantile,9,0.8500000000000001,0.639,0.018833264311163014,102
object_detection__mean_energy_saving_fraction,utility_quantile,10,0.95,0.713,0.019348170110647253,102
object_detection__mean_energy_saving_fraction,minimum_quality_floor,1,0.05,0.034999999999999996,0.020481174678056015,103
object_detection__mean_energy_saving_fraction,minimum_quality_floor,2,0.15000000000000002,0.10500000000000001,0.01985222768048966,101
object_detection__mean_energy_saving_fraction,minimum_quality_floor,3,0.25,0.175,0.01877428652000295,104
object_detection__mean_energy_saving_fraction,minimum_quality_floor,4,0.35000000000000003,0.245,0.017166506102557013,101
object_detection__mean_energy_saving_fraction,minimum_quality_floor,5,0.45,0.315,0.014915988502623195,103
object_detection__mean_energy_saving_fraction,minimum_quality_floor,6,0.55,0.385,0.010612207210561879,102
object_detection__mean_energy_saving_fraction,minimum_quality_floor,7,0.6500000000000001,0.45500000000000007,-0.0023679949253921813,103
object_detection__mean_energy_saving_fraction,minimum_quality_floor,8,0.75,0.5249999999999999,-0.023207409303365515,102
object_detection__mean_energy_saving_fraction,minimum_quality_floor,9,0.8500000000000001,0.595,-0.03670907324186254,103
object_detection__mean_energy_saving_fraction,minimum_quality_floor,10,0.95,0.6649999999999999,-0.039487030226321315,102
object_detection__mean_energy_saving_fraction,trend_window,1,0.05,5,-0.02096532932960243,102
object_detection__mean_energy_saving_fraction,trend_window,2,0.15000000000000002,8,-0.019261935658098354,103
object_detection__mean_energy_saving_fraction,trend_window,3,0.25,10,-0.015560612352978922,102
object_detection__mean_energy_saving_fraction,trend_window,4,0.35000000000000003,13,-0.008964467026638737,103
object_detection__mean_energy_saving_fraction,trend_window,5,0.45,16,-0.0010527428999521152,102
object_detection__mean_energy_saving_fraction,trend_window,6,0.55,18,0.005461815834422321,102
object_detection__mean_energy_saving_fraction,trend_window,7,0.6500000000000001,21,0.010721038382376296,103
object_detection__mean_energy_saving_fraction,trend_window,8,0.75,24,0.014539014744601553,102
object_detection__mean_energy_saving_fraction,trend_window,9,0.8500000000000001,26,0.01681433336217301,103
object_detection__mean_energy_saving_fraction,trend_window,10,0.95,29,0.01827565975683647,102
object_detection__mean_energy_saving_fraction,horizon_epochs,1,0.05,4,0.017855264429432062,102
object_detection__mean_energy_saving_fraction,horizon_epochs,2,0.15000000000000002,5,0.014828206502639073,103
object_detection__mean_energy_saving_fraction,horizon_epochs,3,0.25,6,0.010632430259514577,102
object_detection__mean_energy_saving_fraction,horizon_epochs,4,0.35000000000000003,7,0.00547255854606124,102
object_detection__mean_energy_saving_fraction,horizon_epochs,5,0.45,8,0.0005263413380544313,103
object_detection__mean_energy_saving_fraction,horizon_epochs,6,0.55,10,-0.0038551642499606575,103
object_detection__mean_energy_saving_fraction,horizon_epochs,7,0.6500000000000001,11,-0.007815962951170902,101
object_detection__mean_energy_saving_fraction,horizon_epochs,8,0.75,12,-0.010766858951771534,103
object_detection__mean_energy_saving_fraction,horizon_epochs,9,0.8500000000000001,13,-0.012750453048656178,103
object_detection__mean_energy_saving_fraction,horizon_epochs,10,0.95,14,-0.014085166134352664,102
object_detection__mean_energy_saving_fraction,bayesian_window,1,0.05,14,0.008260636580582252,102
object_detection__mean_energy_saving_fraction,bayesian_window,2,0.15000000000000002,18,0.00692586889247957,103
object_detection__mean_energy_saving_fraction,bayesian_window,3,0.25,22,0.005624499366422587,102
object_detection__mean_energy_saving_fraction,bayesian_window,4,0.35000000000000003,25,0.003777253279718222,103
object_detection__mean_energy_saving_fraction,bayesian_window,5,0.45,29,0.0013235384327509947,102
object_detection__mean_energy_saving_fraction,bayesian_window,6,0.55,33,-0.001348357817958383,102
object_detection__mean_energy_saving_fraction,bayesian_window,7,0.6500000000000001,37,-0.0036831907668491287,102
object_detection__mean_energy_saving_fraction,bayesian_window,8,0.75,40,-0.005881508633314781,103
object_detection__mean_energy_saving_fraction,bayesian_window,9,0.8500000000000001,44,-0.007299343334378729,102
object_detection__mean_energy_saving_fraction,bayesian_window,10,0.95,48,-0.007671456363913091,103
object_detection__mean_energy_saving_fraction,remaining_room_fraction,1,0.05,0.000651660660281532,-0.004866989870781514,103
object_detection__mean_energy_saving_fraction,remaining_room_fraction,2,0.15000000000000002,0.0011069410767284434,-0.004881318352629353,102
object_detection__mean_energy_saving_fraction,remaining_room_fraction,3,0.25,0.0018803015465431972,-0.004629473974258563,103
object_detection__mean_energy_saving_fraction,remaining_room_fraction,4,0.35000000000000003,0.0031939675744819093,-0.004047119940948776,102
object_detection__mean_energy_saving_fraction,remaining_room_fraction,5,0.45,0.005425421728550121,-0.0031318074225747342,102
object_detection__mean_energy_saving_fraction,remaining_room_fraction,6,0.55,0.00921587343835149,-0.001841331375584944,103
object_detection__mean_energy_saving_fraction,remaining_room_fraction,7,0.6500000000000001,0.015654510834572418,0.00025196673498605916,102
object_detection__mean_energy_saving_fraction,remaining_room_fraction,8,0.75,0.026591479484724956,0.0031258706942283486,103
object_detection__mean_energy_saving_fraction,remaining_room_fraction,9,0.8500000000000001,0.0451695226161222,0.0073264466183043915,102
object_detection__mean_energy_saving_fraction,remaining_room_fraction,10,0.95,0.07672704990109257,0.01277426595324337,102
object_detection__mean_quality_regret_pp,min_epochs_floor,1,0.05,16,0.46988610200933656,103
object_detection__mean_quality_regret_pp,min_epochs_floor,2,0.15000000000000002,25,0.4480200093863382,102
object_detection__mean_quality_regret_pp,min_epochs_floor,3,0.25,33,0.42016386350012513,103
object_detection__mean_quality_regret_pp,min_epochs_floor,4,0.35000000000000003,42,0.35359576840367246,102
object_detection__mean_quality_regret_pp,min_epochs_floor,5,0.45,50,0.2163975991498599,102
object_detection__mean_quality_regret_pp,min_epochs_floor,6,0.55,59,-0.004182368170401463,102
object_detection__mean_quality_regret_pp,min_epochs_floor,7,0.6500000000000001,67,-0.24117416262780134,103
object_detection__mean_quality_regret_pp,min_epochs_floor,8,0.75,76,-0.4351247070852011,102
object_detection__mean_quality_regret_pp,min_epochs_floor,9,0.8500000000000001,84,-0.5813331162944885,103
object_detection__mean_quality_regret_pp,min_epochs_floor,10,0.95,93,-0.6469111714732748,102
object_detection__mean_quality_regret_pp,noise_multiplier,1,0.05,0.4375,-0.4612739943706889,103
object_detection__mean_quality_regret_pp,noise_multiplier,2,0.15000000000000002,0.8125000000000001,-0.3775599058141499,102
object_detection__mean_quality_regret_pp,noise_multiplier,3,0.25,1.1875,-0.24498470020412838,102
object_detection__mean_quality_regret_pp,noise_multiplier,4,0.35000000000000003,1.5625000000000002,-0.11537780712583479,103
object_detection__mean_quality_regret_pp,noise_multiplier,5,0.45,1.9375,0.014951579484593913,102
object_detection__mean_quality_regret_pp,noise_multiplier,6,0.55,2.3125,0.12437952032065047,102
object_detection__mean_quality_regret_pp,noise_multiplier,7,0.6500000000000001,2.6875000000000004,0.21233805499395864,103
object_detection__mean_quality_regret_pp,noise_multiplier,8,0.75,3.0625,0.26415541251585084,102
object_detection__mean_quality_regret_pp,noise_multiplier,9,0.8500000000000001,3.4375000000000004,0.2842337029570272,102
object_detection__mean_quality_regret_pp,noise_multiplier,10,0.95,3.8125,0.29977091014815604,103
object_detection__mean_quality_regret_pp,utility_quantile,1,0.05,0.047,-0.45775183214957393,102
object_detection__mean_quality_regret_pp,utility_quantile,2,0.15000000000000002,0.12100000000000001,-0.2883571603614956,103
object_detection__mean_quality_regret_pp,utility_quantile,3,0.25,0.195,-0.06254617802600537,103
object_detection__mean_quality_regret_pp,utility_quantile,4,0.35000000000000003,0.269,0.054914385653214715,102
object_detection__mean_quality_regret_pp,utility_quantile,5,0.45,0.343,0.09666793617064384,102
object_detection__mean_quality_regret_pp,utility_quantile,6,0.55,0.41700000000000004,0.11426915893752831,102
object_detection__mean_quality_regret_pp,utility_quantile,7,0.6500000000000001,0.4910000000000001,0.12248273298648427,103
object_detection__mean_quality_regret_pp,utility_quantile,8,0.75,0.565,0.1323647869913387,103
object_detection__mean_quality_regret_pp,utility_quantile,9,0.8500000000000001,0.639,0.14255384837425222,102
object_detection__mean_quality_regret_pp,utility_quantile,10,0.95,0.713,0.1463440451335115,102
object_detection__mean_quality_regret_pp,minimum_quality_floor,1,0.05,0.034999999999999996,0.16616582833153964,103
object_detection__mean_quality_regret_pp,minimum_quality_floor,2,0.15000000000000002,0.10500000000000001,0.16141489512717558,101
object_detection__mean_quality_regret_pp,minimum_quality_floor,3,0.25,0.175,0.152433128505201,104
object_detection__mean_quality_regret_pp,minimum_quality_floor,4,0.35000000000000003,0.245,0.14113296598113606,101
object_detection__mean_quality_regret_pp,minimum_quality_floor,5,0.45,0.315,0.12719388566108958,103
object_detection__mean_quality_regret_pp,minimum_quality_floor,6,0.55,0.385,0.09106985706036956,102
object_detection__mean_quality_regret_pp,minimum_quality_floor,7,0.6500000000000001,0.45500000000000007,-0.025933729927621163,103
object_detection__mean_quality_regret_pp,minimum_quality_floor,8,0.75,0.5249999999999999,-0.19594891856321528,102
object_detection__mean_quality_regret_pp,minimum_quality_floor,9,0.8500000000000001,0.595,-0.2978447857991332,103
object_detection__mean_quality_regret_pp,minimum_quality_floor,10,0.95,0.6649999999999999,-0.319407632201718,102
object_detection__mean_quality_regret_pp,trend_window,1,0.05,5,-0.13262320404188918,102
object_detection__mean_quality_regret_pp,trend_window,2,0.15000000000000002,8,-0.12217521317159286,103
object_detection__mean_quality_regret_pp,trend_window,3,0.25,10,-0.09931583953985866,102
object_detection__mean_quality_regret_pp,trend_window,4,0.35000000000000003,13,-0.055948696220961575,103
object_detection__mean_quality_regret_pp,trend_window,5,0.45,16,-0.0035596976460732233,102
object_detection__mean_quality_regret_pp,trend_window,6,0.55,18,0.037115042958501876,102
object_detection__mean_quality_regret_pp,trend_window,7,0.6500000000000001,21,0.06856220084579381,103
object_detection__mean_quality_regret_pp,trend_window,8,0.75,24,0.09132367450105958,102
object_detection__mean_quality_regret_pp,trend_window,9,0.8500000000000001,26,0.1041711493699175,103
object_detection__mean_quality_regret_pp,trend_window,10,0.95,29,0.1125034315644835,102
object_detection__mean_quality_regret_pp,horizon_epochs,1,0.05,4,0.12520719306243033,102
object_detection__mean_quality_regret_pp,horizon_epochs,2,0.15000000000000002,5,0.10517216378683121,103
object_detection__mean_quality_regret_pp,horizon_epochs,3,0.25,6,0.07739566119968527,102
object_detection__mean_quality_regret_pp,horizon_epochs,4,0.35000000000000003,7,0.03995632160273549,102
object_detection__mean_quality_regret_pp,horizon_epochs,5,0.45,8,0.003162793519576712,103
object_detection__mean_quality_regret_pp,horizon_epochs,6,0.55,10,-0.027413620989592602,103
object_detection__mean_quality_regret_pp,horizon_epochs,7,0.6500000000000001,11,-0.05538157558602308,101
object_detection__mean_quality_regret_pp,horizon_epochs,8,0.75,12,-0.07674293430866713,103
object_detection__mean_quality_regret_pp,horizon_epochs,9,0.8500000000000001,13,-0.09085483290629381,103
object_detection__mean_quality_regret_pp,horizon_epochs,10,0.95,14,-0.10019435707370072,102
object_detection__mean_quality_regret_pp,bayesian_window,1,0.05,14,0.0645608029006649,102
object_detection__mean_quality_regret_pp,bayesian_window,2,0.15000000000000002,18,0.05426079876942774,103
object_detection__mean_quality_regret_pp,bayesian_window,3,0.25,22,0.044539702590260286,102
object_detection__mean_quality_regret_pp,bayesian_window,4,0.35000000000000003,25,0.030139098590165135,103
object_detection__mean_quality_regret_pp,bayesian_window,5,0.45,29,0.011076449383098326,102
object_detection__mean_quality_regret_pp,bayesian_window,6,0.55,33,-0.00923372967463583,102
object_detection__mean_quality_regret_pp,bayesian_window,7,0.6500000000000001,37,-0.02800125690775125,102
object_detection__mean_quality_regret_pp,bayesian_window,8,0.75,40,-0.046326946711990044,103
object_detection__mean_quality_regret_pp,bayesian_window,9,0.8500000000000001,44,-0.05843226546503062,102
object_detection__mean_quality_regret_pp,bayesian_window,10,0.95,48,-0.0623446951943387,103
object_detection__mean_quality_regret_pp,remaining_room_fraction,1,0.05,0.000651660660281532,-0.025032419502223822,103
object_detection__mean_quality_regret_pp,remaining_room_fraction,2,0.15000000000000002,0.0011069410767284434,-0.02535621303554869,102
object_detection__mean_quality_regret_pp,remaining_room_fraction,3,0.25,0.0018803015465431972,-0.02413031064114975,103
object_detection__mean_quality_regret_pp,remaining_room_fraction,4,0.35000000000000003,0.0031939675744819093,-0.021044934526707238,102
object_detection__mean_quality_regret_pp,remaining_room_fraction,5,0.45,0.005425421728550121,-0.016374171318646276,102
object_detection__mean_quality_regret_pp,remaining_room_fraction,6,0.55,0.00921587343835149,-0.010874760492557499,103
object_detection__mean_quality_regret_pp,remaining_room_fraction,7,0.6500000000000001,0.015654510834572418,-0.001538217313527511,102
object_detection__mean_quality_regret_pp,remaining_room_fraction,8,0.75,0.026591479484724956,0.012170550784596276,103
object_detection__mean_quality_regret_pp,remaining_room_fraction,9,0.8500000000000001,0.0451695226161222,0.03721191351779626,102
object_detection__mean_quality_regret_pp,remaining_room_fraction,10,0.95,0.07672704990109257,0.07543784625200095,102
object_detection__mean_stop_epoch,min_epochs_floor,1,0.05,16,-5.144739455432801,103
object_detection__mean_stop_epoch,min_epochs_floor,2,0.15000000000000002,25,-4.912890445872131,102
object_detection__mean_stop_epoch,min_epochs_floor,3,0.25,33,-4.686429111608113,103
object_detection__mean_stop_epoch,min_epochs_floor,4,0.35000000000000003,42,-4.137170936385489,102
object_detection__mean_stop_epoch,min_epochs_floor,5,0.45,50,-2.815315680394208,102
object_detection__mean_stop_epoch,min_epochs_floor,6,0.55,59,-0.4922669331175227,102
object_detection__mean_stop_epoch,min_epochs_floor,7,0.6500000000000001,67,2.1611506179643936,103
object_detection__mean_stop_epoch,min_epochs_floor,8,0.75,76,4.567752401072455,102
object_detection__mean_stop_epoch,min_epochs_floor,9,0.8500000000000001,84,6.964869960879551,103
object_detection__mean_stop_epoch,min_epochs_floor,10,0.95,93,8.501952798464426,102
object_detection__mean_stop_epoch,noise_multiplier,1,0.05,0.4375,6.596808574263479,103
object_detection__mean_stop_epoch,noise_multiplier,2,0.15000000000000002,0.8125000000000001,5.465681718181242,102
object_detection__mean_stop_epoch,noise_multiplier,3,0.25,1.1875,3.4929944905123977,102
object_detection__mean_stop_epoch,noise_multiplier,4,0.35000000000000003,1.5625000000000002,1.4777373821404618,103
object_detection__mean_stop_epoch,noise_multiplier,5,0.45,1.9375,-0.3857577436606743,102
object_detection__mean_stop_epoch,noise_multiplier,6,0.55,2.3125,-1.8232863384319238,102
object_detection__mean_stop_epoch,noise_multiplier,7,0.6500000000000001,2.6875000000000004,-2.9972436207785247,103
object_detection__mean_stop_epoch,noise_multiplier,8,0.75,3.0625,-3.7016073573734882,102
object_detection__mean_stop_epoch,noise_multiplier,9,0.8500000000000001,3.4375000000000004,-3.9632038987678246,102
object_detection__mean_stop_epoch,noise_multiplier,10,0.95,3.8125,-4.171008440352525,103
object_detection__mean_stop_epoch,utility_quantile,1,0.05,0.047,6.65584287896995,102
object_detection__mean_stop_epoch,utility_quantile,2,0.15000000000000002,0.12100000000000001,3.971953851271495,103
object_detection__mean_stop_epoch,utility_quantile,3,0.25,0.195,0.5542118070427993,103
object_detection__mean_stop_epoch,utility_quantile,4,0.35000000000000003,0.269,-0.9977723369384188,102
object_detection__mean_stop_epoch,utility_quantile,5,0.45,0.343,-1.398888213844736,102
object_detection__mean_stop_epoch,utility_quantile,6,0.55,0.41700000000000004,-1.5429078216878702,102
object_detection__mean_stop_epoch,utility_quantile,7,0.6500000000000001,0.4910000000000001,-1.6325563492488397,103
object_detection__mean_stop_epoch,utility_quantile,8,0.75,0.565,-1.7645749576630783,103
object_detection__mean_stop_epoch,utility_quantile,9,0.8500000000000001,0.639,-1.9020246953790911,102
object_detection__mean_stop_epoch,utility_quantile,10,0.95,0.713,-1.9543531267516405,102
object_detection__mean_stop_epoch,minimum_quality_floor,1,0.05,0.034999999999999996,-2.073155869129503,103
object_detection__mean_stop_epoch,minimum_quality_floor,2,0.15000000000000002,0.10500000000000001,-2.00947550716127,101
object_detection__mean_stop_epoch,minimum_quality_floor,3,0.25,0.175,-1.9005418337458542,104
object_detection__mean_stop_epoch,minimum_quality_floor,4,0.35000000000000003,0.245,-1.7376512021346178,101
object_detection__mean_stop_epoch,minimum_quality_floor,5,0.45,0.315,-1.5091684127148992,103
object_detection__mean_stop_epoch,minimum_quality_floor,6,0.55,0.385,-1.0737516204586215,102
object_detection__mean_stop_epoch,minimum_quality_floor,7,0.6500000000000001,0.45500000000000007,0.23796169283325463,103
object_detection__mean_stop_epoch,minimum_quality_floor,8,0.75,0.5249999999999999,2.347927320939946,102
object_detection__mean_stop_epoch,minimum_quality_floor,9,0.8500000000000001,0.595,3.71666519823758,103
object_detection__mean_stop_epoch,minimum_quality_floor,10,0.95,0.6649999999999999,3.9980691975395715,102
object_detection__mean_stop_epoch,trend_window,1,0.05,5,2.1112999576956195,102
object_detection__mean_stop_epoch,trend_window,2,0.15000000000000002,8,1.939818357234505,103
object_detection__mean_stop_epoch,trend_window,3,0.25,10,1.566976462655743,102
object_detection__mean_stop_epoch,trend_window,4,0.35000000000000003,13,0.9024901506012539,103
object_detection__mean_stop_epoch,trend_window,5,0.45,16,0.10604645837247428,102
object_detection__mean_stop_epoch,trend_window,6,0.55,18,-0.5495540318236034,102
object_detection__mean_stop_epoch,trend_window,7,0.6500000000000001,21,-1.0791888502871259,103
object_detection__mean_stop_epoch,trend_window,8,0.75,24,-1.4639155805153536,102
object_detection__mean_stop_epoch,trend_window,9,0.8500000000000001,26,-1.693516231994931,103
object_detection__mean_stop_epoch,trend_window,10,0.95,29,-1.8411390784636175,102
object_detection__mean_stop_epoch,horizon_epochs,1,0.05,4,-1.799515367654874,102
object_detection__mean_stop_epoch,horizon_epochs,2,0.15000000000000002,5,-1.4938128590354633,103
object_detection__mean_stop_epoch,horizon_epochs,3,0.25,6,-1.0703645715489496,102
object_detection__mean_stop_epoch,horizon_epochs,4,0.35000000000000003,7,-0.5507499201328308,102
object_detection__mean_stop_epoch,horizon_epochs,5,0.45,8,-0.05309016353871687,103
object_detection__mean_stop_epoch,horizon_epochs,6,0.55,10,0.3882481590071276,103
object_detection__mean_stop_epoch,horizon_epochs,7,0.6500000000000001,11,0.7874108070680486,101
object_detection__mean_stop_epoch,horizon_epochs,8,0.75,12,1.084610806801032,103
object_detection__mean_stop_epoch,horizon_epochs,9,0.8500000000000001,13,1.284359323521637,103
object_detection__mean_stop_epoch,horizon_epochs,10,0.95,14,1.4187576633591903,102
object_detection__mean_stop_epoch,bayesian_window,1,0.05,14,-0.83144261002538,102
object_detection__mean_stop_epoch,bayesian_window,2,0.15000000000000002,18,-0.6969971013742386,103
object_detection__mean_stop_epoch,bayesian_window,3,0.25,22,-0.5657705469714625,102
object_detection__mean_stop_epoch,bayesian_window,4,0.35000000000000003,25,-0.37964040572942115,103
object_detection__mean_stop_epoch,bayesian_window,5,0.45,29,-0.13256187124119512,102
object_detection__mean_stop_epoch,bayesian_window,6,0.55,33,0.13626506231000368,102
object_detection__mean_stop_epoch,bayesian_window,7,0.6500000000000001,37,0.3708517997827707,102
object_detection__mean_stop_epoch,bayesian_window,8,0.75,40,0.5916236603069152,103
object_detection__mean_stop_epoch,bayesian_window,9,0.8500000000000001,44,0.733869513205788,102
object_detection__mean_stop_epoch,bayesian_window,10,0.95,48,0.7709987264067091,103
object_detection__mean_stop_epoch,remaining_room_fraction,1,0.05,0.000651660660281532,0.49307231492615194,103
object_detection__mean_stop_epoch,remaining_room_fraction,2,0.15000000000000002,0.0011069410767284434,0.49453530168504056,102
object_detection__mean_stop_epoch,remaining_room_fraction,3,0.25,0.0018803015465431972,0.46895338553130833,103
object_detection__mean_stop_epoch,remaining_room_fraction,4,0.35000000000000003,0.0031939675744819093,0.40997754236232586,102
object_detection__mean_stop_epoch,remaining_room_fraction,5,0.45,0.005425421728550121,0.31707313059761955,102
object_detection__mean_stop_epoch,remaining_room_fraction,6,0.55,0.00921587343835149,0.18582997192638345,103
object_detection__mean_stop_epoch,remaining_room_fraction,7,0.6500000000000001,0.015654510834572418,-0.026506596330908072,102
object_detection__mean_stop_epoch,remaining_room_fraction,8,0.75,0.026591479484724956,-0.3175001225170014,103
object_detection__mean_stop_epoch,remaining_room_fraction,9,0.8500000000000001,0.0451695226161222,-0.741955658507018,102
object_detection__mean_stop_epoch,remaining_room_fraction,10,0.95,0.07672704990109257,-1.2916200103588713,102
semantic_segmentation__mean_energy_saving_fraction,min_epochs_floor,1,0.05,16,0.05179652882421512,103
semantic_segmentation__mean_energy_saving_fraction,min_epochs_floor,2,0.15000000000000002,25,0.048999512090695245,102
semantic_segmentation__mean_energy_saving_fraction,min_epochs_floor,3,0.25,33,0.04744068773349407,103
semantic_segmentation__mean_energy_saving_fraction,min_epochs_floor,4,0.35000000000000003,42,0.04242844216152106,102
semantic_segmentation__mean_energy_saving_fraction,min_epochs_floor,5,0.45,50,0.02590334156371721,102
semantic_segmentation__mean_energy_saving_fraction,min_epochs_floor,6,0.55,59,-0.0017642825679903273,102
semantic_segmentation__mean_energy_saving_fraction,min_epochs_floor,7,0.6500000000000001,67,-0.026922315287381413,103
semantic_segmentation__mean_energy_saving_fraction,min_epochs_floor,8,0.75,76,-0.04524619177237654,102
semantic_segmentation__mean_energy_saving_fraction,min_epochs_floor,9,0.8500000000000001,84,-0.06478023899010385,103
semantic_segmentation__mean_energy_saving_fraction,min_epochs_floor,10,0.95,93,-0.07792935299383202,102
semantic_segmentation__mean_energy_saving_fraction,noise_multiplier,1,0.05,0.4375,-0.05201686000958822,103
semantic_segmentation__mean_energy_saving_fraction,noise_multiplier,2,0.15000000000000002,0.8125000000000001,-0.04013667187655571,102
semantic_segmentation__mean_energy_saving_fraction,noise_multiplier,3,0.25,1.1875,-0.02230435336524679,102
semantic_segmentation__mean_energy_saving_fraction,noise_multiplier,4,0.35000000000000003,1.5625000000000002,-0.007348384275816987,103
semantic_segmentation__mean_energy_saving_fraction,noise_multiplier,5,0.45,1.9375,0.00565776327713053,102
semantic_segmentation__mean_energy_saving_fraction,noise_multiplier,6,0.55,2.3125,0.015380551762758696,102
semantic_segmentation__mean_energy_saving_fraction,noise_multiplier,7,0.6500000000000001,2.6875000000000004,0.021365463027323964,103
semantic_segmentation__mean_energy_saving_fraction,noise_multiplier,8,0.75,3.0625,0.024782415659991328,102
semantic_segmentation__mean_energy_saving_fraction,noise_multiplier,9,0.8500000000000001,3.4375000000000004,0.026651627615537604,102
semantic_segmentation__mean_energy_saving_fraction,noise_multiplier,10,0.95,3.8125,0.028065839767704562,103
semantic_segmentation__mean_energy_saving_fraction,utility_quantile,1,0.05,0.047,-0.06349813255986177,102
semantic_segmentation__mean_energy_saving_fraction,utility_quantile,2,0.15000000000000002,0.12100000000000001,-0.04316233268390844,103
semantic_segmentation__mean_energy_saving_fraction,utility_quantile,3,0.25,0.195,-0.014169297848499317,103
semantic_segmentation__mean_energy_saving_fraction,utility_quantile,4,0.35000000000000003,0.269,0.003542998075578757,102
semantic_segmentation__mean_energy_saving_fraction,utility_quantile,5,0.45,0.343,0.012774693630230857,102
semantic_segmentation__mean_energy_saving_fraction,utility_quantile,6,0.55,0.41700000000000004,0.017400852306410558,102
semantic_segmentation__mean_energy_saving_fraction,utility_quantile,7,0.6500000000000001,0.4910000000000001,0.019485329524551176,103
semantic_segmentation__mean_energy_saving_fraction,utility_quantile,8,0.75,0.565,0.02105878977610237,103
semantic_segmentation__mean_energy_saving_fraction,utility_quantile,9,0.8500000000000001,0.639,0.022825359871866985,102
semantic_segmentation__mean_energy_saving_fraction,utility_quantile,10,0.95,0.713,0.023906323350977393,102
semantic_segmentation__mean_energy_saving_fraction,minimum_quality_floor,1,0.05,0.034999999999999996,0.020020716520612464,103
semantic_segmentation__mean_energy_saving_fraction,minimum_quality_floor,2,0.15000000000000002,0.10500000000000001,0.017587534824979625,101
semantic_segmentation__mean_energy_saving_fraction,minimum_quality_floor,3,0.25,0.175,0.014778505812494522,104
semantic_segmentation__mean_energy_saving_fraction,minimum_quality_floor,4,0.35000000000000003,0.245,0.0125523638427338,101
semantic_segmentation__mean_energy_saving_fraction,minimum_quality_floor,5,0.45,0.315,0.009964235307042713,103
semantic_segmentation__mean_energy_saving_fraction,minimum_quality_floor,6,0.55,0.385,0.005278618619936844,102
semantic_segmentation__mean_energy_saving_fraction,minimum_quality_floor,7,0.6500000000000001,0.45500000000000007,-0.005956656298865822,103
semantic_segmentation__mean_energy_saving_fraction,minimum_quality_floor,8,0.75,0.5249999999999999,-0.019549293761568987,102
semantic_segmentation__mean_energy_saving_fraction,minimum_quality_floor,9,0.8500000000000001,0.595,-0.026576583402993948,103
semantic_segmentation__mean_energy_saving_fraction,minimum_quality_floor,10,0.95,0.6649999999999999,-0.028068743671067976,102
semantic_segmentation__mean_energy_saving_fraction,trend_window,1,0.05,5,-0.009625873825662037,102
semantic_segmentation__mean_energy_saving_fraction,trend_window,2,0.15000000000000002,8,-0.009133357188607302,103
semantic_segmentation__mean_energy_saving_fraction,trend_window,3,0.25,10,-0.007239361412988142,102
semantic_segmentation__mean_energy_saving_fraction,trend_window,4,0.35000000000000003,13,-0.0037176917892324836,103
semantic_segmentation__mean_energy_saving_fraction,trend_window,5,0.45,16,-0.0001492309410509613,102
semantic_segmentation__mean_energy_saving_fraction,trend_window,6,0.55,18,0.0024950840699581017,102
semantic_segmentation__mean_energy_saving_fraction,trend_window,7,0.6500000000000001,21,0.004637085914541759,103
semantic_segmentation__mean_energy_saving_fraction,trend_window,8,0.75,24,0.006453698778650081,102
semantic_segmentation__mean_energy_saving_fraction,trend_window,9,0.8500000000000001,26,0.007712476078323512,103
semantic_segmentation__mean_energy_saving_fraction,trend_window,10,0.95,29,0.008572086855135852,102
semantic_segmentation__mean_energy_saving_fraction,horizon_epochs,1,0.05,4,0.009708585634175423,102
semantic_segmentation__mean_energy_saving_fraction,horizon_epochs,2,0.15000000000000002,5,0.007707319921628767,103
semantic_segmentation__mean_energy_saving_fraction,horizon_epochs,3,0.25,6,0.005342185197601336,102
semantic_segmentation__mean_energy_saving_fraction,horizon_epochs,4,0.35000000000000003,7,0.0028445847937604053,102
semantic_segmentation__mean_energy_saving_fraction,horizon_epochs,5,0.45,8,0.0008482839850969936,103
semantic_segmentation__mean_energy_saving_fraction,horizon_epochs,6,0.55,10,-0.0013103116185410237,103
semantic_segmentation__mean_energy_saving_fraction,horizon_epochs,7,0.6500000000000001,11,-0.003921116449520449,101
semantic_segmentation__mean_energy_saving_fraction,horizon_epochs,8,0.75,12,-0.005924544047166776,103
semantic_segmentation__mean_energy_saving_fraction,horizon_epochs,9,0.8500000000000001,13,-0.007308705356446768,103
semantic_segmentation__mean_energy_saving_fraction,horizon_epochs,10,0.95,14,-0.007966018916804493,102
semantic_segmentation__mean_energy_saving_fraction,remaining_room_fraction,1,0.05,0.000651660660281532,-0.003165843953051461,103
semantic_segmentation__mean_energy_saving_fraction,remaining_room_fraction,2,0.15000000000000002,0.0011069410767284434,-0.0032982018932625843,102
semantic_segmentation__mean_energy_saving_fraction,remaining_room_fraction,3,0.25,0.0018803015465431972,-0.0031851601363015055,103
semantic_segmentation__mean_energy_saving_fraction,remaining_room_fraction,4,0.35000000000000003,0.0031939675744819093,-0.002868883549730778,102
semantic_segmentation__mean_energy_saving_fraction,remaining_room_fraction,5,0.45,0.005425421728550121,-0.0022838616587685014,102
semantic_segmentation__mean_energy_saving_fraction,remaining_room_fraction,6,0.55,0.00921587343835149,-0.0013158542820438544,103
semantic_segmentation__mean_energy_saving_fraction,remaining_room_fraction,7,0.6500000000000001,0.015654510834572418,0.0002046829211640286,102
semantic_segmentation__mean_energy_saving_fraction,remaining_room_fraction,8,0.75,0.026591479484724956,0.0021840065010946407,103
semantic_segmentation__mean_energy_saving_fraction,remaining_room_fraction,9,0.8500000000000001,0.0451695226161222,0.005096974415641971,102
semantic_segmentation__mean_energy_saving_fraction,remaining_room_fraction,10,0.95,0.07672704990109257,0.008685895084966885,102
semantic_segmentation__mean_energy_saving_fraction,bayesian_window,1,0.05,14,0.0051589726830095885,102
semantic_segmentation__mean_energy_saving_fraction,bayesian_window,2,0.15000000000000002,18,0.004424320686587896,103
semantic_segmentation__mean_energy_saving_fraction,bayesian_window,3,0.25,22,0.003549630428049352,102
semantic_segmentation__mean_energy_saving_fraction,bayesian_window,4,0.35000000000000003,25,0.0021938639202569356,103
semantic_segmentation__mean_energy_saving_fraction,bayesian_window,5,0.45,29,0.0006349716014015403,102
semantic_segmentation__mean_energy_saving_fraction,bayesian_window,6,0.55,33,-0.0009417420582107545,102
semantic_segmentation__mean_energy_saving_fraction,bayesian_window,7,0.6500000000000001,37,-0.0023361553290492778,102
semantic_segmentation__mean_energy_saving_fraction,bayesian_window,8,0.75,40,-0.0035729709844581096,103
semantic_segmentation__mean_energy_saving_fraction,bayesian_window,9,0.8500000000000001,44,-0.004434078887651395,102
semantic_segmentation__mean_energy_saving_fraction,bayesian_window,10,0.95,48,-0.004660971298406174,103
semantic_segmentation__mean_quality_regret_pp,min_epochs_floor,1,0.05,16,0.28550919310581374,103
semantic_segmentation__mean_quality_regret_pp,min_epochs_floor,2,0.15000000000000002,25,0.2671688028932369,102
semantic_segmentation__mean_quality_regret_pp,min_epochs_floor,3,0.25,33,0.2479049468833035,103
semantic_segmentation__mean_quality_regret_pp,min_epochs_floor,4,0.35000000000000003,42,0.1932458722487486,102
semantic_segmentation__mean_quality_regret_pp,min_epochs_floor,5,0.45,50,0.08540296441123835,102
semantic_segmentation__mean_quality_regret_pp,min_epochs_floor,6,0.55,59,-0.05582924293356384,102
semantic_segmentation__mean_quality_regret_pp,min_epochs_floor,7,0.6500000000000001,67,-0.17641453567086107,103
semantic_segmentation__mean_quality_regret_pp,min_epochs_floor,8,0.75,76,-0.24539331153058996,102
semantic_segmentation__mean_quality_regret_pp,min_epochs_floor,9,0.8500000000000001,84,-0.29129723922114636,103
semantic_segmentation__mean_quality_regret_pp,min_epochs_floor,10,0.95,93,-0.31094159102046537,102
semantic_segmentation__mean_quality_regret_pp,noise_multiplier,1,0.05,0.4375,-0.20138474197311979,103
semantic_segmentation__mean_quality_regret_pp,noise_multiplier,2,0.15000000000000002,0.8125000000000001,-0.15992012385562066,102
semantic_segmentation__mean_quality_regret_pp,noise_multiplier,3,0.25,1.1875,-0.09634336412378952,102
semantic_segmentation__mean_quality_regret_pp,noise_multiplier,4,0.35000000000000003,1.5625000000000002,-0.04029365380508548,103
semantic_segmentation__mean_quality_regret_pp,noise_multiplier,5,0.45,1.9375,0.012687920925047114,102
semantic_segmentation__mean_quality_regret_pp,noise_multiplier,6,0.55,2.3125,0.05656750791712373,102
semantic_segmentation__mean_quality_regret_pp,noise_multiplier,7,0.6500000000000001,2.6875000000000004,0.08696835681938936,103
semantic_segmentation__mean_quality_regret_pp,noise_multiplier,8,0.75,3.0625,0.10528370976541174,102
semantic_segmentation__mean_quality_regret_pp,noise_multiplier,9,0.8500000000000001,3.4375000000000004,0.11483260857309863,102
semantic_segmentation__mean_quality_regret_pp,noise_multiplier,10,0.95,3.8125,0.12192321916726623,103
semantic_segmentation__mean_quality_regret_pp,utility_quantile,1,0.05,0.047,-0.22579781718913722,102
semantic_segmentation__mean_quality_regret_pp,utility_quantile,2,0.15000000000000002,0.12100000000000001,-0.1548411964323414,103
semantic_segmentation__mean_quality_regret_pp,utility_quantile,3,0.25,0.195,-0.05364273061968808,103
semantic_segmentation__mean_quality_regret_pp,utility_quantile,4,0.35000000000000003,0.269,0.009743429164995293,102
semantic_segmentation__mean_quality_regret_pp,utility_quantile,5,0.45,0.343,0.044596164892338946,102
semantic_segmentation__mean_quality_regret_pp,utility_quantile,6,0.55,0.41700000000000004,0.06241903514244038,102
semantic_segmentation__mean_quality_regret_pp,utility_quantile,7,0.6500000000000001,0.4910000000000001,0.07051607103836896,103
semantic_segmentation__mean_quality_regret_pp,utility_quantile,8,0.75,0.565,0.07664126028596466,103
semantic_segmentation__mean_quality_regret_pp,utility_quantile,9,0.8500000000000001,0.639,0.08356964925161622,102
semantic_segmentation__mean_quality_regret_pp,utility_quantile,10,0.95,0.713,0.08739737560002733,102
semantic_segmentation__mean_quality_regret_pp,minimum_quality_floor,1,0.05,0.034999999999999996,0.09196141368285554,103
semantic_segmentation__mean_quality_regret_pp,minimum_quality_floor,2,0.15000000000000002,0.10500000000000001,0.0828372222521596,101
semantic_segmentation__mean_quality_regret_pp,minimum_quality_floor,3,0.25,0.175,0.07163964658362207,104
semantic_segmentation__mean_quality_regret_pp,minimum_quality_floor,4,0.35000000000000003,0.245,0.06362782527519874,101
semantic_segmentation__mean_quality_regret_pp,minimum_quality_floor,5,0.45,0.315,0.05484341518769564,103
semantic_segmentation__mean_quality_regret_pp,minimum_quality_floor,6,0.55,0.385,0.030075660209046395,102
semantic_segmentation__mean_quality_regret_pp,minimum_quality_floor,7,0.6500000000000001,0.45500000000000007,-0.0303579400424607,103
semantic_segmentation__mean_quality_regret_pp,minimum_quality_floor,8,0.75,0.5249999999999999,-0.0971795523080488,102
semantic_segmentation__mean_quality_regret_pp,minimum_quality_floor,9,0.8500000000000001,0.595,-0.1301390097509873,103
semantic_segmentation__mean_quality_regret_pp,minimum_quality_floor,10,0.95,0.6649999999999999,-0.13714321172356136,102
semantic_segmentation__mean_quality_regret_pp,trend_window,1,0.05,5,-0.03629864758815338,102
semantic_segmentation__mean_quality_regret_pp,trend_window,2,0.15000000000000002,8,-0.034329468816928596,103
semantic_segmentation__mean_quality_regret_pp,trend_window,3,0.25,10,-0.028670456487895818,102
semantic_segmentation__mean_quality_regret_pp,trend_window,4,0.35000000000000003,13,-0.016673846603003157,103
semantic_segmentation__mean_quality_regret_pp,trend_window,5,0.45,16,-0.0033328899401524475,102
semantic_segmentation__mean_quality_regret_pp,trend_window,6,0.55,18,0.006575594990765508,102
semantic_segmentation__mean_quality_regret_pp,trend_window,7,0.6500000000000001,21,0.016617620220418503,103
semantic_segmentation__mean_quality_regret_pp,trend_window,8,0.75,24,0.02683543067317129,102
semantic_segmentation__mean_quality_regret_pp,trend_window,9,0.8500000000000001,26,0.033039355643482246,103
semantic_segmentation__mean_quality_regret_pp,trend_window,10,0.95,29,0.03625050731570792,102
semantic_segmentation__mean_quality_regret_pp,horizon_epochs,1,0.05,4,0.04066679540180716,102
semantic_segmentation__mean_quality_regret_pp,horizon_epochs,2,0.15000000000000002,5,0.03473516317599408,103
semantic_segmentation__mean_quality_regret_pp,horizon_epochs,3,0.25,6,0.026561928695779054,102
semantic_segmentation__mean_quality_regret_pp,horizon_epochs,4,0.35000000000000003,7,0.014312618334900724,102
semantic_segmentation__mean_quality_regret_pp,horizon_epochs,5,0.45,8,0.003568946778851792,103
semantic_segmentation__mean_quality_regret_pp,horizon_epochs,6,0.55,10,-0.005848730307299835,103
semantic_segmentation__mean_quality_regret_pp,horizon_epochs,7,0.6500000000000001,11,-0.017426965912605813,101
semantic_segmentation__mean_quality_regret_pp,horizon_epochs,8,0.75,12,-0.026362813635279675,103
semantic_segmentation__mean_quality_regret_pp,horizon_epochs,9,0.8500000000000001,13,-0.0332606540898322,103
semantic_segmentation__mean_quality_regret_pp,horizon_epochs,10,0.95,14,-0.036850787244619626,102
semantic_segmentation__mean_quality_regret_pp,bayesian_window,1,0.05,14,0.02343784608428446,102
semantic_segmentation__mean_quality_regret_pp,bayesian_window,2,0.15000000000000002,18,0.020186412336082746,103
semantic_segmentation__mean_quality_regret_pp,bayesian_window,3,0.25,22,0.01653245922221186,102
semantic_segmentation__mean_quality_regret_pp,bayesian_window,4,0.35000000000000003,25,0.010714464419204999,103
semantic_segmentation__mean_quality_regret_pp,bayesian_window,5,0.45,29,0.004375003670599339,102
semantic_segmentation__mean_quality_regret_pp,bayesian_window,6,0.55,33,-0.0021460171654382083,102
semantic_segmentation__mean_quality_regret_pp,bayesian_window,7,0.6500000000000001,37,-0.009349090205451823,102
semantic_segmentation__mean_quality_regret_pp,bayesian_window,8,0.75,40,-0.016903440277370698,103
semantic_segmentation__mean_quality_regret_pp,bayesian_window,9,0.8500000000000001,44,-0.022347309329526773,102
semantic_segmentation__mean_quality_regret_pp,bayesian_window,10,0.95,48,-0.024398358926667,103
semantic_segmentation__mean_quality_regret_pp,patience,1,0.05,1,0.029310034216507075,102
semantic_segmentation__mean_quality_regret_pp,patience,2,0.15000000000000002,2,0.022565133929039024,102
semantic_segmentation__mean_quality_regret_pp,patience,3,0.25,3,0.015270527741624525,103
semantic_segmentation__mean_quality_regret_pp,patience,4,0.35000000000000003,3,0.008602639696276379,102
semantic_segmentation__mean_quality_regret_pp,patience,5,0.45,4,0.0013734239319440796,103
semantic_segmentation__mean_quality_regret_pp,patience,6,0.55,5,-0.006447442290166201,102
semantic_segmentation__mean_quality_regret_pp,patience,7,0.6500000000000001,6,-0.013028266109695229,102
semantic_segmentation__mean_quality_regret_pp,patience,8,0.75,6,-0.017098285394333917,103
semantic_segmentation__mean_quality_regret_pp,patience,9,0.8500000000000001,7,-0.019650940676799296,103
semantic_segmentation__mean_quality_regret_pp,patience,10,0.95,8,-0.020699714511086986,102
semantic_segmentation__mean_stop_epoch,min_epochs_floor,1,0.05,16,-5.170668532188775,103
semantic_segmentation__mean_stop_epoch,min_epochs_floor,2,0.15000000000000002,25,-4.89102771186388,102
semantic_segmentation__mean_stop_epoch,min_epochs_floor,3,0.25,33,-4.7360632669435185,103
semantic_segmentation__mean_stop_epoch,min_epochs_floor,4,0.35000000000000003,42,-4.2368627109120505,102
semantic_segmentation__mean_stop_epoch,min_epochs_floor,5,0.45,50,-2.5888146444632536,102
semantic_segmentation__mean_stop_epoch,min_epochs_floor,6,0.55,59,0.1722971474757431,102
semantic_segmentation__mean_stop_epoch,min_epochs_floor,7,0.6500000000000001,67,2.6829136404321483,103
semantic_segmentation__mean_stop_epoch,min_epochs_floor,8,0.75,76,4.511172426416876,102
semantic_segmentation__mean_stop_epoch,min_epochs_floor,9,0.8500000000000001,84,6.47019712394422,103
semantic_segmentation__mean_stop_epoch,min_epochs_floor,10,0.95,93,7.794244969619709,102
semantic_segmentation__mean_stop_epoch,noise_multiplier,1,0.05,0.4375,5.206222979275307,103
semantic_segmentation__mean_stop_epoch,noise_multiplier,2,0.15000000000000002,0.8125000000000001,4.017516770389378,102
semantic_segmentation__mean_stop_epoch,noise_multiplier,3,0.25,1.1875,2.2324459642891563,102
semantic_segmentation__mean_stop_epoch,noise_multiplier,4,0.35000000000000003,1.5625000000000002,0.7349554231697972,103
semantic_segmentation__mean_stop_epoch,noise_multiplier,5,0.45,1.9375,-0.5668028875574018,102
semantic_segmentation__mean_stop_epoch,noise_multiplier,6,0.55,2.3125,-1.539416926228423,102
semantic_segmentation__mean_stop_epoch,noise_multiplier,7,0.6500000000000001,2.6875000000000004,-2.138171116955416,103
semantic_segmentation__mean_stop_epoch,noise_multiplier,8,0.75,3.0625,-2.480240258662799,102
semantic_segmentation__mean_stop_epoch,noise_multiplier,9,0.8500000000000001,3.4375000000000004,-2.667317464545153,102
semantic_segmentation__mean_stop_epoch,noise_multiplier,10,0.95,3.8125,-2.8089382579542104,103
semantic_segmentation__mean_stop_epoch,utility_quantile,1,0.05,0.047,6.357837213609486,102
semantic_segmentation__mean_stop_epoch,utility_quantile,2,0.15000000000000002,0.12100000000000001,4.321866392702908,103
semantic_segmentation__mean_stop_epoch,utility_quantile,3,0.25,0.195,1.419637428301609,103
semantic_segmentation__mean_stop_epoch,utility_quantile,4,0.35000000000000003,0.269,-0.3537837053891941,102
semantic_segmentation__mean_stop_epoch,utility_quantile,5,0.45,0.343,-1.2785937544088055,102
semantic_segmentation__mean_stop_epoch,utility_quantile,6,0.55,0.41700000000000004,-1.742046232622318,102
semantic_segmentation__mean_stop_epoch,utility_quantile,7,0.6500000000000001,0.4910000000000001,-1.9512339190237427,103
semantic_segmentation__mean_stop_epoch,utility_quantile,8,0.75,0.565,-2.109160361850062,103
semantic_segmentation__mean_stop_epoch,utility_quantile,9,0.8500000000000001,0.639,-2.286231089952521,102
semantic_segmentation__mean_stop_epoch,utility_quantile,10,0.95,0.713,-2.394773437447073,102
semantic_segmentation__mean_stop_epoch,minimum_quality_floor,1,0.05,0.034999999999999996,-2.007688248260056,103
semantic_segmentation__mean_stop_epoch,minimum_quality_floor,2,0.15000000000000002,0.10500000000000001,-1.7626855714147003,101
semantic_segmentation__mean_stop_epoch,minimum_quality_floor,3,0.25,0.175,-1.4797872972122808,104
semantic_segmentation__mean_stop_epoch,minimum_quality_floor,4,0.35000000000000003,0.245,-1.2558040395115113,101
semantic_segmentation__mean_stop_epoch,minimum_quality_floor,5,0.45,0.315,-0.9958827761473106,103
semantic_segmentation__mean_stop_epoch,minimum_quality_floor,6,0.55,0.385,-0.5263336593727694,102
semantic_segmentation__mean_stop_epoch,minimum_quality_floor,7,0.6500000000000001,0.45500000000000007,0.5978392438095366,103
semantic_segmentation__mean_stop_epoch,minimum_quality_floor,8,0.75,0.5249999999999999,1.9573991976454383,102
semantic_segmentation__mean_stop_epoch,minimum_quality_floor,9,0.8500000000000001,0.595,2.6603103515892172,103
semantic_segmentation__mean_stop_epoch,minimum_quality_floor,10,0.95,0.6649999999999999,2.809559332330384,102
semantic_segmentation__mean_stop_epoch,trend_window,1,0.05,5,0.9611983286930286,102
semantic_segmentation__mean_stop_epoch,trend_window,2,0.15000000000000002,8,0.9119246067986603,103
semantic_segmentation__mean_stop_epoch,trend_window,3,0.25,10,0.7227679873008062,102
semantic_segmentation__mean_stop_epoch,trend_window,4,0.35000000000000003,13,0.37148353608774043,103
semantic_segmentation__mean_stop_epoch,trend_window,5,0.45,16,0.015379504264653288,102
semantic_segmentation__mean_stop_epoch,trend_window,6,0.55,18,-0.24887498919939866,102
semantic_segmentation__mean_stop_epoch,trend_window,7,0.6500000000000001,21,-0.4628715943139363,103
semantic_segmentation__mean_stop_epoch,trend_window,8,0.75,24,-0.6445234281866439,102
semantic_segmentation__mean_stop_epoch,trend_window,9,0.8500000000000001,26,-0.7704889082297937,103
semantic_segmentation__mean_stop_epoch,trend_window,10,0.95,29,-0.8564857063557321,102
semantic_segmentation__mean_stop_epoch,horizon_epochs,1,0.05,4,-0.9710951607267404,102
semantic_segmentation__mean_stop_epoch,horizon_epochs,2,0.15000000000000002,5,-0.7706455234824166,103
semantic_segmentation__mean_stop_epoch,horizon_epochs,3,0.25,6,-0.5339404396149984,102
semantic_segmentation__mean_stop_epoch,horizon_epochs,4,0.35000000000000003,7,-0.2843217032315555,102
semantic_segmentation__mean_stop_epoch,horizon_epochs,5,0.45,8,-0.08480948005749522,103
semantic_segmentation__mean_stop_epoch,horizon_epochs,6,0.55,10,0.13104003450561374,103
semantic_segmentation__mean_stop_epoch,horizon_epochs,7,0.6500000000000001,11,0.39201805099658404,101
semantic_segmentation__mean_stop_epoch,horizon_epochs,8,0.75,12,0.5922193684584265,103
semantic_segmentation__mean_stop_epoch,horizon_epochs,9,0.8500000000000001,13,0.7307509218564843,103
semantic_segmentation__mean_stop_epoch,horizon_epochs,10,0.95,14,0.7967590560972351,102
semantic_segmentation__mean_stop_epoch,remaining_room_fraction,1,0.05,0.000651660660281532,0.31789033503879743,103
semantic_segmentation__mean_stop_epoch,remaining_room_fraction,2,0.15000000000000002,0.0011069410767284434,0.33108647163798866,102
semantic_segmentation__mean_stop_epoch,remaining_room_fraction,3,0.25,0.0018803015465431972,0.31968781319942274,103
semantic_segmentation__mean_stop_epoch,remaining_room_fraction,4,0.35000000000000003,0.0031939675744819093,0.2878908704471302,102
semantic_segmentation__mean_stop_epoch,remaining_room_fraction,5,0.45,0.005425421728550121,0.2290571286170643,102
semantic_segmentation__mean_stop_epoch,remaining_room_fraction,6,0.55,0.00921587343835149,0.13177693687477726,103
semantic_segmentation__mean_stop_epoch,remaining_room_fraction,7,0.6500000000000001,0.015654510834572418,-0.020776947677967894,102
semantic_segmentation__mean_stop_epoch,remaining_room_fraction,8,0.75,0.026591479484724956,-0.21937115046156286,103
semantic_segmentation__mean_stop_epoch,remaining_room_fraction,9,0.8500000000000001,0.0451695226161222,-0.511584634290909,102
semantic_segmentation__mean_stop_epoch,remaining_room_fraction,10,0.95,0.07672704990109257,-0.8710488227440686,102
semantic_segmentation__mean_stop_epoch,bayesian_window,1,0.05,14,-0.515829964386877,102
semantic_segmentation__mean_stop_epoch,bayesian_window,2,0.15000000000000002,18,-0.4422826461877523,103
semantic_segmentation__mean_stop_epoch,bayesian_window,3,0.25,22,-0.35465716894723476,102
semantic_segmentation__mean_stop_epoch,bayesian_window,4,0.35000000000000003,25,-0.21912378987284298,103
semantic_segmentation__mean_stop_epoch,bayesian_window,5,0.45,29,-0.06340658726903747,102
semantic_segmentation__mean_stop_epoch,bayesian_window,6,0.55,33,0.09420098353706363,102
semantic_segmentation__mean_stop_epoch,bayesian_window,7,0.6500000000000001,37,0.2335358146917459,102
semantic_segmentation__mean_stop_epoch,bayesian_window,8,0.75,40,0.35709880515222225,103
semantic_segmentation__mean_stop_epoch,bayesian_window,9,0.8500000000000001,44,0.44313115835779826,102
semantic_segmentation__mean_stop_epoch,bayesian_window,10,0.95,48,0.4657506205169867,103
