index,parameter__horizon_epochs,parameter__min_fit_points,parameter__patience,parameter__trend_window,parameter__bootstrap_samples,parameter__knn_neighbors,parameter__min_epochs_floor,parameter__max_probability_gain_gt_threshold,parameter__max_uncertainty_to_gain_ratio,parameter__minimum_quality_floor,parameter__noise_multiplier,parameter__recent_gain_fraction,parameter__remaining_room_fraction,parameter__late_stage_relaxation,parameter__min_meaningful_gain,parameter__utility_quantile,parameter__bayesian_window,parameter__bayesian_samples,parameter__bayesian_min_observations,parameter__bayesian_probability_limit,parameter__bayesian_prior_strength,parameter__bayesian_prior_alpha,parameter__bayesian_confirmation_patience,overall__mean_energy_saving_fraction,overall__mean_quality_regret_pp,overall__mean_stop_epoch,overall__mean_stop_epoch_fraction,overall__noninferiority_success_fraction,overall__joint_success_fraction,overall__bayesian_veto_rate,overall__controller_runtime_ms_per_epoch,overall__energy_saving_q25,overall__quality_cvar90_normalized,image_classification__mean_energy_saving_fraction,image_classification__mean_quality_regret_pp,image_classification__mean_stop_epoch,image_classification__mean_stop_epoch_fraction,image_classification__noninferiority_success_fraction,image_classification__joint_success_fraction,image_classification__bayesian_veto_rate,image_classification__controller_runtime_ms_per_epoch,image_classification__energy_saving_q25,image_classification__quality_cvar90_normalized,object_detection__mean_energy_saving_fraction,object_detection__mean_quality_regret_pp,object_detection__mean_stop_epoch,object_detection__mean_stop_epoch_fraction,object_detection__noninferiority_success_fraction,object_detection__joint_success_fraction,object_detection__bayesian_veto_rate,object_detection__controller_runtime_ms_per_epoch,object_detection__energy_saving_q25,object_detection__quality_cvar90_normalized,semantic_segmentation__mean_energy_saving_fraction,semantic_segmentation__mean_quality_regret_pp,semantic_segmentation__mean_stop_epoch,semantic_segmentation__mean_stop_epoch_fraction,semantic_segmentation__noninferiority_success_fraction,semantic_segmentation__joint_success_fraction,semantic_segmentation__bayesian_veto_rate,semantic_segmentation__controller_runtime_ms_per_epoch,semantic_segmentation__energy_saving_q25,semantic_segmentation__quality_cvar90_normalized
0,7,9,3,9,32,13,14,0.449940593726933,7.0696466360241175,0.13512989599257708,2.763935735914856,0.40326840383931994,0.00212360831959644,0.4584086472168565,9.872941763956968e-05,0.7128324456326663,39,256,8,0.43375140810385343,2.0326458010191257,6.164973429807516,1,0.45883964421856327,5.9091759260130265,54.0,0.54,0.1111111111111111,0.0,0.10610538371702948,1.868021568636897,0.4367370388373386,8.032525516587752,0.5508536380486824,11.516666666666667,45.0,0.45,0.0,0.0,0.19623914606493006,1.5019870912538231,0.5319691173048052,8.032525516587752,0.43561541191875053,3.7889999999999944,56.0,0.56,0.0,0.0,0.07135236740499899,1.5009501899371875,0.34631040608,2.4692323026873826,0.39004988268825685,2.421861111372418,61.0,0.61,0.3333333333333333,0.0,0.050724637681159424,2.6011274247196794,0.26997133778774157,2.549835151791929
1,10,7,5,23,128,7,70,0.060153526533395056,4.774026652798057,0.6868016004562377,2.122771269408986,0.7906652123201638,0.011837050142150926,0.9026677261106669,1.767140264313797e-06,0.09632256045937537,22,64,6,0.35233521228656167,0.13683905861537027,1.8944621126486831,4,0.0,0.0,100.0,1.0,1.0,0.0,0.0,4.600906444247812,0.0,0.0,0.0,0.0,100.0,1.0,1.0,0.0,0.0,5.233922666714837,0.0,0.0,0.0,0.0,100.0,1.0,1.0,0.0,0.0,3.3201599936001003,0.0,0.0,0.0,0.0,100.0,1.0,1.0,0.0,0.0,5.248636672428499,0.0,0.0
2,14,11,1,15,192,4,34,0.21027335952967408,3.216026428155601,0.4577038638293743,0.672033165814355,0.5840383790433407,0.0005163073313359586,0.030408242065459487,9.583502654177814e-06,0.4952759502828121,17,512,5,0.7382832628674805,1.1237164224483784,1.792227236996732,2,0.01662648129865191,0.034637210147815525,98.33333333333333,0.9833333333333333,1.0,0.1111111111111111,0.0024183006535947716,4.6703961786199235,0.0,0.13865963166806336,0.0,0.0,100.0,1.0,1.0,0.0,0.0,5.351537670164059,0.0,0.0,0.0,0.0,100.0,1.0,1.0,0.0,0.0033333333333333335,3.6445406645846865,0.0,0.0,0.04987944389595573,0.10391163044344658,95.0,0.9500000000000001,1.0,0.3333333333333333,0.00392156862745098,5.015110201111027,0.0,0.13865963166806336
3,5,5,7,27,64,9,90,0.38298431420698764,9.752371146343648,0.2984407464042306,3.1875076200813055,0.1218242961447686,0.0479993709350366,0.47697221413254737,0.0013650695273106645,0.22130513174459338,43,128,11,0.11957235662266612,0.23924152510998967,5.246779550023013,5,0.0,0.0,100.0,1.0,1.0,0.0,0.008888888888888889,5.046963112739225,0.0,0.0,0.0,0.0,100.0,1.0,1.0,0.0,0.0,5.645196339270721,0.0,0.0,0.0,0.0,100.0,1.0,1.0,0.0,0.02666666666666667,3.8602086575701833,0.0,0.0,0.0,0.0,100.0,1.0,1.0,0.0,0.0,5.635484341376771,0.0,0.0
4,4,12,6,24,64,14,47,0.2333168110344559,2.0002090940251946,0.5390823613852262,0.801139508606866,0.18771012448705732,0.0013036295464098362,0.7193476680666208,0.0028695918070983095,0.3490919332765043,49,256,6,0.5719604780897498,3.952846628030919,8.354756726862625,3,0.06964647901037992,0.20882704979901956,93.0,0.9299999999999999,0.8888888888888888,0.1111111111111111,0.018399044205495818,4.558757387219596,0.0,1.3177147389233481,0.0,0.0,100.0,1.0,1.0,0.0,0.0,5.780903332245846,0.0,0.0,0.08265895177535768,0.40633333333333077,91.66666666666667,0.9166666666666666,0.6666666666666666,0.0,0.044444444444444446,3.1365874396740563,0.0,1.3177147389233481,0.1262804852557821,0.22014781606372788,87.33333333333333,0.8733333333333334,1.0,0.3333333333333333,0.01075268817204301,4.758781389738884,0.0,0.834197817650451
5,13,4,4,12,192,9,76,0.29968037097714845,8.71885792631656,0.04205192234367132,3.79268460534513,0.5681615152396262,0.07686033241993902,0.2723167003132403,4.800439474886083e-05,0.46010206930339337,13,1024,12,0.3019679587334394,0.05871488868088236,2.478980906621983,4,0.12309253669145119,0.2808212178496762,87.44444444444444,0.8744444444444445,1.0,0.7777777777777778,0.03343324216652305,5.184263943517065,0.06877000424215095,0.6210045987715395,0.0524083583574912,0.11999999999999789,94.66666666666667,0.9466666666666667,1.0,0.3333333333333333,0.02857142857142857,6.132282610679607,0.0,0.1821853792103627,0.13997231512287486,0.4686666666666617,85.66666666666667,0.8566666666666666,1.0,1.0,0.03514293207448203,4.15128035674303,0.12203537329246625,0.6210045987715395,0.1768969365939875,0.25379698688236896,82.0,0.82,1.0,1.0,0.036585365853658534,5.26922886312856,0.1756855632685303,0.42771491142751156
6,11,8,8,20,96,6,27,0.4171742426697165,6.057831414043903,0.22745356541126965,2.400486579630524,0.8063313172664494,0.004496647710326579,0.6621511525474488,3.6192027779593968e-06,0.10697130046784877,28,128,9,0.5996468828991055,0.6926005800130896,1.368940249660922,2,0.09861811954110125,0.775222222222221,90.0,0.8999999999999999,0.7777777777777778,0.1111111111111111,0.004933868300589176,4.576670339052456,0.0,1.7392969769710191,0.0,0.0,100.0,1.0,1.0,0.0,0.0,5.707495340611786,0.0,0.0,0.2958543586233037,2.325666666666663,70.0,0.7000000000000001,0.3333333333333333,0.3333333333333333,0.014801604901767526,2.2943543407780265,0.23142988971436618,1.7392969769710191,0.0,0.0,100.0,1.0,1.0,0.0,0.0,5.728161335767557,0.0,0.0
7,8,8,2,6,32,11,57,0.14603925771079956,3.5359620042145252,0.41948829926550385,1.2832443180959672,0.33800188843160867,0.02213920226227334,0.21835269909352062,0.0005515425123723331,0.6096611281298101,35,512,7,0.16968336552381513,0.3253499169538764,3.869360610740326,3,0.04175629784199787,0.08252609903670358,95.77777777777777,0.9577777777777777,0.8888888888888888,0.1111111111111111,0.06789915966386555,4.6028415598329415,0.0,1.5931725123246676,0.0,0.0,100.0,1.0,1.0,0.0,0.006666666666666667,5.736289996032913,0.0,0.0,0.0753894496300379,0.14366666666666417,92.33333333333333,0.9233333333333333,0.6666666666666666,0.0,0.06428571428571428,3.132733645580822,0.0,1.5931725123246676,0.04987944389595573,0.10391163044344658,95.0,0.9500000000000001,1.0,0.3333333333333333,0.13274509803921566,4.939501037885088,0.0,0.13865963166806336
8,8,10,8,14,128,10,49,0.2701862487010658,1.1660670014098287,0.32654538964852686,1.5508439459372312,0.4674978021066636,0.057612262295820255,0.6525906168390065,1.9214636843406947e-05,0.32706135388463736,21,128,5,0.6714298449456692,2.936253427392121,2.8332317720674682,2,0.1279167345901102,0.8822141386729118,87.11111111111111,0.8711111111111111,0.7777777777777778,0.2222222222222222,0.007621242045205179,3.766419950455367,0.0,4.147423570367287,0.0,0.0,100.0,1.0,1.0,0.0,0.0,5.0666953312853975,0.0,0.0,0.25045193888471734,2.06333333333333,74.66666666666667,0.7466666666666667,0.3333333333333333,0.0,0.014086021505376344,2.1167928560246385,0.18753938088729008,4.147423570367287,0.13329826488561322,0.5833090826854053,86.66666666666667,0.8666666666666667,1.0,0.6666666666666666,0.008777704630239191,4.115771664056064,0.00966038564895008,0.7783673705111724
9,12,6,2,25,64,4,85,0.3224735606461763,7.864951775409281,0.5172611706890166,2.308727629482746,0.7166930861771107,0.0016056615320850962,0.14615571047179401,0.0006738117126152395,0.3896552206762135,42,1024,11,0.05412902031093836,0.07756659415373487,9.54603824381161,3,0.0,0.0,100.0,1.0,1.0,0.0,0.04111111111111111,5.903773120242274,0.0,0.0,0.0,0.0,100.0,1.0,1.0,0.0,0.03666666666666667,6.60539001148815,0.0,0.0,0.0,0.0,100.0,1.0,1.0,0.0,0.049999999999999996,4.4316110061481595,0.0,0.0,0.0,0.0,100.0,1.0,1.0,0.0,0.03666666666666667,6.674318343090515,0.0,0.0
10,12,10,6,4,64,6,30,0.39789666375145316,6.311348143965006,0.6163095355965197,3.7599179786629975,0.6577990845311433,0.014061474719477276,0.8179995556827634,0.00012527748234404893,0.17597282694652677,38,64,10,0.4564487714320421,0.523971208702458,3.3874142031541057,3,0.0,0.0,100.0,1.0,1.0,0.0,0.04666666666666666,4.22929322372915,0.0,0.0,0.0,0.0,100.0,1.0,1.0,0.0,0.06999999999999999,4.81131400524949,0.0,0.0,0.0,0.0,100.0,1.0,1.0,0.0,0.016666666666666666,2.947405334562063,0.0,0.0,0.0,0.0,100.0,1.0,1.0,0.0,0.05333333333333334,4.929160331375897,0.0,0.0
11,4,6,4,19,128,13,64,0.11268545761704446,3.8443948850035667,0.11796013852581382,1.126816351665184,0.05821355534717441,0.006536242078990034,0.31479728394187984,1.4013504130548836e-06,0.6331370076164603,26,256,8,0.37370828222483393,0.43774390050753853,1.1987625865870948,4,0.2140851501193987,1.8525269053046918,78.44444444444444,0.7844444444444444,0.6666666666666666,0.4444444444444444,0.038981729461181516,3.927504072668125,0.22933644468503514,3.6570555757403516,0.2688376520655654,4.1700000000000035,73.0,0.73,0.3333333333333333,0.3333333333333333,0.041161616161616156,3.9098149873774335,0.2538177460691071,3.6570555757403516,0.18694176852659797,1.1119999999999983,81.0,0.8099999999999999,0.6666666666666666,0.3333333333333333,0.04798434442270059,3.1531080815227868,0.13297159913867293,1.8149598690288182,0.1864760297660327,0.2755807159140736,81.33333333333333,0.8133333333333334,1.0,0.6666666666666666,0.0277992277992278,4.719589149104156,0.12951632100122942,0.4596604481053848
12,5,9,1,22,192,12,21,0.4833974040579051,7.34348807297647,0.3585588437505066,3.3964420002885163,0.2579527238383889,0.009638557169791577,0.07984592751599848,7.755677639060792e-06,0.6915245224907994,30,512,9,0.6240532319061458,2.685376445623736,2.163997403018518,2,0.56800333882185,7.226728630269193,43.111111111111114,0.4311111111111111,0.1111111111111111,0.0,0.024691358024691357,2.1528317332037807,0.637577279435394,13.536421670842282,0.6402952985164915,13.10666666666667,36.0,0.36000000000000004,0.0,0.0,0.027777777777777776,1.719292583099256,0.6385235442141366,9.023773346294323,0.636591352452785,5.888666666666661,36.0,0.36000000000000004,0.0,0.0,0.027777777777777776,1.4893037150613964,0.6359064840971533,13.536421670842282,0.4271233654962734,2.684852557474249,57.333333333333336,0.5733333333333334,0.3333333333333333,0.0,0.018518518518518517,3.2498989014506896,0.320153818105394,2.9329049666598626
13,15,7,7,7,96,5,73,0.07953408886678517,5.063233459368348,0.2007004621438682,0.2872625782620162,0.5143009515013546,0.0028413850781419223,0.5835089379455894,0.00025472047581912667,0.02515305558219552,32,64,7,0.19003104614093896,0.10164272637992165,7.040161356417261,5,0.0,0.0,100.0,1.0,1.0,0.0,0.003333333333333333,4.394896222123255,0.0,0.0,0.0,0.0,100.0,1.0,1.0,0.0,0.0,5.040826337256779,0.0,0.0,0.0,0.0,100.0,1.0,1.0,0.0,0.0,3.1086163277116916,0.0,0.0,0.0,0.0,100.0,1.0,1.0,0.0,0.01,5.035246001401295,0.0,0.0
14,9,11,3,29,32,8,42,0.1873771596234292,2.397814511321485,0.0578702206723392,1.6799198903609067,0.860401984397322,0.03311737610210982,0.3792545567732304,0.0034068078999720712,0.5621095080114901,46,1024,4,0.50408167084679,1.5119714658789274,4.590753634808765,1,0.4848405360356818,5.372708054021484,51.333333333333336,0.5133333333333333,0.0,0.0,0.11627798146855686,2.4960389031361014,0.45674700985391653,7.200788831891428,0.48301488524467384,10.756666666666666,51.666666666666664,0.5166666666666667,0.0,0.0,0.12682406295851675,2.6557750754750504,0.47000399334718224,7.200788831891428,0.45913091131508804,3.001333333333328,53.666666666666664,0.5366666666666666,0.0,0.0,0.16540610786224821,2.3102063188103013,0.4417499385530486,5.407915047635769,0.5123758115472835,2.36012416206446,48.666666666666664,0.48666666666666664,0.0,0.0,0.056603773584905655,2.5221353151229526,0.48858424432103953,3.724183037097077
15,7,5,5,17,96,15,92,0.34601189312525094,8.88363345246762,0.6109466661699116,2.913874216377735,0.2671393143478781,0.0008152654323315188,0.8852223542053252,4.0686997434927705e-05,0.24694897998124363,15,256,10,0.23823360810056327,0.18098570221801943,1.5685689747884277,4,0.000961177527453538,0.0,99.88888888888889,0.9988888888888889,1.0,0.1111111111111111,0.007811447811447813,5.482091888180159,0.0,0.0,0.0,0.0,100.0,1.0,1.0,0.0,0.006666666666666667,6.112119009097417,0.0,0.0,0.002883532582360614,0.0,99.66666666666667,0.9966666666666667,1.0,0.3333333333333333,0.010101010101010102,3.7797009929864096,0.0,0.0,0.0,0.0,100.0,1.0,1.0,0.0,0.006666666666666667,6.554455662456651,0.0,0.0
16,7,11,3,19,64,5,67,0.16961434818804266,8.188712474890053,0.003687763027846813,3.014496086165309,0.16119893756695092,0.02359847825190926,0.7559680841863154,0.0008288344421335042,0.7308973715268076,19,64,5,0.4130913943983614,0.07378472915336148,1.2678162953538805,4,0.27300502775242685,1.9376666665807736,72.44444444444444,0.7244444444444444,0.5555555555555556,0.5555555555555556,0.042884990253411304,2.92883671513732,0.2749909648851294,3.076503300101383,0.2654144181352909,3.873333333333332,73.33333333333333,0.7333333333333334,0.3333333333333333,0.3333333333333333,0.045321637426900575,3.237880063191016,0.2586547943598777,3.076503300101383,0.27620374757490856,1.5436666666666619,72.0,0.7200000000000001,0.3333333333333333,0.3333333333333333,0.041666666666666664,2.3248037053875765,0.27547989280998064,2.095890520854048,0.2773969175470812,0.3959999997423261,72.0,0.7200000000000001,1.0,1.0,0.041666666666666664,3.2238263768333666,0.2759848998112021,0.6464073177679052
17,10,5,8,7,192,11,17,0.33530976055189965,1.4052354553714395,0.55540028847754,1.7879806433338672,0.5415465748868883,0.004236217609142838,0.24885194720700382,1.5787890750674704e-05,0.07825215972959995,45,256,11,0.32906900784000753,3.7243623097929124,4.273578023256579,1,0.0,0.0,100.0,1.0,1.0,0.0,0.0,4.839924332013147,0.0,0.0,0.0,0.0,100.0,1.0,1.0,0.0,0.0,5.525492661011715,0.0,0.0,0.0,0.0,100.0,1.0,1.0,0.0,0.0,3.535771337337792,0.0,0.0,0.0,0.0,100.0,1.0,1.0,0.0,0.0,5.458508997689933,0.0,0.0
18,14,9,4,25,128,15,87,0.4941014938056469,4.369484607130289,0.4137660752981901,0.42444826546125114,0.832945541990921,0.09662131515632302,0.6828179801814258,1.0038888655054667e-06,0.5119010329991579,40,128,8,0.7148942147381604,0.4126354325029582,7.602286215707821,5,0.022838070718440653,0.0009625315189702258,97.66666666666667,0.9766666666666668,1.0,0.3333333333333333,0.01878136200716846,4.421741581925835,0.0,0.010941853163498598,0.0,0.0,100.0,1.0,1.0,0.0,0.013333333333333334,5.16055633702005,0.0,0.0,0.022331430438925975,0.0,97.66666666666667,0.9766666666666667,1.0,0.3333333333333333,0.014336917562724016,3.21596947021275,0.0,0.0,0.04618278171639598,0.0028875945569106776,95.33333333333333,0.9533333333333335,1.0,0.6666666666666666,0.028673835125448032,4.888698938544707,0.03449220181304469,0.010941853163498598
19,5,7,6,11,32,8,36,0.09729494145140052,6.349736891686916,0.2545384278520942,3.5266470150090754,0.3645123470574617,0.0010386814099041873,0.18081881795078514,0.00017383805918002232,0.20468551283702255,23,1024,6,0.09904586775228381,0.6586935366983112,2.6898887589949476,2,0.31720450885706,2.1778434907845132,68.22222222222223,0.6822222222222222,0.4444444444444444,0.1111111111111111,0.014915430831316618,3.8074449070924894,0.0,5.407915047635769,0.19167640340946665,2.3800000000000003,81.0,0.81,0.6666666666666666,0.0,0.007751937984496124,4.964227088918375,0.0,3.6133433543389253,0.4428799730368593,3.0119999999999965,55.333333333333336,0.5533333333333333,0.0,0.0,0.023954116059379218,2.3783823739493446,0.42572808184667976,5.407915047635769,0.317057150124854,1.1415304723535433,68.33333333333333,0.6833333333333332,0.6666666666666666,0.3333333333333333,0.013040238450074515,4.079725258409749,0.1953739509938671,1.9363613973365315
20,4,10,7,14,32,3,79,0.41519225616939365,5.382999276742339,0.6701362960040569,0.9930059451144189,0.37665386246517296,0.03826994522177302,0.42272410523146386,0.00031325261912290776,0.37727664349600676,27,1024,9,0.5489933146163821,0.10782769921777169,1.7183206432441247,4,0.026342492365883773,0.04612262545438734,97.33333333333333,0.9733333333333333,1.0,0.2222222222222222,0.009797979797979799,5.301615827989699,0.0,0.4150963574623157,0.0,0.0,100.0,1.0,1.0,0.0,0.006666666666666667,6.160513988385598,0.0,0.0,0.039532141822957466,0.1279999999999985,96.0,0.96,1.0,0.3333333333333333,0.011363636363636362,3.9289470412768424,0.0,0.4150963574623157,0.03949533527469385,0.010367876363163536,96.0,0.96,1.0,0.3333333333333333,0.011363636363636362,5.815386454306656,0.0,0.03928660293099189
21,13,6,2,28,96,10,45,0.12297579566948116,7.585243785753846,0.1731571713462472,3.6337753371335566,0.7641544370446355,0.0006485989232598909,0.925183921214193,6.370658251136428e-06,0.4319228118658066,34,128,7,0.28169245608150956,2.1361302827728452,5.590811007259403,3,0.461370505961122,5.32439089105647,53.77777777777778,0.5377777777777778,0.2222222222222222,0.1111111111111111,0.037037037037037035,2.041590733591605,0.5171506207176321,8.505545129603506,0.5212104570329319,11.143333333333334,48.0,0.48,0.0,0.0,0.041666666666666664,1.761783321853727,0.5192273721812204,7.417268242976773,0.5163573780169832,3.5959999999999956,48.0,0.48,0.0,0.0,0.041666666666666664,1.348222914708054,0.5154247654461737,8.505545129603506,0.346543682833451,1.2338393398360792,65.33333333333333,0.6533333333333333,0.6666666666666666,0.3333333333333333,0.027777777777777776,3.014765964213034,0.2595513183833989,1.9363613973365315
22,11,10,5,10,192,13,59,0.2598944362718612,9.402521370910108,0.2710091741755605,2.21159559302032,0.6105484386906028,0.011143943651621274,0.008805511984974146,2.9140375695959533e-05,0.13659585386514664,49,512,6,0.5794194350019097,0.19026322624795605,5.807775971349211,3,0.044309400120438054,0.18580438211887967,95.55555555555556,0.9555555555555555,1.0,0.2222222222222222,0.025816464237516868,4.541849204651413,0.0,0.743811845035123,0.0,0.0,100.0,1.0,1.0,0.0,0.0033333333333333335,5.538407325123747,0.0,0.0,0.01596850151385083,0.0,98.33333333333333,0.9833333333333334,1.0,0.3333333333333333,0.020526315789473684,3.4940761992740526,0.0,0.0,0.11695969884746332,0.557413146356639,88.33333333333333,0.8833333333333333,1.0,0.3333333333333333,0.05358974358974359,4.59306408955644,0.0,0.743811845035123
23,8,6,3,22,96,6,24,0.3051794442813843,2.4409974394366145,0.46308987140655516,1.4465023551601917,0.1484381092246622,0.0022651624698435606,0.5154546815901995,0.004725993268594164,0.5800310888700188,13,64,12,0.14667882844805719,1.1920153315046218,1.9836511309614488,2,0.43818159051548244,5.0307596247831885,56.111111111111114,0.5611111111111111,0.2222222222222222,0.1111111111111111,0.06913770166383576,2.182579190904454,0.3149606440851285,12.675147435641229,0.5141211622685157,10.443333333333339,48.666666666666664,0.48666666666666664,0.0,0.0,0.12232988802756244,1.8408451397224337,0.47191432914204856,6.3436989535148385,0.5067025746261425,3.7206666666666632,49.0,0.49,0.0,0.0,0.0478680560799416,1.3621894207509195,0.45121937464991657,12.675147435641229,0.29372103465178906,0.928278874349564,70.66666666666667,0.7066666666666667,0.6666666666666666,0.3333333333333333,0.03721516088400321,3.344703012240009,0.14506674049639487,2.9329049666598626
24,9,8,5,29,128,8,82,0.4346002985723317,4.529637614265084,0.19514872981235384,1.42065939004533,0.23144234754145143,0.0008653678901519097,0.11844525360502302,2.467351485943338e-06,0.31044174049049617,36,512,10,0.694909693300724,0.14257491356124333,4.809025038821819,3,0.06527322583218385,0.09323373656549747,93.33333333333333,0.9333333333333333,1.0,0.5555555555555556,0.01707070707070707,4.770455601815643,0.0,0.4150963574623157,0.0,0.0,100.0,1.0,1.0,0.0,0.013333333333333334,5.873816331538062,0.0,0.0,0.11646146709748202,0.2693333333333289,88.0,0.88,1.0,1.0,0.022727272727272724,3.3156719661995093,0.11539398791178684,0.4150963574623157,0.07935821039906955,0.010367876363163536,92.0,0.9199999999999999,1.0,0.6666666666666666,0.015151515151515152,5.121878507709357,0.05924300291204078,0.03928660293099189
25,11,8,3,16,64,14,52,0.1564051242545247,6.751655837520957,0.3858143438585102,2.530463215429336,0.4876868217717856,0.03106883974056009,0.5615592276211828,7.117076243124794e-05,0.40628030890598893,24,128,8,0.07491722870618105,1.5880536943247228,1.4784473009484025,2,0.2067516748555652,1.4216972382975135,79.22222222222223,0.7922222222222222,0.6666666666666666,0.2222222222222222,0.03465380194193754,3.1445268525277226,0.0,2.3380456998663637,0.13665263255012458,1.5400000000000005,86.33333333333333,0.8633333333333333,0.6666666666666666,0.0,0.005649717514124294,4.062375471806206,0.0,2.3380456998663637,0.18355813924353392,1.7453333333333283,81.33333333333333,0.8133333333333334,0.6666666666666666,0.3333333333333333,0.08619047619047619,2.3949512313415724,0.07789489078448954,1.4127420760916292,0.3000442527730371,0.9797583815592111,70.0,0.7000000000000001,0.6666666666666666,0.3333333333333333,0.012121212121212121,2.9762538544353885,0.2246255260327458,1.28622108194947
26,13,12,6,21,64,11,61,0.2229494684375823,9.711508396081626,0.572411869186908,3.8935357481241226,0.8870170197449625,0.0035660963818560797,0.4021177321206778,0.0011100036694593842,0.15790243173018098,19,256,5,0.4771889042109251,0.2560734246161498,2.307390429097747,4,0.0397020920442688,0.1474926997454366,96.0,0.9600000000000001,0.8888888888888888,0.1111111111111111,0.014070683956267479,4.366997836111465,0.0,1.4333796093620694,0.0,0.0,100.0,1.0,1.0,0.0,0.006666666666666667,4.975322007667273,0.0,0.0,0.10264092664788288,0.44199999999999795,89.66666666666667,0.8966666666666666,0.6666666666666666,0.0,0.014492753623188406,3.1648854532836967,0.0,1.4333796093620694,0.01646534948492351,0.00047809923631181306,98.33333333333333,0.9833333333333334,1.0,0.3333333333333333,0.021052631578947368,4.960786047383424,0.0,0.0018116434070652306
27,3,4,1,8,128,6,33,0.2822557894513011,2.6950586577877402,0.07401765612885355,0.9089717708993703,0.2936505835969001,0.007667123991777092,0.8494209535885602,1.1667000396162571e-05,0.6512019390240311,41,64,11,0.39722552504390474,0.9020239187452116,6.753769942858254,3,0.34217991159573236,4.012644639888932,65.66666666666667,0.6566666666666667,0.3333333333333333,0.1111111111111111,0.20137593498938036,2.652775717794737,0.3149606440851285,7.246363444751502,0.42953827287682117,9.073333333333334,57.0,0.57,0.0,0.0,0.19542124542124542,2.5957738940822366,0.39473558621231714,7.246363444751502,0.10498688136170951,1.209999999999998,89.33333333333333,0.8933333333333334,0.6666666666666666,0.0,0.24901960784313726,3.1259240346102444,0.0,1.0118890560798364,0.49201458054866637,1.7546005863334646,50.666666666666664,0.5066666666666667,0.3333333333333333,0.3333333333333333,0.15968695170375843,2.2366292246917308,0.482668508839105,3.6986548860326622
28,6,11,4,5,96,7,75,0.19243501960299908,8.477374793030322,0.4896581054665148,3.090604856610298,0.4408840713556856,0.005202972092678855,0.6149416607338934,6.701046058106353e-05,0.661894499771297,46,128,4,0.644542336743325,0.05485509688736208,3.6739713119811865,5,0.004197300726628415,0.0,99.55555555555556,0.9955555555555556,1.0,0.1111111111111111,0.052453703703703704,4.6288974379206556,0.0,0.0,0.0,0.0,100.0,1.0,1.0,0.0,0.04666666666666667,5.387056324010094,0.0,0.0,0.012591902179885246,0.0,98.66666666666667,0.9866666666666667,1.0,0.3333333333333333,0.07069444444444445,3.144569982283024,0.0,0.0,0.0,0.0,100.0,1.0,1.0,0.0,0.04,5.355066007468849,0.0,0.0
29,14,5,6,18,32,12,19,0.37215171814896164,1.6785227479413152,0.3317604257725179,0.5674630843568593,0.6901831215247513,0.017635991258972698,0.16717135864309965,0.0020679868839586927,0.054777625519782304,16,512,10,0.21312636258080603,4.924374253159556,1.0902347134174852,2,0.0063845113015320205,0.0,99.33333333333333,0.9933333333333333,1.0,0.1111111111111111,0.001182033096926714,5.296669257667144,0.0,0.0,0.0,0.0,100.0,1.0,1.0,0.0,0.0,5.981532332176964,0.0,0.0,0.01915353390459606,0.0,98.0,0.98,1.0,0.3333333333333333,0.0035460992907801418,3.914109104055356,0.0,0.0,0.0,0.0,100.0,1.0,1.0,0.0,0.0,5.994366336769114,0.0,0.0
30,10,9,2,13,96,9,94,0.46077514863573016,3.500192768871784,0.1014658055268228,1.9891902476083487,0.6843099548015744,0.0015052906459337321,0.7941859820391982,0.0004483831287058135,0.5339302671141922,30,256,9,0.5272998101077974,0.3122599316715456,3.12717493978289,4,0.009726408823569389,0.0,99.0,0.99,1.0,0.2222222222222222,0.04264117374667934,4.787491815457002,0.0,0.0,0.0,0.0,100.0,1.0,1.0,0.0,0.013333333333333334,5.548123660652588,0.0,0.0,0.018908721170344655,0.0,98.0,0.98,1.0,0.3333333333333333,0.04397163120567376,3.4095987657923907,0.0,0.0,0.01027050530036351,0.0,99.0,0.9899999999999999,1.0,0.3333333333333333,0.07061855670103094,5.4047530199260265,0.0,0.0
31,6,7,7,26,192,4,40,0.07798990928567946,5.530980486422777,0.6545083039440214,2.637564715463668,0.08482817905023694,0.06119427707048028,0.35153277502395214,4.404752197300814e-06,0.275133706741035,32,1024,7,0.2585892089642584,0.8865023318196196,8.835731114194978,1,0.1018623821408167,0.3836709214186132,89.77777777777777,0.8977777777777778,0.7777777777777778,0.0,0.0,5.861775782942034,0.0,2.0754817873116025,0.0,0.0,100.0,1.0,1.0,0.0,0.0,7.357767999637872,0.0,0.0,0.12913099578590548,0.6399999999999999,87.0,0.87,0.6666666666666666,0.0,0.0,4.327421108441417,0.0,2.0754817873116025,0.17645615063654463,0.5110127642558397,82.33333333333333,0.8233333333333333,0.6666666666666666,0.0,0.0,5.90013824074681,0.0,1.9363613973365315
32,6,11,5,22,32,5,89,0.1511860924307257,1.4449090817943215,0.1591396133415401,3.8352504521608353,0.5176128553692252,0.0017448235057923695,0.600215993868187,2.609445895616638e-05,0.6700187540613115,34,256,12,0.3350557194091379,1.4663624674551348,2.9901968905233702,3,0.03231113460197169,0.0001593664121039377,96.66666666666667,0.9666666666666666,1.0,0.6666666666666666,0.0195906432748538,5.1924101526206305,0.0,0.0018116434070652306,0.016017613760584953,0.0,98.33333333333333,0.9833333333333334,1.0,0.3333333333333333,0.02368421052631579,6.085829889736743,0.0,0.0,0.04792954863920326,0.0,95.0,0.9499999999999998,1.0,1.0,0.021052631578947368,3.5559656212857944,0.047597307399997776,0.0,0.03298624140612688,0.00047809923631181306,96.66666666666667,0.9666666666666667,1.0,0.6666666666666666,0.014035087719298246,5.935434946839354,0.02469802422738527,0.0018116434070652306
33,10,5,4,10,128,11,37,0.44344396120868623,8.14934676606208,0.6574937616474926,0.7265288077760488,0.24136868948116896,0.053084603074195144,0.15226051579229533,0.003976240532339504,0.04084864504635334,26,64,6,0.4300047188065946,0.1633340625069016,9.726365648064652,4,0.0,0.0,100.0,1.0,1.0,0.0,0.013333333333333334,4.932123548609929,0.0,0.0,0.0,0.0,100.0,1.0,1.0,0.0,0.023333333333333334,5.685763660973559,0.0,0.0,0.0,0.0,100.0,1.0,1.0,0.0,0.006666666666666667,3.5260703259458146,0.0,0.0,0.0,0.0,100.0,1.0,1.0,0.0,0.01,5.584536658910413,0.0,0.0
34,14,9,8,28,192,14,65,0.2771468153689057,6.591349743306637,0.4709499862976372,1.2397667437326163,0.2837458403315395,0.005999273251420219,0.7794240755494684,0.0003050229370988957,0.5203982976824045,12,512,7,0.13715117471292615,2.580916958367114,3.339285329524323,2,0.01864915005938257,0.0688888888888887,98.11111111111111,0.9811111111111112,1.0,0.1111111111111111,0.0024497991967871485,5.401683558589608,0.0,0.3137637086400738,0.05594745017814772,0.2066666666666661,94.33333333333333,0.9433333333333334,1.0,0.3333333333333333,0.004016064257028113,5.756352027517231,0.0,0.3137637086400738,0.0,0.0,100.0,1.0,1.0,0.0,0.0033333333333333335,4.365523001179099,0.0,0.0,0.0,0.0,100.0,1.0,1.0,0.0,0.0,6.083175647072494,0.0,0.0
35,6,7,2,14,64,9,16,0.23190279989503326,4.12763250246644,0.28023896692320704,2.4741788473911583,0.8570606986060739,0.015221072011345961,0.3365567008499056,5.1021172600206474e-06,0.2829078803025186,48,128,9,0.7420724238269031,0.0909161262698826,1.140849080264029,3,0.36303803538393065,3.975665057333269,63.55555555555556,0.6355555555555555,0.3333333333333333,0.0,0.10932223373387258,2.9321850202700515,0.0,6.924251229153804,0.20614351040118817,5.446666666666668,79.33333333333333,0.7933333333333333,0.6666666666666666,0.0,0.08421052631578947,4.3431415202978405,0.0,6.924251229153804,0.48588586018067725,4.06833333333333,51.0,0.51,0.0,0.0,0.17830902041428356,1.526124644776311,0.42171607847289017,4.147423570367287,0.39708473556992646,2.4119951719998105,60.333333333333336,0.6033333333333334,0.3333333333333333,0.0,0.06544715447154471,2.9272888957360017,0.2955148114812887,2.9329049666598626
36,3,8,3,11,64,4,58,0.3635269237682223,7.62491419352591,0.5646302298642695,2.0481604009401053,0.7399175460450351,0.0030777862214792164,0.10345854819752276,1.275211365270572e-06,0.29398531703278424,44,256,6,0.29758052807301283,0.5454653859933221,2.204869123018965,1,0.04304366526196849,0.21333333333333326,95.66666666666667,0.9566666666666666,0.8888888888888888,0.0,0.011821493624772313,4.884520121531999,0.0,2.0754817873116025,0.0,0.0,100.0,1.0,1.0,0.0,0.03,5.8977013306381805,0.0,0.0,0.12913099578590548,0.6399999999999999,87.0,0.87,0.6666666666666666,0.0,0.00546448087431694,2.9809656993567413,0.0,2.0754817873116025,0.0,0.0,100.0,1.0,1.0,0.0,0.0,5.7748933346010745,0.0,0.0
37,13,8,5,25,192,9,23,0.19787291968241333,5.3436389323323965,0.01154768755659461,2.806501862127334,0.457545067416504,0.008840557275291773,0.5467930035199969,0.00018161073689825516,0.41693377047777175,18,1024,8,0.5539545390754939,0.4896825208419273,7.430171475843141,4,0.5327714216254322,6.157221390602548,46.55555555555556,0.4655555555555555,0.1111111111111111,0.1111111111111111,0.07185308231819859,2.6642940239190107,0.5685871772132357,10.265058159456318,0.5772885339389523,12.01666666666667,42.333333333333336,0.42333333333333334,0.0,0.0,0.07087486157253599,2.54011179726872,0.5734649314966966,8.055312823017784,0.5564634290037029,4.233666666666664,44.0,0.43999999999999995,0.0,0.0,0.07539682539682539,2.250903681482351,0.5459168127208343,10.265058159456318,0.4645623019336416,2.2213308384743145,53.333333333333336,0.5333333333333333,0.3333333333333333,0.3333333333333333,0.0692875599852344,3.2018665930059598,0.40684008216286904,2.9329049666598626
38,11,12,2,7,128,12,80,0.06925544608384371,2.682613509707153,0.24189603691920636,3.2611996084451675,0.0681952603161335,0.0007506864051301277,0.3872107538860291,0.000968389939963951,0.16892864525318146,23,128,11,0.17419905606657266,3.029171888092389,4.368965294387966,2,0.03271133336852353,0.09631377688618596,96.66666666666667,0.9666666666666666,1.0,0.2222222222222222,0.012617639812761764,4.256417551680486,0.0,0.20586404037296388,0.0,0.0,100.0,1.0,1.0,0.0,0.0,5.1442553258190555,0.0,0.0,0.03836077235726996,0.13466666666666444,96.0,0.96,1.0,0.3333333333333333,0.013787878787878788,2.8795545940132192,0.0,0.11261795555268532,0.05977322774830065,0.1542746639918935,94.0,0.94,1.0,0.3333333333333333,0.024065040650406502,4.745442735209182,0.0,0.20586404037296388
39,9,4,7,19,32,7,46,0.4661029909737408,9.16066390182823,0.39974833214655514,0.6285557590890676,0.6345517340581864,0.03601274152167243,0.8347054649610072,1.7330247708101835e-05,0.6344161653332412,40,512,5,0.6178663589060307,0.08600048389203199,1.5462806491772392,5,0.008647891608567815,0.0,99.11111111111111,0.991111111111111,1.0,0.2222222222222222,0.02189814814814815,5.350403204318826,0.0,0.0,0.0,0.0,100.0,1.0,1.0,0.0,0.0,5.965315337137629,0.0,0.0,0.012734554469617264,0.0,98.66666666666667,0.9866666666666667,1.0,0.3333333333333333,0.03819444444444444,4.003920812651308,0.0,0.0,0.013209120356086181,0.0,98.66666666666667,0.9866666666666667,1.0,0.3333333333333333,0.0275,6.0819734631675395,0.0,0.0
40,8,10,1,26,96,8,60,0.34415321531705556,6.791327318176627,0.3396202994510531,0.36095590773038566,0.5648232692852616,0.012846463928106544,0.4374609978869557,0.00035908028827542833,0.3651777798309922,17,128,7,0.06961416304111481,0.7206445437311522,6.520850005906565,2,0.008589022080613594,0.0001593664121039377,99.11111111111111,0.991111111111111,1.0,0.2222222222222222,0.02277777777777778,5.00327488938907,0.0,0.0018116434070652306,0.0,0.0,100.0,1.0,1.0,0.0,0.0,5.747634995883952,0.0,0.0,0.012734554469617264,0.0,98.66666666666667,0.9866666666666667,1.0,0.3333333333333333,0.034722222222222224,3.540048716305238,0.0,0.0,0.013032511772223523,0.00047809923631181306,98.66666666666667,0.9866666666666667,1.0,0.3333333333333333,0.03361111111111111,5.722140955978021,0.0,0.0018116434070652306
41,11,6,7,12,32,14,31,0.1643955242354423,4.490274051204324,0.49888801164925095,3.3529587821103632,0.20431969030760228,0.0019542075065661453,0.940199505072087,4.289127494202809e-06,0.43826390171423557,47,1024,9,0.6786798687651754,0.3637417574606269,1.9345004427735994,5,0.06279566193527025,0.1580350180903239,93.66666666666667,0.9366666666666666,0.8888888888888888,0.1111111111111111,0.038376426741206615,5.215211465000028,0.0,1.28622108194947,0.0,0.0,100.0,1.0,1.0,0.0,0.03333333333333333,6.256040660664439,0.0,0.0,0.0317140926954615,0.13466666666666444,96.66666666666667,0.9666666666666667,1.0,0.3333333333333333,0.03148148148148148,4.262282704779257,0.0,0.11261795555268532,0.15667289311034924,0.3394383876043072,84.33333333333333,0.8433333333333334,0.6666666666666666,0.0,0.05031446540880503,5.127311029556389,0.0,1.28622108194947
42,12,10,4,17,96,12,83,0.10624848078005017,2.9366693636402488,0.6404905047267675,2.8392682652920485,0.3214217045344412,0.04434151691550631,0.02349166916683316,5.637813449431903e-05,0.1432625889219344,33,64,10,0.3584366764873266,4.075717201007982,1.7628804540889715,1,0.03496021895022687,0.03234484767660935,96.44444444444444,0.9644444444444444,1.0,0.3333333333333333,0.0,4.366923167743314,0.0,0.13157832942970546,0.045846202378925956,0.08666666666666453,95.33333333333333,0.9533333333333333,1.0,0.3333333333333333,0.0,4.811946046141576,0.0,0.13157832942970546,0.01619801037253808,0.0,98.33333333333333,0.9833333333333334,1.0,0.3333333333333333,0.0,3.448998797358128,0.0,0.0,0.04283644409921658,0.010367876363163536,95.66666666666667,0.9566666666666667,1.0,0.3333333333333333,0.0,4.83982465973024,0.0,0.03928660293099189
43,4,6,5,5,192,5,54,0.48899231185205283,9.46965843718499,0.08882338460534811,1.7224837813992053,0.8096470715943724,0.0005625059851236648,0.5303905382752419,0.001851938323113422,0.5675596496835351,31,512,4,0.4493270074948668,0.06505903150750754,4.982329702995875,4,0.14460357016542713,1.4862127338741513,85.33333333333333,0.8533333333333333,0.8888888888888888,0.5555555555555556,0.10277112250044294,4.381228394886852,0.0,3.686718830700008,0.10961641477981555,2.9000000000000026,89.0,0.89,0.6666666666666666,0.0,0.09159203980099502,5.40034014130456,0.0,3.686718830700008,0.09710768258468301,0.7973333333333313,90.0,0.9,1.0,0.6666666666666666,0.12657748049052397,3.4067962875254714,0.03821742063263279,0.6667874992129385,0.22708661313178283,0.7613048682891195,77.0,0.77,1.0,1.0,0.09014384720980984,4.336548755830525,0.1452559687038072,0.8413625384561836
44,5,11,7,9,128,6,96,0.12841348787769674,1.7181910099461675,0.3731717742979526,2.2652442436665297,0.7674152273219079,0.08379611373009156,0.7709082584828137,0.0012184499773571418,0.7404885606095195,25,512,11,0.19655462382361294,1.0892649871884499,8.531319227132705,2,0.0,0.0,100.0,1.0,1.0,0.0,0.0,5.245744224068606,0.0,0.0,0.0,0.0,100.0,1.0,1.0,0.0,0.0,5.841157334701468,0.0,0.0,0.0,0.0,100.0,1.0,1.0,0.0,0.0,4.057788997888565,0.0,0.0,0.0,0.0,100.0,1.0,1.0,0.0,0.0,5.838286339615782,0.0,0.0
45,15,5,2,20,64,13,41,0.40656766965985297,8.43801659438759,0.18113112095743417,1.624537554802373,0.4132474742829799,0.0012034694575403277,0.26354873562231657,1.3630912249742936e-05,0.06290143253281712,36,64,5,0.6388976332731545,0.2157831939294078,2.6220790150555375,3,0.05766775694038348,1.6411111111111116,94.22222222222223,0.9422222222222223,0.8888888888888888,0.0,0.026851851851851852,4.6135828395900145,0.0,6.258946796487252,0.17300327082115044,4.923333333333336,82.66666666666667,0.8266666666666667,0.6666666666666666,0.0,0.023888888888888887,4.590131860135847,0.0,6.258946796487252,0.0,0.0,100.0,1.0,1.0,0.0,0.02666666666666667,3.6970330006442964,0.0,0.0,0.0,0.0,100.0,1.0,1.0,0.0,0.03,5.5535836579899,0.0,0.0
46,10,9,6,16,64,10,74,0.31050749449059367,5.772594410926104,0.08324741888791322,1.1693799633067101,0.11186811630614102,0.020358947699163216,0.6978233858011663,2.5777821431584674e-06,0.4969002101011574,41,1024,8,0.2317525020800531,1.952512859741425,1.299938123263477,3,0.0,0.0,100.0,1.0,1.0,0.0,0.025555555555555557,5.997694222411762,0.0,0.0,0.0,0.0,100.0,1.0,1.0,0.0,0.0,6.552785325329751,0.0,0.0,0.0,0.0,100.0,1.0,1.0,0.0,0.006666666666666667,4.578940669695537,0.0,0.0,0.0,0.0,100.0,1.0,1.0,0.0,0.07,6.861356672209998,0.0,0.0
47,7,7,4,30,128,3,18,0.2511597651988268,3.2583374455571175,0.580271928012371,3.6853121952153742,0.6072593937627971,0.004883407479692661,0.19555184599012135,9.040527257606912e-05,0.2138833959028125,20,128,10,0.4895365946926176,0.12232282923589026,3.8059900965139146,4,0.08178179540848281,0.252160383132353,91.77777777777777,0.9177777777777778,0.8888888888888888,0.1111111111111111,0.01169578853046595,5.103311671498424,0.0,1.7392969769710191,0.0,0.0,100.0,1.0,1.0,0.0,0.0033333333333333335,6.33389033532391,0.0,0.0,0.11906490096966633,0.5363333333333313,88.0,0.88,0.6666666666666666,0.0,0.015625,3.561495530399649,0.0,1.7392969769710191,0.1262804852557821,0.22014781606372788,87.33333333333333,0.8733333333333334,1.0,0.3333333333333333,0.016129032258064516,5.4145491487717115,0.0,0.834197817650451
48,7,9,6,6,96,13,35,0.3279112603981048,4.813483556732535,0.027358750160783527,3.5884667080827057,0.7134071697480977,0.028721654290334152,0.06517098196782171,3.0970644219763333e-06,0.6982040487043559,14,64,7,0.3142301582731306,0.2999605539862315,4.719875054948967,4,0.4320635083526807,5.0175672845282495,56.666666666666664,0.5666666666666667,0.1111111111111111,0.0,0.07956538668728509,1.9768498927027511,0.37627705487957197,6.258946796487252,0.4906796659234927,10.010000000000003,51.0,0.51,0.0,0.0,0.0813754720731465,1.9334800818860127,0.4517259102786213,6.258946796487252,0.31322076994358766,2.6873333333333305,68.33333333333333,0.6833333333333332,0.3333333333333333,0.0,0.0847611902975744,2.0719110292045317,0.18813852743978599,4.147423570367287,0.4922900891909617,2.3553685202514134,50.666666666666664,0.5066666666666667,0.0,0.0,0.07255949769113437,1.9251585670177092,0.45337900662039,3.6986548860326622
49,9,7,1,20,192,7,91,0.26156165632419287,7.029948333278298,0.5257482119835912,1.0648671581875533,0.430930937686935,0.0009446169004114094,0.5685618696268647,0.0005023654817552198,0.01266917809844017,50,256,9,0.40657294606789945,0.7924329491142187,1.4008419780566117,3,0.0,0.0,100.0,1.0,1.0,0.0,0.0,5.84221655373565,0.0,0.0,0.0,0.0,100.0,1.0,1.0,0.0,0.0,6.24797899198408,0.0,0.0,0.0,0.0,100.0,1.0,1.0,0.0,0.0,4.211742330032091,0.0,0.0,0.0,0.0,100.0,1.0,1.0,0.0,0.0,7.066928339190781,0.0,0.0
50,15,11,5,11,96,3,13,0.11801350195892156,9.994196428917348,0.42666745940223333,1.490899256663397,0.09481029566377402,0.008315353977921996,0.36449988405220207,0.0022582628472483184,0.5500230826437473,36,128,12,0.11358589800074696,0.05316777527125915,2.424526577428528,3,0.0,0.0,100.0,1.0,1.0,0.0,0.025555555555555557,4.693668672245824,0.0,0.0,0.0,0.0,100.0,1.0,1.0,0.0,0.0,5.24080600667124,0.0,0.0,0.0,0.0,100.0,1.0,1.0,0.0,0.02,3.5447913400518396,0.0,0.0,0.0,0.0,100.0,1.0,1.0,0.0,0.056666666666666664,5.295408670014392,0.0,0.0
51,5,5,3,24,32,10,68,0.3891620002221316,2.9745112089440227,0.23599708369001746,2.1388159468770027,0.6610630033072085,0.0032754487782714007,0.8702245504129678,4.5933928715820606e-05,0.2532772786729038,28,1024,6,0.7213696855120361,4.4419975556600715,6.851127120395898,2,0.14839542068082762,0.607304683082467,85.0,0.8500000000000001,0.7777777777777778,0.3333333333333333,0.008734486567983125,5.553937041361291,0.0,2.125462168414588,0.0,0.0,100.0,1.0,1.0,0.0,0.0033333333333333335,7.245322336287548,0.0,0.0,0.27949136614582615,1.5463333333333273,71.66666666666667,0.7166666666666667,0.3333333333333333,0.3333333333333333,0.01395588140716445,3.697938247269892,0.2752764013038538,2.125462168414588,0.1656948958966567,0.2755807159140736,83.33333333333333,0.8333333333333334,1.0,0.6666666666666666,0.008914244963451596,5.718550540526433,0.10477226339468237,0.4596604481053848
52,4,10,2,28,32,15,25,0.0883775494992733,8.758328777737916,0.6953453090973198,1.8598415770102292,0.49099912461824713,0.01620957379342605,0.6375966493505985,9.845407639626828e-06,0.3120503862760961,22,1024,11,0.27444781716912986,0.26404278735843073,3.481116313205088,4,0.18267238955347173,1.280890292341446,81.77777777777777,0.8177777777777778,0.6666666666666666,0.0,0.0339836427876295,5.200954088607094,0.0,3.8547750278922823,0.17170586739325655,1.8800000000000001,83.0,0.8300000000000001,0.6666666666666666,0.0,0.04081632653061224,5.776446884922481,0.0,2.8542376076290665,0.1861674935821526,1.1886666666666676,81.33333333333333,0.8133333333333334,0.6666666666666666,0.0,0.03787878787878788,3.9639405420783795,0.0,3.8547750278922823,0.19014380768500597,0.7740042103576705,81.0,0.81,0.6666666666666666,0.0,0.023255813953488372,5.862474838820423,0.0,2.9329049666598626
53,12,6,7,15,128,8,56,0.47817857256159185,1.96049898955971,0.14230890749022362,2.9691876247525215,0.21485872482880952,0.0056389319155884686,0.1314112443011254,0.0017050385939137219,0.39886289559304716,39,256,5,0.533513468131423,0.9994534678509444,1.0700228731397219,1,0.23522952822344756,1.5815967440274876,76.33333333333333,0.7633333333333333,0.5555555555555556,0.2222222222222222,0.001763668430335097,3.696894941259563,0.0,2.3380456998663637,0.12640776441856572,1.5400000000000005,87.33333333333333,0.8733333333333334,0.6666666666666666,0.0,0.0,4.879524889652447,0.0,2.3380456998663637,0.32614232720968167,2.401333333333329,67.0,0.6699999999999999,0.0,0.0,0.005291005291005291,2.3932777251514707,0.3016741099272324,1.843071066336607,0.25313849304209524,0.8034568987491331,74.66666666666667,0.7466666666666667,1.0,0.6666666666666666,0.0,3.8178822089747713,0.18942072788367312,0.834197817650451
54,12,10,4,23,192,5,49,0.35496542491018773,3.7777733393013477,0.28510678214952345,3.4538672012276947,0.3102567106019705,0.06675312794029563,0.8030418278183787,0.00011027281019019399,0.185554224178195,44,512,6,0.1537953795865178,0.14833240033337958,3.172243246155746,5,0.19671222464415747,0.999489270006209,80.22222222222223,0.8022222222222222,0.6666666666666666,0.3333333333333333,0.09561718451535187,4.320014434326619,0.0,2.3380456998663637,0.12640776441856572,1.5400000000000005,87.33333333333333,0.8733333333333334,0.6666666666666666,0.0,0.028172043010752688,5.409200739926629,0.0,2.3380456998663637,0.1973119548594372,0.5979999999999948,80.0,0.7999999999999999,0.3333333333333333,0.3333333333333333,0.21422271698153794,3.2910234458264847,0.15299720351424073,2.125462168414588,0.26641695465446946,0.8604678100186317,73.33333333333333,0.7333333333333334,1.0,0.6666666666666666,0.04445679355376494,4.259819117226743,0.19431730360003072,0.8544427041764607
55,8,6,6,10,64,12,77,0.18226798353716733,5.8163279965519905,0.44301054822281,0.4688454463612288,0.8836753223091364,0.0013925395598943667,0.30011804909445344,2.100719871118713e-06,0.6177964251302183,17,64,8,0.594685572385788,1.7756357539975687,9.28425395954722,2,0.0,0.0,100.0,1.0,1.0,0.0,0.0,5.136781777772638,0.0,0.0,0.0,0.0,100.0,1.0,1.0,0.0,0.0,5.918889666597049,0.0,0.0,0.0,0.0,100.0,1.0,1.0,0.0,0.0,3.635626000662645,0.0,0.0,0.0,0.0,100.0,1.0,1.0,0.0,0.0,5.855829666058223,0.0,0.0
56,8,12,4,17,192,10,29,0.05152871287427843,7.904410825110972,0.20787944365292788,0.49468818795867264,0.7409040404018015,0.003880919560916992,0.734120786190033,0.0032598497233715983,0.33554717268794776,31,1024,10,0.09291778281331062,0.19630507872372618,1.2415791640705436,5,0.0,0.0,100.0,1.0,1.0,0.0,0.006666666666666666,6.387541334455212,0.0,0.0,0.0,0.0,100.0,1.0,1.0,0.0,0.0,7.345834336398791,0.0,0.0,0.0,0.0,100.0,1.0,1.0,0.0,0.006666666666666667,4.80152800756817,0.0,0.0,0.0,0.0,100.0,1.0,1.0,0.0,0.013333333333333334,7.015261659398675,0.0,0.0
57,11,4,6,29,96,4,63,0.4553785147611052,1.1263665528967977,0.3671024963259697,3.1349998023360968,0.38663253393024205,0.025527653590713628,0.28728156285360457,3.2020399776860957e-05,0.4678886811621487,29,128,4,0.6992918277159333,1.3214864941850106,4.04035483227875,2,0.23954119632966986,1.8546046728581955,75.88888888888889,0.758888888888889,0.6666666666666666,0.4444444444444444,0.011272141706924317,3.7063307463020485,0.3052126230470409,3.686718830700008,0.20586826055783303,3.553333333333334,79.33333333333333,0.7933333333333333,0.6666666666666666,0.3333333333333333,0.00966183574879227,4.364715388656598,0.15435417181941463,3.686718830700008,0.306386688507467,1.6396666666666615,69.0,0.69,0.3333333333333333,0.3333333333333333,0.014492753623188406,2.4250927482448197,0.3056186427893761,2.7649490469115108,0.20636863992370955,0.37081401857459084,79.33333333333333,0.7933333333333333,1.0,0.6666666666666666,0.00966183574879227,4.329184102004727,0.154265181075784,0.4596604481053848
58,13,8,3,8,32,7,51,0.3742498719599098,4.086222313344479,0.596253315359354,2.7094269902445376,0.13848234103061258,0.001130867047972336,0.6768590393476188,7.063859312979516e-06,0.11508311646059155,15,256,7,0.3790112618356943,0.11224715544996716,8.005815416602617,4,0.0010553066986823817,0.0,99.88888888888889,0.9988888888888889,1.0,0.1111111111111111,0.037934904601571263,5.0877618187135365,0.0,0.0,0.0,0.0,100.0,1.0,1.0,0.0,0.04,5.304226664205392,0.0,0.0,0.0,0.0,100.0,1.0,1.0,0.0,0.02666666666666667,3.307118662633002,0.0,0.0,0.003165920096047145,0.0,99.66666666666667,0.9966666666666667,1.0,0.3333333333333333,0.04713804713804714,6.651940129302216,0.0,0.0
59,3,8,8,21,96,12,86,0.21560118258930744,6.069830778986216,0.04453620556741952,1.9438759747426957,0.6337698523886502,0.08909054504481898,0.23328132200986146,0.00021797445638195383,0.5957449388131499,46,64,9,0.4726786820217967,2.3896704651108225,2.7346729496586977,1,0.06858847438811713,0.09007364263008041,93.0,0.9300000000000002,1.0,1.0,0.0,5.259671088824384,0.0671377891710101,0.11674585053627443,0.06839133521497953,0.09666666666666712,93.0,0.93,1.0,1.0,0.0,6.02819355318196,0.06776041196322105,0.10594019628448534,0.06737166920427466,0.1706666666666634,93.0,0.93,1.0,1.0,0.0,3.8172469522777313,0.0666725016853365,0.11674585053627443,0.07000241874509718,0.0028875945569106776,93.0,0.93,1.0,1.0,0.0,5.933572761013463,0.06927417257459398,0.010941853163498598
60,6,9,5,18,128,11,43,0.2944613181985915,5.102706456556916,0.5039269652217626,2.574857881758362,0.5382087279111147,0.0005984634858972292,0.47332706358283755,0.00014893402810135347,0.7238688038662076,42,64,8,0.21686750007793304,0.3966264215541675,1.624541221819565,3,0.24708940008223154,3.416028185242613,75.22222222222223,0.7522222222222221,0.4444444444444444,0.1111111111111111,0.07460312426022488,4.074578134609748,0.0,7.200788831891428,0.4597525070108734,9.463333333333331,54.0,0.54,0.0,0.0,0.08104957382563162,2.969812004003179,0.445302988582172,7.200788831891428,0.11823358798251914,0.44199999999999795,88.0,0.8799999999999999,0.6666666666666666,0.3333333333333333,0.1166160081053698,4.002770646364383,0.028363081755516984,1.4333796093620694,0.1632821052533021,0.3427512223945106,83.66666666666667,0.8366666666666666,0.6666666666666666,0.0,0.026143790849673203,5.2511517534616825,0.0,1.298774281893203
61,14,7,3,5,32,6,93,0.2421604929491878,7.3037758227437735,0.3118521874770522,1.3478846612852067,0.17780891503207386,0.04163829220863114,0.9173717766068875,1.5651605686324526e-06,0.07952699491754174,21,512,10,0.6618167002685368,0.5891186405687651,5.475092227573502,2,0.014086412584296227,0.0,98.55555555555556,0.9855555555555555,1.0,0.2222222222222222,0.013571519357380718,5.661482015448233,0.0,0.0,0.0,0.0,100.0,1.0,1.0,0.0,0.0,6.5903839957900345,0.0,0.0,0.022331430438925975,0.0,97.66666666666667,0.9766666666666667,1.0,0.3333333333333333,0.010501792114695341,3.8046557427547527,0.0,0.0,0.01992780731396271,0.0,98.0,0.98,1.0,0.3333333333333333,0.03021276595744681,6.589406307799913,0.0,0.0
62,10,11,7,26,64,9,20,0.14093030290678144,9.125446933321655,0.12650360595434904,0.8636573303956538,0.3479317641817033,0.0024486310740921852,0.0453773939050734,2.4000655382429056e-05,0.47882931867614387,26,256,11,0.2548050939105451,0.07155656607037977,5.904464583650505,4,0.0,0.0,100.0,1.0,1.0,0.0,0.0,5.714914775194807,0.0,0.0,0.0,0.0,100.0,1.0,1.0,0.0,0.0,6.809762659637879,0.0,0.0,0.0,0.0,100.0,1.0,1.0,0.0,0.0,3.9147633306371667,0.0,0.0,0.0,0.0,100.0,1.0,1.0,0.0,0.0,6.420218335309376,0.0,0.0
63,7,5,2,13,192,14,71,0.4261275531724095,2.1563089480623603,0.6234886605292558,3.9653983023017645,0.836260884674266,0.010216197333283805,0.4917559918016195,0.000692185391635428,0.23194844860583544,37,1024,5,0.5097266272641718,3.361245009833805,2.088940767886024,3,0.05743074302589742,0.17587979508517032,94.22222222222223,0.9422222222222223,0.8888888888888888,0.1111111111111111,0.02822822822822823,6.85879762336897,0.0,1.3177147389233481,0.0,0.0,100.0,1.0,1.0,0.0,0.06666666666666667,8.603083000828823,0.0,0.0,0.08594801507687262,0.40633333333333077,91.33333333333333,0.9133333333333334,0.6666666666666666,0.0,0.009009009009009009,5.034692763027878,0.0,1.3177147389233481,0.08634421400081961,0.12130605192218018,91.33333333333333,0.9133333333333334,1.0,0.3333333333333333,0.009009009009009009,6.93861710625021,0.0,0.4596604481053848
64,6,12,7,29,128,12,59,0.3932340951636434,4.1837808936834335,0.09656207701191305,1.0737266552168876,0.29710397524759175,0.0010710511567359918,0.9085668467916548,1.269621488936901e-05,0.09727915221825241,14,1024,10,0.1865558852441609,0.08539537050716303,1.1842889598874575,1,0.0,0.0,100.0,1.0,1.0,0.0,0.0,7.057724889212598,0.0,0.0,0.0,0.0,100.0,1.0,1.0,0.0,0.0,7.936305669136345,0.0,0.0,0.0,0.0,100.0,1.0,1.0,0.0,0.0,5.336322004441172,0.0,0.0,0.0,0.0,100.0,1.0,1.0,0.0,0.0,7.900546994060278,0.0,0.0
65,10,4,2,16,32,5,25,0.11504041450098157,6.535441678017378,0.6373551190830766,3.714158857241273,0.8970332086551934,0.0879477575457441,0.46172251664102076,0.0012979282376491316,0.7060205033794046,49,128,4,0.6275337125174701,3.2324879174012526,3.4669413065620023,4,0.18628625475575988,1.8909239069792139,81.33333333333333,0.8133333333333334,0.5555555555555556,0.0,0.13857161786077146,4.2978020018486,0.0,5.252474132123341,0.27305861368807804,4.693333333333335,72.66666666666667,0.7266666666666666,0.3333333333333333,0.0,0.18411849295369573,3.963868510415191,0.194472358019323,5.252474132123341,0.12573314579588005,0.6399999999999999,87.33333333333333,0.8733333333333334,0.6666666666666666,0.0,0.12903225806451613,4.155329954510013,0.0,2.0754817873116025,0.16006700478332164,0.3394383876043072,84.0,0.84,0.6666666666666666,0.0,0.10256410256410257,4.774207540620596,0.0,1.28622108194947
66,14,8,5,21,64,8,79,0.2678312985226512,8.071191319264472,0.4958711200393736,2.35079480195418,0.4778998903930187,0.0036948236070927128,0.5024180820211768,8.49575837343768e-05,0.22667176011949777,35,256,7,0.24157898882403966,0.4754577966141441,9.329650533316249,2,0.020549605207624458,0.048344847676609314,97.88888888888889,0.9788888888888889,1.0,0.2222222222222222,0.00801172447484123,6.438179583754971,0.0,0.11261795555268532,0.0,0.0,100.0,1.0,1.0,0.0,0.01,7.982782995483528,0.0,0.0,0.02540497921582718,0.13466666666666444,97.33333333333333,0.9733333333333333,1.0,0.3333333333333333,0.010289855072463768,4.685481081251055,0.0,0.11261795555268532,0.03624383640704618,0.010367876363163536,96.33333333333333,0.9633333333333334,1.0,0.3333333333333333,0.003745318352059925,6.646274674530333,0.0,0.03928660293099189
67,5,8,3,8,192,15,44,0.3271361225284636,1.5227555381134152,0.3476043245755136,1.5855948205571622,0.22816635253839196,0.025329643101805847,0.05883526494726538,2.7646840015717835e-06,0.4842021724022925,28,64,9,0.500730928685516,0.5690953014579543,2.8670751597195476,5,0.3510298940276098,4.5576904054498035,64.77777777777777,0.6477777777777778,0.3333333333333333,0.1111111111111111,0.08258844850508015,2.878094295631728,0.39928942583783067,7.200788831891428,0.45255778939877783,10.45,54.666666666666664,0.5466666666666667,0.0,0.0,0.08463435688740906,2.570822126270735,0.4345109121640287,7.200788831891428,0.2869558853462096,2.2399999999999975,71.0,0.71,0.3333333333333333,0.0,0.10062356141452188,2.3906411935886527,0.20324673264744036,4.724070697798037,0.31357600733784197,0.9830712163494145,68.66666666666667,0.6866666666666666,0.6666666666666666,0.3333333333333333,0.06250742721330955,3.672819567035797,0.22544085312680978,1.298774281893203
68,4,9,3,5,192,10,87,0.1775510168168694,9.238789240829647,0.588202862907201,2.919348905328661,0.08134790384210647,0.002585405502933911,0.2914632084779441,3.931019806264563e-06,0.4504058769531548,22,64,8,0.058932524360716346,0.09358332200547595,1.590799507534376,3,0.0,0.0,100.0,1.0,1.0,0.0,0.031111111111111114,5.281156000888182,0.0,0.0,0.0,0.0,100.0,1.0,1.0,0.0,0.05333333333333334,6.144080331238608,0.0,0.0,0.0,0.0,100.0,1.0,1.0,0.0,0.01,3.5835416638292372,0.0,0.0,0.0,0.0,100.0,1.0,1.0,0.0,0.03,6.115846007596701,0.0,0.0
69,13,7,8,18,64,4,37,0.35726577579043806,2.60472849663347,0.08026154590770601,1.69272671896033,0.67431874955073,0.010349047259661815,0.7355066793039441,0.000375618486530334,0.3529454780742526,38,512,10,0.6666317023336887,2.4723675836173884,4.496568496719662,4,0.08286454286330668,0.6167733313183006,91.66666666666667,0.9166666666666666,0.8888888888888888,0.1111111111111111,0.029638802889576883,5.037835213005874,0.0,1.0118890560798364,0.0,0.0,100.0,1.0,1.0,0.0,0.02,6.285593005207677,0.0,0.0,0.10498688136170951,1.209999999999998,89.33333333333333,0.8933333333333334,0.6666666666666666,0.0,0.01803921568627451,3.7764917262464617,0.0,1.0118890560798364,0.1436067472282105,0.6403199939549038,85.66666666666667,0.8566666666666666,1.0,0.3333333333333333,0.05087719298245614,5.0514209075634815,0.0,0.8544427041764607
70,11,11,4,13,32,7,67,0.4721435280982405,5.287451850250363,0.17796466974541544,0.27082258579321206,0.6999950365629047,0.000628599546572122,0.22724248766899108,0.0017685598300440789,0.6014716444537044,43,256,11,0.36894610505551095,0.16439936846964542,7.189587309756778,2,0.0,0.0,100.0,1.0,1.0,0.0,0.016666666666666666,4.95007388966365,0.0,0.0,0.0,0.0,100.0,1.0,1.0,0.0,0.0,5.6360029995751875,0.0,0.0,0.0,0.0,100.0,1.0,1.0,0.0,0.016666666666666666,3.514054329910626,0.0,0.0,0.0,0.0,100.0,1.0,1.0,0.0,0.03333333333333333,5.700164339505136,0.0,0.0
71,9,5,6,26,128,13,17,0.08936022496782244,7.680792285129428,0.3809635204263031,3.372684145346284,0.4441331828013062,0.04196332915946369,0.6736198504455387,6.157803047505046e-05,0.10944093169644474,17,1024,5,0.4612056288868189,1.3733563795939956,2.1331650786231644,3,0.007443810146308658,0.0,99.22222222222223,0.9922222222222222,1.0,0.1111111111111111,0.006833930704898447,5.853258873933532,0.0,0.0,0.0,0.0,100.0,1.0,1.0,0.0,0.0,6.56217365913714,0.0,0.0,0.022331430438925975,0.0,97.66666666666667,0.9766666666666667,1.0,0.3333333333333333,0.017168458781362007,4.4420959712857355,0.0,0.0,0.0,0.0,100.0,1.0,1.0,0.0,0.0033333333333333335,6.5555069913777215,0.0,0.0
72,8,9,4,20,32,14,96,0.21438612220808867,9.528004161082208,0.2771041849628091,3.2296110023744404,0.36113639208488163,0.007754141447628096,0.12074925317429006,0.00019661753325818376,0.3821043906360865,32,64,7,0.3094577934592962,0.12373643138777499,5.126436689036018,2,0.019286578437204917,0.0001593664121039377,98.0,0.98,1.0,0.5555555555555556,0.014697656840513983,4.3966698983346895,0.0,0.0018116434070652306,0.0,0.0,100.0,1.0,1.0,0.0,0.02,5.151961323184271,0.0,0.0,0.03817957691265178,0.0,96.0,0.96,1.0,1.0,0.010416666666666666,2.994751384701683,0.037989684974253764,0.0,0.019680158398962973,0.00047809923631181306,98.0,0.98,1.0,0.6666666666666666,0.013676303854875282,5.043296987118116,0.009971469940109173,0.0018116434070652306
73,12,7,6,6,96,9,39,0.38007956482470034,2.8785639656707644,0.47868794724345204,0.706805945141241,0.8228511311113834,0.003183598410414209,0.6241386792156846,1.2071125537970565e-06,0.32872437035664914,29,256,9,0.5644652819260955,1.8380763187273481,1.8141344609814953,3,0.0,0.0,100.0,1.0,1.0,0.0,0.012222222222222223,4.4690450001508,0.0,0.0,0.0,0.0,100.0,1.0,1.0,0.0,0.013333333333333334,5.066895003740986,0.0,0.0,0.0,0.0,100.0,1.0,1.0,0.0,0.02,3.256624673958868,0.0,0.0,0.0,0.0,100.0,1.0,1.0,0.0,0.0033333333333333335,5.083615322752546,0.0,0.0
74,12,11,2,24,192,6,75,0.4528453498147428,4.41871046833694,0.6654783904552459,2.0697177827823907,0.5514636144507676,0.026646330473546406,0.30892307800240815,1.8288895510476904e-05,0.6242474300228059,15,128,12,0.16214953362941742,0.22125679907007229,1.8721039815017873,3,0.056187509783184125,0.16750331198730978,94.33333333333333,0.9433333333333334,1.0,0.3333333333333333,0.02686885396562816,4.329967085455796,0.0,0.6781344670608048,0.0725006219351421,0.4466666666666656,92.66666666666667,0.9266666666666667,1.0,0.3333333333333333,0.02188034188034188,4.7751996300032,0.0,0.6781344670608048,0.022923334747383648,0.03599999999999899,97.66666666666667,0.9766666666666667,1.0,0.3333333333333333,0.05017921146953405,3.440896165598932,0.0,0.11674585053627443,0.07313857266702663,0.019843269295264733,92.66666666666667,0.9266666666666667,1.0,0.3333333333333333,0.008547008547008546,4.773805460765257,0.0,0.07519135205215145
75,4,5,7,12,96,11,20,0.056040757149457936,6.8625819105654955,0.15612199027091264,2.7181985192000866,0.16434566034004092,0.0009133616549001973,0.8146462756674736,0.0008954085692514825,0.1791877181082964,46,512,6,0.6071860345080495,1.0392810104828494,6.307973385712841,4,0.08458654660738338,0.6877777777777766,91.44444444444444,0.9144444444444445,0.7777777777777778,0.0,0.022883835713026615,4.880053967488129,0.0,4.147423570367287,0.0,0.0,100.0,1.0,1.0,0.0,0.0,5.962137336221834,0.0,0.0,0.25375963982215016,2.06333333333333,74.33333333333333,0.7433333333333333,0.3333333333333333,0.0,0.06531817380574652,2.7523595597353654,0.18813852743978599,4.147423570367287,0.0,0.0,100.0,1.0,1.0,0.0,0.0033333333333333335,5.925665006507188,0.0,0.0
76,5,10,5,15,64,13,62,0.42667030612938106,3.32987105473876,0.39676310457289216,1.2667833149898797,0.15178910586982966,0.07158365067263055,0.5746005765628069,0.004374595332849053,0.02970032215118408,43,1024,11,0.3462487391196191,0.06348509484922164,3.9504005223602743,2,0.0,0.0,100.0,1.0,1.0,0.0,0.0,5.545263777021319,0.0,0.0,0.0,0.0,100.0,1.0,1.0,0.0,0.0,6.195009005411218,0.0,0.0,0.0,0.0,100.0,1.0,1.0,0.0,0.0,4.108987324871123,0.0,0.0,0.0,0.0,100.0,1.0,1.0,0.0,0.0,6.331795000781615,0.0,0.0
77,15,6,3,27,128,7,32,0.13445530910976233,5.701301127672195,0.2498262820765376,2.376693408936262,0.6206697584595532,0.0014327009495986066,0.06841029827482999,2.5155330265381756e-05,0.6810767394118011,21,256,5,0.43983256155624983,4.274149302587437,1.3498069139489284,5,0.3975900821099698,4.751685053450706,60.111111111111114,0.6011111111111112,0.2222222222222222,0.1111111111111111,0.08249208011780339,2.4150685904974214,0.35878762600036623,6.258946796487252,0.4974155501662527,10.090000000000003,50.333333333333336,0.5033333333333333,0.0,0.0,0.10003306878306878,2.0003292214361923,0.4536554558376472,6.258946796487252,0.37915684509704595,2.6179999999999963,61.666666666666664,0.6166666666666667,0.0,0.0,0.08435325602140946,1.9959205765968921,0.3217888392259855,2.0754817873116025,0.31619785106661097,1.5470551603521197,68.33333333333333,0.6833333333333332,0.6666666666666666,0.3333333333333333,0.06308991554893194,3.248955973459179,0.19431730360003072,1.7706245473341062
78,9,10,6,9,128,4,81,0.2449007663410157,8.379632313735783,0.019340079091489312,3.7981382836587727,0.754264306370169,0.017472211906671045,0.8660427773837,5.298103137830507e-06,0.24727957693859937,26,512,6,0.1257859396748245,0.3597892523399907,2.5148063658070905,1,0.0335840295966846,0.07479485441535091,96.55555555555556,0.9655555555555555,1.0,0.3333333333333333,0.02404694071360738,4.723457256774507,0.0,0.2883561531020335,0.0,0.0,100.0,1.0,1.0,0.0,0.0,5.502883337903768,0.0,0.0,0.06799727396639142,0.1706666666666634,93.0,0.93,1.0,0.6666666666666666,0.017326007326007326,3.301476295985101,0.04445475241368219,0.11674585053627443,0.03275481482366238,0.05371789657938932,96.66666666666667,0.9666666666666667,1.0,0.3333333333333333,0.054814814814814816,5.3660121364346525,0.0,0.2883561531020335
79,7,6,1,23,64,10,53,0.2901843008119613,1.7762663001194596,0.5614630889147519,0.8139110214542598,0.3734821813646704,0.005831949636153731,0.36311411834321916,0.0002769590504761238,0.5561169275641441,38,128,8,0.7320750412531197,0.7659398279485657,8.181096083504077,4,0.04213592147285524,0.5133333333333335,95.77777777777777,0.9577777777777777,0.8888888888888888,0.0,0.03716845878136201,4.607298672933625,0.0,2.3380456998663637,0.12640776441856572,1.5400000000000005,87.33333333333333,0.8733333333333334,0.6666666666666666,0.0,0.038172043010752686,4.612987682408583,0.0,2.3380456998663637,0.0,0.0,100.0,1.0,1.0,0.0,0.03,3.657276331602285,0.0,0.0,0.0,0.0,100.0,1.0,1.0,0.0,0.043333333333333335,5.551632004790008,0.0,0.0
80,7,10,6,13,192,7,28,0.2271725285798311,3.050168982706964,0.053000861685723065,0.9401106040459126,0.05483742621727288,0.0465748366667161,0.2556543334387243,1.6786977588657283e-06,0.06909725384786725,34,128,7,0.2070396807976067,1.7483374639371734,6.658015768116842,4,0.009546040417031705,0.0,99.0,0.99,1.0,0.1111111111111111,0.007106227106227107,4.73504954139942,0.0,0.0,0.0,0.0,100.0,1.0,1.0,0.0,0.006666666666666667,5.263798663703104,0.0,0.0,0.028638121251095116,0.0,97.0,0.9700000000000001,1.0,0.3333333333333333,0.014652014652014654,3.621704634065798,0.0,0.0,0.0,0.0,100.0,1.0,1.0,0.0,0.0,5.319645326429357,0.0,0.0
81,9,6,4,27,96,12,56,0.2794613274745643,9.918229664675891,0.5937597793526947,3.932005184236914,0.6477045184932649,0.0005669027498293486,0.7583913719281554,0.00013995486192919202,0.7342082184180617,27,512,9,0.6506236988119781,0.1569592689547477,2.3558830890926994,1,0.20280250677463524,2.2220350180903243,79.66666666666667,0.7966666666666666,0.4444444444444444,0.0,0.0,4.536551531024115,0.0,5.651251994648968,0.3362046232217703,5.686666666666666,66.33333333333333,0.6633333333333333,0.0,0.0,0.0,3.9115838685933735,0.29932798600746857,5.651251994648968,0.13579429662306344,0.6399999999999999,86.33333333333333,0.8633333333333333,0.6666666666666666,0.0,0.0,3.856165391119397,0.0,2.0754817873116025,0.13640860047907202,0.3394383876043072,86.33333333333333,0.8633333333333333,0.6666666666666666,0.0,0.0,5.841905333359573,0.0,1.28622108194947
82,14,10,7,6,32,9,47,0.4373947538435459,6.976228950545192,0.3648109008558094,2.480977611616254,0.7266099705826491,0.0135638983107613,0.20529979877173898,0.0007373595391810081,0.19703872706741096,13,64,10,0.2648024999536574,0.9797390101584245,1.4476201440731997,5,0.09265636244743197,0.7577068384183495,90.66666666666667,0.9066666666666667,0.8888888888888888,0.3333333333333333,0.027125883491798276,3.727782694809729,0.0,1.4127420760916292,0.0,0.0,100.0,1.0,1.0,0.0,0.0033333333333333335,5.078341664435963,0.0,0.0,0.13798337440620606,1.6893333333333316,86.0,0.86,0.6666666666666666,0.3333333333333333,0.03582766439909297,2.2858179643562235,0.009532743528497757,1.4127420760916292,0.13998571293608983,0.5837871819217171,86.0,0.86,1.0,0.6666666666666666,0.042216652742968534,3.8191884556370006,0.02469802422738527,0.7783673705111724
83,5,6,2,17,96,4,77,0.1521820708177984,4.867443265393376,0.2165046508423984,1.3638575163204223,0.4706443507224321,0.001979599727919491,0.712197206262499,2.235417057163252e-05,0.513829377759248,48,256,4,0.5210918805561959,0.278126622918665,4.879540555282652,2,0.08943264824945009,0.23278082811704193,90.88888888888889,0.9088888888888889,1.0,0.6666666666666666,0.01409334383773839,4.925053159250884,0.0,0.6210045987715395,0.04913747884323813,0.10000000000000009,95.0,0.9500000000000001,1.0,0.3333333333333333,0.007254901960784314,5.49785719746176,0.0,0.15182114934197175,0.11646091836323337,0.4686666666666617,88.0,0.8799999999999999,1.0,1.0,0.023257127310906622,3.7250955704884583,0.09174374617264852,0.6210045987715395,0.10269954754187877,0.12967581768446407,89.66666666666667,0.8966666666666666,1.0,0.6666666666666666,0.011768002241524236,5.552206709802434,0.06934073554866813,0.1592044617920802
84,4,11,3,20,128,8,34,0.470161782996729,5.87000023946166,0.6321456008590758,2.6100803781300783,0.2704901431687176,0.019382901288898656,0.9452953164465725,3.497256540927555e-05,0.43233811715617776,45,512,11,0.0824070217087865,4.533918203540787,8.945561523706353,4,0.13278941700968777,1.3843683514236569,86.66666666666667,0.8666666666666667,0.6666666666666666,0.0,0.12089355089355089,5.666353727773611,0.0,5.651251994648968,0.1329378551953337,3.3066666666666653,86.66666666666667,0.8666666666666667,0.6666666666666666,0.0,0.10999999999999999,6.049432556351854,0.0,5.651251994648968,0.1156800451452324,0.5069999999999981,88.33333333333333,0.8833333333333333,0.6666666666666666,0.0,0.1435897435897436,4.687022923265034,0.0,1.6441707283859048,0.1497503506884972,0.3394383876043072,85.0,0.85,0.6666666666666666,0.0,0.10909090909090909,6.262605703703946,0.0,1.28622108194947
85,13,5,5,9,32,14,90,0.06629652152769268,3.7237921059131622,0.12415962433442472,1.9690380778629333,0.8705231426749379,0.0048455772943272165,0.4379309132695198,0.0031131864230636366,0.3710073991492391,19,128,5,0.687414538860321,0.05050394795442668,3.055231460055934,3,0.0,0.0,100.0,1.0,1.0,0.0,0.0,5.221570552999361,0.0,0.0,0.0,0.0,100.0,1.0,1.0,0.0,0.0,5.7172196606795,0.0,0.0,0.0,0.0,100.0,1.0,1.0,0.0,0.0,3.934313661108414,0.0,0.0,0.0,0.0,100.0,1.0,1.0,0.0,0.0,6.013178337210168,0.0,0.0
86,12,9,1,30,64,11,14,0.20412840065546334,1.884819825179875,0.3094110741280019,0.5766578714828938,0.5044106593355536,0.07936301417292355,0.5234412046149373,0.00022800644707299546,0.584855019338429,24,1024,8,0.38969156797975296,0.8052602041426576,1.1155978827830517,3,0.15686080527009832,0.7854968088955158,84.22222222222223,0.8422222222222222,0.8888888888888888,0.3333333333333333,0.020556567496458206,5.484001432340313,0.0,7.2783217558406355,0.0,0.0,100.0,1.0,1.0,0.0,0.01,7.141192004395028,0.0,0.0,0.2573029122270008,1.6046666666666636,74.0,0.7399999999999999,0.6666666666666666,0.3333333333333333,0.03185185185185185,3.951556831770749,0.1374954824425647,7.2783217558406355,0.21327950358329417,0.7518237600198836,78.66666666666667,0.7866666666666666,1.0,0.6666666666666666,0.01981785063752277,5.359255460855163,0.12454530438107418,0.8413625384561836
87,8,7,6,16,192,5,70,0.3627650904934853,8.834248268045485,0.5123599351383745,3.0924818092025816,0.2547808749135584,0.0011880202371824559,0.02116479156538844,6.4742911807997225e-06,0.12606336245313288,40,256,10,0.48472818098962306,0.2836327601305697,3.6298540436752096,2,0.014247698974653186,0.042666666666666166,98.55555555555556,0.9855555555555555,1.0,0.1111111111111111,0.002554278416347382,5.984870192323042,0.0,0.4150963574623157,0.0,0.0,100.0,1.0,1.0,0.0,0.0,7.069494673827042,0.0,0.0,0.042743096923959556,0.1279999999999985,95.66666666666667,0.9566666666666667,1.0,0.3333333333333333,0.007662835249042145,4.284668567240723,0.0,0.4150963574623157,0.0,0.0,100.0,1.0,1.0,0.0,0.0,6.60044733590136,0.0,0.0
88,9,11,2,10,96,3,41,0.4895492260344326,6.143291220068932,0.23350285794585943,3.4771976210176945,0.12527781762182713,0.006466518835517254,0.5370451781433075,0.0015765926633240534,0.41173160150647165,16,512,12,0.2864960018545389,3.3677504950306547,2.634526154648831,3,0.4723505955063648,5.785751147292522,52.666666666666664,0.5266666666666667,0.1111111111111111,0.0,0.04030900401868144,2.545122482996009,0.5194449318989893,7.417268242976773,0.5475341995890729,11.643333333333334,45.333333333333336,0.4533333333333333,0.0,0.0,0.04419191919191919,2.0205011978484406,0.53896186532565,7.417268242976773,0.4960567554678219,3.875999999999998,50.0,0.5,0.0,0.0,0.04643206256109481,2.16544403999321,0.4648338928285039,4.147423570367287,0.3734608314621997,1.8379201085442314,62.666666666666664,0.6266666666666666,0.3333333333333333,0.0,0.030303030303030304,3.449422211146377,0.2799794729998857,1.9363613973365315
89,11,5,7,22,192,10,93,0.09976018238812685,4.012452881783247,0.4351327609270811,0.36766829644329846,0.5940547167789191,0.01574192234279062,0.08908460033126175,1.038967731071806e-05,0.299091342817992,47,64,6,0.5441951302811503,0.06672196020567202,7.711638882282975,2,0.006460733698785571,0.0,99.33333333333333,0.9933333333333333,1.0,0.2222222222222222,0.0022911942554799695,5.96043808208929,0.0,0.0,0.0,0.0,100.0,1.0,1.0,0.0,0.0,6.641943002274881,0.0,0.0,0.012734554469617264,0.0,98.66666666666667,0.9866666666666667,1.0,0.3333333333333333,0.003472222222222222,4.898002311529126,0.0,0.0,0.006647646626739449,0.0,99.33333333333333,0.9933333333333333,1.0,0.3333333333333333,0.003401360544217687,6.341368932463863,0.0,0.0
90,13,9,3,14,96,13,23,0.1671491005457938,1.0660553062334657,0.534372729435563,1.8191556863021106,0.7808784297667444,0.001871104806613745,0.8425999945495277,1.988600965902375e-06,0.6524351505748928,33,1024,7,0.1419167764484882,0.6091776226889597,4.2118282350905165,4,0.0,0.0,100.0,1.0,1.0,0.0,0.006666666666666666,6.650374443011565,0.0,0.0,0.0,0.0,100.0,1.0,1.0,0.0,0.0,7.284135993104428,0.0,0.0,0.0,0.0,100.0,1.0,1.0,0.0,0.0,5.242647659809639,0.0,0.0,0.0,0.0,100.0,1.0,1.0,0.0,0.02,7.424339676120629,0.0,0.0
91,3,7,5,28,32,6,72,0.33986203502863643,7.964962397702038,0.02506780009716749,3.052987426985055,0.3999925386626273,0.054616135880976385,0.3997275130357593,0.00011938102284023491,0.15100582525134087,30,128,9,0.5841761672869324,0.3816306601371256,1.2948173777593743,3,0.0,0.0,100.0,1.0,1.0,0.0,0.0,6.005802228788121,0.0,0.0,0.0,0.0,100.0,1.0,1.0,0.0,0.0,6.644368661412348,0.0,0.0,0.0,0.0,100.0,1.0,1.0,0.0,0.0,4.45100001602744,0.0,0.0,0.0,0.0,100.0,1.0,1.0,0.0,0.0,6.922038008924574,0.0,0.0
92,6,8,8,25,64,5,30,0.24995886771939696,2.216572920791805,0.4406658351421356,1.4556761316489428,0.3345217493828386,0.0006964374574823753,0.15920975035987794,0.00045612987278997706,0.046322769448161126,24,256,6,0.3255940555594861,2.3096796324701274,2.0303569433045183,5,0.0,0.0,100.0,1.0,1.0,0.0,0.0,6.112313330846114,0.0,0.0,0.0,0.0,100.0,1.0,1.0,0.0,0.0,6.694108998247732,0.0,0.0,0.0,0.0,100.0,1.0,1.0,0.0,0.0,4.460469990347822,0.0,0.0,0.0,0.0,100.0,1.0,1.0,0.0,0.0,7.182361003942788,0.0,0.0
93,14,8,3,11,128,11,65,0.31632388443686066,9.064873970113695,0.29376432616263626,2.213437229860574,0.7963402545079589,0.03482080913065747,0.6025429705623537,3.2161369677113446e-06,0.6644601308368147,36,1024,8,0.416571666393429,0.11659248000191692,5.736458179467668,2,0.04446507539755101,0.16241498792559278,95.44444444444444,0.9544444444444444,1.0,0.3333333333333333,0.04700022537750733,5.876749308693112,0.0,0.31499576676865415,0.0,0.0,100.0,1.0,1.0,0.0,0.0033333333333333335,6.819179323501885,0.0,0.0,0.08351578229669732,0.38333333333333186,91.33333333333333,0.9133333333333334,1.0,0.6666666666666666,0.07080459770114943,4.421930565147293,0.0623638053781308,0.31499576676865415,0.04987944389595573,0.10391163044344658,95.0,0.9500000000000001,1.0,0.3333333333333333,0.06686274509803922,6.3891380374301585,0.0,0.13865963166806336
94,10,12,6,19,192,14,50,0.4040478093083948,7.230293856933713,0.15074114594608545,3.6062699891626835,0.5779735727701336,0.0028700919949891713,0.33146079038269816,4.4279370285165845e-05,0.2653415145538747,41,64,11,0.10239154053851962,1.3181954364750719,5.658748407896577,4,0.2355207691303312,1.4744750160752909,76.33333333333333,0.7633333333333333,0.4444444444444444,0.1111111111111111,0.09016377628420574,3.780008289232152,0.0,2.3380456998663637,0.13665263255012458,1.5400000000000005,86.33333333333333,0.8633333333333333,0.6666666666666666,0.0,0.01694915254237288,5.096445538690261,0.0,2.3380456998663637,0.28988897084140436,1.9036666666666608,70.66666666666667,0.7066666666666667,0.0,0.0,0.2190594176895547,2.5788594232430597,0.2619361427226482,1.7410307501274278,0.28002070399946466,0.9797583815592111,72.0,0.7200000000000001,0.6666666666666666,0.3333333333333333,0.034482758620689655,3.6647199057631368,0.20963690287438624,1.28622108194947
95,6,4,4,7,64,8,84,0.13291137092746796,5.176428748294711,0.6929047994315624,0.972818459616974,0.1909593720920384,0.008592736574226064,0.7789542592596262,0.002484583654201938,0.5380491843074561,19,512,5,0.711543180514127,0.21041036780574376,1.6792512872089715,1,0.0318184963016844,0.048344847676609314,96.77777777777777,0.9677777777777778,1.0,0.4444444444444444,0.0011337868480725622,5.2092954790659345,0.0,0.4150963574623157,0.00987594788187708,0.0066666666666659324,99.0,0.9899999999999999,1.0,0.6666666666666666,0.003401360544217687,6.583044682574691,0.004953558972085419,0.01139365321501683,0.042743096923959556,0.1279999999999985,95.66666666666667,0.9566666666666667,1.0,0.3333333333333333,0.0,3.7362134387766606,0.0,0.4150963574623157,0.04283644409921658,0.010367876363163536,95.66666666666667,0.9566666666666667,1.0,0.3333333333333333,0.0,5.308628315846454,0.0,0.03928660293099189
96,6,8,2,16,128,6,48,0.09454136514104902,9.808562184683979,0.1094637518748641,1.7645879320334643,0.6239589648786933,0.003448105551892166,0.17413541465066373,0.0002372963635106365,0.03675297247245908,18,1024,10,0.634051947016269,0.3487283520635994,5.053637166771304,3,0.0,0.0,100.0,1.0,1.0,0.0,0.003333333333333333,5.684024222039928,0.0,0.0,0.0,0.0,100.0,1.0,1.0,0.0,0.0,6.346581000058602,0.0,0.0,0.0,0.0,100.0,1.0,1.0,0.0,0.01,4.282651334069669,0.0,0.0,0.0,0.0,100.0,1.0,1.0,0.0,0.0,6.422840331991513,0.0,0.0
97,10,8,7,30,32,13,78,0.498392674094066,3.1601443802937865,0.6188140656799077,2.8740402762778103,0.13523425394669175,0.007113127333141252,0.617254268983379,8.26089637944547e-06,0.6798342790827155,44,128,8,0.2013949486427009,0.6908741899576366,1.726475110874205,4,0.06247356296879701,0.12167818100994197,93.66666666666667,0.9366666666666666,1.0,0.5555555555555556,0.018820260199570546,4.282254903769106,0.0,0.4150963574623157,0.10184114788321491,0.2266666666666639,89.66666666666667,0.8966666666666666,1.0,1.0,0.033472274851585194,4.596345867812797,0.08883443626842526,0.16102909835241508,0.042743096923959556,0.1279999999999985,95.66666666666667,0.9566666666666667,1.0,0.3333333333333333,0.011494252873563218,3.2117772725735474,0.0,0.4150963574623157,0.04283644409921658,0.010367876363163536,95.66666666666667,0.9566666666666667,1.0,0.3333333333333333,0.011494252873563218,5.038641570920974,0.0,0.03928660293099189
98,14,12,4,8,64,10,27,0.33475284636951985,4.695897223427892,0.5195417303591966,3.2999044992029667,0.3901178897824138,0.0008411014477842007,0.3464226942975074,3.823834034279553e-05,0.2803189164027572,40,512,5,0.4942551710642874,0.06098773267812293,1.975831472354782,2,0.045550877516708194,0.5133333333333335,95.44444444444444,0.9544444444444444,0.8888888888888888,0.0,0.05129943502824859,4.00760404166648,0.0,2.3380456998663637,0.13665263255012458,1.5400000000000005,86.33333333333333,0.8633333333333333,0.6666666666666666,0.0,0.043898305084745765,3.9655694472971823,0.0,2.3380456998663637,0.0,0.0,100.0,1.0,1.0,0.0,0.02666666666666667,3.147228670616945,0.0,0.0,0.0,0.0,100.0,1.0,1.0,0.0,0.08333333333333333,4.910014007085313,0.0,0.0
99,6,4,6,21,192,3,55,0.17610264657996594,7.147535739466548,0.3179518712684512,0.31521948729641736,0.7509003231301904,0.02897199648326056,0.7937307890038937,0.0036531676422237726,0.5288299091346562,23,64,11,0.22703924542292953,3.8205390451703343,6.4270580771727674,3,0.04383210817416992,0.05134484767660923,95.55555555555556,0.9555555555555555,0.8888888888888888,0.2222222222222222,0.0077600367961101245,4.706803871794731,0.0,1.5931725123246676,0.0,0.0,100.0,1.0,1.0,0.0,0.0,5.690604665627082,0.0,0.0,0.07873159619426022,0.14366666666666417,92.0,0.9199999999999999,0.6666666666666666,0.0,0.008771929824561403,3.2422658740624524,0.0,1.5931725123246676,0.05276472832824955,0.010367876363163536,94.66666666666667,0.9466666666666667,1.0,0.6666666666666666,0.014508180563768971,5.187541075694661,0.02478133788180505,0.03928660293099189
100,3,11,7,18,192,8,12,0.30769930463284256,3.614112824201584,0.6023007616400718,3.6688503958284855,0.8460464085452258,0.0015568174405021144,0.5518255441915244,0.0006176638212870419,0.42385229835286736,27,64,4,0.6821115123108029,0.23019570791047717,3.7595198922775586,1,0.2623684895938498,3.247223625674779,73.77777777777777,0.7377777777777778,0.5555555555555556,0.0,0.0,3.341096884622756,0.0,8.921230467359159,0.39426955938912206,7.6,60.666666666666664,0.6066666666666666,0.3333333333333333,0.0,0.0,2.753390420731763,0.2940180429874607,8.921230467359159,0.19582603507156818,1.367666666666667,80.33333333333333,0.8033333333333333,0.6666666666666666,0.0,0.0,2.8960265542524373,0.0,4.435261340280995,0.19700987432085915,0.7740042103576705,80.33333333333333,0.8033333333333333,0.6666666666666666,0.0,0.0,4.373873678884068,0.0,2.9329049666598626
101,13,5,1,5,96,14,69,0.25539655322209004,5.97998958453536,0.06018251348286867,1.1455875888932496,0.35120635484345253,0.06596100105620528,0.1040567107964307,2.009798757842843e-05,0.29277393866330387,33,512,10,0.06617719978094101,1.1619805600026019,1.3306401794074307,4,0.10093674098786558,0.15802060806110263,89.77777777777777,0.8977777777777778,0.8888888888888888,0.3333333333333333,0.11868482077784402,4.47238034393046,0.0,2.095890520854048,0.0,0.0,100.0,1.0,1.0,0.0,0.11,5.869948995920519,0.0,0.0,0.09198960691161061,0.18899999999999845,90.66666666666667,0.9066666666666666,0.6666666666666666,0.0,0.1638888888888889,3.3997962468614182,0.0,2.095890520854048,0.21082061605198613,0.28506182418330944,78.66666666666667,0.7866666666666666,1.0,1.0,0.08216557344464322,4.147395789009444,0.17927328442340976,0.6464073177679052
102,11,9,5,26,32,12,36,0.124176693148911,8.662714027799666,0.20317330602556466,1.6299920014571398,0.1743500627577305,0.005353029548821589,0.8573006334248929,1.3383679722982384e-06,0.6457447298243641,48,128,9,0.44593936111778015,0.1275940238011239,2.5622899014582314,2,0.2156576315842691,2.5934408164609346,78.33333333333333,0.7833333333333333,0.6666666666666666,0.3333333333333333,0.023626718907395695,3.2226692458478805,0.0,4.762547043877561,0.33227569403609464,6.513333333333334,66.66666666666667,0.6666666666666666,0.0,0.0,0.04282407407407407,2.819835359265131,0.3188606458432417,4.762547043877561,0.08152197656841398,0.7973333333333313,91.66666666666667,0.9166666666666666,1.0,0.3333333333333333,0.017777777777777778,3.153014556866967,0.0,0.6667874992129385,0.23317522414829864,0.4696557827161385,76.66666666666667,0.7666666666666666,1.0,0.6666666666666666,0.010278304870335231,3.6951578214115437,0.16034210833877485,0.834197817650451
103,9,7,4,13,128,5,91,0.40937586622312666,2.0561126666143537,0.3501148797571659,2.2780149881727993,0.5281870815437287,0.01891221988485386,0.41464888802729544,0.00013680760081159963,0.16345543125644327,13,1024,7,0.3618296843022108,2.0365754086032006,8.634414309763603,5,0.006345752555270802,0.0,99.33333333333333,0.9933333333333333,1.0,0.3333333333333333,0.019160997732426303,5.911251516604073,0.0,0.0,0.0,0.0,100.0,1.0,1.0,0.0,0.013333333333333334,6.6649669998635845,0.0,0.0,0.012597000566512353,0.0,98.66666666666667,0.9866666666666667,1.0,0.6666666666666666,0.030544217687074826,4.4669155747515665,0.009362757321270771,0.0,0.006440257099300053,0.0,99.33333333333333,0.9933333333333333,1.0,0.3333333333333333,0.013605442176870748,6.601871975197071,0.0,0.0
104,8,11,5,7,64,4,21,0.28830499681644145,3.9027832560241222,0.3009460079483688,2.4210883546620607,0.6709513211622834,0.09587194290786595,0.9302941010333597,5.196013594021688e-05,0.4487731485068798,37,64,5,0.560083194449544,0.17113445706740554,1.1649031956321625,2,0.39386036476358655,5.060802950234438,60.55555555555556,0.6055555555555556,0.2222222222222222,0.0,0.06863804788123297,2.0047038677709503,0.4740970098730168,7.246363444751502,0.5045745973169002,10.816666666666668,49.666666666666664,0.49666666666666665,0.0,0.0,0.07433006535947713,1.594797623750078,0.4942735826071728,7.246363444751502,0.31694884700913944,2.3849999999999967,68.0,0.68,0.3333333333333333,0.0,0.10384615384615385,1.8165076031492877,0.2370485049365084,6.106545221253793,0.36005764996471995,1.9807421840366508,64.0,0.64,0.3333333333333333,0.0,0.027737924438067912,2.602806376413484,0.24492315787995317,2.1857343826447497
105,11,5,3,19,128,9,71,0.22195349005050957,6.253268763422966,0.4492068734951317,1.194008418591693,0.09798016711138188,0.0009888753799968157,0.4231791991740465,0.002716480586402403,0.3603305165283382,25,256,11,0.29145719241350887,1.5364426598921879,3.292160263515237,5,0.0,0.0,100.0,1.0,1.0,0.0,0.007777777777777777,5.328008774409278,0.0,0.0,0.0,0.0,100.0,1.0,1.0,0.0,0.0,5.991453999498238,0.0,0.0,0.0,0.0,100.0,1.0,1.0,0.0,0.0033333333333333335,3.8994269934482872,0.0,0.0,0.0,0.0,100.0,1.0,1.0,0.0,0.02,6.093145330281307,0.0,0.0
106,13,9,7,11,128,12,43,0.16113539556972684,7.793414209969342,0.6782088135369122,0.7685967485886067,0.42757569635286924,0.023295781815390562,0.5084907246753573,0.0005820231514700002,0.5738522268645465,20,128,8,0.6116963766515255,0.09654998014117848,9.868286027124125,1,0.00656701581500382,0.0009625315189702258,99.33333333333333,0.9933333333333333,1.0,0.1111111111111111,0.0,4.626940155768411,0.0,0.010941853163498598,0.0,0.0,100.0,1.0,1.0,0.0,0.0,5.2903170029943185,0.0,0.0,0.0,0.0,100.0,1.0,1.0,0.0,0.0,3.4142046623552837,0.0,0.0,0.01970104744501146,0.0028875945569106776,98.0,0.98,1.0,0.3333333333333333,0.0,5.176298801955628,0.0,0.010941853163498598
107,4,7,2,24,64,7,94,0.43228578646667304,1.2373642409220338,0.1374098519794643,3.870000558439642,0.7032816084567458,0.004012151629320845,0.006492804642766714,3.3471554870024017e-06,0.1428705282509327,42,512,6,0.18036367688328026,2.7409524291644174,2.927640205856516,4,0.0021183874507772794,0.0,99.77777777777777,0.9977777777777779,1.0,0.1111111111111111,0.0067346938775510205,5.75556545890551,0.0,0.0,0.0,0.0,100.0,1.0,1.0,0.0,0.0,6.509808665141463,0.0,0.0,0.006355162352331838,0.0,99.33333333333333,0.9933333333333333,1.0,0.3333333333333333,0.02020408163265306,4.207005376141949,0.0,0.0,0.0,0.0,100.0,1.0,1.0,0.0,0.0,6.549882335433115,0.0,0.0
108,5,10,4,28,96,5,51,0.07173442831262947,8.955192542634904,0.4218012818135321,0.6340312163811177,0.873760526208207,0.011230946175456039,0.24097213996574282,1.9437672749555866e-06,0.06095116637647152,47,1024,9,0.42255840143188833,0.461091808888666,1.5106066274116647,2,0.0,0.0,100.0,1.0,1.0,0.0,0.0,6.249496888421062,0.0,0.0,0.0,0.0,100.0,1.0,1.0,0.0,0.0,6.9894086685962975,0.0,0.0,0.0,0.0,100.0,1.0,1.0,0.0,0.0,4.746895341668278,0.0,0.0,0.0,0.0,100.0,1.0,1.0,0.0,0.0,7.012186654998611,0.0,0.0
109,14,6,5,14,192,11,86,0.46153698191046716,2.3265644116327167,0.21880701547488568,3.2740056687034667,0.3071122281253338,0.002379227111890882,0.743437055684626,9.518088608802799e-05,0.7481135131977499,16,256,7,0.3425073982216417,0.5136368753133983,4.422977307844338,3,0.02822308008944375,0.057048255300991745,97.11111111111111,0.9711111111111111,1.0,0.4444444444444444,0.01848387578741391,4.95610735324436,0.0,0.11674585053627443,0.0,0.0,100.0,1.0,1.0,0.0,0.0033333333333333335,5.7869133407560485,0.0,0.0,0.04832831396321083,0.1706666666666634,95.0,0.9500000000000001,1.0,0.6666666666666666,0.03799906498363721,3.6019031598928746,0.034385002121075474,0.11674585053627443,0.03634092630512041,0.00047809923631181306,96.33333333333333,0.9633333333333334,1.0,0.6666666666666666,0.014119229045271178,5.479505559084159,0.01473095227908718,0.0018116434070652306
110,10,10,2,23,96,14,29,0.36809292612597344,5.00489236228168,0.033608648087829346,2.7900610733777285,0.2182393551338464,0.038767614199379845,0.19055237397551536,0.0014174372921223846,0.21059438219293952,31,512,6,0.7496485213749111,0.08207797302282982,7.341471411558036,3,0.44151505860716705,4.40788823685773,55.77777777777778,0.5577777777777778,0.3333333333333333,0.2222222222222222,0.04633189441542732,2.6379126851480375,0.45088170625361956,8.882583636000541,0.36775828876571853,7.3033333333333355,63.333333333333336,0.6333333333333333,0.3333333333333333,0.0,0.0362962962962963,3.3380104507388615,0.27426164283746407,6.258946796487252,0.566116988398435,4.446999999999996,43.0,0.43,0.0,0.0,0.053872308909424495,1.4929171906653813,0.5573876780238436,8.882583636000541,0.3906698986573475,1.473331377239856,61.0,0.61,0.6666666666666666,0.6666666666666666,0.04882707804056119,3.0828104140398693,0.28037098428312224,2.9329049666598626
111,7,6,8,10,32,8,63,0.19539394415915012,7.401588844135404,0.5415545598603785,2.0244033422786742,0.5010982076637447,0.0006848286913634321,0.6972066503949463,8.703596979190775e-06,0.5060770373791456,33,128,12,0.12956975745037197,2.8911056461168845,2.256322769959112,4,0.0,0.0,100.0,1.0,1.0,0.0,0.007777777777777778,4.853472439054814,0.0,0.0,0.0,0.0,100.0,1.0,1.0,0.0,0.0,5.597132996190339,0.0,0.0,0.0,0.0,100.0,1.0,1.0,0.0,0.0,3.404410317695389,0.0,0.0,0.0,0.0,100.0,1.0,1.0,0.0,0.023333333333333334,5.558874003278713,0.0,0.0
112,7,10,3,25,192,11,81,0.38551747915335,6.425420146435499,0.06624660734087229,1.894427377032116,0.8195351202972233,0.01446716396136583,0.5895335029345006,0.0022176020767157474,0.018685091380029918,39,128,5,0.6543701742775738,1.2669408775779312,2.768285013260924,4,0.0,0.0,100.0,1.0,1.0,0.0,0.0,5.234664328810242,0.0,0.0,0.0,0.0,100.0,1.0,1.0,0.0,0.0,5.958371656015515,0.0,0.0,0.0,0.0,100.0,1.0,1.0,0.0,0.0,3.787256337236613,0.0,0.0,0.0,0.0,100.0,1.0,1.0,0.0,0.0,5.958364993178596,0.0,0.0
113,9,6,5,13,64,6,45,0.20576131525449454,4.293561026453972,0.5755576230585575,2.6526462249457836,0.32459131316281853,0.007009308114803134,0.08309983876533807,6.297556881974676e-05,0.6978966963663698,22,1024,11,0.2243193875066936,0.18819536555195374,7.822709845508037,3,0.20066865497761874,2.048146129201435,79.88888888888889,0.798888888888889,0.5555555555555556,0.0,0.021858315975963036,4.558584894955222,0.0,5.651251994648968,0.27938723778356755,4.846666666666666,72.0,0.7200000000000001,0.3333333333333333,0.0,0.03968253968253968,4.47783507977701,0.19964471291891533,5.651251994648968,0.162551722365967,0.9583333333333314,83.66666666666667,0.8366666666666666,0.6666666666666666,0.0,0.013071895424836602,3.7645618884909435,0.0,3.107817780479608,0.16006700478332164,0.3394383876043072,84.0,0.84,0.6666666666666666,0.0,0.012820512820512822,5.433357716597712,0.0,1.28622108194947
114,15,10,2,18,32,9,57,0.061368586914613846,1.3515592562034726,0.38882090896368027,3.166174076963216,0.20096418615430595,0.05958375452220347,0.8810554309282451,4.691840543269971e-06,0.2637018171325326,18,64,10,0.5173024327494203,2.2401259305742314,4.133780460703385,3,0.1609665526946315,0.9623161559803041,83.77777777777777,0.8377777777777777,0.7777777777777778,0.3333333333333333,0.023679410399971065,3.3764588519051957,0.0,1.4127420760916292,0.042618190370931404,0.08666666666666453,95.66666666666667,0.9566666666666667,1.0,0.3333333333333333,0.011494252873563218,4.630485850491586,0.0,0.13157832942970546,0.21757673962644816,2.0956666666666623,78.0,0.7799999999999999,0.3333333333333333,0.0,0.03001194743130227,2.1961619132857666,0.13882572855238218,1.4127420760916292,0.22270472808651495,0.7046151346075853,77.66666666666667,0.7766666666666667,1.0,0.6666666666666666,0.029532030895047707,3.302728791938234,0.14377008045030268,0.7783673705111724
115,5,6,7,4,128,14,24,0.44411090086214244,8.242697664536536,0.18719710279256105,0.533180297119543,0.5546974388416857,0.0017307169359630995,0.37785439430736,0.0004176977775711019,0.545452483240515,44,256,8,0.2472239687107503,0.10521931432010126,1.226839052809921,2,0.0,0.0,100.0,1.0,1.0,0.0,0.03777777777777778,5.009621777313037,0.0,0.0,0.0,0.0,100.0,1.0,1.0,0.0,0.030000000000000002,5.7737310021184385,0.0,0.0,0.0,0.0,100.0,1.0,1.0,0.0,0.03333333333333333,3.490905660825471,0.0,0.0,0.0,0.0,100.0,1.0,1.0,0.0,0.049999999999999996,5.764228668995202,0.0,0.0
116,4,9,6,8,96,10,66,0.14329898431897165,2.494712329469621,0.6465876955538987,3.9745713104493916,0.5973443221766502,0.03218903174106828,0.1354788979049772,7.771859082827077e-05,0.3956698376126587,50,512,9,0.7054204413667321,0.6284661522643581,2.059607151500415,4,0.0682733238571061,0.18032423952961427,93.11111111111111,0.9311111111111112,0.8888888888888888,0.2222222222222222,0.014934934934934937,4.940843271644097,0.0,1.3177147389233481,0.03252774249362609,0.013333333333331865,96.66666666666667,0.9666666666666667,1.0,0.3333333333333333,0.017777777777777778,5.6994908071916415,0.0,0.02278730643003366,0.08594801507687262,0.40633333333333077,91.33333333333333,0.9133333333333334,0.6666666666666666,0.0,0.013513513513513514,3.825609973476579,0.0,1.3177147389233481,0.08634421400081961,0.12130605192218018,91.33333333333333,0.9133333333333334,1.0,0.3333333333333333,0.013513513513513514,5.29742903426407,0.0,0.4596604481053848
117,12,7,4,22,32,4,15,0.42145126005634664,9.348566154949367,0.10441928040236234,0.865499735577032,0.1087233773432672,0.0007602506605678598,0.6391470151487738,2.3565338358509825e-06,0.320961885266006,14,64,7,0.08679448887705803,0.4231033686310097,6.0277254203971875,1,0.03785263159093613,0.18580438211887967,96.22222222222223,0.9622222222222222,1.0,0.1111111111111111,0.006666666666666667,4.863801558685461,0.0,0.743811845035123,0.0,0.0,100.0,1.0,1.0,0.0,0.0033333333333333335,5.711620994067441,0.0,0.0,0.0,0.0,100.0,1.0,1.0,0.0,0.0,3.9331159942472973,0.0,0.0,0.11355789477280841,0.557413146356639,88.66666666666667,0.8866666666666667,1.0,0.3333333333333333,0.016666666666666666,4.946667687741645,0.0,0.743811845035123
118,12,11,8,17,96,7,88,0.2991376180201769,7.5095906388014555,0.33495923336595296,1.3203801095951349,0.4166278481017798,0.009319553671730138,0.3236164831090718,1.2202963018160348e-05,0.616111487261951,29,1024,4,0.4665085745975375,3.5060855572004703,5.361668795632512,5,0.0,0.0,100.0,1.0,1.0,0.0,0.0,5.66765944344095,0.0,0.0,0.0,0.0,100.0,1.0,1.0,0.0,0.0,6.31555499897028,0.0,0.0,0.0,0.0,100.0,1.0,1.0,0.0,0.0,4.356853999197483,0.0,0.0,0.0,0.0,100.0,1.0,1.0,0.0,0.0,6.330569332155089,0.0,0.0
119,8,5,3,29,192,13,38,0.23979180483147505,5.458961414173245,0.4818559911102056,2.554669599980116,0.7775140348821878,0.002636050967427651,0.8295893802773207,0.001017542070196439,0.1930832210369408,35,256,10,0.38517600782215594,0.07463724607509005,1.6481352751938587,2,0.2006959580191147,2.265701684756991,79.77777777777777,0.7977777777777777,0.5555555555555556,0.1111111111111111,0.01170009204969058,4.353244255361483,0.0,6.258946796487252,0.18952905907107856,4.923333333333336,81.0,0.81,0.6666666666666666,0.0,0.011085271317829458,4.932778881079438,0.0,6.258946796487252,0.2728008797366747,1.53433333333333,72.33333333333333,0.7233333333333333,0.3333333333333333,0.3333333333333333,0.018267878394460674,2.8889824497949963,0.2104314287837648,2.0754817873116025,0.13975793524959082,0.3394383876043072,86.0,0.86,0.6666666666666666,0.0,0.005747126436781609,5.237971435210015,0.0,1.28622108194947
120,8,9,7,23,64,15,74,0.10641581541858613,2.7685445798560977,0.2576835363171995,2.169954011682421,0.8472500485833735,0.0005230161955571362,0.2764837509952485,5.891978431257039e-06,0.465395717099309,20,256,8,0.5369451534003019,0.8302764991619462,7.011474386845418,5,0.047724938010486086,0.058666666666664896,95.11111111111111,0.9511111111111111,1.0,0.4444444444444444,0.02913993020375999,4.793957551794967,0.0,0.6210045987715395,0.0524083583574912,0.11999999999999789,94.66666666666667,0.9466666666666667,1.0,0.3333333333333333,0.015873015873015872,5.355766543911563,0.0,0.1821853792103627,0.07083864836000435,0.055999999999996795,92.66666666666667,0.9266666666666666,1.0,0.6666666666666666,0.04736237757514353,3.369143316504941,0.028363081755516984,0.6210045987715395,0.01992780731396271,0.0,98.0,0.98,1.0,0.3333333333333333,0.02418439716312057,5.656962794968396,0.0,0.0
121,11,7,2,9,128,8,18,0.39867180162109433,9.637782148085535,0.4059957162477076,1.5293694611173123,0.2804979970678687,0.05068003201570127,0.720747703127563,0.000330553733923958,0.343713411744684,42,64,6,0.2710108121857047,0.314295882252829,2.3950837272639873,2,0.0500903970043171,0.09944444444444336,94.88888888888889,0.9488888888888888,0.8888888888888888,0.2222222222222222,0.18435685572671873,4.530993921819057,0.0,1.8149598690288182,0.0,0.0,100.0,1.0,1.0,0.0,0.11666666666666668,5.386781008758892,0.0,0.0,0.12036182545457678,0.2983333333333301,87.66666666666667,0.8766666666666666,0.6666666666666666,0.3333333333333333,0.20120243531202434,2.856519893297282,0.047571139043192254,1.8149598690288182,0.02990936555837451,0.0,97.0,0.9700000000000001,1.0,0.3333333333333333,0.2352014652014652,5.349680863400995,0.0,0.0
122,13,11,6,27,128,5,97,0.3184014657046646,6.691387774422765,0.547448016051203,1.0153823506552726,0.2448542891535908,0.00214020929261141,0.21232826150953768,0.00447397890694718,0.5919146386347711,38,1024,5,0.5912980511784554,4.717252290608486,1.4176695529683028,4,0.0054884498283078375,0.0001593664121039377,99.44444444444444,0.9944444444444444,1.0,0.1111111111111111,0.0035087719298245615,5.795974812350557,0.0,0.0018116434070652306,0.0,0.0,100.0,1.0,1.0,0.0,0.0,6.492564668878913,0.0,0.0,0.0,0.0,100.0,1.0,1.0,0.0,0.0,4.551282997708768,0.0,0.0,0.01646534948492351,0.00047809923631181306,98.33333333333333,0.9833333333333334,1.0,0.3333333333333333,0.010526315789473684,6.3440767704639915,0.0,0.0018116434070652306
123,4,5,4,15,64,12,41,0.2731593361590058,4.590214667841792,0.006695017870515584,3.531664038076997,0.5276093755848705,0.01243324291639887,0.6588971138931811,3.1540612052836445e-05,0.12480264164507389,25,128,11,0.15718826223164795,0.05646449890797672,4.613193733772819,1,0.05709228709227189,0.15966666666666599,94.22222222222223,0.9422222222222223,0.8888888888888888,0.1111111111111111,0.0,4.907761242002298,0.0,3.526418971595706,0.0,0.0,100.0,1.0,1.0,0.0,0.0,5.917142998271932,0.0,0.0,0.17127686127681566,0.4789999999999979,82.66666666666667,0.8266666666666667,0.6666666666666666,0.3333333333333333,0.0,2.884734402471681,0.08380370795258145,3.526418971595706,0.0,0.0,100.0,1.0,1.0,0.0,0.0,5.921406325263281,0.0,0.0
124,5,12,1,12,32,13,83,0.3520469375886023,5.5912871062755585,0.4660427425988018,0.4413619053084403,0.6443374890834094,0.004438924588354456,0.893848427850753,1.4337872726161006e-05,0.09057893961668013,29,256,6,0.40172746842727064,0.941098123364848,9.094419448638309,3,0.0,0.0,100.0,1.0,1.0,0.0,0.003333333333333333,4.817205223047899,0.0,0.0,0.0,0.0,100.0,1.0,1.0,0.0,0.0,5.539921328891069,0.0,0.0,0.0,0.0,100.0,1.0,1.0,0.0,0.01,3.3624806705241403,0.0,0.0,0.0,0.0,100.0,1.0,1.0,0.0,0.0,5.549213669728488,0.0,0.0
125,14,4,6,24,96,7,54,0.18639448415488008,3.4396458230912685,0.2630892972461879,3.433714235201478,0.07147010113112628,0.02096798299280183,0.44681892171502113,0.0008606582887177296,0.7184802540950477,31,1024,12,0.31907027447596187,0.24863532466598257,3.2174305038612787,2,0.3361385968646557,3.9760132286528758,66.22222222222223,0.6622222222222223,0.2222222222222222,0.1111111111111111,0.014414086217364905,3.7748674578547963,0.38896163277395307,5.651251994648968,0.3956748380275609,8.476666666666667,60.333333333333336,0.6033333333333334,0.0,0.0,0.01657559198542805,3.602837589620282,0.39388759917997707,5.651251994648968,0.34617788941633276,2.472999999999996,65.0,0.65,0.0,0.0,0.015555555555555557,3.1050231111132436,0.3204969433032519,2.0754817873116025,0.2665630631500734,0.9783730192919652,73.33333333333333,0.7333333333333334,0.6666666666666666,0.3333333333333333,0.011111111111111112,4.616741672830863,0.19945452916724335,1.28622108194947
126,10,8,3,6,192,3,61,0.0842510555870831,1.6050667995586991,0.16535445330664514,2.978381643537432,0.4540864652954042,0.0012935319735702248,0.48764892760664225,0.00016758444631596381,0.23878231225535274,46,64,9,0.7260885539464652,1.6946465520005816,1.0547068940710551,4,0.042726971438685486,0.31720266577507494,95.66666666666667,0.9566666666666666,1.0,0.2222222222222222,0.06270179410654866,4.448085737544911,0.0,0.6667874992129385,0.0,0.0,100.0,1.0,1.0,0.0,0.04666666666666667,5.398392993180702,0.0,0.0,0.0684076865677558,0.7973333333333313,93.0,0.93,1.0,0.3333333333333333,0.052658227848101265,3.050644015863868,0.0,0.6667874992129385,0.05977322774830065,0.1542746639918935,94.0,0.94,1.0,0.3333333333333333,0.08878048780487806,4.895220203590163,0.0,0.20586404037296388
127,7,8,5,20,96,10,31,0.4810970531776547,8.551139731891453,0.673335835058242,1.8617192979436368,0.7298961308319122,0.07317552600553605,0.043851942848414184,1.1042647751863193e-06,0.47789456009864806,15,512,7,0.108872349280864,0.14157142119880348,3.554765981062794,3,0.22794957071720667,2.3843375880852813,77.22222222222223,0.7722222222222223,0.5555555555555556,0.0,0.04436504103780051,3.9795591392655703,0.0,5.252474132123341,0.3279057694103636,5.453333333333336,67.33333333333333,0.6733333333333333,0.3333333333333333,0.0,0.027189124350259896,3.741212205685289,0.194472358019323,5.252474132123341,0.1861674935821526,1.1886666666666676,81.33333333333333,0.8133333333333334,0.6666666666666666,0.0,0.03787878787878788,3.2427134738783496,0.0,3.8547750278922823,0.1697754491591038,0.5110127642558397,83.0,0.8300000000000001,0.6666666666666666,0.0,0.06802721088435375,4.954751738233074,0.0,1.9363613973365315
128,7,10,1,4,192,9,96,0.4028524644207209,7.481105478480458,0.5167839212343096,1.5003172014839947,0.8819892071187496,0.03405574403117845,0.6666433981154114,0.00011510035632421034,0.22706853546202183,26,1024,9,0.32199069736525415,0.18552384926721835,6.0812569526599844,4,0.004344170590741174,0.0001593664121039377,99.55555555555556,0.9955555555555556,1.0,0.1111111111111111,0.03125,5.63539340175878,0.0,0.0018116434070652306,0.0,0.0,100.0,1.0,1.0,0.0,0.06666666666666667,6.339166331260155,0.0,0.0,0.0,0.0,100.0,1.0,1.0,0.0,0.016666666666666666,4.280008006220062,0.0,0.0,0.013032511772223523,0.00047809923631181306,98.66666666666667,0.9866666666666667,1.0,0.3333333333333333,0.010416666666666666,6.287005867796122,0.0,0.0018116434070652306
129,10,6,6,18,64,14,41,0.1325689517427236,5.4876010697335005,0.32463905103504653,2.1413567147683352,0.31526310029439625,0.0008039177369798418,0.21936774565838277,2.0577389242343583e-06,0.48949066376313566,38,128,7,0.4047644791193306,1.2488738064918867,2.0779153991009585,3,0.2336597777559991,2.901475016075293,76.55555555555556,0.7655555555555555,0.5555555555555556,0.1111111111111111,0.032329189936329675,3.361581522129743,0.0,6.258946796487252,0.2960036935842451,6.4633333333333365,70.33333333333333,0.7033333333333333,0.3333333333333333,0.0,0.033095238095238094,3.4068024466732005,0.18450063414464202,6.258946796487252,0.1083610815312061,1.261333333333333,89.0,0.89,0.6666666666666666,0.0,0.039850746268656714,3.2667932841482,0.0,1.0548176827014064,0.2966145581525461,0.9797583815592111,70.33333333333333,0.7033333333333333,0.6666666666666666,0.3333333333333333,0.024041585445094216,3.411148835567829,0.21457505173215077,1.28622108194947
130,14,10,3,14,32,11,74,0.247006769804284,2.5453244401142,0.11747655235230922,3.5611919567454606,0.20980041725561022,0.009765943386958869,0.7127659905236214,1.0706366944046363e-05,0.10210784560069441,42,512,4,0.10631534373387694,0.10280415700312891,1.6336099387304,3,0.0,0.0,100.0,1.0,1.0,0.0,0.03222222222222222,4.823974447531833,0.0,0.0,0.0,0.0,100.0,1.0,1.0,0.0,0.0,5.473982670033972,0.0,0.0,0.0,0.0,100.0,1.0,1.0,0.0,0.03666666666666667,3.5409773459347584,0.0,0.0,0.0,0.0,100.0,1.0,1.0,0.0,0.06,5.456963326626767,0.0,0.0
131,5,6,5,25,128,5,17,0.3142217349726707,9.298108539544046,0.6143915092572569,1.0453922636806965,0.49273708169348535,0.002763761399179247,0.2696796987671405,0.0015263830409734018,0.707069032266736,21,64,10,0.7236708336509764,2.188255320260475,5.31446119158494,2,0.28108415967410033,3.3942236256747798,71.88888888888889,0.7188888888888889,0.5555555555555556,0.1111111111111111,0.012335350097687024,3.377489928307748,0.0,8.921230467359159,0.4438590892850507,7.953333333333335,55.666666666666664,0.5566666666666666,0.3333333333333333,0.3333333333333333,0.020339383626394404,2.6776157875902693,0.3636788136932111,8.921230467359159,0.199119492121685,1.4553333333333343,80.0,0.7999999999999999,0.6666666666666666,0.0,0.008333333333333333,2.919048498539875,0.0,4.719559105938784,0.20027389761556533,0.7740042103576705,80.0,0.7999999999999999,0.6666666666666666,0.0,0.008333333333333333,4.5358054987931,0.0,2.9329049666598626
132,4,9,7,28,128,7,60,0.16859219102188944,1.3009426528587937,0.19879330471158027,3.463217119919136,0.6661212728824467,0.013810806471907314,0.03704428081400692,0.002560982028720586,0.6038754791021347,15,64,5,0.27366343438625335,0.43280240635687917,7.891586942978939,4,0.2739571359108828,2.4879380061915297,72.44444444444444,0.7244444444444444,0.5555555555555556,0.4444444444444444,0.03864734299516908,3.2596710303178935,0.3060246625317114,3.686718830700008,0.30911607930147184,5.453333333333336,69.0,0.69,0.3333333333333333,0.3333333333333333,0.043478260869565216,3.3340946870185615,0.30880239083674954,3.686718830700008,0.306386688507467,1.6396666666666615,69.0,0.69,0.3333333333333333,0.3333333333333333,0.043478260869565216,2.2461294727444936,0.3056186427893761,2.7649490469115108,0.20636863992370955,0.37081401857459084,79.33333333333333,0.7933333333333333,1.0,0.6666666666666666,0.028985507246376812,4.1987889311906255,0.154265181075784,0.4596604481053848
133,13,7,2,17,32,12,32,0.3403968054801226,8.293159772641957,0.3580851251259446,0.4713396318256855,0.09307230059057475,0.00669591237358738,0.47967082480899986,4.288034877531697e-05,0.11273364422842859,46,512,11,0.5395663293078542,0.6430112036886491,2.7926353516352362,1,0.0,0.0,100.0,1.0,1.0,0.0,0.0,5.0968293289446995,0.0,0.0,0.0,0.0,100.0,1.0,1.0,0.0,0.0,5.729227987273286,0.0,0.0,0.0,0.0,100.0,1.0,1.0,0.0,0.0,3.7918329960666597,0.0,0.0,0.0,0.0,100.0,1.0,1.0,0.0,0.0,5.769427003494154,0.0,0.0
134,11,11,6,22,64,9,83,0.49274775525555015,6.453909397125244,0.60903050173074,1.8326420043595135,0.4326170148793608,0.056261303992204886,0.45385479605756696,3.1016217505293532e-06,0.45433971313759686,32,256,10,0.1543861534446478,0.07566986143894705,1.2161444985196774,5,0.0032735449509082625,0.0001593664121039377,99.66666666666667,0.9966666666666667,1.0,0.1111111111111111,0.022531500572737687,4.863655790459911,0.0,0.0018116434070652306,0.0,0.0,100.0,1.0,1.0,0.0,0.016666666666666666,5.562492990090202,0.0,0.0,0.0,0.0,100.0,1.0,1.0,0.0,0.02,3.5845783329568803,0.0,0.0,0.009820634852724787,0.00047809923631181306,99.0,0.9899999999999999,1.0,0.3333333333333333,0.030927835051546393,5.443896048332651,0.0,0.0018116434070652306
135,8,5,4,7,192,4,53,0.10205428078770637,4.264917280524969,0.05738214403390884,2.9497521601151675,0.7084007420577109,0.001633085779735964,0.9015983218792826,0.000472110943672007,0.3548775616288185,30,1024,8,0.5884417986497283,3.5548581070729504,4.097709193814572,2,0.29708121849170716,2.712059221795822,70.11111111111111,0.701111111111111,0.4444444444444444,0.2222222222222222,0.020501258546650112,4.059387453153722,0.2535828399211886,5.252474132123341,0.26283869755207967,4.613333333333336,73.66666666666667,0.7366666666666667,0.3333333333333333,0.0,0.0110381317277869,4.714299761097184,0.18439972402784863,5.252474132123341,0.267300911276273,2.422666666666666,73.0,0.73,0.3333333333333333,0.0,0.03455763063572911,3.498041304867115,0.18859971869382006,2.0754817873116025,0.36110404664676893,1.1001776653874635,63.666666666666664,0.6366666666666666,0.6666666666666666,0.6666666666666666,0.01590801327643433,3.9658212934968655,0.32624594912783766,1.28622108194947
136,8,9,6,15,96,5,58,0.20202838690020147,1.5720328139141202,0.6862631390802562,2.682167046936229,0.8378950313199311,0.004607580692901305,0.38583261035382743,2.1687482737534243e-05,0.6273736011423171,43,64,6,0.08395960908383131,0.3217250485140942,3.1890741280734867,5,0.029749781170977166,0.21333333333333326,97.0,0.9700000000000001,1.0,0.1111111111111111,0.057442922374429224,4.649994810656864,0.0,0.9716553557886181,0.0892493435129315,0.6399999999999999,91.0,0.91,1.0,0.3333333333333333,0.045662100456621,4.7751004268313215,0.0,0.9716553557886181,0.0,0.0,100.0,1.0,1.0,0.0,0.06999999999999999,3.6326976655982435,0.0,0.0,0.0,0.0,100.0,1.0,1.0,0.0,0.05666666666666667,5.542186339541028,0.0,0.0
137,12,7,4,27,192,12,23,0.35981171517632904,8.584019222296774,0.13328481363132594,1.924387278035283,0.342977165710181,0.021753251611229305,0.8878629797138273,0.0007614105111103419,0.18175811622291804,17,256,12,0.702639726176858,0.8498387078796984,9.014347804379973,2,0.2776200798840402,1.7693157986478316,72.11111111111111,0.7211111111111111,0.4444444444444444,0.1111111111111111,0.01748097251758681,3.6668924146988235,0.0,2.3380456998663637,0.13990554820018059,1.5400000000000005,86.0,0.86,0.6666666666666666,0.0,0.017241379310344827,5.040268637694889,0.0,2.3380456998663637,0.37255346495108627,2.6179999999999963,62.333333333333336,0.6233333333333334,0.0,0.0,0.016514669555546924,2.3130017557423215,0.31677561937965204,2.0754817873116025,0.3204012265008538,1.1499473959434978,68.0,0.68,0.6666666666666666,0.3333333333333333,0.018686868686868686,3.64740685065926,0.20039006555786673,1.9363613973365315
138,12,11,8,9,96,14,80,0.46981723480857907,5.637350391596556,0.2978905973024666,0.5040922188200057,0.1827114942949265,0.0013264400437473613,0.07535005798563361,0.00014512333652958053,0.3838699382916093,22,128,9,0.3878185564652085,0.057285708331138205,3.5863348443589658,4,0.0,0.0,100.0,1.0,1.0,0.0,0.0,4.55916566412068,0.0,0.0,0.0,0.0,100.0,1.0,1.0,0.0,0.0,5.131706003254901,0.0,0.0,0.0,0.0,100.0,1.0,1.0,0.0,0.0,3.226841001305729,0.0,0.0,0.0,0.0,100.0,1.0,1.0,0.0,0.0,5.318949987801413,0.0,0.0
139,4,5,3,23,32,8,46,0.06510244733653962,3.3934280425310135,0.45585244474932546,3.1375552664976567,0.5366263218224049,0.07507649073882623,0.5824975153431297,1.621860384087893e-06,0.33282476449385284,38,512,7,0.46918259039521215,4.784829387638543,1.0640825669815246,1,0.35496492271517976,3.163840243636082,64.44444444444444,0.6444444444444444,0.3333333333333333,0.1111111111111111,0.0,3.483311071399943,0.3105755576195606,8.505545129603506,0.3048471774232049,5.186666666666665,69.66666666666667,0.6966666666666667,0.3333333333333333,0.0,0.0,4.104545520918475,0.2046051389178902,5.651251994648968,0.4834881925935482,3.5443333333333293,51.333333333333336,0.5133333333333333,0.0,0.0,0.0,2.072677387694482,0.46612098731102125,8.505545129603506,0.27655939812878616,0.7605207309082502,72.33333333333333,0.7233333333333333,0.6666666666666666,0.3333333333333333,0.0,4.272710305586871,0.1552877788097803,1.9363613973365315
140,5,12,3,20,64,3,88,0.4396875547245145,6.64532039873302,0.04021166423335671,0.8364438437856734,0.6288671337999404,0.0005092358120979123,0.8225497828796505,6.715128608159314e-06,0.25273462625220416,35,1024,8,0.22192299822345374,0.24520823966652533,2.3742051561418633,3,0.0,0.0,100.0,1.0,1.0,0.0,0.03888888888888889,5.901434999994105,0.0,0.0,0.0,0.0,100.0,1.0,1.0,0.0,0.0,6.6240156651474535,0.0,0.0,0.0,0.0,100.0,1.0,1.0,0.0,0.07,4.445093340861301,0.0,0.0,0.0,0.0,100.0,1.0,1.0,0.0,0.04666666666666667,6.635195993973563,0.0,0.0
141,15,4,5,6,128,10,38,0.15538275586441158,4.636436538770795,0.5385417043231427,3.945977533934638,0.14006460779346525,0.04937870040009803,0.3158703121356666,0.00022034384551526575,0.5563471670076251,27,256,6,0.6518345206044615,0.928318013747212,6.950293133612908,2,0.15915885132955612,1.1198127958681026,84.11111111111111,0.8411111111111111,0.6666666666666666,0.0,0.016341905989317843,3.9294207213908328,0.0,3.6133433543389253,0.19167640340946665,2.3800000000000003,81.0,0.81,0.6666666666666666,0.0,0.02441860465116279,4.296241417227587,0.0,3.6133433543389253,0.12573314579588005,0.6399999999999999,87.33333333333333,0.8733333333333334,0.6666666666666666,0.0,0.005376344086021505,3.068344544178696,0.0,2.0754817873116025,0.16006700478332164,0.3394383876043072,84.0,0.84,0.6666666666666666,0.0,0.019230769230769232,4.423676202766216,0.0,1.28622108194947
142,9,8,2,24,128,13,66,0.22770860325545073,2.8015830582007766,0.41763368314132093,2.58422260847874,0.38499824795871973,0.0020664632837024822,0.6459509541280567,0.0030211246104562377,0.030915414504706862,13,512,5,0.25028231041505933,0.13837949158482754,4.653811337236587,4,0.0,0.0,100.0,1.0,1.0,0.0,0.0,5.5607404440848365,0.0,0.0,0.0,0.0,100.0,1.0,1.0,0.0,0.0,6.245811997602384,0.0,0.0,0.0,0.0,100.0,1.0,1.0,0.0,0.0,4.144720666420956,0.0,0.0,0.0,0.0,100.0,1.0,1.0,0.0,0.0,6.29168866823117,0.0,0.0
143,7,8,7,12,64,6,15,0.28090225541964176,9.604898164980114,0.22690390134230254,1.3503650445491076,0.7458584995474666,0.01199656447148323,0.14346072375774382,3.61226814143939e-05,0.6857388913817704,49,128,11,0.5202442075125873,1.6565474397954603,1.4301397762418873,3,0.05962465678853154,0.21239479158812313,94.0,0.9400000000000001,1.0,0.2222222222222222,0.04630558234222651,4.455077542393665,0.0,0.8413625384561836,0.0,0.0,100.0,1.0,1.0,0.0,0.02666666666666667,5.574486330151558,0.0,0.0,0.048624669703016536,0.0066666666666659324,95.0,0.9500000000000001,1.0,0.3333333333333333,0.06705882352941177,3.1928893089677914,0.0,0.07392911890136983,0.13024930066257806,0.6305177080977036,87.0,0.87,1.0,0.3333333333333333,0.0451912568306011,4.597856988061647,0.0,0.8413625384561836
144,7,8,4,21,96,10,44,0.24546280144713822,8.612247829325497,0.3849990056827664,1.2239932976663113,0.6395063325297088,0.001472263834179947,0.013296844484284519,0.0009267792801317753,0.19888893619179726,41,128,4,0.3450432891957462,0.6752492998684528,1.342364940339712,3,0.0782378964832701,0.4292572403125466,92.11111111111111,0.921111111111111,0.8888888888888888,0.1111111111111111,0.03933073424301495,4.57395082481476,0.0,1.28622108194947,0.0,0.0,100.0,1.0,1.0,0.0,0.016666666666666666,5.782801329623908,0.0,0.0,0.0916636549617098,0.9483333333333325,90.66666666666667,0.9066666666666666,1.0,0.3333333333333333,0.07962962962962963,3.218486094976672,0.0,0.7930645632361258,0.14305003448810052,0.3394383876043072,85.66666666666667,0.8566666666666666,0.6666666666666666,0.0,0.021695906432748536,4.7205650498436995,0.0,1.28622108194947
145,10,8,5,8,32,3,93,0.2915992683265358,2.1067333603277802,0.19290026575326918,2.4506413072813302,0.06656111367046832,0.06234568586122194,0.5164724532049149,1.7637709112895225e-05,0.5176757378689945,20,512,10,0.4249545116908848,0.34091183108504797,3.792678600972844,4,0.009765686026654098,0.0001593664121039377,99.0,0.99,1.0,0.3333333333333333,0.01808705612829324,4.979561543396705,0.0,0.0018116434070652306,0.0,0.0,100.0,1.0,1.0,0.0,0.013333333333333334,5.679043003668387,0.0,0.0,0.00955252556929182,0.0,99.0,0.9899999999999999,1.0,0.3333333333333333,0.020309278350515464,3.546771602129045,0.0,0.0,0.019744532510670477,0.00047809923631181306,98.0,0.98,1.0,0.6666666666666666,0.020618556701030927,5.712870024392682,0.01473095227908718,0.0018116434070652306
146,14,12,2,29,96,7,20,0.4289920715149492,3.6427610628306866,0.07318729236721992,3.841406837804243,0.4591274735052138,0.005105639380764737,0.41613970263861116,1.1689747272016716e-06,0.07247746450826525,24,64,9,0.12662821998819707,3.7681392347616445,8.558904981314305,2,0.15112722368644602,1.046746894536613,84.88888888888889,0.8488888888888888,0.8888888888888888,0.4444444444444444,0.010743436605698644,3.547106093863809,0.0,3.6133433543389253,0.20140654682291,2.3800000000000003,80.0,0.7999999999999999,0.6666666666666666,0.0,0.011666666666666667,3.8934001652523875,0.0,3.6133433543389253,0.03535154427713414,0.0,96.33333333333333,0.9633333333333333,1.0,0.6666666666666666,0.010563643150429264,3.224755442852851,0.024297015558807117,0.0,0.21662357995929393,0.7602406836098381,78.33333333333333,0.7833333333333333,1.0,0.6666666666666666,0.01,3.52316267348619,0.12454530438107418,0.8525940774069318
147,5,4,8,16,192,13,72,0.13762702965177598,5.951495841145515,0.5701537305489182,0.7395409126766026,0.7350149667821825,0.018047697012410033,0.9225478327367455,0.00020266313232469158,0.7366939495503902,36,256,7,0.7465899006463588,0.06015523031614748,2.539904894019309,3,0.0,0.0,100.0,1.0,1.0,0.0,0.0011111111111111111,5.47462455333314,0.0,0.0,0.0,0.0,100.0,1.0,1.0,0.0,0.0,6.241712660994381,0.0,0.0,0.0,0.0,100.0,1.0,1.0,0.0,0.0,3.9604153344407678,0.0,0.0,0.0,0.0,100.0,1.0,1.0,0.0,0.0033333333333333335,6.2217456645642715,0.0,0.0
148,4,11,5,13,192,12,29,0.45253019528463484,4.667262060567737,0.3295124467462301,3.2453869141172618,0.8554784318432213,0.0036094769960763233,0.6894567439798266,0.0002681390041391475,0.5858047365397215,32,512,10,0.29423801973462105,1.178796144777092,1.7417958617599978,1,0.5356964150771606,7.007625982228818,46.333333333333336,0.4633333333333333,0.1111111111111111,0.0,0.013492063492063493,2.188542543658471,0.5977111662083064,12.039357013089377,0.6069893301839064,13.10666666666667,39.333333333333336,0.39333333333333337,0.0,0.0,0.008333333333333333,1.8181127292088146,0.6062497086080338,9.023773346294323,0.5929430155847295,5.259333333333327,40.333333333333336,0.4033333333333333,0.0,0.0,0.03214285714285714,1.506722805802955,0.5875706284876374,12.039357013089377,0.407156899462846,2.6568779466864605,59.333333333333336,0.5933333333333334,0.3333333333333333,0.0,0.0,3.2407920959636445,0.3051014854913699,2.9329049666598626
149,13,5,3,26,64,5,63,0.05481728930026293,7.176016407087445,0.4888395702466368,0.6049431939609349,0.2886485589202493,0.007451131381223692,0.1835165155585855,5.459589514900001e-06,0.13079893400892614,30,128,8,0.5629180038347841,0.23350954900973053,5.098441266511647,4,0.0,0.0,100.0,1.0,1.0,0.0,0.0,5.005808667693701,0.0,0.0,0.0,0.0,100.0,1.0,1.0,0.0,0.0,5.649931672184418,0.0,0.0,0.0,0.0,100.0,1.0,1.0,0.0,0.0,3.6696816623831787,0.0,0.0,0.0,0.0,100.0,1.0,1.0,0.0,0.0,5.697812668513507,0.0,0.0
150,11,9,7,5,32,8,51,0.21231163972988726,9.859015709720552,0.6522479696199297,2.054363187402487,0.2364142303355038,0.000891388629250487,0.7514151460956782,2.6029885078629315e-05,0.43771975239738825,16,1024,5,0.1776897732168436,2.084859293245157,6.370593384085508,2,0.0,0.0,100.0,1.0,1.0,0.0,0.003333333333333333,5.381919997744262,0.0,0.0,0.0,0.0,100.0,1.0,1.0,0.0,0.006666666666666667,6.060758992098272,0.0,0.0,0.0,0.0,100.0,1.0,1.0,0.0,0.0,4.043955005084475,0.0,0.0,0.0,0.0,100.0,1.0,1.0,0.0,0.0033333333333333335,6.04104599605004,0.0,0.0
151,8,7,2,18,128,15,86,0.37710065823048355,3.1095363600179553,0.10064026601612568,2.8195818394888192,0.5192471413407475,0.030683099023342774,0.2477798179257661,0.004217739375740903,0.37150300823152066,47,256,11,0.6090537576004863,0.13059096515752877,1.9584559541211866,5,0.07805274498758656,0.07310550071588881,92.0,0.9200000000000002,1.0,0.8888888888888888,0.04462759462759463,4.673843947190892,0.08591436375328534,0.1740774609138528,0.05837957693488261,0.013333333333331865,94.0,0.9400000000000001,1.0,0.6666666666666666,0.045970695970695974,5.461628900119359,0.04343950404602981,0.02278730643003366,0.08677831336731727,0.1706666666666634,91.0,0.91,1.0,1.0,0.04395604395604396,3.3796413958536617,0.08571271763729368,0.11674585053627443,0.08900034466055982,0.03531650214767118,91.0,0.91,1.0,1.0,0.04395604395604396,5.180261545599653,0.08863646865327796,0.1740774609138528
152,9,11,7,25,32,12,26,0.47531651933677493,4.958665998652577,0.5545183247886598,2.8454107369761914,0.6022530040703714,0.010825590090465513,0.8007667606696486,2.8556008781979218e-06,0.6569985129125416,24,256,9,0.06355593260377645,1.5575882589918943,4.384298108513612,2,0.28665721476875017,3.836112514563667,71.33333333333333,0.7133333333333334,0.4444444444444444,0.0,0.012083512083512084,3.0549036212851215,0.0,8.055312823017784,0.4741593668921989,9.513333333333334,52.666666666666664,0.5266666666666667,0.0,0.0,0.020377520377520376,2.1151721194635793,0.41877118092656646,8.055312823017784,0.19247669692232275,1.2209999999999979,80.66666666666667,0.8066666666666666,0.6666666666666666,0.0,0.007936507936507936,2.754494328059197,0.0,3.9596300973554115,0.19333558049172897,0.7740042103576705,80.66666666666667,0.8066666666666666,0.6666666666666666,0.0,0.007936507936507936,4.295044416332588,0.0,2.9329049666598626
153,11,5,1,11,96,7,55,0.09167986134998501,7.4476607125252485,0.0015058853663504122,1.7355105825699866,0.1135542314965278,0.002292146364576211,0.3541724874638021,8.244533039647458e-05,0.15212772961705923,40,64,7,0.6794589396566153,0.1735270696867461,1.49740932013606,5,0.04228600259543772,0.19443636089513508,95.77777777777777,0.9577777777777777,1.0,0.1111111111111111,0.058530465949820795,4.496971761764404,0.0,0.7783673705111724,0.0,0.0,100.0,1.0,1.0,0.0,0.03333333333333333,5.499547672613214,0.0,0.0,0.0,0.0,100.0,1.0,1.0,0.0,0.07,3.423878330116471,0.0,0.0,0.12685800778631318,0.5833090826854053,87.33333333333333,0.8733333333333334,1.0,0.3333333333333333,0.07225806451612903,4.567489282563529,0.0,0.7783673705111724
154,13,9,5,19,192,4,49,0.17896470692940059,8.988080616109073,0.25364678958430886,0.345197269693017,0.4115095172077417,0.03778576360513569,0.6104467042721807,0.0012543102195351052,0.41205500688403845,45,1024,6,0.3646858455613255,2.803978587238158,2.2762042906235633,1,0.021709297517436547,0.002222222222221977,97.77777777777777,0.9777777777777779,1.0,0.2222222222222222,0.016189593375355332,5.83051834794153,0.0,0.07392911890136983,0.0,0.0,100.0,1.0,1.0,0.0,0.0,6.599944660750528,0.0,0.0,0.04193991204461011,0.0066666666666659324,95.66666666666667,0.9566666666666667,1.0,0.3333333333333333,0.034482758620689655,4.481126696925782,0.0,0.07392911890136983,0.023187980507699532,0.0,97.66666666666667,0.9766666666666667,1.0,0.3333333333333333,0.014086021505376344,6.410483686148279,0.0,0.0
155,3,7,3,7,96,10,77,0.35782994660548867,2.29352184291929,0.4115691720508039,3.3294074397999793,0.7724735348951072,0.0006678360554578517,0.16615721099078654,1.3168489799095334e-05,0.3046451597101986,19,128,12,0.4487415194511413,0.09877745037893698,7.406221941830423,4,0.06972955730674527,0.2328693324417418,92.88888888888889,0.9288888888888889,1.0,0.4444444444444444,0.03606289783828071,4.534196948534635,0.0,0.5221133871205753,0.0,0.0,100.0,1.0,1.0,0.0,0.05666666666666667,5.7047110120765865,0.0,0.0,0.14941544417193517,0.5443333333333318,84.66666666666667,0.8466666666666667,1.0,1.0,0.03932690489695594,2.732987508012588,0.13528632441220412,0.5221133871205753,0.05977322774830065,0.1542746639918935,94.0,0.94,1.0,0.3333333333333333,0.012195121951219511,5.164892325514731,0.0,0.20586404037296388
156,6,10,2,10,64,14,35,0.26485022939741615,7.760538809932768,0.17097080321982502,1.175597557798028,0.8113850666675717,0.09839818568951256,0.4066670462489128,5.949317530547439e-05,0.2693600563146174,13,256,5,0.19835772151127457,0.5018112344343096,3.2632376530711404,2,0.4120966266509719,4.385442835111046,58.666666666666664,0.5866666666666667,0.3333333333333333,0.1111111111111111,0.0429445663161345,2.644065329730307,0.06838303475543202,12.675147435641229,0.23225389602792015,5.46,76.66666666666667,0.7666666666666666,0.6666666666666666,0.3333333333333333,0.06384771868642837,3.9834135146221574,0.03419151737771601,6.924251229153804,0.6000723409093887,5.28433333333333,39.666666666666664,0.39666666666666667,0.0,0.0,0.048083969136600714,1.1024362642984495,0.5880857276625262,12.675147435641229,0.403963643015607,2.4119951719998105,59.666666666666664,0.5966666666666667,0.3333333333333333,0.0,0.01690201112537441,2.8463462102703136,0.2951633170671268,2.9329049666598626
157,14,6,7,22,192,9,91,0.3250629442743957,1.270394136197865,0.6692561942152678,3.698378370376304,0.316363434959203,0.0010156288709466817,0.8504967068322002,0.0018338699694051043,0.5397271897271275,49,1024,11,0.6311317822895944,0.4504462522865842,1.1546588098655954,3,0.012939702601866774,0.011999999999999665,98.66666666666667,0.9866666666666666,1.0,0.2222222222222222,0.0069503546099290775,6.086500297293913,0.0,0.11674585053627443,0.01923248060925517,0.0,98.0,0.98,1.0,0.3333333333333333,0.0070921985815602835,6.635009995579112,0.0,0.0,0.019586627196345154,0.03599999999999899,98.0,0.98,1.0,0.3333333333333333,0.0070921985815602835,4.785552903141245,0.0,0.11674585053627443,0.0,0.0,100.0,1.0,1.0,0.0,0.006666666666666667,6.83893799316138,0.0,0.0
158,10,10,4,14,128,6,13,0.3920127831399441,3.9489965438842773,0.4608964989893138,2.249417635379359,0.20932611799798906,0.02414384751612616,0.11180286584421992,0.00038786994058420253,0.048980687744915485,34,64,8,0.22945674927905202,2.8502620794305393,2.953620599249942,3,0.009546040417031705,0.0,99.0,0.99,1.0,0.1111111111111111,0.018107448107448108,4.7112885725250075,0.0,0.0,0.0,0.0,100.0,1.0,1.0,0.0,0.0,5.481110338587314,0.0,0.0,0.028638121251095116,0.0,97.0,0.9700000000000001,1.0,0.3333333333333333,0.040989010989010984,3.2137583754274437,0.0,0.0,0.0,0.0,100.0,1.0,1.0,0.0,0.013333333333333334,5.438997003560265,0.0,0.0
159,6,6,6,28,32,11,68,0.11472396245226264,6.207209970802069,0.27011671708896756,1.6009396859444678,0.563137192092836,0.0041553596256028395,0.5588651539757847,3.813785825420912e-06,0.6676681322790682,27,512,6,0.49681243477389214,0.08090172961853867,9.955773752945527,4,0.21033854131146346,1.5203046830824665,78.77777777777777,0.7877777777777778,0.6666666666666666,0.5555555555555556,0.03503075871496924,4.141602585862949,0.23472834850422786,2.2671202004879336,0.2350920488934437,3.1833333333333305,76.33333333333333,0.7633333333333333,0.3333333333333333,0.3333333333333333,0.03930280246069719,4.382739680615294,0.2329975086853729,2.2671202004879336,0.23620251813019913,1.1019999999999954,76.0,0.7600000000000001,0.6666666666666666,0.6666666666666666,0.039473684210526314,3.0225574492329828,0.23546156854350425,1.5931725123246676,0.15972105691074745,0.2755807159140736,84.0,0.84,1.0,0.6666666666666666,0.02631578947368421,5.019510627740569,0.11966578304925526,0.4596604481053848
160,6,10,8,17,192,9,22,0.08283554157242179,1.85632608179003,0.502173554059118,0.39671982266008854,0.14343163087032734,0.020093267373059828,0.3919378686696291,3.0417559960399725e-05,0.2771218453347683,31,1024,11,0.4193205337040126,0.15488264993793277,3.0283373260978697,4,0.0,0.0,100.0,1.0,1.0,0.0,0.0,6.82159566346349,0.0,0.0,0.0,0.0,100.0,1.0,1.0,0.0,0.0,7.4716096627525985,0.0,0.0,0.0,0.0,100.0,1.0,1.0,0.0,0.0,5.394266663740079,0.0,0.0,0.0,0.0,100.0,1.0,1.0,0.0,0.0,7.598910663897793,0.0,0.0
161,10,6,3,5,64,4,73,0.4805344916880131,8.862896506674588,0.3442057871259749,3.5057957631070167,0.6122344652190804,0.005020517879223435,0.8354879037477075,0.004630729817699518,0.5261610494367779,33,128,5,0.32846082495525475,1.7255625582549015,8.86674280076248,1,0.10294843399447046,0.41130468308246837,89.55555555555556,0.8955555555555557,1.0,0.5555555555555556,0.04150998599793781,4.022004663139612,0.0,0.6667874992129385,0.0,0.0,100.0,1.0,1.0,0.0,0.05333333333333334,5.333687338667612,0.0,0.0,0.16602923645456338,0.9583333333333314,83.0,0.8300000000000001,1.0,1.0,0.04170528266913809,2.5222089244497075,0.12676088982922412,0.6667874992129385,0.14281606552884799,0.2755807159140736,85.66666666666667,0.8566666666666668,1.0,0.6666666666666666,0.029491341991341995,4.210117726301516,0.09964475650810077,0.4596604481053848
162,14,10,6,27,32,7,42,0.3488755556754768,5.920620933175087,0.09209658214822411,3.023460241733119,0.7624163913074881,0.08148769128878562,0.09710992788895964,0.00034071795137745635,0.0350859029404819,47,256,8,0.7088159545324743,0.27200852416572086,3.662129867774035,5,0.0,0.0,100.0,1.0,1.0,0.0,0.0,4.828906336074902,0.0,0.0,0.0,0.0,100.0,1.0,1.0,0.0,0.0,5.489414335849385,0.0,0.0,0.0,0.0,100.0,1.0,1.0,0.0,0.0,3.549062004312873,0.0,0.0,0.0,0.0,100.0,1.0,1.0,0.0,0.0,5.4482426680624485,0.0,0.0
163,6,6,4,12,128,13,92,0.18407302387058738,3.6733259074389935,0.6450689776800572,1.7891449281014502,0.3817120813764632,0.0012204682480599965,0.5439215822145342,5.705819945741324e-06,0.6758047904074193,17,64,10,0.09980224380269646,0.9582502886379959,1.1255073441023715,2,0.004344170590741174,0.0001593664121039377,99.55555555555556,0.9955555555555556,1.0,0.1111111111111111,0.0011574074074074073,4.955854187838096,0.0,0.0018116434070652306,0.0,0.0,100.0,1.0,1.0,0.0,0.0,5.747815669359018,0.0,0.0,0.0,0.0,100.0,1.0,1.0,0.0,0.0,3.5145849897526205,0.0,0.0,0.013032511772223523,0.00047809923631181306,98.66666666666667,0.9866666666666667,1.0,0.3333333333333333,0.003472222222222222,5.605161904402646,0.0,0.0018116434070652306
164,3,11,2,16,128,11,50,0.31962438705377283,6.9256209302693605,0.18572108866646886,2.1839350785594434,0.3662502534687519,0.045406668831253334,0.7858343014493584,1.1379239612156943e-06,0.640179271325469,20,64,7,0.5466775320470333,0.05161058276410751,2.335321632698443,4,0.4075519606572652,4.375697238297513,59.111111111111114,0.5911111111111111,0.2222222222222222,0.1111111111111111,0.04938271604938271,2.343443795021072,0.45674700985391653,6.106545221253793,0.4598914268150985,9.103333333333333,54.0,0.54,0.0,0.0,0.05555555555555555,2.177549380935545,0.4593812273581564,5.651251994648968,0.4559597846859072,3.043999999999995,54.0,0.54,0.0,0.0,0.05555555555555555,1.4711574113778312,0.4555606002988323,6.106545221253793,0.3068046704707897,0.9797583815592111,69.33333333333333,0.6933333333333334,0.6666666666666666,0.3333333333333333,0.037037037037037035,3.381624592749839,0.22986022020951621,1.28622108194947
165,13,5,7,30,32,6,84,0.27347396430559456,4.91789679042995,0.37645546523854134,1.4256975599564612,0.8278871837537736,0.0005530632182208237,0.33948247982189056,0.00016224738221198124,0.16314367851242423,41,512,9,0.28894560132175684,4.632918855916113,6.599959922943501,3,0.0,0.0,100.0,1.0,1.0,0.0,0.0,5.4832506640296845,0.0,0.0,0.0,0.0,100.0,1.0,1.0,0.0,0.0,6.211633995796244,0.0,0.0,0.0,0.0,100.0,1.0,1.0,0.0,0.0,4.0766996634192765,0.0,0.0,0.0,0.0,100.0,1.0,1.0,0.0,0.0,6.1614183328735335,0.0,0.0
166,11,9,3,9,64,9,30,0.10939506064169109,3.0786496503278613,0.5848468805663287,1.0018950197845697,0.546552913915366,0.013079509940536648,0.595434517879039,0.0008297975907510514,0.42271875789389013,37,256,10,0.5812025029212237,0.28727260475383987,4.922450639798498,3,0.0,0.0,100.0,1.0,1.0,0.0,0.01,4.734851888950086,0.0,0.0,0.0,0.0,100.0,1.0,1.0,0.0,0.013333333333333334,5.432344988609354,0.0,0.0,0.0,0.0,100.0,1.0,1.0,0.0,0.0,3.3234126772731543,0.0,0.0,0.0,0.0,100.0,1.0,1.0,0.0,0.016666666666666666,5.448798000967751,0.0,0.0
167,9,7,5,21,192,14,64,0.40074658920057116,9.889594501815736,0.086521424818784,3.6349003177601844,0.15951277171261607,0.0019075960789512894,0.15141646787524224,1.4836360895717677e-05,0.28822222344577314,25,1024,4,0.1388902826234698,0.8154185771306522,1.4603631520317737,2,0.19394321416669297,0.6898292860561779,80.44444444444444,0.8044444444444445,0.7777777777777778,0.5555555555555556,0.014978981587025882,4.932470393056882,0.09736267989408234,2.7649490469115108,0.03245422663136078,0.0,96.66666666666667,0.9666666666666667,1.0,0.3333333333333333,0.017037037037037038,6.588398397951905,0.0,0.0,0.306386688507467,1.6396666666666615,69.0,0.69,0.3333333333333333,0.3333333333333333,0.014492753623188406,3.3406676321879822,0.3056186427893761,2.7649490469115108,0.24298872736125118,0.42982119150187237,75.66666666666667,0.7566666666666667,1.0,1.0,0.013407154100852197,4.868345149030758,0.20919531223209645,0.4596604481053848
168,8,11,3,28,64,13,48,0.2968174619600177,7.197251288220286,0.6607127072289586,3.902485207421705,0.08978268885985016,0.0007377763464743731,0.7041756300721317,0.0004053457596005268,0.5733456818945706,48,64,6,0.6844094386324286,0.06821304747883289,5.787464858069542,3,0.207928077762222,2.0025905736458793,79.22222222222223,0.7922222222222222,0.5555555555555556,0.0,0.016719148298095666,3.476846512231944,0.0,5.651251994648968,0.30465597669760486,4.926666666666665,69.66666666666667,0.6966666666666667,0.3333333333333333,0.0,0.024516419253261357,3.2154812960503385,0.2144692443840623,5.651251994648968,0.15906125180573943,0.7416666666666665,84.0,0.84,0.6666666666666666,0.0,0.012820512820512822,2.8377507258063326,0.0,2.405180717066831,0.16006700478332164,0.3394383876043072,84.0,0.84,0.6666666666666666,0.0,0.012820512820512822,4.377307514839161,0.0,1.28622108194947
169,12,5,5,14,128,6,76,0.23661826038733125,5.20931682176888,0.16379165351390837,0.9101499696262181,0.6826757194940001,0.0368682630810848,0.19841964333318174,4.84613705273819e-06,0.1374998399242759,12,256,8,0.07945473007857799,3.443753266048172,2.0483920921178496,2,0.04161253718924112,0.05346324322658506,95.77777777777777,0.9577777777777777,1.0,0.3333333333333333,0.004947450173485032,4.850152024567736,0.0,0.6210045987715395,0.0,0.0,100.0,1.0,1.0,0.0,0.0033333333333333335,5.808572012465447,0.0,0.0,0.06192565589954412,0.055999999999996795,93.66666666666667,0.9366666666666666,1.0,0.3333333333333333,0.004115226337448559,3.4661137147178036,0.0,0.6210045987715395,0.06291195566817925,0.10438972967975839,93.66666666666667,0.9366666666666666,1.0,0.6666666666666666,0.0073937908496732015,5.275770346519957,0.019548767658335284,0.13865963166806336
170,12,9,1,22,128,4,27,0.14273512531071902,2.2626447891816497,0.283450897783041,1.3929447494447231,0.691765438951552,0.0030036875865500023,0.7661847676616161,6.53182058453408e-05,0.4440266465768218,27,128,11,0.48719917405396695,0.38669256699927557,1.6644692577560634,4,0.17369009394750418,2.2561727335425377,82.55555555555556,0.8255555555555555,0.7777777777777778,0.2222222222222222,0.03811242244965726,3.7017704074597018,0.0,6.258946796487252,0.17625857089564448,4.923333333333336,82.33333333333333,0.8233333333333333,0.6666666666666666,0.0,0.05127659574468085,4.314776177300101,0.0,6.258946796487252,0.08820378168595915,0.9483333333333325,91.0,0.91,1.0,0.3333333333333333,0.030365296803652967,3.203307227752507,0.0,0.7930645632361258,0.2566079292609089,0.8968515339609462,74.33333333333333,0.7433333333333333,0.6666666666666666,0.3333333333333333,0.03269537480063796,3.5872278173264966,0.1703368421592126,1.28622108194947
171,4,7,6,10,64,10,57,0.42003790186718104,9.018647606484592,0.47558968160301446,2.5095971554983407,0.4359814034309238,0.00899744554913104,0.26276267287321387,0.002143075435763779,0.3593917407281697,34,1024,5,0.3921953424811363,0.6173037794785526,5.608890132754594,3,0.13516201938389283,0.5809381609101296,86.33333333333333,0.8633333333333333,0.7777777777777778,0.2222222222222222,0.031126743626743628,5.222522083858085,0.0,2.095890520854048,0.0,0.0,100.0,1.0,1.0,0.0,0.049999999999999996,6.710128666988264,0.0,0.0,0.28602096565002627,1.522666666666661,71.0,0.71,0.3333333333333333,0.3333333333333333,0.032963564213564216,3.1765754027795956,0.25043409702053987,2.095890520854048,0.11946509250165227,0.22014781606372788,88.0,0.88,1.0,0.3333333333333333,0.010416666666666666,5.780862181806394,0.0,0.834197817650451
172,5,8,6,7,32,15,14,0.06344124549068511,1.0199965136125684,0.016199253126978872,1.9980931244790554,0.29206822817213834,0.006165199493191264,0.028276769118383525,0.0010551193734494875,0.20812028715386988,40,1024,12,0.6480557539500296,0.11513123366232435,7.7794527877408814,5,0.0,0.0,100.0,1.0,1.0,0.0,0.0044444444444444444,5.734221781086591,0.0,0.0,0.0,0.0,100.0,1.0,1.0,0.0,0.0,6.45496233055989,0.0,0.0,0.0,0.0,100.0,1.0,1.0,0.0,0.01,4.261030000634491,0.0,0.0,0.0,0.0,100.0,1.0,1.0,0.0,0.0033333333333333335,6.486673012065391,0.0,0.0
173,15,8,4,19,96,8,69,0.4470914167817682,8.011175685562193,0.5678523620590568,2.6386748880613595,0.8919196496717632,0.015018697299066484,0.5312309622298926,1.1789793784631054e-05,0.5026851795986295,23,256,6,0.20433378582820294,2.28058229696519,2.6577176209640045,2,0.05957391735224957,0.25376868397406,94.0,0.9400000000000001,1.0,0.2222222222222222,0.015266362252663621,4.4729316861884705,0.0,0.9716553557886181,0.0892493435129315,0.6399999999999999,91.0,0.91,1.0,0.3333333333333333,0.0045662100456621,4.800313578793124,0.0,0.9716553557886181,0.0,0.0,100.0,1.0,1.0,0.0,0.03666666666666667,3.649664664796243,0.0,0.0,0.08947240854381722,0.12130605192218018,91.0,0.91,1.0,0.3333333333333333,0.0045662100456621,4.9688168149760426,0.0,0.4596604481053848
174,9,12,7,11,192,5,33,0.38583424300886693,6.176321115344763,0.4043902127072215,3.062929645879194,0.4827322739642113,0.0017690458597632536,0.431054395949468,2.286253099233346e-06,0.057116447873413564,18,512,7,0.5239800018258393,0.20592751505814105,1.2835163760517734,4,0.04387607068462474,0.5631111111111105,95.55555555555556,0.9555555555555555,0.8888888888888888,0.0,0.014444444444444446,5.0098627002875284,0.0,1.4127420760916292,0.0,0.0,100.0,1.0,1.0,0.0,0.0,5.873422663814078,0.0,0.0,0.13162821205387423,1.6893333333333316,86.66666666666667,0.8666666666666667,0.6666666666666666,0.0,0.043333333333333335,3.2699494402752154,0.0,1.4127420760916292,0.0,0.0,100.0,1.0,1.0,0.0,0.0,5.886215996773292,0.0,0.0
175,7,4,2,25,96,12,90,0.20698295920155946,3.9795774817466736,0.24510315395891666,0.5466722031123936,0.23307654485106466,0.05160170313584302,0.9372701021376997,8.0253600114568e-05,0.7462516514398158,45,64,9,0.26757269827648994,1.2898446243949135,4.175103092257689,1,0.0,0.0,100.0,1.0,1.0,0.0,0.0011111111111111111,5.31334811123088,0.0,0.0,0.0,0.0,100.0,1.0,1.0,0.0,0.0,6.039765993288408,0.0,0.0,0.0,0.0,100.0,1.0,1.0,0.0,0.0033333333333333335,3.8527046671758094,0.0,0.0,0.0,0.0,100.0,1.0,1.0,0.0,0.0,6.047573673228423,0.0,0.0
176,7,12,5,8,128,8,75,0.3684356504119933,5.236994234845042,0.37072749389335513,0.6768202208913863,0.33963612373918295,0.002495300859826652,0.8077698556706309,3.4635229772198065e-06,0.25905131228268147,45,128,8,0.4425386729650199,3.1634002355050996,4.457292779299848,1,0.0,0.0,100.0,1.0,1.0,0.0,0.020000000000000004,4.650801890529692,0.0,0.0,0.0,0.0,100.0,1.0,1.0,0.0,0.006666666666666667,5.346158668398857,0.0,0.0,0.0,0.0,100.0,1.0,1.0,0.0,0.03,3.2349366686927774,0.0,0.0,0.0,0.0,100.0,1.0,1.0,0.0,0.023333333333333334,5.3713103344974416,0.0,0.0
177,9,4,4,21,32,15,19,0.19658962767571214,7.731404395774007,0.21281103091314435,3.2000587831716985,0.8013768074568361,0.009983135419456411,0.3008977628313005,0.0005611540138232217,0.5442257547937334,15,512,10,0.3488164258189499,0.08356471678091881,1.576891737302053,4,0.5234980641996548,6.5806650573332695,47.55555555555556,0.4755555555555555,0.1111111111111111,0.0,0.06504065040650406,2.3494031859327076,0.5874781052147046,11.09676074709681,0.5904771192346009,12.536666666666665,41.0,0.41,0.0,0.0,0.07317073170731707,1.996695944221645,0.588329382755679,8.921230467359159,0.5862316543320863,4.79333333333333,41.0,0.41,0.0,0.0,0.07317073170731707,1.609808935715658,0.5855268571811613,11.09676074709681,0.393785419032277,2.4119951719998105,60.666666666666664,0.6066666666666666,0.3333333333333333,0.0,0.048780487804878044,3.441704677860821,0.2951633170671268,2.9329049666598626
178,15,8,7,16,64,11,95,0.0738360513933003,9.267428896389902,0.0481521856971085,2.7467930850107223,0.573064183164388,0.0006118911572482547,0.6312507540918887,0.0026299717134457045,0.018466504570096732,29,64,11,0.7293050593696535,0.5620030110058406,2.151984363463679,2,0.0,0.0,100.0,1.0,1.0,0.0,0.0,4.536959558932318,0.0,0.0,0.0,0.0,100.0,1.0,1.0,0.0,0.0,5.196815335657448,0.0,0.0,0.0,0.0,100.0,1.0,1.0,0.0,0.0,3.252101669398447,0.0,0.0,0.0,0.0,100.0,1.0,1.0,0.0,0.0,5.161961671741058,0.0,0.0
179,5,8,1,29,192,5,39,0.46448853332549334,2.576243336312473,0.601170555036515,2.0987728852778673,0.1861278070602566,0.04086934754839113,0.12853890992701053,5.354388787737167e-05,0.6924300054460764,31,256,5,0.12289756024256349,0.4694355406402394,7.2529520277912285,5,0.2724369426788899,3.222779181230335,72.77777777777777,0.7277777777777777,0.5555555555555556,0.1111111111111111,0.046698421593350144,3.700366268613022,0.0,8.055312823017784,0.4376238647201945,7.6733333333333364,56.333333333333336,0.5633333333333334,0.3333333333333333,0.3333333333333333,0.07807976090408143,2.919029092459311,0.36892119196609185,8.055312823017784,0.1895431556314692,1.2209999999999979,81.0,0.81,0.6666666666666666,0.0,0.031007751937984496,3.228302065232523,0.0,3.9596300973554115,0.19014380768500597,0.7740042103576705,81.0,0.81,0.6666666666666666,0.0,0.031007751937984496,4.953767648147232,0.0,2.9329049666598626
180,4,9,4,26,192,6,82,0.16060093021951616,8.042547573335469,0.31677896091714497,2.4053130086977035,0.11692166621796787,0.0010978567204232728,0.37090738490223885,8.428612480218848e-06,0.6120001462101936,37,512,10,0.5674176648259163,2.504987686272935,3.436446001367654,3,0.11358112489022526,0.3383448476766082,88.44444444444444,0.8844444444444445,1.0,0.8888888888888888,0.020434227330779056,4.9110201217197265,0.12581973613383032,0.423760785137932,0.12847269936342168,0.4933333333333308,87.0,0.87,1.0,1.0,0.022988505747126436,5.308278152091122,0.1280533211844163,0.423760785137932,0.12625887922065684,0.5113333333333303,87.0,0.87,1.0,1.0,0.022988505747126436,3.6084839121449264,0.12527367344504597,0.4150963574623157,0.08601179608659722,0.010367876363163536,91.33333333333333,0.9133333333333334,1.0,0.6666666666666666,0.01532567049808429,5.81629830092313,0.06425466614882487,0.03928660293099189
181,12,7,6,13,96,13,52,0.4308430346194655,1.5512447888031602,0.5075541480444371,1.295870603993535,0.5856207344681025,0.09021093725584092,0.8731512424536049,0.0014610205376470236,0.19132860926911235,25,128,4,0.31246284414082764,0.0948384562572439,1.1738817499861711,4,0.0,0.0,100.0,1.0,1.0,0.0,0.006666666666666666,4.737807442692833,0.0,0.0,0.0,0.0,100.0,1.0,1.0,0.0,0.0,5.418232327016692,0.0,0.0,0.0,0.0,100.0,1.0,1.0,0.0,0.0,3.3809289995891354,0.0,0.0,0.0,0.0,100.0,1.0,1.0,0.0,0.02,5.4142610014726715,0.0,0.0
182,12,11,2,18,32,10,62,0.28601037203334273,4.234243001788855,0.6284090868197381,0.7839503311552107,0.7890310150105506,0.003834272821585515,0.06038859291002154,9.85155654265374e-05,0.3930884980969131,21,1024,7,0.6046823512762785,1.4041481402960507,2.8924864441637097,2,0.0,0.0,100.0,1.0,1.0,0.0,0.0044444444444444444,6.157081335162123,0.0,0.0,0.0,0.0,100.0,1.0,1.0,0.0,0.0,6.577062667347491,0.0,0.0,0.0,0.0,100.0,1.0,1.0,0.0,0.0,4.561533669475466,0.0,0.0,0.0,0.0,100.0,1.0,1.0,0.0,0.013333333333333334,7.332647668663412,0.0,0.0
183,8,5,7,4,96,3,33,0.2187544143293053,6.484825074672699,0.130119111482054,3.7686182509642094,0.4082229516468942,0.026267539716886137,0.567720546759665,1.874558527744183e-06,0.3178466445207596,42,256,9,0.1596784910187125,0.16809788662041503,9.4124254725987,3,0.05306783867556944,0.21343999798496796,94.66666666666667,0.9466666666666667,1.0,0.2222222222222222,0.07196241621610676,4.552241794604664,0.0,0.8544427041764607,0.0,0.0,100.0,1.0,1.0,0.0,0.05666666666666667,5.710593677746753,0.0,0.0,0.022331430438925975,0.0,97.66666666666667,0.9766666666666667,1.0,0.3333333333333333,0.08125448028673836,3.3639313420364267,0.0,0.0,0.13687208558778233,0.6403199939549038,86.33333333333333,0.8633333333333333,1.0,0.3333333333333333,0.07796610169491526,4.582200364030814,0.0,0.8544427041764607
184,9,9,2,11,64,6,79,0.1271304003894329,8.333414533175528,0.5293119637295604,3.7427891299594194,0.2654532878194004,0.06760787156253428,0.051726913126185534,0.003772321736734799,0.5899709024466574,28,512,11,0.6641819907352329,1.8615353604494016,1.3617154571826984,2,0.0650572682512058,0.14816997865397682,93.44444444444444,0.9344444444444444,1.0,0.5555555555555556,0.012003574706254343,4.588753355486561,0.0,0.4150963574623157,0.09252929289268154,0.2966666666666673,90.66666666666667,0.9066666666666667,1.0,1.0,0.028107618993435685,4.987233076373385,0.04468695370997844,0.3137637086400738,0.039532141822957466,0.1279999999999985,96.0,0.96,1.0,0.3333333333333333,0.003787878787878788,3.5117562205149704,0.0,0.4150963574623157,0.06311037003797838,0.019843269295264733,93.66666666666667,0.9366666666666666,1.0,0.3333333333333333,0.004115226337448559,5.267270769571326,0.0,0.07519135205215145
185,11,7,8,24,128,11,45,0.4114761917851865,1.8223295854404569,0.032351622357964516,1.1028031595051289,0.8654084627516568,0.0013524191573373709,0.49462470221333205,3.709796279153167e-05,0.12088044706732035,36,64,5,0.05645019300282002,0.1253063027059299,3.9852163181995217,3,0.0,0.0,100.0,1.0,1.0,0.0,0.0011111111111111111,5.033351337640649,0.0,0.0,0.0,0.0,100.0,1.0,1.0,0.0,0.0,5.709422334718208,0.0,0.0,0.0,0.0,100.0,1.0,1.0,0.0,0.0,3.663883674889803,0.0,0.0,0.0,0.0,100.0,1.0,1.0,0.0,0.0033333333333333335,5.726748003313939,0.0,0.0
186,13,11,4,6,128,14,60,0.30889282561838627,3.362750545144081,0.239546487852931,1.555616304744035,0.5092427325900644,0.016686410343132195,0.46860265969298776,7.98120692514076e-06,0.462091357447207,50,1024,6,0.46423201058059926,1.0621293032680392,8.109638861208692,3,0.0,0.0,100.0,1.0,1.0,0.0,0.06444444444444446,5.399610002835591,0.0,0.0,0.0,0.0,100.0,1.0,1.0,0.0,0.03666666666666667,5.999635665211827,0.0,0.0,0.0,0.0,100.0,1.0,1.0,0.0,0.043333333333333335,4.151804342400283,0.0,0.0,0.0,0.0,100.0,1.0,1.0,0.0,0.11333333333333334,6.047390000894666,0.0,0.0
187,4,5,5,19,64,8,24,0.2557405817322433,5.6682671420276165,0.43165131416171787,2.321292706532404,0.2596907695755363,0.0055725817865664405,0.9165884389076382,0.00024605936927955845,0.3413212131895125,14,128,8,0.37191983982920646,0.22607241184836185,2.4928199276345397,4,0.410360488034335,4.0385835633492135,58.888888888888886,0.5888888888888889,0.3333333333333333,0.1111111111111111,0.05515131693703122,2.799630142540339,0.35087909654238997,10.265058159456318,0.3645576305934381,6.803333333333335,63.666666666666664,0.6366666666666666,0.3333333333333333,0.0,0.04755102040816326,3.345124916798623,0.2575588010898848,6.258946796487252,0.5562285541703745,3.9809999999999954,44.0,0.43999999999999995,0.0,0.0,0.06845238095238095,1.381106145258638,0.5455645004708418,10.265058159456318,0.31029527933919226,1.3314173567143095,69.0,0.69,0.6666666666666666,0.3333333333333333,0.04945054945054945,3.672659365563757,0.17543954827119498,2.9329049666598626
188,6,10,7,23,96,4,67,0.33155249324627223,4.385826485231519,0.1473025880753994,1.662716016639024,0.06327191358432174,0.008127573082843361,0.6816450523678214,0.0001322100486733062,0.23774472476914527,17,128,7,0.6246667058207095,4.179839152730285,1.8302135705005442,2,0.0858617427472394,0.22821312841850294,91.33333333333333,0.9133333333333334,0.7777777777777778,0.2222222222222222,0.006717930051263385,4.566286407464577,0.0,1.7410307501274278,0.0,0.0,100.0,1.0,1.0,0.0,0.0,5.7825846698445575,0.0,0.0,0.17124260618442644,0.5633333333333286,82.66666666666667,0.8266666666666667,0.3333333333333333,0.0,0.012342342342342343,2.81730529510307,0.12794188666133072,1.7410307501274278,0.0863426220572918,0.12130605192218018,91.33333333333333,0.9133333333333334,1.0,0.6666666666666666,0.007811447811447812,5.0989692574461,0.0049686287048635175,0.4596604481053848
189,14,6,2,10,192,9,17,0.17381015750579537,6.895620388910174,0.6989055404439568,2.8898217759560794,0.6560611781198532,0.003339215271806885,0.2341190209146589,1.3881525688257733e-06,0.47305493634194135,44,1024,9,0.18380729695782067,0.062097096689297734,5.1719191669301114,5,0.0,0.0,100.0,1.0,1.0,0.0,0.06444444444444444,6.021511002909392,0.0,0.0,0.0,0.0,100.0,1.0,1.0,0.0,0.05666666666666667,6.636005667193483,0.0,0.0,0.0,0.0,100.0,1.0,1.0,0.0,0.03666666666666667,4.716832001383106,0.0,0.0,0.0,0.0,100.0,1.0,1.0,0.0,0.09999999999999999,6.711695340151588,0.0,0.0
190,10,10,5,27,96,12,88,0.09309988399036229,9.574226032011211,0.4479925515130162,3.4012822315562516,0.7183792520314455,0.028202829457932687,0.7277169093023985,2.0758913644127913e-05,0.0853013951703906,39,64,12,0.5033199881203473,0.7558601002235144,6.252488918993337,1,0.008531263667965371,0.0,99.11111111111111,0.991111111111111,1.0,0.2222222222222222,0.0,4.89054761611966,0.0,0.0,0.0,0.0,100.0,1.0,1.0,0.0,0.0,5.637961331134041,0.0,0.0,0.01915353390459606,0.0,98.0,0.98,1.0,0.3333333333333333,0.0,3.4518504836299315,0.0,0.0,0.006440257099300053,0.0,99.33333333333333,0.9933333333333333,1.0,0.3333333333333333,0.0,5.581831033595008,0.0,0.0
191,6,6,3,15,32,7,36,0.49785607974044976,2.8324965899810195,0.28866066634654997,0.29987405613064766,0.4624914630781859,0.0009660488147117247,0.28435124685056506,0.000599399140474985,0.7180725428648294,22,512,6,0.2443064938299358,0.3550778325811404,1.85565225293808,4,0.0,0.0,100.0,1.0,1.0,0.0,0.013333333333333334,5.506549112033099,0.0,0.0,0.0,0.0,100.0,1.0,1.0,0.0,0.0,6.242838996307303,0.0,0.0,0.0,0.0,100.0,1.0,1.0,0.0,0.0033333333333333335,4.099043669023861,0.0,0.0,0.0,0.0,100.0,1.0,1.0,0.0,0.036666666666666674,6.1777646707681315,0.0,0.0
192,7,9,5,24,64,3,52,0.4586732171010226,3.758081667125225,0.47789195952937,3.1650097363162786,0.7758280210196972,0.017167658415126952,0.2262272163759917,1.1272081382494837e-05,0.49000121768563987,46,256,11,0.6594203396700322,0.7815608457247165,1.0794439794230957,4,0.258452527740882,2.462035018090323,74.0,0.74,0.4444444444444444,0.2222222222222222,0.03731291505600159,3.534089157388552,0.04885224405610085,4.724070697798037,0.28941408152080755,5.183333333333332,71.0,0.71,0.3333333333333333,0.3333333333333333,0.04793339280404401,3.6021038062688837,0.2291421734560245,4.614754950152075,0.34953490122276626,1.8633333333333297,64.66666666666667,0.6466666666666666,0.3333333333333333,0.3333333333333333,0.047056199821587874,2.153652437042208,0.3206109068995543,4.724070697798037,0.13640860047907202,0.3394383876043072,86.33333333333333,0.8633333333333333,0.6666666666666666,0.0,0.01694915254237288,4.846511228854562,0.0,1.28622108194947
193,10,7,3,12,192,10,85,0.0750384517479688,5.836174163967371,0.2748363730497658,0.5242160856723785,0.42163433912210163,0.0059758417049711856,0.669127380149439,0.0011509850689113224,0.22089458661153913,15,64,5,0.21433185944333671,0.2958672157089648,3.5117374644966555,3,0.0054884498283078375,0.0001593664121039377,99.44444444444444,0.9944444444444444,1.0,0.1111111111111111,0.009122807017543859,4.960183647994977,0.0,0.0018116434070652306,0.0,0.0,100.0,1.0,1.0,0.0,0.0,5.702773667871952,0.0,0.0,0.0,0.0,100.0,1.0,1.0,0.0,0.01,3.5934876658332846,0.0,0.0,0.01646534948492351,0.00047809923631181306,98.33333333333333,0.9833333333333334,1.0,0.3333333333333333,0.017368421052631578,5.584289610279691,0.0,0.0018116434070652306
194,14,11,7,20,128,13,28,0.19209238919429483,8.800147668458521,0.1553163175471127,1.9152786848135293,0.10366517109796405,0.06992212025504994,0.29409998529590664,7.349271480956208e-05,0.7117976699955761,29,512,6,0.5127849976532161,4.341518915577797,9.203321385558564,3,0.20673905994217756,2.3364935617470852,79.22222222222223,0.7922222222222222,0.7777777777777778,0.3333333333333333,0.018550796572689883,3.9541553630945043,0.0,8.505545129603506,0.17625857089564448,4.923333333333336,82.33333333333333,0.8233333333333333,0.6666666666666666,0.0,0.014184397163120567,4.556634593342186,0.0,6.258946796487252,0.2640471952009205,1.7153333333333298,73.33333333333333,0.7333333333333334,0.6666666666666666,0.3333333333333333,0.02314814814814815,2.960701998004138,0.1374954824425647,8.505545129603506,0.1799114137299677,0.37081401857459084,82.0,0.82,1.0,0.6666666666666666,0.018319844406800928,4.345129497937189,0.11457934178517121,0.4596604481053848
195,6,5,2,6,32,6,64,0.370955726178363,1.918834594078362,0.6631955633871257,2.6803747236263007,0.5990823805797846,0.0014577657541867655,0.7420881321188062,2.3937486215051443e-06,0.09148010279983282,32,128,8,0.25774688171222804,0.05197629688091302,3.1445624086179413,2,0.0,0.0,100.0,1.0,1.0,0.0,0.012222222222222223,4.879682336985651,0.0,0.0,0.0,0.0,100.0,1.0,1.0,0.0,0.006666666666666667,5.608808998949826,0.0,0.0,0.0,0.0,100.0,1.0,1.0,0.0,0.03,3.354886679444462,0.0,0.0,0.0,0.0,100.0,1.0,1.0,0.0,0.0,5.675351332562665,0.0,0.0
196,3,10,4,9,32,5,21,0.22524378476664425,9.952364730648696,0.24755494976416229,1.3192551848478615,0.55975580974482,0.027411972363007304,0.49971969961188734,4.549639887896518e-06,0.10366410691291093,38,256,7,0.6964569348841906,1.023144677243379,1.413282563109845,4,0.0063845113015320205,0.0,99.33333333333333,0.9933333333333333,1.0,0.1111111111111111,0.00806146572104019,5.098990016114891,0.0,0.0,0.0,0.0,100.0,1.0,1.0,0.0,0.0,5.781332007609308,0.0,0.0,0.01915353390459606,0.0,98.0,0.98,1.0,0.3333333333333333,0.02418439716312057,3.5818477003366183,0.0,0.0,0.0,0.0,100.0,1.0,1.0,0.0,0.0,5.933790340398748,0.0,0.0
197,13,6,6,23,96,11,71,0.28545495904982093,3.016188411973417,0.3959679252468049,2.5457805811893195,0.1992262924090028,0.0009008499543659355,0.052199454465880986,0.0004351206082277055,0.6072717414237558,26,1024,9,0.09013703893870115,0.2702459098290301,4.761831379907661,1,0.131852202635711,0.6033046830824668,86.66666666666667,0.8666666666666667,0.8888888888888888,0.4444444444444444,0.01888888888888889,5.384824996125171,0.0,1.5931725123246676,0.07886117196738272,0.5933333333333308,92.0,0.9199999999999999,1.0,0.3333333333333333,0.01,6.308227308429451,0.0,0.9008054860956946,0.15697437902900283,0.9409999999999955,84.0,0.84,0.6666666666666666,0.3333333333333333,0.04666666666666667,4.185288027337377,0.11736417425211393,1.5931725123246676,0.15972105691074745,0.2755807159140736,84.0,0.84,1.0,0.6666666666666666,0.0,5.660959652608685,0.11966578304925526,0.4596604481053848
198,11,10,3,15,192,14,43,0.43513485779985783,4.833188170567155,0.5591847418807446,3.9953760497737676,0.32627749168314035,0.007858657442055786,0.9096364792902022,0.0019985065702157762,0.3471453631855547,21,128,12,0.4753212176263332,1.8013234508635816,6.790745152254015,5,0.17021112501607963,1.1201153658630578,83.0,0.83,0.6666666666666666,0.0,0.04276643990929705,4.05984825096167,0.0,3.143490123699032,0.17170586739325655,1.8800000000000001,83.0,0.8300000000000001,0.6666666666666666,0.0,0.07387755102040816,4.535640278485838,0.0,2.8542376076290665,0.16915205849587855,0.9693333333333332,83.0,0.8300000000000001,0.6666666666666666,0.0,0.027210884353741496,2.9906843873501128,0.0,3.143490123699032,0.1697754491591038,0.5110127642558397,83.0,0.8300000000000001,0.6666666666666666,0.0,0.027210884353741496,4.65322008704906,0.0,1.9363613973365315
199,9,6,8,27,64,8,94,0.15784756764769553,7.010089224204421,0.018532554898411033,0.8931601941585541,0.8145287939347327,0.0030979365204744725,0.4662765960674733,6.950255589484163e-05,0.4561826865747571,43,512,6,0.38168524894863365,0.15046837552059067,2.403180060567262,2,0.0,0.0,100.0,1.0,1.0,0.0,0.0,5.785835442495429,0.0,0.0,0.0,0.0,100.0,1.0,1.0,0.0,0.0,6.5694570005871356,0.0,0.0,0.0,0.0,100.0,1.0,1.0,0.0,0.0,4.299176996573806,0.0,0.0,0.0,0.0,100.0,1.0,1.0,0.0,0.0,6.4888723303253455,0.0,0.0
200,8,12,2,21,128,7,13,0.25870058001019064,9.101206167601049,0.6364551400765777,1.0362483547069132,0.7315303788054734,0.0006198482955422799,0.8634023766033351,0.00016830337679549895,0.17338867558166385,28,128,8,0.5361661242321133,1.3518794110031114,5.427365373922909,5,0.10932240934294768,0.9064794625347693,89.11111111111111,0.8911111111111111,0.7777777777777778,0.0,0.025451591942820016,4.049932287898232,0.0,3.6133433543389253,0.18491719354074254,2.3800000000000003,81.66666666666667,0.8166666666666668,0.6666666666666666,0.0,0.02962962962962963,4.183715819553645,0.0,3.6133433543389253,0.0,0.0,100.0,1.0,1.0,0.0,0.023333333333333334,3.455654002415637,0.0,0.0,0.14305003448810052,0.3394383876043072,85.66666666666667,0.8566666666666666,0.6666666666666666,0.0,0.023391812865497075,4.510427041725413,0.0,1.28622108194947
201,12,4,7,8,64,12,69,0.3048355364706367,2.1803952185437083,0.09439821206033229,3.559378622798249,0.44913196815177797,0.04315224832284699,0.35653628949075933,1.0344790484656649e-06,0.6300246007740498,35,1024,10,0.2770690008997917,0.20083313472305384,1.6103653932855158,2,0.09049591610273601,0.2359462379077068,90.77777777777777,0.9077777777777778,1.0,0.5555555555555556,0.016875524458571423,5.095517294752941,0.0,0.6464073177679052,0.0,0.0,100.0,1.0,1.0,0.0,0.0033333333333333335,6.329583002564807,0.0,0.0,0.12376624363876045,0.4326666666666627,87.33333333333333,0.8733333333333334,1.0,0.6666666666666666,0.01823045267489712,3.8013360915713226,0.0927608816088245,0.6210045987715395,0.14772150466944756,0.27517204705645776,85.0,0.85,1.0,1.0,0.029062787367483817,5.155632790122692,0.10940590855633721,0.6464073177679052
202,12,8,4,29,64,9,35,0.41223866962827743,5.139976253733039,0.34668933041393757,2.1687758688349277,0.07637278172187507,0.0025147820667780524,0.5756122238934039,1.633690788724391e-05,0.32294720098376273,49,64,11,0.5918834974989295,2.422568777667536,2.1073332346960263,4,0.31187806989588984,3.182919400026228,68.66666666666667,0.6866666666666666,0.3333333333333333,0.1111111111111111,0.1520448838741977,2.82533581605275,0.24610925044488113,5.309722637778286,0.29663307741011796,5.796666666666669,70.33333333333333,0.7033333333333333,0.3333333333333333,0.0,0.13393762183235866,3.288699263690767,0.21511556251279407,5.309722637778286,0.32612757170948675,2.3693333333333273,67.0,0.6699999999999999,0.0,0.0,0.2562589605734767,1.9885982249792094,0.3016519766769401,1.7392969769710191,0.312873560568065,1.3827582000786895,68.66666666666667,0.6866666666666666,0.6666666666666666,0.3333333333333333,0.06593806921675775,3.198709959488274,0.19431730360003072,1.5513867594322515
203,4,8,6,16,128,4,91,0.12087513483129442,7.266351530328393,0.4936975700780749,1.5204200576990843,0.6427551843225956,0.010485846718663525,0.0729063925333321,0.0007991091623530677,0.3879034428112209,14,256,5,0.15093913488090038,0.11381593889722144,5.956401777914962,1,0.014873278003983945,0.0,98.44444444444444,0.9844444444444443,1.0,0.4444444444444444,0.0,5.17081243998058,0.0,0.0,0.0,0.0,100.0,1.0,1.0,0.0,0.0,6.036390665297707,0.0,0.0,0.03817957691265178,0.0,96.0,0.96,1.0,1.0,0.0,3.5210934171724753,0.037989684974253764,0.0,0.006440257099300053,0.0,99.33333333333333,0.9933333333333333,1.0,0.3333333333333333,0.0,5.954953237471557,0.0,0.0
204,5,9,6,13,96,9,48,0.4955426396802068,4.048939574509859,0.07809986621141433,2.999172580661252,0.5227067583240569,0.003785090806230751,0.30784982154145835,0.004891608786330943,0.5618937551043928,17,512,10,0.409493361134082,0.5807983609905976,4.004746097361054,3,0.4122441641347509,4.360701367273695,58.55555555555556,0.5855555555555556,0.2222222222222222,0.2222222222222222,0.036065370882605925,2.9029351859796964,0.44482914904619686,5.651251994648968,0.4499834305259581,9.103333333333333,55.0,0.55,0.0,0.0,0.03636363636363636,3.1841490855158274,0.44929692437589297,5.651251994648968,0.4326594991667078,2.9193333333333293,56.333333333333336,0.5633333333333334,0.0,0.0,0.035541859270672826,2.101198784695124,0.4256613071705388,4.724070697798037,0.3540895627115868,1.059437435154422,64.33333333333333,0.6433333333333334,0.6666666666666666,0.6666666666666666,0.03629061701350858,3.423457687728137,0.3056934909405705,1.28622108194947
205,15,7,1,26,32,14,78,0.09783165650442244,6.107268013060093,0.5872980700805783,1.8893945645540953,0.2464366572443396,0.024878172463543333,0.8100958202034234,2.8102589320757656e-05,0.241479477211833,43,64,4,0.3172671350650489,0.3909406248491332,1.2306475901134375,2,0.0,0.0,100.0,1.0,1.0,0.0,0.003333333333333333,4.7238899995055466,0.0,0.0,0.0,0.0,100.0,1.0,1.0,0.0,0.01,5.399902660089235,0.0,0.0,0.0,0.0,100.0,1.0,1.0,0.0,0.0,3.431596669834107,0.0,0.0,0.0,0.0,100.0,1.0,1.0,0.0,0.0,5.340170668593298,0.0,0.0
206,9,11,5,5,96,11,26,0.17281482201069592,7.928664398379624,0.3787894958630204,0.44025167683139443,0.2788638124242425,0.0010893420013083834,0.12344401162117719,6.169431842902639e-06,0.6868768515437842,38,1024,7,0.7188126721419394,3.2838731893542374,2.7589594722981827,4,0.0,0.0,100.0,1.0,1.0,0.0,0.026666666666666665,5.516124886150162,0.0,0.0,0.0,0.0,100.0,1.0,1.0,0.0,0.023333333333333334,6.217216992129882,0.0,0.0,0.0,0.0,100.0,1.0,1.0,0.0,0.016666666666666666,4.146169337133567,0.0,0.0,0.0,0.0,100.0,1.0,1.0,0.0,0.04,6.184988329187036,0.0,0.0
207,7,5,3,18,192,5,55,0.3376019143499434,1.1022674748674035,0.1770528621971607,3.424811302451417,0.8522046090569347,0.08588521370279209,0.6307781136594712,0.0003228818776531231,0.023923515286296604,22,128,9,0.11116814380511642,0.06990420119487462,8.07698005289781,3,0.0,0.0,100.0,1.0,1.0,0.0,0.0,5.938016003152977,0.0,0.0,0.0,0.0,100.0,1.0,1.0,0.0,0.0,7.061728335296114,0.0,0.0,0.0,0.0,100.0,1.0,1.0,0.0,0.0,3.892323339047531,0.0,0.0,0.0,0.0,100.0,1.0,1.0,0.0,0.0,6.859996335115284,0.0,0.0
208,7,11,8,14,32,14,83,0.190548233082518,2.640940531156957,0.43467888822779055,3.32390293921344,0.5331415786873549,0.0029042757316101128,0.5224232082720845,1.4534675686029962e-06,0.5080635026469826,30,64,6,0.6358603722415864,0.1595857084295375,7.496107681981388,3,0.043286590981052926,0.05785142040785803,95.55555555555556,0.9555555555555555,1.0,0.5555555555555556,0.012077294685990338,4.382115678765006,0.0,0.11674585053627443,0.0,0.0,100.0,1.0,1.0,0.0,0.0,5.370405324113865,0.0,0.0,0.07713643636230215,0.1706666666666634,92.0,0.92,1.0,1.0,0.021739130434782608,2.8576710180419944,0.07632488945637356,0.11674585053627443,0.05272333658085664,0.0028875945569106776,94.66666666666667,0.9466666666666667,1.0,0.6666666666666666,0.014492753623188406,4.918270694139157,0.03930456769269153,0.010941853163498598
209,9,5,2,28,128,9,54,0.34833344728685917,9.202491375617683,0.2315731451846659,0.33236219407990575,0.1727158147841692,0.008347240656192328,0.016673234337940813,0.00012106827724940093,0.2028264849819243,33,256,8,0.19363445127382872,1.43240263547976,2.2244166183892276,4,0.0,0.0,100.0,1.0,1.0,0.0,0.016666666666666666,5.595527999103069,0.0,0.0,0.0,0.0,100.0,1.0,1.0,0.0,0.0,6.225796998478472,0.0,0.0,0.0,0.0,100.0,1.0,1.0,0.0,0.03,4.267503005297233,0.0,0.0,0.0,0.0,100.0,1.0,1.0,0.0,0.02,6.293283993533502,0.0,0.0
210,15,9,6,10,192,6,61,0.4848130119498819,7.6447689440101385,0.024602250102907418,1.7520367130637169,0.35278865960426625,0.000717095042833422,0.9479311801958828,0.0006538806995025899,0.7284204646386206,47,128,11,0.49195406464859837,0.08962589997750192,1.5326962022743786,2,0.0,0.0,100.0,1.0,1.0,0.0,0.017777777777777778,5.0956831109296115,0.0,0.0,0.0,0.0,100.0,1.0,1.0,0.0,0.0,5.713578672148287,0.0,0.0,0.0,0.0,100.0,1.0,1.0,0.0,0.006666666666666667,3.702118325357636,0.0,0.0,0.0,0.0,100.0,1.0,1.0,0.0,0.04666666666666667,5.871352335282912,0.0,0.0
211,5,7,4,22,64,11,31,0.08009634190239012,5.323938677087426,0.532436669524759,2.8692531653214246,0.8411437279544771,0.0343803628239528,0.44451509113423526,1.9846694168462782e-05,0.07486313585191964,16,1024,5,0.23430975796654818,2.5441002260552636,4.330543507469792,3,0.0,0.0,100.0,1.0,1.0,0.0,0.0,6.552901890956694,0.0,0.0,0.0,0.0,100.0,1.0,1.0,0.0,0.0,7.3992036616740124,0.0,0.0,0.0,0.0,100.0,1.0,1.0,0.0,0.0,4.940184343916674,0.0,0.0,0.0,0.0,100.0,1.0,1.0,0.0,0.0,7.3193176672793925,0.0,0.0
212,4,8,1,19,96,12,73,0.3949171100743115,6.571499217301607,0.29183780001476406,1.654058299958706,0.7493179550394417,0.001829582627834097,0.20260232943110168,3.947323378949749e-05,0.1318521858379245,19,1024,12,0.6760586094111204,0.4964593863357246,9.812069805008734,1,0.06986353155736362,0.30888888888888694,92.88888888888889,0.9288888888888889,0.7777777777777778,0.1111111111111111,0.0,6.24156321982106,0.0,1.5931725123246676,0.0,0.0,100.0,1.0,1.0,0.0,0.0,7.754554015118629,0.0,0.0,0.20959059467209085,0.9266666666666609,78.66666666666667,0.7866666666666666,0.3333333333333333,0.3333333333333333,0.0,3.68349897018876,0.18546386939282733,1.5931725123246676,0.0,0.0,100.0,1.0,1.0,0.0,0.0,7.286636674155791,0.0,0.0
213,12,8,7,7,192,7,19,0.11061076391488314,4.147328533232212,0.44021148784086106,2.2952041097451,0.39502050704322755,0.055620652146887585,0.7055586707312613,0.0035179587673362946,0.5790895012207329,41,256,6,0.06696162428706884,0.5530506751869889,3.0165697416661033,4,0.0063845113015320205,0.0,99.33333333333333,0.9933333333333333,1.0,0.1111111111111111,0.08456264775413712,4.986563778315048,0.0,0.0,0.0,0.0,100.0,1.0,1.0,0.0,0.02,5.626655001348506,0.0,0.0,0.01915353390459606,0.0,98.0,0.98,1.0,0.3333333333333333,0.13702127659574467,3.626496000644744,0.0,0.0,0.0,0.0,100.0,1.0,1.0,0.0,0.09666666666666666,5.706540332951893,0.0,0.0
214,12,12,3,25,96,4,97,0.2689634212292731,1.486577701754868,0.6909639257006347,3.656224165810272,0.13027969347313045,0.006343072380522207,0.25672669098712503,0.00026412504702126783,0.3767729324288666,36,512,7,0.4521831765770912,0.08797233286661531,1.1308722208141597,2,0.029369595527301378,0.01296253151896989,97.0,0.9700000000000001,1.0,0.3333333333333333,0.003663003663003663,5.0019895895020365,0.0,0.11674585053627443,0.028959669364019874,0.0,97.0,0.9700000000000001,1.0,0.3333333333333333,0.0036630036630036634,5.605802583318859,0.0,0.0,0.02963650160912146,0.03599999999999899,97.0,0.9700000000000001,1.0,0.3333333333333333,0.0036630036630036634,3.8247232796153523,0.0,0.11674585053627443,0.029512615608762793,0.0028875945569106776,97.0,0.9700000000000001,1.0,0.3333333333333333,0.0036630036630036634,5.575442905571898,0.0,0.010941853163498598
215,8,4,5,11,32,10,40,0.32215862404555085,8.107523650862277,0.15027778120711444,1.1407612157054245,0.6255931495223195,0.01610568818901285,0.7629445382859558,7.493146530090775e-06,0.42654931169003246,24,64,9,0.36123886872082944,3.0992654393678003,3.310112095475654,5,0.04228600259543772,0.19443636089513508,95.77777777777777,0.9577777777777777,1.0,0.1111111111111111,0.031612903225806455,4.451068277816258,0.0,0.7783673705111724,0.0,0.0,100.0,1.0,1.0,0.0,0.006666666666666667,5.444586994126439,0.0,0.0,0.0,0.0,100.0,1.0,1.0,0.0,0.02,3.3729923384574554,0.0,0.0,0.12685800778631318,0.5833090826854053,87.33333333333333,0.8733333333333334,1.0,0.3333333333333333,0.06817204301075269,4.535625500864881,0.0,0.7783673705111724
216,9,10,3,6,128,12,66,0.41773776640184224,5.7351615354418755,0.5931966060772538,0.7560317274183035,0.49609171664342283,0.08085650898658456,0.32882130267098547,0.0014070325951848158,0.15677170312032104,48,512,11,0.5567353377118707,0.36903023270536806,2.5990429846799046,2,0.045200586625798206,0.0941020173073934,95.44444444444444,0.9544444444444444,1.0,0.2222222222222222,0.03941798941798942,4.697885303499384,0.0,0.5221133871205753,0.0,0.0,100.0,1.0,1.0,0.0,0.09000000000000001,5.62324167151625,0.0,0.0,0.0525715569566785,0.16100000000000003,94.66666666666667,0.9466666666666667,1.0,0.3333333333333333,0.023809523809523808,3.4253532411013214,0.0,0.5221133871205753,0.08303020292071613,0.12130605192218018,91.66666666666667,0.9166666666666666,1.0,0.3333333333333333,0.0044444444444444444,5.045060997880581,0.0,0.4596604481053848
217,11,6,5,17,64,5,15,0.14745273659937086,3.295615825802088,0.0511804886162281,3.865228255512193,0.21992536899633708,0.0011619570617635929,0.7723737053573131,9.280784214673245e-06,0.6466473899036645,13,128,5,0.30041532441973684,0.7309711557011516,8.456294065907398,5,0.5339080466796007,6.230999168380326,46.44444444444444,0.46444444444444444,0.1111111111111111,0.1111111111111111,0.09462899141140618,1.6253588623755064,0.5633852549511911,10.209611320280269,0.5672914122726144,12.01666666666667,43.333333333333336,0.43333333333333335,0.0,0.0,0.09231853417899931,1.5846527262949834,0.5634225132947217,8.055312823017784,0.5664919855283236,4.454999999999995,43.0,0.43,0.0,0.0,0.09302325581395349,1.1863426193450541,0.5654232448452816,10.209611320280269,0.4679407422378641,2.2213308384743145,53.0,0.5299999999999999,0.3333333333333333,0.3333333333333333,0.09854518424126579,2.105081241486482,0.4166954018292871,2.9329049666598626
218,13,10,1,12,64,8,88,0.23563708779402076,1.7422858634963632,0.21593513041734694,2.4451014909427613,0.30537416972219944,0.01983533164001806,0.1602241227403283,1.7042048047563684e-06,0.30487909384071826,27,256,8,0.6151924265548587,0.06659659018476827,3.839764250661064,1,0.06748903750469387,0.17390040323216463,93.11111111111111,0.9311111111111112,1.0,0.5555555555555556,0.0034848484848484847,4.181783595639858,0.0,0.4150963574623157,0.0,0.0,100.0,1.0,1.0,0.0,0.006666666666666667,5.249093997602661,0.0,0.0,0.12304792411965478,0.5113333333333303,87.33333333333333,0.8733333333333334,1.0,1.0,0.003787878787878788,2.732831905272785,0.121662018112567,0.4150963574623157,0.07941918839442683,0.010367876363163536,92.0,0.9199999999999999,1.0,0.6666666666666666,0.0,4.563424884044126,0.05436575461056928,0.03928660293099189
219,3,6,7,27,128,15,38,0.30285358014516534,8.413767245598137,0.36297885049134493,1.2111372114159167,0.8788187324535102,0.004754919904499077,0.6070381517522037,0.00010218935259104118,0.4059657222591341,34,64,10,0.1715564239770174,4.171764919711276,1.311463079434953,4,0.4546785252933571,5.59362126856229,54.44444444444444,0.5444444444444444,0.2222222222222222,0.1111111111111111,0.05510987094523892,2.413878448086658,0.523567395474304,8.505545129603506,0.5310171198769168,11.83666666666667,47.0,0.47,0.0,0.0,0.06382978723404255,2.064694320214979,0.5291105579211208,8.032525516587752,0.5263130047040319,3.80266666666666,47.0,0.47,0.0,0.0,0.06382978723404255,1.4482872388887067,0.5253587688667343,8.505545129603506,0.3067054512991227,1.1415304723535433,69.33333333333333,0.6933333333333334,0.6666666666666666,0.3333333333333333,0.03767003836763167,3.7286537851562875,0.1953739509938671,1.9363613973365315
220,6,11,6,30,192,10,81,0.20995626039803028,2.9125788686797023,0.12233739979565143,2.7774495396297425,0.7050195022020489,0.013181756946054663,0.8415240130387246,0.0005317614606443415,0.5322603636793792,40,128,7,0.432540622819215,0.21091718382172028,1.9175828155689076,2,0.10137435832885205,0.21167818100994193,89.66666666666667,0.8966666666666667,1.0,0.8888888888888888,0.010070936883947904,4.6876776482898785,0.11782876798583562,0.4150963574623157,0.0918523996793021,0.11333333333333195,90.66666666666667,0.9066666666666666,1.0,1.0,0.01105572252923835,5.0639849440221925,0.07385131396255605,0.13157832942970546,0.12625887922065684,0.5113333333333303,87.0,0.87,1.0,1.0,0.011494252873563218,3.317171660469581,0.12527367344504597,0.4150963574623157,0.08601179608659722,0.010367876363163536,91.33333333333333,0.9133333333333334,1.0,0.6666666666666666,0.007662835249042145,5.681876340377862,0.06425466614882487,0.03928660293099189
221,14,5,4,15,96,4,46,0.3817627909593284,9.493903427384794,0.6315869076177477,2.0195630551315844,0.4225173254497349,0.002003675337279734,0.3951779706403613,3.7450626875639196e-06,0.27110702991485597,24,512,9,0.3374518583528697,1.0647810654995387,6.463882095132397,3,0.052224297703449746,0.11314612920143574,94.77777777777777,0.9477777777777777,0.8888888888888888,0.0,0.019622641509433963,5.012339294128573,0.0,1.28622108194947,0.0,0.0,100.0,1.0,1.0,0.0,0.016666666666666666,6.004926330254723,0.0,0.0,0.0,0.0,100.0,1.0,1.0,0.0,0.023333333333333334,4.163675336943318,0.0,0.0,0.15667289311034924,0.3394383876043072,84.33333333333333,0.8433333333333334,0.6666666666666666,0.0,0.018867924528301886,4.868416215187676,0.0,1.28622108194947
222,10,9,8,20,32,7,58,0.4478680558502674,6.828755969181657,0.5105286931619047,0.658083712682128,0.10298649347387254,0.04599668016255987,0.5397390235215426,4.946722122811144e-05,0.6586945948004722,19,256,10,0.7391308994032443,0.12063621871507328,5.026231141290514,3,0.012081278802348728,0.003455958787721178,98.77777777777777,0.9877777777777779,1.0,0.1111111111111111,0.004993757802746567,4.908690152113697,0.0,0.03928660293099189,0.0,0.0,100.0,1.0,1.0,0.0,0.0,5.617938667225341,0.0,0.0,0.0,0.0,100.0,1.0,1.0,0.0,0.0,3.7502843444235623,0.0,0.0,0.03624383640704618,0.010367876363163536,96.33333333333333,0.9633333333333334,1.0,0.3333333333333333,0.0149812734082397,5.357847444692187,0.0,0.03928660293099189
223,6,7,2,9,96,13,23,0.057172675337642434,4.452999895438552,0.3088380333036184,3.291209598304704,0.6692651426419616,0.0005839506031042273,0.09572675982490181,0.0027782265770595477,0.052111577671021224,45,1024,4,0.13409258266910912,1.9260056876484817,1.7784288347766384,4,0.0,0.0,100.0,1.0,1.0,0.0,0.018888888888888886,6.32514532836568,0.0,0.0,0.0,0.0,100.0,1.0,1.0,0.0,0.0,7.06748032476753,0.0,0.0,0.0,0.0,100.0,1.0,1.0,0.0,0.049999999999999996,4.593225994613022,0.0,0.0,0.0,0.0,100.0,1.0,1.0,0.0,0.006666666666666667,7.314729665716489,0.0,0.0
224,6,11,4,11,64,15,62,0.13860820224508644,9.382821115665138,0.45285655949264764,2.500452450243756,0.24977449788711964,0.03968849299712916,0.8565184193663299,0.00021065093438249645,0.5230534041300416,41,256,9,0.21055842554196713,3.677964966462373,5.542014699712657,4,0.08990093242742361,0.5023038768144805,90.88888888888889,0.9088888888888889,0.7777777777777778,0.2222222222222222,0.07419647268752129,4.835455146128172,0.0,1.7410307501274278,0.0,0.0,100.0,1.0,1.0,0.0,0.03666666666666667,5.855159991576026,0.0,0.0,0.2165346491939831,1.4029999999999951,78.0,0.7799999999999999,0.3333333333333333,0.3333333333333333,0.09147830695145275,2.8349859346422446,0.16732165174841038,1.7410307501274278,0.053168148088287744,0.10391163044344658,94.66666666666667,0.9466666666666667,1.0,0.3333333333333333,0.09444444444444444,5.816219512166248,0.0,0.13865963166806336
225,10,5,6,24,192,8,32,0.42295595332980157,2.4608521899208426,0.30585290417075156,1.391132211778313,0.5060967871919274,0.0006730493191055156,0.4099219979718327,7.326561508440602e-06,0.28611871564760805,20,64,7,0.641836475674063,0.07284985576435463,1.7033378316425762,1,0.4534721724036802,5.716109501777714,54.55555555555556,0.5455555555555556,0.1111111111111111,0.0,0.0,2.556644545818164,0.4771837554172183,8.032525516587752,0.5509220612389186,12.003333333333337,45.0,0.45,0.0,0.0,0.0,2.0998877155035243,0.5339152224466461,8.032525516587752,0.41240972040219565,2.7329999999999965,58.333333333333336,0.5833333333333334,0.0,0.0,0.0,2.0536797952650865,0.3665337643699399,2.405180717066831,0.39708473556992646,2.4119951719998105,60.333333333333336,0.6033333333333334,0.3333333333333333,0.0,0.0,3.5163661266858806,0.2955148114812887,2.9329049666598626
226,14,9,2,6,128,5,82,0.2938994037918747,5.424826750531793,0.14104517996311186,0.9375698920339346,0.8687851982656867,0.011430280571266918,0.5546971902251243,3.307366365871741e-05,0.6740344839729369,25,1024,6,0.26147733805701134,0.6446179858547902,2.001094932259472,5,0.0,0.0,100.0,1.0,1.0,0.0,0.05,5.782841338465611,0.0,0.0,0.0,0.0,100.0,1.0,1.0,0.0,0.03333333333333333,6.300565335744371,0.0,0.0,0.0,0.0,100.0,1.0,1.0,0.0,0.05333333333333334,4.744908004067838,0.0,0.0,0.0,0.0,100.0,1.0,1.0,0.0,0.06333333333333334,6.3030506755846245,0.0,0.0
227,6,7,7,19,32,12,53,0.2407451901584864,7.5435708072036505,0.6831067027524114,3.9225872952956706,0.2755484634079039,0.0023219530985152167,0.11040555583313107,0.003163428212528323,0.042529484368860726,37,128,12,0.5300700423307717,0.40378772571903376,5.858900790967972,2,0.0,0.0,100.0,1.0,1.0,0.0,0.0,5.032059879093948,0.0,0.0,0.0,0.0,100.0,1.0,1.0,0.0,0.0,5.779354658443481,0.0,0.0,0.0,0.0,100.0,1.0,1.0,0.0,0.0,3.5323453267725804,0.0,0.0,0.0,0.0,100.0,1.0,1.0,0.0,0.0,5.784479652065784,0.0,0.0
228,3,10,5,23,32,13,95,0.3763240191619843,4.327661491930485,0.22371577359735964,0.5960933919996023,0.4723823584616184,0.02298611356622697,0.3434966870583594,0.000714767978183117,0.16925488453358412,33,256,5,0.07191209457814693,2.1840330623895103,4.235959103930538,4,0.0,0.0,100.0,1.0,1.0,0.0,0.0022222222222222222,5.2170763371719255,0.0,0.0,0.0,0.0,100.0,1.0,1.0,0.0,0.0,5.981005334760994,0.0,0.0,0.0,0.0,100.0,1.0,1.0,0.0,0.006666666666666667,3.703301012671242,0.0,0.0,0.0,0.0,100.0,1.0,1.0,0.0,0.0,5.96692266408354,0.0,0.0
229,13,6,3,10,128,7,39,0.21858020988292992,6.391405511647463,0.42544647734612223,3.119681437732652,0.7215517136733979,0.004123127725082513,0.7873203348368406,2.3284697880028014e-05,0.6399671703763307,31,1024,11,0.691957393847406,0.11025300030754051,1.2566456854472094,3,0.33735414798446484,3.7659854938680444,66.22222222222223,0.6622222222222223,0.3333333333333333,0.0,0.04342635344657589,3.6498879158470867,0.0,6.258946796487252,0.3812054624805452,7.3033333333333355,62.0,0.62,0.3333333333333333,0.0,0.04434108527131783,3.769490770641859,0.28429358860661785,6.258946796487252,0.26395642816063136,2.320999999999997,73.33333333333333,0.7333333333333334,0.3333333333333333,0.0,0.0562937062937063,3.31301354028671,0.17352006771784861,1.6441707283859048,0.36690055331221805,1.6736231482708013,63.333333333333336,0.6333333333333333,0.3333333333333333,0.0,0.029644268774703556,3.867159436612693,0.2701390557749131,1.9363613973365315
230,11,10,6,28,192,4,75,0.05184398810379207,8.208408505655825,0.54645163025707,2.607586136786267,0.6527109588496387,0.09319352862252075,0.1749792343005538,1.5121811319971053e-06,0.29855151327326895,16,64,8,0.39969648420810694,1.2077482758879534,2.713806150310972,3,0.01990758341761966,0.0066144230984215785,98.0,0.98,1.0,0.1111111111111111,0.006043360433604336,4.82588168959888,0.0,0.07519135205215145,0.0,0.0,100.0,1.0,1.0,0.0,0.01,5.619252003574123,0.0,0.0,0.0,0.0,100.0,1.0,1.0,0.0,0.0,3.6702229881969592,0.0,0.0,0.05972275025285898,0.019843269295264733,94.0,0.94,1.0,0.3333333333333333,0.008130081300813009,5.188170077025557,0.0,0.07519135205215145
231,9,6,1,14,64,10,20,0.4566016473341733,1.3853849293664098,0.03724750690162182,1.9596881032921374,0.05315136169083417,0.0010026011363331658,0.6220355167053639,0.0001544326859027239,0.41805286299437283,47,512,6,0.47969267088919876,0.19281423040042436,7.669815986961722,2,0.30708002195583056,2.6599910163304723,69.22222222222223,0.6922222222222222,0.5555555555555556,0.2222222222222222,0.24603827944055487,3.2238640303110686,0.0,8.388572910310224,0.26300625034198477,4.406666666666666,73.66666666666667,0.7366666666666667,0.3333333333333333,0.0,0.19952119883040934,4.055552451451968,0.17939381300018312,4.762547043877561,0.10173754101568029,0.9483333333333325,89.66666666666667,0.8966666666666666,1.0,0.3333333333333333,0.37091787439613527,3.4877734440423835,0.0,0.7930645632361258,0.5564962745098265,2.624973048991417,44.333333333333336,0.44333333333333336,0.3333333333333333,0.3333333333333333,0.16767576509511994,2.128266195438855,0.49048771773900024,8.388572910310224
232,8,8,7,8,192,11,87,0.3535514263436198,3.4759434200823307,0.6223544641397893,1.8166001662611961,0.19591398322954773,0.005503341069704436,0.18768435190431773,4.448303806704516e-05,0.14864703601226212,23,128,4,0.2841748708859086,1.622959036687508,1.09982218762547,3,0.0,0.0,100.0,1.0,1.0,0.0,0.0,4.902648446408825,0.0,0.0,0.0,0.0,100.0,1.0,1.0,0.0,0.0,5.642797667533159,0.0,0.0,0.0,0.0,100.0,1.0,1.0,0.0,0.0,3.444738999630014,0.0,0.0,0.0,0.0,100.0,1.0,1.0,0.0,0.0,5.620408672063301,0.0,0.0
233,11,8,2,21,96,6,37,0.18170390659943225,5.555075339972973,0.1144799799658358,3.0435833402443677,0.5763394387904555,0.0186654603390354,0.6908541813958436,0.002327680857897165,0.5680524248629808,39,1024,10,0.5514429427683354,0.14567862840089219,3.7063120060727406,2,0.49111679840738404,6.1618510557504305,50.77777777777778,0.5077777777777778,0.1111111111111111,0.0,0.11620351778159087,2.8358449461219064,0.5171506207176321,8.505545129603506,0.5672544627929934,12.01666666666667,43.333333333333336,0.43333333333333335,0.0,0.0,0.11507936507936507,2.432438204670392,0.5616040493892178,8.055312823017784,0.5329194929424751,4.074999999999996,46.333333333333336,0.4633333333333333,0.0,0.0,0.1637596899224806,2.246379173055137,0.5176866119381172,8.505545129603506,0.3731764394866837,2.39388650058463,62.666666666666664,0.6266666666666666,0.3333333333333333,0.0,0.06977149834292691,3.82871746064019,0.2546631737386557,2.5125058440778787
234,13,12,5,16,32,9,68,0.08520465213805437,8.514653173275292,0.3214832627214491,3.4966863736044616,0.7979226732626558,0.001578802720647734,0.24175797798670828,0.0005199701613634142,0.366130308881402,44,64,9,0.1437051771208644,0.9135325363755461,8.758614783561786,4,0.027173992189471325,0.2657777777777771,97.22222222222223,0.9722222222222222,1.0,0.1111111111111111,0.03888888888888889,4.460662737385267,0.0,0.6667874992129385,0.0,0.0,100.0,1.0,1.0,0.0,0.01,5.157958321118106,0.0,0.0,0.08152197656841398,0.7973333333333313,91.66666666666667,0.9166666666666666,1.0,0.3333333333333333,0.05000000000000001,2.7186685575482747,0.0,0.6667874992129385,0.0,0.0,100.0,1.0,1.0,0.0,0.056666666666666664,5.505361333489418,0.0,0.0
235,4,4,3,29,96,14,16,0.47585862772539256,1.641089872457087,0.5245436004363,0.39492829563096166,0.3296191827859729,0.06414376001176211,0.7481603217776864,2.986767680018292e-06,0.44299663936719297,19,256,7,0.5763929698616266,0.259323492331734,3.0999071724980656,3,0.09658533278375293,1.3231461292014357,90.33333333333333,0.9033333333333334,0.7777777777777778,0.0,0.012215234102026554,5.138242978381044,0.0,4.614754950152075,0.13308310524090958,3.63,86.66666666666667,0.8666666666666667,0.6666666666666666,0.0,0.017777777777777778,5.612900443375111,0.0,4.614754950152075,0.0,0.0,100.0,1.0,1.0,0.0,0.0,4.365135004433493,0.0,0.0,0.15667289311034924,0.3394383876043072,84.33333333333333,0.8433333333333334,0.6666666666666666,0.0,0.018867924528301886,5.436693487334527,0.0,1.28622108194947
236,5,11,3,26,128,10,59,0.11923450552858413,9.674234240315855,0.06519554452970623,3.603789661778137,0.39841028456576166,0.0008269800811356287,0.5076505289878696,2.1737714356166324e-06,0.5002775868587196,12,512,10,0.3318178464658558,4.859549697637949,1.4915932002945178,5,0.32262292397169745,3.3561893784492156,67.55555555555556,0.6755555555555556,0.3333333333333333,0.3333333333333333,0.05975135975135975,3.492517222962599,0.34622316792528407,4.625823205297346,0.3489548713659234,7.06666666666667,65.0,0.65,0.0,0.0,0.06153846153846154,3.616184619470284,0.34881270430232114,4.625823205297346,0.346352643479966,2.1653333333333284,65.0,0.65,0.0,0.0,0.06153846153846154,2.611973856647427,0.3460088975021004,3.526418971595706,0.27256125706920287,0.8365681353476484,72.66666666666667,0.7266666666666667,1.0,1.0,0.056177156177156184,4.249393192770086,0.23340233733260934,0.834197817650451
237,14,5,8,13,64,4,25,0.38947854614816607,2.73248730879277,0.6058416451327502,0.9634537887759507,0.7857811610214412,0.029667864389490938,0.0017079329583793877,0.0001063179878946796,0.21637193888425826,48,64,8,0.415958150755614,0.05413702560380926,4.851742273535567,2,0.0010553066986823817,0.0,99.88888888888889,0.9988888888888889,1.0,0.1111111111111111,0.004489337822671156,5.44015797720041,0.0,0.0,0.0,0.0,100.0,1.0,1.0,0.0,0.0,6.580697999646266,0.0,0.0,0.0,0.0,100.0,1.0,1.0,0.0,0.0,3.4421539989610515,0.0,0.0,0.003165920096047145,0.0,99.66666666666667,0.9966666666666667,1.0,0.3333333333333333,0.01346801346801347,6.297621932993909,0.0,0.0
238,10,9,4,17,64,7,80,0.3308924234006554,4.553882604464889,0.3551215740852058,1.475096844136715,0.589100270299241,0.003365869360925253,0.9332237322349101,0.0016507533700099255,0.7423359358310699,34,1024,5,0.09631861308589577,0.8669373881665869,6.694319374073192,4,0.0,0.0,100.0,1.0,1.0,0.0,0.027777777777777776,5.972819879340629,0.0,0.0,0.0,0.0,100.0,1.0,1.0,0.0,0.006666666666666667,6.631247663560013,0.0,0.0,0.0,0.0,100.0,1.0,1.0,0.0,0.02666666666666667,4.61107997999837,0.0,0.0,0.0,0.0,100.0,1.0,1.0,0.0,0.05000000000000001,6.676131994463503,0.0,0.0
239,7,7,6,5,128,13,44,0.26363452612422406,6.7275653425604105,0.20670250179246066,2.2406506605912,0.12691211625933646,0.007242186224499604,0.4295860293786973,1.0145414099025215e-05,0.06675060449168085,27,256,11,0.7123049049638212,0.3054341372383398,2.2870599990351375,1,0.15096212334241754,2.3404248879972984,84.77777777777777,0.8477777777777777,0.7777777777777778,0.3333333333333333,0.003529411764705883,4.260889499392456,0.0,6.258946796487252,0.16967888967988567,4.923333333333336,83.0,0.8300000000000001,0.6666666666666666,0.0,0.006666666666666667,4.723361973780632,0.0,6.258946796487252,0.21335930475091194,1.9436666666666658,78.33333333333333,0.7833333333333333,0.6666666666666666,0.6666666666666666,0.00392156862745098,2.7619079564111018,0.10260440941771126,1.4907941244944822,0.06984817559645491,0.1542746639918935,93.0,0.93,1.0,0.3333333333333333,0.0,5.297398567985634,0.0,0.20586404037296388
240,7,9,2,27,32,4,30,0.3134592571295798,6.016167018562555,0.40929929222911593,2.3377827529329807,0.44576731678098436,0.0012562668518319618,0.32283699410036204,0.0019203139424885422,0.5512409868463873,25,64,6,0.18716402640566226,0.13382831167231482,2.4571758297518222,1,0.5657405867537153,7.226728630269193,43.333333333333336,0.43333333333333335,0.1111111111111111,0.0,0.0,1.5789100397232971,0.6342356887589128,13.536421670842282,0.6335070423120872,13.10666666666667,36.666666666666664,0.3666666666666667,0.0,0.0,0.0,1.18108767937582,0.6283411599075301,9.023773346294323,0.636591352452785,5.888666666666661,36.0,0.36000000000000004,0.0,0.0,0.0,0.844152799497048,0.6359064840971533,13.536421670842282,0.4271233654962734,2.684852557474249,57.333333333333336,0.5733333333333334,0.3333333333333333,0.0,0.0,2.711489640297023,0.320153818105394,2.9329049666598626
241,9,7,7,15,96,9,65,0.2532620353624225,3.577780894935131,0.2622509878128767,1.579438490793109,0.6950404254253953,0.07411271617699364,0.8248615771532058,5.4469722584594884e-05,0.2579365967400372,37,512,12,0.6213046149350703,1.988071763751803,8.281337045014387,4,0.05733047241520647,0.10375822133063045,94.22222222222223,0.9422222222222223,0.8888888888888888,0.1111111111111111,0.016786786786786786,5.183010740253191,0.0,1.7410307501274278,0.0,0.0,100.0,1.0,1.0,0.0,0.0,6.262666331604123,0.0,0.0,0.08529459110755382,0.15699999999999786,91.33333333333333,0.9133333333333334,0.6666666666666666,0.0,0.016846846846846848,3.744385402716764,0.0,1.7410307501274278,0.08669682613806556,0.1542746639918935,91.33333333333333,0.9133333333333334,1.0,0.3333333333333333,0.03351351351351351,5.5419804864386855,0.0,0.20586404037296388
242,15,11,3,23,192,12,50,0.1296089534647763,2.020055261440575,0.009991589561104774,1.0972641394473612,0.6792213161475956,0.004386684570873565,0.1383514570072293,4.16117551987735e-06,0.7036619098670781,42,128,9,0.2408226544968784,0.2360753127097316,3.9036559127578636,2,0.0,0.0,100.0,1.0,1.0,0.0,0.0,5.014867221470922,0.0,0.0,0.0,0.0,100.0,1.0,1.0,0.0,0.0,5.643717659792553,0.0,0.0,0.0,0.0,100.0,1.0,1.0,0.0,0.0,3.765658005140722,0.0,0.0,0.0,0.0,100.0,1.0,1.0,0.0,0.0,5.635225999479492,0.0,0.0
243,5,5,5,9,96,7,84,0.4069097535684705,8.699166254140437,0.5520031122490763,3.7299322474282235,0.07976548508740962,0.02158473617519903,0.6454931351356208,0.0003707956907131683,0.012896583639085293,21,1024,7,0.5068091471679509,1.1090833946664864,1.3810856017465352,5,0.0,0.0,100.0,1.0,1.0,0.0,0.0,6.3193592224787505,0.0,0.0,0.0,0.0,100.0,1.0,1.0,0.0,0.0,7.088485328325381,0.0,0.0,0.0,0.0,100.0,1.0,1.0,0.0,0.0,4.7639933360430105,0.0,0.0,0.0,0.0,100.0,1.0,1.0,0.0,0.0,7.105599003067861,0.0,0.0
244,4,12,8,6,64,6,42,0.1030496162828058,3.1961673190817237,0.26765455305576324,0.2577425525523722,0.2232636212836951,0.0021818687227804037,0.878128510620445,8.773112709140528e-05,0.18731693793088197,14,1024,8,0.05167933739721775,0.059468129486482287,1.8779151737068027,3,0.0,0.0,100.0,1.0,1.0,0.0,0.0,5.772826891754651,0.0,0.0,0.0,0.0,100.0,1.0,1.0,0.0,0.0,6.526729007406781,0.0,0.0,0.0,0.0,100.0,1.0,1.0,0.0,0.0,4.207030332181603,0.0,0.0,0.0,0.0,100.0,1.0,1.0,0.0,0.0,6.584721335675567,0.0,0.0
245,12,4,2,20,192,11,93,0.48669833415187896,9.772075760178268,0.4693511428311467,3.366481303004548,0.47948214448988435,0.012152443220037855,0.37144666519016023,2.662577108371129e-06,0.6218996311165392,46,128,6,0.6689475266262889,4.002730508043808,6.1110739677196255,4,0.051867769628706734,0.05785142040785803,94.66666666666667,0.9466666666666667,1.0,0.6666666666666666,0.03507246376811594,5.192163765581172,0.0,0.11674585053627443,0.025743535942961412,0.0,97.33333333333333,0.9733333333333333,1.0,0.3333333333333333,0.050869565217391305,6.124308476109814,0.0,0.0,0.07713643636230215,0.1706666666666634,92.0,0.92,1.0,1.0,0.03260869565217391,3.666388774391912,0.07632488945637356,0.11674585053627443,0.05272333658085664,0.0028875945569106776,94.66666666666667,0.9466666666666667,1.0,0.6666666666666666,0.021739130434782608,5.78579404624179,0.03930456769269153,0.010941853163498598
246,12,8,5,12,128,14,22,0.34271024554036555,7.111323839053512,0.6778914162889123,2.9429615263361484,0.8953989100176841,0.0005348841542452665,0.5903745975345372,1.4137855406845236e-05,0.3151737234927714,32,512,5,0.37673469260334963,0.33247738614554423,5.293068452945476,2,0.12271085134867042,0.9636709214186134,87.77777777777777,0.8777777777777778,0.7777777777777778,0.0,0.02795755676507779,4.545024858202513,0.0,3.6133433543389253,0.19167640340946665,2.3800000000000003,81.0,0.81,0.6666666666666666,0.0,0.015503875968992248,4.764138967748154,0.0,3.6133433543389253,0.0,0.0,100.0,1.0,1.0,0.0,0.04,4.079884667104731,0.0,0.0,0.17645615063654463,0.5110127642558397,82.33333333333333,0.8233333333333333,0.6666666666666666,0.0,0.028368794326241134,4.791050939754656,0.0,1.9363613973365315
247,8,8,4,24,32,8,72,0.16386041850782931,4.732194954529405,0.16864782795310018,1.7085394691675901,0.3020584217272699,0.04976466345271151,0.0878819995559752,0.0011775112461839363,0.40143610555678605,29,64,11,0.4594225192442536,0.7077268108483004,1.808022657487279,3,0.15166581808584967,0.6547491275269114,84.66666666666667,0.8466666666666667,0.8888888888888888,0.5555555555555556,0.017316017316017316,4.054830465378431,0.0,1.5931725123246676,0.07566149203472315,0.5866666666666649,92.33333333333333,0.9233333333333333,1.0,0.3333333333333333,0.008658008658008658,5.145736706092373,0.0,0.8906840761395641,0.22630534427150337,1.1019999999999954,77.0,0.77,0.6666666666666666,0.6666666666666666,0.025974025974025972,2.4950688339979488,0.22553386109818083,1.5931725123246676,0.1530306179513225,0.2755807159140736,84.66666666666667,0.8466666666666667,1.0,0.6666666666666666,0.017316017316017316,4.5236858560449695,0.11457934178517121,0.4596604481053848
248,8,10,6,18,96,6,34,0.06959968581795693,2.3603902189061046,0.5787571999244392,2.093269180972129,0.3717960535082966,0.00910692098847495,0.48477999246679243,5.257592696368423e-06,0.11901414079591631,44,512,9,0.3049203338101506,0.07859579630521336,7.10255969953981,2,0.000961177527453538,0.0,99.88888888888889,0.9988888888888889,1.0,0.1111111111111111,0.003355780022446689,5.556793259177148,0.0,0.0,0.0,0.0,100.0,1.0,1.0,0.0,0.0,6.3127703266218305,0.0,0.0,0.002883532582360614,0.0,99.66666666666667,0.9966666666666667,1.0,0.3333333333333333,0.006734006734006735,4.109649790077774,0.0,0.0,0.0,0.0,100.0,1.0,1.0,0.0,0.0033333333333333335,6.247959660831839,0.0,0.0
249,11,6,4,4,32,13,89,0.46729715904220936,8.920903249643743,0.07091801883652805,2.7339572131168097,0.7592706833966076,0.002686286952015469,0.03750219889916479,0.0002953112709190242,0.5976798562705516,18,128,7,0.5749654948711396,2.975409457376803,2.183196788451175,3,0.0043671501295803545,0.0,99.55555555555556,0.9955555555555556,1.0,0.3333333333333333,0.02570191713048856,4.581059268292306,0.0,0.0,0.0,0.0,100.0,1.0,1.0,0.0,0.0,5.332081670251985,0.0,0.0,0.003186797105502688,0.0,99.66666666666667,0.9966666666666667,1.0,0.3333333333333333,0.0369023569023569,3.1769933853053836,0.0,0.0,0.009914653283238374,0.0,99.0,0.9899999999999999,1.0,0.6666666666666666,0.04020339448910878,5.23410274931955,0.005211594275907482,0.0
250,13,10,7,25,96,10,14,0.3656270314007998,7.367574343457818,0.19038432436063885,3.2165841453243047,0.6156114382203669,0.03159467871491979,0.8946315408218651,0.0038336329349185332,0.33794819548726085,23,256,4,0.16717967446893453,0.4475283486345072,1.554771710232954,3,0.4282638879458702,4.504303851548686,57.111111111111114,0.5711111111111111,0.2222222222222222,0.0,0.03482676182372846,2.453068392789687,0.4795954251033252,8.882583636000541,0.351541545110575,7.076666666666669,65.0,0.65,0.3333333333333333,0.0,0.028324388789505068,3.0812013047812847,0.2397977125516626,5.970789462593457,0.5564533290421059,4.3353333333333275,44.0,0.44,0.0,0.0,0.0455005055611729,1.2586356252419313,0.550365260115955,8.882583636000541,0.37679678968492974,2.1009115546460624,62.333333333333336,0.6233333333333334,0.3333333333333333,0.0,0.0306553911205074,3.0193682483458466,0.2799794729998857,2.9329049666598626
251,4,6,2,13,192,3,70,0.20082598654553296,5.038992693647742,0.39348531616851684,0.7006634175777435,0.15352705027908087,0.0007773100545338646,0.45154310087673366,2.7001910002052314e-05,0.47118422759696843,39,64,10,0.597175806388259,0.5357935893553887,4.550411605475707,4,0.01772271602942925,0.034637210147815525,98.22222222222223,0.9822222222222222,1.0,0.1111111111111111,0.022857142857142857,5.012720069963801,0.0,0.13865963166806336,0.0,0.0,100.0,1.0,1.0,0.0,0.0,6.001059332241614,0.0,0.0,0.0,0.0,100.0,1.0,1.0,0.0,0.016666666666666666,3.5445830039680004,0.0,0.0,0.053168148088287744,0.10391163044344658,94.66666666666667,0.9466666666666667,1.0,0.3333333333333333,0.0519047619047619,5.492517873681787,0.0,0.13865963166806336
252,5,9,4,17,128,8,28,0.27661043223924936,6.287249065935612,0.10909422272816299,3.8217360966373235,0.16940391724929213,0.060333206182000255,0.21149079087190328,1.671304257567788e-05,0.4836608459614217,35,128,5,0.3550413575954735,0.09947760790645536,9.630255075998887,2,0.5401009206129795,7.1048482044510415,45.888888888888886,0.4588888888888889,0.1111111111111111,0.0,0.025498575498575496,1.8058703544826917,0.6036877897789138,12.675147435641229,0.6101927482474174,13.10666666666667,39.0,0.38999999999999996,0.0,0.0,0.025641025641025644,1.422792308939955,0.6083741750414946,9.023773346294323,0.602953114128675,5.550999999999997,39.333333333333336,0.39333333333333337,0.0,0.0,0.03376068376068376,1.1068523584359573,0.6005231330719845,12.675147435641229,0.407156899462846,2.6568779466864605,59.333333333333336,0.5933333333333334,0.3333333333333333,0.0,0.017094017094017092,2.8879663960721635,0.3051014854913699,2.9329049666598626
253,14,7,5,29,64,14,56,0.23046196582727135,3.8686484582722187,0.6497864536009729,0.8297375738620758,0.5497256067115813,0.001680201596811166,0.6541113291401416,0.001002326765888422,0.23299416564404965,28,512,11,0.43631910262629386,2.62760903576621,2.85820234859119,5,0.0,0.0,100.0,1.0,1.0,0.0,0.0,5.303491109516472,0.0,0.0,0.0,0.0,100.0,1.0,1.0,0.0,0.0,5.991310998021315,0.0,0.0,0.0,0.0,100.0,1.0,1.0,0.0,0.0,4.002251331694424,0.0,0.0,0.0,0.0,100.0,1.0,1.0,0.0,0.0,5.916910998833676,0.0,0.0
254,10,11,1,8,32,11,47,0.14889338542707264,1.203504235483706,0.48651590785011645,1.2537171957083046,0.8245371956378221,0.014886443147614628,0.2794142952654511,0.00018719356739476227,0.7242684131115675,14,256,10,0.11680240863934159,0.1787182520296549,1.1882919473419877,1,0.019423200120755355,0.0031847537411922033,98.0,0.98,1.0,0.2222222222222222,0.004818396733290351,5.09746166246534,0.0,0.07392911890136983,0.0,0.0,100.0,1.0,1.0,0.0,0.0033333333333333335,6.1929420110148685,0.0,0.0,0.038568552917254605,0.0066666666666659324,96.0,0.96,1.0,0.3333333333333333,0.007575757575757576,3.1280845687654093,0.0,0.07392911890136983,0.01970104744501146,0.0028875945569106776,98.0,0.98,1.0,0.3333333333333333,0.0035460992907801418,5.971358407615743,0.0,0.010941853163498598
255,7,5,7,22,128,5,77,0.4402429677080363,7.827669036574662,0.33814831683412194,2.3704758703242987,0.35612995172850787,0.006925040005104254,0.7271518082823604,1.2349307254094036e-06,0.08481267442926764,50,1024,8,0.7353948912583291,1.4929175208591539,3.3577990994699487,4,0.005322833837950277,0.0,99.44444444444444,0.9944444444444444,1.0,0.1111111111111111,0.0035087719298245615,6.4035933020072635,0.0,0.0,0.0,0.0,100.0,1.0,1.0,0.0,0.0,7.174226661057522,0.0,0.0,0.01596850151385083,0.0,98.33333333333333,0.9833333333333334,1.0,0.3333333333333333,0.010526315789473684,4.975099907493578,0.0,0.0,0.0,0.0,100.0,1.0,1.0,0.0,0.0,7.061453337470691,0.0,0.0
256,7,11,6,14,192,13,41,0.3322511257138103,9.664683874696493,0.2561852908693254,3.6831851825118065,0.4978734473697841,0.005713257149261882,0.08450627415440977,1.8380539067840676e-06,0.611181796118617,13,512,10,0.6017956518568098,0.4157183956155114,3.079223871604123,2,0.4701903800489931,5.770985493868043,52.888888888888886,0.5288888888888889,0.1111111111111111,0.0,0.018912529550827423,2.5474291912942735,0.5271501422591646,8.505545129603506,0.5310171198769168,11.83666666666667,47.0,0.47,0.0,0.0,0.02127659574468085,2.2825177359322075,0.5291105579211208,8.032525516587752,0.5263130047040319,3.80266666666666,47.0,0.47,0.0,0.0,0.02127659574468085,1.702614188035752,0.5253587688667343,8.505545129603506,0.35324101556603055,1.6736231482708013,64.66666666666667,0.6466666666666666,0.3333333333333333,0.0,0.014184397163120567,3.6571556499148623,0.26468422595481694,1.9363613973365315
257,10,5,4,28,64,6,96,0.17449506209231913,2.7416095435619354,0.4155358680523932,1.1596033044625074,0.2212661207187921,0.01642325372615807,0.5881259350571781,9.658120170031186e-05,0.10540476074442266,49,128,4,0.16768713807687163,0.6636396939398531,8.701069266125613,3,0.0,0.0,100.0,1.0,1.0,0.0,0.0011111111111111111,4.838965001981705,0.0,0.0,0.0,0.0,100.0,1.0,1.0,0.0,0.0,5.519048327890535,0.0,0.0,0.0,0.0,100.0,1.0,1.0,0.0,0.0,3.499154002250483,0.0,0.0,0.0,0.0,100.0,1.0,1.0,0.0,0.0033333333333333335,5.498692675804098,0.0,0.0
258,14,9,7,10,32,3,18,0.09257978103123606,4.58085670042783,0.5570484892465174,1.6131569489371032,0.3033816389739513,0.0014035904427747966,0.3764785361010581,0.0014933752123159332,0.4587328221462667,34,1024,7,0.5700040546245874,0.07335383464570037,3.7143325566739005,3,0.0,0.0,100.0,1.0,1.0,0.0,0.0,5.03706122852034,0.0,0.0,0.0,0.0,100.0,1.0,1.0,0.0,0.0,5.66326867400979,0.0,0.0,0.0,0.0,100.0,1.0,1.0,0.0,0.0,3.762885672816386,0.0,0.0,0.0,0.0,100.0,1.0,1.0,0.0,0.0,5.685029338734846,0.0,0.0
259,5,7,2,23,128,10,74,0.49732223548926413,6.700710319913924,0.0054588883183896535,2.26106270076707,0.8772671807091683,0.0672827596112326,0.8824319686274975,8.613885392788278e-06,0.3504167201370001,27,256,9,0.3040709155611694,3.7032872298613575,1.1023919005165064,4,0.13182796994636192,0.4395008321777365,86.66666666666667,0.8666666666666667,0.8888888888888888,0.5555555555555556,0.03507122507122507,4.178744948514209,0.0,1.4674930101923225,0.0,0.0,100.0,1.0,1.0,0.0,0.03,5.67150133351485,0.0,0.0,0.2163021564319023,1.090666666666662,78.0,0.7799999999999999,0.6666666666666666,0.6666666666666666,0.038461538461538464,2.6541577003354955,0.21546476632692285,1.4674930101923225,0.17918175340718343,0.22783582986654755,82.0,0.82,1.0,1.0,0.03675213675213675,4.210575811692283,0.15884008123603352,0.2883561531020335
260,4,10,3,19,128,14,32,0.12622571559622886,3.4830222642049193,0.46481829555705184,1.7202602371107787,0.7074140640441329,0.0009326181241121196,0.6405228733550757,5.249936952803294e-05,0.22267684891819955,23,128,8,0.737611455284059,0.19149586331598145,2.292309745710278,2,0.24256991736363556,1.5660014034525562,75.66666666666667,0.7566666666666667,0.5555555555555556,0.0,0.011491568859989913,3.5525738325044123,0.0,12.675147435641229,0.0,0.0,100.0,1.0,1.0,0.0,0.0,5.358428664815922,0.0,0.0,0.5205216537867176,3.9239999999999977,47.666666666666664,0.47666666666666674,0.0,0.0,0.022369443422075003,1.2978434172861022,0.4716619927589659,12.675147435641229,0.20718809830418913,0.7740042103576705,79.33333333333333,0.7933333333333333,0.6666666666666666,0.0,0.012105263157894737,4.001449415411212,0.0,2.9329049666598626
261,13,6,5,6,32,8,60,0.41055777911096814,5.54787531029433,0.2727001178078353,2.829588193912059,0.4236408301629126,0.028356868938315672,0.13410236020572483,0.0025784212308100933,0.4939501048438251,40,512,10,0.12039670310914516,1.1994507379076782,6.708994407812529,5,0.02393339699763568,0.002222222222221977,97.55555555555556,0.9755555555555555,1.0,0.2222222222222222,0.0888248511403213,4.687825516113209,0.0,0.07392911890136983,0.0,0.0,100.0,1.0,1.0,0.0,0.02666666666666667,5.567150331723194,0.0,0.0,0.045279899540511426,0.0066666666666659324,95.33333333333333,0.9533333333333333,1.0,0.3333333333333333,0.1103875968992248,3.2513968392758983,0.0,0.07392911890136983,0.026520291452395622,0.0,97.33333333333333,0.9733333333333333,1.0,0.3333333333333333,0.12942028985507245,5.2449293773405365,0.0,0.0
262,11,10,1,24,64,5,53,0.31008590320125223,8.490150867030025,0.17488425774499772,3.3416818603873253,0.10080265565775334,0.0032506160429697424,0.828182944888249,0.0005735635244054593,0.09480295104905963,45,64,11,0.4344444932416081,0.10709282272152248,4.820002162322449,1,0.3053649208107733,1.9295327655059584,69.33333333333333,0.6933333333333334,0.4444444444444444,0.1111111111111111,0.0011111111111111111,3.0074577132471023,0.0,6.106545221253793,0.14684866791833565,1.6199999999999992,85.33333333333333,0.8533333333333334,0.6666666666666666,0.0,0.0033333333333333335,4.305070819931903,0.0,2.459502619339939,0.46600325732398445,3.106333333333329,53.0,0.53,0.0,0.0,0.0,1.3179742078056689,0.46555941447719096,6.106545221253793,0.30324283718999984,1.0622649631845469,69.66666666666667,0.6966666666666667,0.6666666666666666,0.3333333333333333,0.0,3.3993281120037353,0.21954824653730437,1.28622108194947
263,8,6,6,11,192,11,84,0.25691991802304986,1.6660224217921495,0.671825907099992,0.35667062480933964,0.6683523619547487,0.00825229829327793,0.32502405098639425,3.5397635735302717e-06,0.714396515339613,19,256,5,0.35178865790367125,2.121353066945021,1.4815798402889402,4,0.0,0.0,100.0,1.0,1.0,0.0,0.007777777777777778,5.6017666695536015,0.0,0.0,0.0,0.0,100.0,1.0,1.0,0.0,0.0,6.422610677933942,0.0,0.0,0.0,0.0,100.0,1.0,1.0,0.0,0.0,3.9714276581071317,0.0,0.0,0.0,0.0,100.0,1.0,1.0,0.0,0.023333333333333334,6.41126167261973,0.0,0.0
264,8,8,2,5,64,9,23,0.15957952742464843,4.3193641705438495,0.07579276729375123,0.6169301781337708,0.532215980021283,0.04109589431985307,0.7221525565721094,0.0006062671788414303,0.24542830923572184,32,128,7,0.5062908954918385,0.25301692456242264,5.871755297565418,1,0.20756919799406257,0.8126725008761222,79.22222222222223,0.7922222222222222,0.6666666666666666,0.1111111111111111,0.11418688383358123,3.4047063087633105,0.0,6.106545221253793,0.0,0.0,100.0,1.0,1.0,0.0,0.13,5.527457998444636,0.0,0.0,0.152252717820019,0.5506666666666642,84.66666666666667,0.8466666666666667,0.6666666666666666,0.0,0.10185185185185186,2.692619083782681,0.0,6.106545221253793,0.47045487616216874,1.8873508359617024,53.0,0.5299999999999999,0.3333333333333333,0.3333333333333333,0.11070879964889181,1.9940418440626129,0.4449501854181255,4.256957236484063
265,12,8,7,17,128,4,58,0.429835346294567,6.399583793245256,0.5740533694624901,3.2572594643570483,0.17051915898919107,0.0005906685817612126,0.2750782180577516,2.099886020098711e-05,0.563676050491631,30,1024,9,0.2362136388197541,0.8913453787371938,2.00569318831434,4,0.10497889483707604,0.4132690597705528,89.44444444444444,0.8944444444444445,0.8888888888888888,0.2222222222222222,0.02090486534463831,5.4318290777150775,0.0,1.3177147389233481,0.1094238513809004,0.6533333333333318,89.0,0.89,1.0,0.3333333333333333,0.014925373134328358,5.941849747922883,0.0,0.9918981757008787,0.0959737652765903,0.40633333333333077,90.33333333333333,0.9033333333333333,0.6666666666666666,0.0,0.03286384976525821,4.368628415830013,0.0,1.3177147389233481,0.10953906785373742,0.1801405126449958,89.0,0.89,1.0,0.3333333333333333,0.014925373134328358,5.985009069392337,0.0,0.6825996514786609
266,12,12,3,13,128,7,46,0.2872926984447986,8.23443834669888,0.3875907875597477,2.804162060841918,0.35392528627999126,0.010135515520985391,0.6575196666643023,1.3694371185566797e-06,0.026522305496037006,16,64,12,0.622164523974061,0.14402831433211563,1.691907022375933,2,0.1425103135090246,0.9030274825837946,85.66666666666667,0.8566666666666667,0.8888888888888888,0.3333333333333333,0.013176083176083176,3.7331511121098924,0.0,1.5169973121725826,0.0,0.0,100.0,1.0,1.0,0.0,0.0,5.327269670087844,0.0,0.0,0.1779128846245204,1.8499999999999979,82.0,0.82,0.6666666666666666,0.3333333333333333,0.023716283716283718,2.5431061554100034,0.04445475241368219,1.5169973121725826,0.24961805590255337,0.8590824477513859,75.0,0.75,1.0,0.6666666666666666,0.01581196581196581,3.32907751083183,0.17403701829596332,0.8525940774069318
267,4,4,5,26,64,12,80,0.22005049544386568,1.359783185645938,0.1967915678396821,2.0386001069564372,0.8435514117591083,0.0024292893195618373,0.21370684122666717,0.0001304400221292024,0.6901997328735888,47,512,6,0.19211501758545635,1.6046333571879208,5.505769364069826,5,0.10475702578049108,0.2376781810099408,89.33333333333333,0.8933333333333332,1.0,0.8888888888888888,0.04040404040404041,5.3254539156779455,0.1157056587517638,0.423760785137932,0.11845139984492165,0.43333333333333,88.0,0.88,1.0,1.0,0.04545454545454545,5.748349618498292,0.11791987870404488,0.423760785137932,0.11646146709748202,0.2693333333333289,88.0,0.88,1.0,1.0,0.04545454545454545,3.895898470408142,0.11539398791178684,0.4150963574623157,0.07935821039906955,0.010367876363163536,92.0,0.9199999999999999,1.0,0.6666666666666666,0.030303030303030304,6.332113658127404,0.05924300291204078,0.03928660293099189
268,5,11,8,29,32,11,38,0.36922355853021144,9.393041178584099,0.6561938431113958,2.4626855608075857,0.747779525257647,0.025855374610155916,0.44819636894389986,0.00024887115969797545,0.6317652876861394,41,512,11,0.4558387572877109,0.3089225927347327,7.61940997988634,3,0.22350415579418176,2.3580042547519455,77.66666666666667,0.7766666666666667,0.5555555555555556,0.0,0.01801581478764164,4.323022289276513,0.0,5.651251994648968,0.31798249128645834,5.52,68.33333333333333,0.6833333333333332,0.3333333333333333,0.0,0.025678650036683782,4.039037468044056,0.20955861503543294,5.651251994648968,0.17607382545954234,1.0429999999999975,82.33333333333333,0.8233333333333333,0.6666666666666666,0.0,0.014184397163120567,3.6529068743598696,0.0,3.3823867252593707,0.17645615063654463,0.5110127642558397,82.33333333333333,0.8233333333333333,0.6666666666666666,0.0,0.014184397163120567,5.277122525425614,0.0,1.9363613973365315
269,15,5,3,16,96,6,89,0.1973912502638996,2.450201850384474,0.10319950636476277,1.2356942493934184,0.39304109825752676,0.00393074855729001,0.8924698481336235,8.073706567454863e-06,0.1772986751422286,20,64,5,0.37450755434110755,0.8768717129401133,2.6956923962589663,4,0.0,0.0,100.0,1.0,1.0,0.0,0.006666666666666666,5.877275110170659,0.0,0.0,0.0,0.0,100.0,1.0,1.0,0.0,0.0,6.351325671033313,0.0,0.0,0.0,0.0,100.0,1.0,1.0,0.0,0.0,4.480643334488074,0.0,0.0,0.0,0.0,100.0,1.0,1.0,0.0,0.02,6.79985632499059,0.0,0.0
270,9,9,6,21,192,8,16,0.07319920361042023,5.39687389973551,0.3334446324035525,0.7240638646762818,0.13160762721672653,0.0897698688076464,0.04244708940386772,3.659653866005843e-05,0.39117483284324406,24,1024,6,0.6721893130801618,0.055484545431903357,1.2595788099154317,2,0.28221453636424926,2.884489270006209,71.66666666666667,0.7166666666666667,0.5555555555555556,0.2222222222222222,0.011987741569346871,4.780024643066561,0.0,11.09676074709681,0.1598651417011084,4.696666666666668,84.0,0.84,0.6666666666666666,0.0,0.006410256410256411,5.912302644469608,0.0,5.970789462593457,0.41353307958917157,3.096333333333327,58.333333333333336,0.5833333333333334,0.0,0.0,0.018224243259381746,3.525405670865048,0.3264789950667892,11.09676074709681,0.2732453878024677,0.8604678100186317,72.66666666666667,0.7266666666666667,1.0,0.6666666666666666,0.011328725038402458,4.902365613865027,0.18942072788367312,0.8544427041764607
271,7,7,4,8,96,14,66,0.46386544024571774,7.5716448770836,0.49139046855270857,3.8258153558708727,0.6273620622698218,0.0011394882160126272,0.48905446054413915,0.0037219458909285384,0.32549728142097595,36,128,8,0.05356481829658151,4.980672237674633,4.2451176974910245,3,0.0138586234173624,0.12555555555555528,98.55555555555556,0.9855555555555555,1.0,0.1111111111111111,0.11144316730523626,4.964476068510696,0.0,0.31499576676865415,0.0,0.0,100.0,1.0,1.0,0.0,0.09333333333333334,5.716651987750083,0.0,0.0,0.0415758702520872,0.37666666666666593,95.66666666666667,0.9566666666666667,1.0,0.3333333333333333,0.1343295019157088,3.3407922224337914,0.0,0.31499576676865415,0.0,0.0,100.0,1.0,1.0,0.0,0.10666666666666667,5.835983995348215,0.0,0.0
272,7,9,7,24,128,6,93,0.062471322668716314,6.296650032512844,0.2994428495876491,3.9629441020078957,0.7339248266536743,0.008770939621772507,0.6195585410576313,1.5162978134596193e-05,0.5815485370159149,35,64,7,0.578620205912739,1.1421740359159538,4.540776132302026,3,0.0,0.0,100.0,1.0,1.0,0.0,0.013333333333333332,5.2873221156187356,0.0,0.0,0.0,0.0,100.0,1.0,1.0,0.0,0.006666666666666667,6.01715566823259,0.0,0.0,0.0,0.0,100.0,1.0,1.0,0.0,0.02,3.9181803399696946,0.0,0.0,0.0,0.0,100.0,1.0,1.0,0.0,0.013333333333333334,5.926630338653922,0.0,0.0
273,10,7,2,12,32,11,44,0.44613524531014265,3.859368777833879,0.45875394092872734,0.8542114912997931,0.4502553588710725,0.0030535444374064965,0.1718318220693618,0.0008481461276092422,0.1350325339846313,28,512,9,0.14728880217298865,0.24310979675977754,1.551319143856991,2,0.0,0.0,100.0,1.0,1.0,0.0,0.035555555555555556,5.405608667578134,0.0,0.0,0.0,0.0,100.0,1.0,1.0,0.0,0.016666666666666666,6.055195332349588,0.0,0.0,0.0,0.0,100.0,1.0,1.0,0.0,0.023333333333333334,4.021342329215258,0.0,0.0,0.0,0.0,100.0,1.0,1.0,0.0,0.06666666666666667,6.140288341169556,0.0,0.0
274,14,11,5,20,64,14,72,0.3869552295189351,1.1763705480843782,0.6878023711033165,1.33637350727804,0.07418882991187274,0.035544250209534875,0.7913954867515712,0.00015906680296113516,0.43055034486576915,13,256,10,0.5495576431043446,2.0012633026579243,2.197797730588227,4,0.0,0.0,100.0,1.0,1.0,0.0,0.0,5.018650890948872,0.0,0.0,0.0,0.0,100.0,1.0,1.0,0.0,0.0,5.61105334199965,0.0,0.0,0.0,0.0,100.0,1.0,1.0,0.0,0.0,3.658237994338075,0.0,0.0,0.0,0.0,100.0,1.0,1.0,0.0,0.0,5.78666133650889,0.0,0.0
275,5,5,3,6,192,9,20,0.2081176568288356,7.854372514411807,0.13617863534018396,2.570803254842758,0.6418422896414996,0.0007409218631465902,0.3487568640615791,1.1157280839537194e-06,0.3786046501994133,49,1024,4,0.2809328640811145,0.13471186770074745,7.148833881640276,3,0.15243552926331796,1.5440975708479168,84.66666666666667,0.8466666666666667,0.8888888888888888,0.3333333333333333,0.1600999412110523,5.085598213291798,0.0,5.252474132123341,0.12293314935189908,3.073333333333335,87.66666666666667,0.8766666666666666,0.6666666666666666,0.0,0.1258730158730159,5.896574756199563,0.0,5.252474132123341,0.08152197656841398,0.7973333333333313,91.66666666666667,0.9166666666666666,1.0,0.3333333333333333,0.20222222222222222,4.304692113202893,0.0,0.6667874992129385,0.25285146186964086,0.761626045877084,74.66666666666667,0.7466666666666667,1.0,0.6666666666666666,0.15220458553791885,5.0555277704729376,0.1489304073077929,0.8544427041764607
276,4,12,2,9,192,4,63,0.29755385322496297,2.3534613102674484,0.4205797449685633,1.9415254585910589,0.524488375056535,0.05349032834546378,0.10639201304875313,5.831229417273399e-06,0.20605974413454534,43,1024,11,0.7169140575453639,0.7030855161019576,3.379768710247879,5,0.10295830225229805,0.23864711021951793,89.55555555555556,0.8955555555555557,0.8888888888888888,0.5555555555555556,0.0443187988273585,5.365768519427933,0.0,2.7649490469115108,0.022811540971361163,0.01666666666666483,97.66666666666667,0.9766666666666666,1.0,0.6666666666666666,0.027652410631134036,6.457231017630398,0.004980809920152598,0.02278730643003366,0.22294672826736628,0.5449999999999955,77.33333333333333,0.7733333333333334,0.6666666666666666,0.6666666666666666,0.08061262782625012,3.468425649859632,0.1763833671876994,2.7649490469115108,0.0631166375181667,0.1542746639918935,93.66666666666667,0.9366666666666666,1.0,0.3333333333333333,0.024691358024691357,6.171648890793769,0.0,0.20586404037296388
277,13,4,8,23,96,9,29,0.23736840300261974,8.928260188549757,0.22841158797964453,2.6998774111270905,0.24777729497291145,0.0017581564041730129,0.5494913744274527,0.0003482639892349661,0.5105726734362542,17,128,5,0.09683676697313785,0.3302860954068774,1.196190723236744,2,0.4100391352818872,4.27689302174201,58.888888888888886,0.5888888888888889,0.2222222222222222,0.0,0.0409156893748217,2.7169356361303327,0.42915010346430155,9.629267736904467,0.37451749863444267,7.3033333333333355,62.666666666666664,0.6266666666666666,0.3333333333333333,0.0,0.04515934539190353,3.14717502891135,0.27426164283746407,6.258946796487252,0.5225124546124167,3.8609999999999958,47.333333333333336,0.47333333333333333,0.0,0.0,0.028900112233445564,1.5805225595142003,0.5050688703156762,9.629267736904467,0.3330874525988022,1.6663457318926989,66.66666666666667,0.6666666666666666,0.3333333333333333,0.0,0.048687610499116,3.4231093199654485,0.21457505173215077,1.7706245473341062
278,11,8,4,15,32,13,86,0.14225966101512313,7.3922357046976686,0.04314470058307052,3.1233921167440712,0.2768711676821113,0.015416827671958289,0.41234461595304306,0.004539814734490716,0.07673506444320081,22,256,8,0.4110073799267411,3.886906652657747,2.8517392707724194,4,0.004284373421049756,0.0,99.55555555555556,0.9955555555555556,1.0,0.1111111111111111,0.009027777777777779,5.026337996834492,0.0,0.0,0.0,0.0,100.0,1.0,1.0,0.0,0.0,5.794450002722442,0.0,0.0,0.012853120263149269,0.0,98.66666666666667,0.9866666666666667,1.0,0.3333333333333333,0.017083333333333336,3.522421984267162,0.0,0.0,0.0,0.0,100.0,1.0,1.0,0.0,0.01,5.762142003513873,0.0,0.0
279,8,8,5,27,96,7,51,0.41957614868879317,5.014212225563824,0.5400417217053473,0.49073014850728214,0.8506529433187098,0.006076438495832661,0.8596042260061949,2.9825152677124144e-05,0.7324589271098375,39,64,10,0.33095775619149204,0.05774519291602449,9.610130292167545,1,0.0,0.0,100.0,1.0,1.0,0.0,0.008888888888888889,5.163349443787916,0.0,0.0,0.0,0.0,100.0,1.0,1.0,0.0,0.0,5.86956266934673,0.0,0.0,0.0,0.0,100.0,1.0,1.0,0.0,0.02,3.749387663168212,0.0,0.0,0.0,0.0,100.0,1.0,1.0,0.0,0.006666666666666667,5.871097998848806,0.0,0.0
280,9,10,4,22,32,8,55,0.3204775197897106,3.204624231904745,0.11900481116026639,0.45757926744408906,0.7742894772440195,0.001213053537790158,0.42548551326617595,7.918173723727008e-05,0.27361625583842397,15,1024,12,0.5264755874872208,0.5226166874322432,1.3902684774034775,4,0.0,0.0,100.0,1.0,1.0,0.0,0.0022222222222222222,6.136193668418047,0.0,0.0,0.0,0.0,100.0,1.0,1.0,0.0,0.0,6.5803736735445755,0.0,0.0,0.0,0.0,100.0,1.0,1.0,0.0,0.0,4.9755166641746955,0.0,0.0,0.0,0.0,100.0,1.0,1.0,0.0,0.006666666666666667,6.852690667534868,0.0,0.0
281,11,6,6,8,128,15,26,0.27431335910223426,9.764049023389816,0.6173169154673814,3.4495711755007505,0.4196548163425177,0.08446330820475656,0.927988919429481,2.2553558988429227e-06,0.5354935897514224,46,256,6,0.25926089007407427,0.43653653522830765,3.9292066214698016,1,0.03874447110389055,0.9022222222222228,96.11111111111111,0.9611111111111111,0.8888888888888888,0.0,0.031111111111111114,4.940633172583249,0.0,4.625823205297346,0.11623341331167165,2.7066666666666683,88.33333333333333,0.8833333333333333,0.6666666666666666,0.0,0.02666666666666667,5.060852179303765,0.0,4.625823205297346,0.0,0.0,100.0,1.0,1.0,0.0,0.016666666666666666,3.715773670313259,0.0,0.0,0.0,0.0,100.0,1.0,1.0,0.0,0.049999999999999996,6.045273668132722,0.0,0.0
282,13,10,2,29,192,12,78,0.10883031734265387,7.085443397052586,0.5183045055717229,2.966946213040501,0.10499299084767699,0.0049478372426642,0.004159537330269814,1.1926456438597363e-05,0.056150095276534556,32,512,7,0.6450889315456152,2.942528813771687,8.264050862198475,5,0.013177380607652488,0.042666666666666166,98.66666666666667,0.9866666666666668,1.0,0.1111111111111111,0.005050505050505051,5.0757147804151925,0.0,0.4150963574623157,0.0,0.0,100.0,1.0,1.0,0.0,0.0,5.741025333603223,0.0,0.0,0.039532141822957466,0.1279999999999985,96.0,0.96,1.0,0.3333333333333333,0.015151515151515152,3.668494009673877,0.0,0.4150963574623157,0.0,0.0,100.0,1.0,1.0,0.0,0.0,5.817624997968475,0.0,0.0
283,3,6,7,17,64,5,49,0.4001681213732809,4.757954143919051,0.3275514369830489,1.8501793730538338,0.6008511793334037,0.020627588241529094,0.5108233124949038,0.0010671744910931444,0.6605664903111755,30,64,9,0.21243323441594836,0.07773015383343125,2.4516242617579787,2,0.38971582234907215,4.288586127186402,60.888888888888886,0.6088888888888889,0.2222222222222222,0.1111111111111111,0.015873015873015872,2.378317444799616,0.4367370388373386,5.736899626746903,0.4396910072266759,8.906666666666666,56.0,0.56,0.0,0.0,0.017857142857142856,2.27450476432707,0.4392635089625103,5.651251994648968,0.4361260595823187,2.9793333333333285,56.0,0.56,0.0,0.0,0.017857142857142856,1.5460249976188478,0.43580306712732597,5.736899626746903,0.29333040023822193,0.9797583815592111,70.66666666666667,0.7066666666666667,0.6666666666666666,0.3333333333333333,0.011904761904761904,3.31442257245293,0.21954824653730437,1.28622108194947
284,6,9,5,14,96,7,91,0.08177636656910181,6.005787900649011,0.611910007148981,2.127424626145512,0.558830097084865,0.0019394160756202852,0.745770322997123,0.002114387992806456,0.6498277049697936,26,64,6,0.47918509123846886,1.5095438100209275,1.8040043832592043,4,0.002146752366433351,0.0,99.77777777777777,0.9977777777777779,1.0,0.1111111111111111,0.004512471655328799,4.425898358508809,0.0,0.0,0.0,0.0,100.0,1.0,1.0,0.0,0.0,5.073570334352553,0.0,0.0,0.0,0.0,100.0,1.0,1.0,0.0,0.0033333333333333335,3.1880316658255956,0.0,0.0,0.006440257099300053,0.0,99.33333333333333,0.9933333333333333,1.0,0.3333333333333333,0.01020408163265306,5.016093075348279,0.0,0.0
285,14,7,4,25,192,13,35,0.47946157874539497,3.5882791532203555,0.05895630363374948,1.4867284286301583,0.1970295226201415,0.012749208685674711,0.23863955214619637,6.443744536661149e-05,0.15923079404979945,38,256,8,0.3950767991133034,0.180715351139479,5.281847458492055,3,0.09326324863443047,0.6264794625347693,90.66666666666667,0.9066666666666667,0.7777777777777778,0.1111111111111111,0.0723542128918473,4.172263413060547,0.0,2.3380456998663637,0.12300042276309468,1.5400000000000005,87.66666666666667,0.8766666666666666,0.6666666666666666,0.0,0.07878306878306877,4.5364162666604875,0.0,2.3380456998663637,0.0,0.0,100.0,1.0,1.0,0.0,0.04666666666666667,3.673896660717825,0.0,0.0,0.15678932314019675,0.3394383876043072,84.33333333333333,0.8433333333333334,0.6666666666666666,0.3333333333333333,0.09161290322580645,4.306477311803328,0.03572945554305179,1.28622108194947
286,10,11,7,4,96,10,68,0.3501132568344474,2.047858176752925,0.20166514087468385,1.0627580408472568,0.32741400436498225,0.0005553763617564538,0.6949003363028169,4.902142881796212e-06,0.4077974069491029,43,128,11,0.6928066126070916,2.6937704060700587,6.150873813266699,3,0.0,0.0,100.0,1.0,1.0,0.0,0.017777777777777778,4.091835227898425,0.0,0.0,0.0,0.0,100.0,1.0,1.0,0.0,0.01,4.698504677508026,0.0,0.0,0.0,0.0,100.0,1.0,1.0,0.0,0.01,2.7883926779031754,0.0,0.0,0.0,0.0,100.0,1.0,1.0,0.0,0.03333333333333333,4.788608328284075,0.0,0.0
287,6,5,1,18,32,4,13,0.18529700050130488,8.670935275033116,0.35964625924825666,3.5786721538752317,0.8169363637454808,0.04377956835297148,0.1928575555793941,0.0004099910750193617,0.30888018215075136,21,512,5,0.0768737786449492,0.10198574157593603,1.8904708123491647,2,0.5590479743400687,7.217403760006596,44.0,0.44,0.1111111111111111,0.0,0.032466440799774135,2.009102021608408,0.6102029709827398,13.536421670842282,0.623464093480497,13.10666666666667,37.666666666666664,0.37666666666666665,0.0,0.0,0.04326826826826827,1.6746250246451035,0.6159909932863203,9.023773346294323,0.636591352452785,5.888666666666661,36.0,0.36000000000000004,0.0,0.0,0.027777777777777776,1.3038407519666684,0.6359064840971533,13.536421670842282,0.41708847708692404,2.6568779466864605,58.333333333333336,0.5833333333333334,0.3333333333333333,0.0,0.02635327635327635,3.0488402882134515,0.3051014854913699,2.9329049666598626
288,6,9,3,27,192,5,73,0.26536004105582833,4.039388454519212,0.23764401059597728,2.9014672324992716,0.36983265453018244,0.0006434884889949189,0.7606958740390837,0.004135007576293156,0.6359230718016624,18,512,10,0.17480873772874472,0.053270997442345924,5.995786967561958,2,0.2103302016688454,1.4691935719713562,78.77777777777777,0.7877777777777778,0.6666666666666666,0.5555555555555556,0.011676919571656414,3.8339153333245113,0.23472834850422786,2.2671202004879336,0.23506702996558956,3.0299999999999994,76.33333333333333,0.7633333333333333,0.3333333333333333,0.3333333333333333,0.013100934153565733,4.021870175551171,0.23295998029359166,2.2671202004879336,0.23620251813019913,1.1019999999999954,76.0,0.7600000000000001,0.6666666666666666,0.6666666666666666,0.013157894736842105,2.8276346468677125,0.23546156854350425,1.5931725123246676,0.15972105691074745,0.2755807159140736,84.0,0.84,1.0,0.6666666666666666,0.008771929824561403,4.652241177554651,0.11966578304925526,0.4596604481053848
289,10,7,5,15,96,12,22,0.325586480461061,6.11638895701617,0.42843714393675325,1.6749336707871407,0.7576963835395872,0.03796834909241519,0.2533509638160467,2.552184628117194e-05,0.1673772784881294,44,128,8,0.6170667543075978,4.449497815363574,2.121486623191372,5,0.12127356038268321,0.7244846161961267,87.77777777777777,0.8777777777777778,0.7777777777777778,0.2222222222222222,0.050602827875789694,3.968739032884424,0.0,2.7649490469115108,0.0,0.0,100.0,1.0,1.0,0.0,0.03666666666666667,5.1909163206194835,0.0,0.0,0.22709552579867417,1.5896666666666632,77.0,0.77,0.3333333333333333,0.0,0.06272953625894802,2.3505811459066592,0.15803672521335005,2.7649490469115108,0.13672515534937543,0.5837871819217171,86.33333333333333,0.8633333333333333,1.0,0.6666666666666666,0.05241228070175439,4.36471963212713,0.02469802422738527,0.7783673705111724
290,14,11,2,23,32,15,92,0.39132444532588123,7.955639315769076,0.5273964714258909,0.2838803057093173,0.6173704208340496,0.002235707582090935,0.709862126968801,5.579893666357504e-06,0.4155493503622711,39,1024,5,0.2968213950283825,0.299262021782298,1.606613708253775,1,0.0,0.0,100.0,1.0,1.0,0.0,0.0,5.694160221092817,0.0,0.0,0.0,0.0,100.0,1.0,1.0,0.0,0.0,6.157631664536893,0.0,0.0,0.0,0.0,100.0,1.0,1.0,0.0,0.0,4.305124007320653,0.0,0.0,0.0,0.0,100.0,1.0,1.0,0.0,0.0,6.619724991420905,0.0,0.0
291,6,5,7,9,128,8,42,0.11404936257749797,1.0754138100892305,0.029129772447049614,3.3860895466059446,0.15489693377166985,0.010999051497955744,0.20763419857248663,0.00027407367186559875,0.2953238654136658,22,256,11,0.5545190761797131,0.7905024836690412,5.415650238926223,4,0.22664445148701073,1.2146045100935008,77.11111111111111,0.7711111111111111,0.7777777777777778,0.4444444444444444,0.035135887005607574,3.800463626889398,0.0,3.107817780479608,0.0,0.0,100.0,1.0,1.0,0.0,0.0,5.9212679928168654,0.0,0.0,0.3594710898680129,2.70366666666666,63.666666666666664,0.6366666666666667,0.3333333333333333,0.3333333333333333,0.054552392206097755,2.1739132873665685,0.29537905125306885,3.107817780479608,0.3204622645930193,0.9401468636138425,67.66666666666667,0.6766666666666666,1.0,1.0,0.050855268810724975,3.306209600484758,0.27538526850785544,0.8544427041764607
292,3,10,6,6,128,4,85,0.4741337498184294,9.10828522965312,0.4447388224303722,1.1142770175356418,0.16724272621795536,0.004268619257199504,0.44026599256321786,0.00019868182469803038,0.28429265327751635,28,128,4,0.13494161497801543,0.1487663378483021,8.059323694295752,2,0.0,0.0,100.0,1.0,1.0,0.0,0.015555555555555553,4.838850328750494,0.0,0.0,0.0,0.0,100.0,1.0,1.0,0.0,0.01,5.57643866011252,0.0,0.0,0.0,0.0,100.0,1.0,1.0,0.0,0.03666666666666667,3.3116076653823256,0.0,0.0,0.0,0.0,100.0,1.0,1.0,0.0,0.0,5.628504660756637,0.0,0.0
293,13,6,4,20,32,10,50,0.0905108163598925,2.173197016119957,0.28679774794727564,3.7550640534609556,0.5487835929263383,0.0237789388887779,0.9429609166458248,1.1461939885392683e-06,0.5190579850040377,36,512,10,0.7440920580178499,1.7808888677646495,2.7526431974629033,3,0.3606244434317293,3.8763639049641805,63.77777777777778,0.6377777777777778,0.2222222222222222,0.1111111111111111,0.03673242976971047,2.9547212677415193,0.3590141731338701,5.252474132123341,0.38601491540505184,7.906666666666669,61.333333333333336,0.6133333333333333,0.0,0.0,0.03790291701475912,2.935229623171793,0.3639068105947837,5.252474132123341,0.3958141621170989,2.7426666666666617,60.0,0.6,0.0,0.0,0.04805194805194805,2.141031658970368,0.3703933015961254,2.7649490469115108,0.3000442527730371,0.9797583815592111,70.0,0.7000000000000001,0.6666666666666666,0.3333333333333333,0.024242424242424242,3.7879025210823976,0.2246255260327458,1.28622108194947
294,11,10,8,12,64,13,64,0.17985908701084558,5.115473662503064,0.14403584916144607,2.305470554623753,0.8269025243818761,0.001052035066411408,0.018860289454460142,1.8025738523931745e-05,0.03934350287541747,50,64,9,0.33694475982338185,0.26368774863664884,1.2389633635415853,3,0.0,0.0,100.0,1.0,1.0,0.0,0.0,4.703373996696125,0.0,0.0,0.0,0.0,100.0,1.0,1.0,0.0,0.0,5.1782559921654565,0.0,0.0,0.0,0.0,100.0,1.0,1.0,0.0,0.0,3.3002336734595397,0.0,0.0,0.0,0.0,100.0,1.0,1.0,0.0,0.0,5.631632324463378,0.0,0.0
295,9,6,3,24,192,7,30,0.3587380646262318,7.291282185353339,0.6970349371433258,1.5403663504403085,0.35727610322646797,0.0978636675732269,0.5257445742376149,0.0009473243406995789,0.6715697679668665,14,256,7,0.42792107984423633,0.9982783914469939,4.031114363391641,4,0.22132983832928452,1.9318902923414465,77.88888888888889,0.7788888888888889,0.5555555555555556,0.0,0.038591601635079895,4.12921049359732,0.0,3.6133433543389253,0.30465436556654885,4.280000000000003,69.66666666666667,0.6966666666666667,0.3333333333333333,0.0,0.0394927536231884,3.981335114109541,0.15487172811545824,3.6133433543389253,0.15906125180573943,0.7416666666666665,84.0,0.84,0.6666666666666666,0.0,0.05128205128205129,3.502516865742226,0.0,2.405180717066831,0.20027389761556533,0.7740042103576705,80.0,0.7999999999999999,0.6666666666666666,0.0,0.024999999999999998,4.903779500940193,0.0,2.9329049666598626
296,8,12,7,18,96,9,76,0.45124441385269165,9.944066554307938,0.046311252843588585,1.2801070206332952,0.4469266915693879,0.017776360562788137,0.09139068438671528,3.857946664688724e-06,0.21237648667767645,37,256,5,0.2324246421456337,0.11055175930546875,3.1373575514678946,3,0.03489875706359391,0.02947630253025243,96.44444444444444,0.9644444444444444,1.0,0.3333333333333333,0.015254769125736867,4.805928238817504,0.0,0.6210045987715395,0.0,0.0,100.0,1.0,1.0,0.0,0.0,5.712308334962775,0.0,0.0,0.05192992718965969,0.055999999999996795,94.66666666666667,0.9466666666666667,1.0,0.3333333333333333,0.014603174603174604,3.4150330384542777,0.0,0.6210045987715395,0.05276634400112205,0.0324289075907605,94.66666666666667,0.9466666666666667,1.0,0.6666666666666666,0.031161132774036,5.290443343035459,0.0347819707615493,0.1740774609138528
297,11,4,2,5,192,14,48,0.05351779675111175,3.0243653021752834,0.5978949238546192,2.389892727136612,0.6974189774598927,0.005244375579233643,0.5347397735808045,0.0003922967079325277,0.49845157962292436,26,1024,11,0.4887125806882977,2.353168223119466,9.183180319703835,4,0.0,0.0,100.0,1.0,1.0,0.0,0.021111111111111112,6.051547114426891,0.0,0.0,0.0,0.0,100.0,1.0,1.0,0.0,0.03,6.68443099828437,0.0,0.0,0.0,0.0,100.0,1.0,1.0,0.0,0.01,4.633465348742902,0.0,0.0,0.0,0.0,100.0,1.0,1.0,0.0,0.023333333333333334,6.836744996253401,0.0,0.0
298,12,8,6,26,96,11,57,0.21333649419248107,4.859218799509108,0.3688788813538849,3.7804904100485146,0.6782665857113898,0.06200200280922182,0.39739402276463803,0.0018094136695198768,0.06428585540503264,21,64,8,0.1958612035959959,0.1994493103936583,3.5348512076242096,2,0.010998334548734476,0.011999999999999665,98.88888888888889,0.9888888888888889,1.0,0.1111111111111111,0.0012345679012345679,4.9951120651683505,0.0,0.11674585053627443,0.0,0.0,100.0,1.0,1.0,0.0,0.0,5.770926001326491,0.0,0.0,0.032995003646203426,0.03599999999999899,96.66666666666667,0.9666666666666667,1.0,0.3333333333333333,0.003703703703703704,3.452704189327994,0.0,0.11674585053627443,0.0,0.0,100.0,1.0,1.0,0.0,0.0,5.761706004850566,0.0,0.0
299,4,8,4,13,32,6,27,0.3781117613427341,6.98448880482465,0.20952238468453288,0.7959369241725653,0.07759157740511,0.0015251619383005901,0.8449323523323983,5.869035705990718e-05,0.7391500094719231,42,512,6,0.6394438525661826,1.34261455040607,1.086735954372632,3,0.3444165961976323,4.421127368317535,65.44444444444444,0.6544444444444444,0.2222222222222222,0.0,0.07895567917688436,3.1277142032270815,0.30792277994364864,6.258946796487252,0.4488813878313575,9.53666666666667,55.0,0.5499999999999999,0.0,0.0,0.1066137566137566,2.804705199832343,0.38404443694676393,6.258946796487252,0.2442086921282758,2.2246666666666637,75.33333333333333,0.7533333333333333,0.3333333333333333,0.0,0.07562674802949403,2.8968795299966446,0.15396138997182432,1.4907941244944822,0.3401597086332637,1.5020487716192688,66.0,0.66,0.3333333333333333,0.0,0.054626532887402456,3.681557879852258,0.24010050717498246,1.5513867594322515
300,5,9,1,16,64,7,69,0.24610306066460907,3.7683020485565066,0.6251743496395648,3.184466910082847,0.22462078812532127,0.030833854420655872,0.604876460833475,1.3320513295232053e-05,0.5661748739518225,45,256,9,0.3562882426194846,0.07038652432250976,2.419324900744275,1,0.15160049912024837,1.1499909061962819,84.77777777777777,0.8477777777777777,0.7777777777777778,0.3333333333333333,0.0,4.030284405905178,0.0,3.2471911662801576,0.24931711666233958,2.8866666666666667,75.0,0.75,0.6666666666666666,0.6666666666666666,0.0,3.8887514123376925,0.21910394687805113,3.2471911662801576,0.10264092664788288,0.44199999999999795,89.66666666666667,0.8966666666666666,0.6666666666666666,0.0,0.0,3.1298841859533444,0.0,1.4333796093620694,0.10284345405052266,0.12130605192218018,89.66666666666667,0.8966666666666666,1.0,0.3333333333333333,0.0,5.072217619424497,0.0,0.4596604481053848
301,15,7,6,29,128,12,15,0.29222581642679873,5.825525752268732,0.12823728462681175,0.6613427817355841,0.4812284104526043,0.0008588214312363803,0.15687739257700742,0.0012686693413364776,0.1446029043570161,15,64,7,0.45132357003167267,3.3066547481184703,6.835663983547246,4,0.0,0.0,100.0,1.0,1.0,0.0,0.0,5.02804367389116,0.0,0.0,0.0,0.0,100.0,1.0,1.0,0.0,0.0,5.7078856726487475,0.0,0.0,0.0,0.0,100.0,1.0,1.0,0.0,0.0,3.690615342153857,0.0,0.0,0.0,0.0,100.0,1.0,1.0,0.0,0.0,5.685630006870876,0.0,0.0
302,9,11,3,8,128,10,90,0.42820074860937896,8.772194566205144,0.3135365388356149,2.110473334090784,0.8938378334511071,0.007569911634718743,0.7766481752041727,8.13433586539721e-05,0.43976904664188626,29,1024,6,0.07157025402411818,0.40247072612318296,4.751564150470203,2,0.0,0.0,100.0,1.0,1.0,0.0,0.04666666666666666,5.891095771350795,0.0,0.0,0.0,0.0,100.0,1.0,1.0,0.0,0.02,6.579415996869405,0.0,0.0,0.0,0.0,100.0,1.0,1.0,0.0,0.06333333333333334,4.433097993023694,0.0,0.0,0.0,0.0,100.0,1.0,1.0,0.0,0.056666666666666664,6.660773324159284,0.0,0.0
303,7,5,5,21,64,4,34,0.13682195539586245,1.946906803175807,0.5056593113578856,2.7588368356227875,0.3001082460395992,0.0035208869905155446,0.33376619494520127,2.8171526893439857e-06,0.3636267631687224,31,128,12,0.6765765794552863,0.5979476598392972,1.409992723143104,5,0.19352653561883681,1.4475569590081128,80.66666666666667,0.8066666666666666,0.6666666666666666,0.1111111111111111,0.03762469657818495,4.051492571452229,0.0,3.8547750278922823,0.19167640340946665,2.3800000000000003,81.0,0.81,0.6666666666666666,0.0,0.037674418604651164,4.675043562080624,0.0,3.6133433543389253,0.19875939576203785,1.1886666666666676,80.0,0.7999999999999999,0.6666666666666666,0.3333333333333333,0.04419191919191919,2.834824888824104,0.018887853269827868,3.8547750278922823,0.19014380768500597,0.7740042103576705,81.0,0.81,0.6666666666666666,0.0,0.031007751937984496,4.644609263451957,0.0,2.9329049666598626
304,7,11,2,11,96,12,19,0.4385700232349336,2.9219789803028107,0.28124092537909745,2.625256037339568,0.19375267820432784,0.07787306333788648,0.4631291820667684,0.0004825757686672106,0.619306463226676,40,64,5,0.15179886007681487,2.6082060636887534,1.314382823013622,5,0.3388701215869532,3.7351925993249164,66.0,0.6599999999999999,0.3333333333333333,0.1111111111111111,0.3277377275782202,2.448632357164426,0.30870834363882926,6.106545221253793,0.39590995804645984,7.900000000000003,60.333333333333336,0.6033333333333334,0.0,0.0,0.3569950980164965,2.3615866244911827,0.3593331206446015,5.913306018594387,0.2871827268051677,2.2399999999999958,71.0,0.71,0.3333333333333333,0.0,0.43320754716981136,2.028128875920303,0.19744231808081134,6.106545221253793,0.3335176799092318,1.0655777979747503,66.66666666666667,0.6666666666666666,0.6666666666666666,0.3333333333333333,0.1930105375483527,2.956181571081793,0.24492315787995317,1.298774281893203
305,9,5,8,25,32,7,75,0.15425146967172623,9.484622355550528,0.47200008034706115,1.9841020901221782,0.5753973110113293,0.0013208085801751143,0.9071595018729567,3.1698642349330233e-06,0.18399972578510643,23,512,11,0.5968339658342302,0.091880853229988,3.847917547927665,2,0.010615804829660166,0.0,98.88888888888889,0.9888888888888889,1.0,0.1111111111111111,0.0012345679012345679,5.656670677636601,0.0,0.0,0.0,0.0,100.0,1.0,1.0,0.0,0.0,6.457649674266577,0.0,0.0,0.0318474144889805,0.0,96.66666666666667,0.9666666666666667,1.0,0.3333333333333333,0.003703703703703704,4.1463680264402045,0.0,0.0,0.0,0.0,100.0,1.0,1.0,0.0,0.0,6.36599433220302,0.0,0.0
306,15,9,4,7,96,4,39,0.22867507440969348,6.801623069681227,0.6584943823516368,0.5644402417819947,0.8002878880128265,0.022315020874830567,0.057459629699587816,4.204479608682022e-05,0.39748160710558295,18,128,10,0.27655123295262457,1.4484305716129098,8.401549539142438,4,0.0010553066986823817,0.0,99.88888888888889,0.9988888888888889,1.0,0.1111111111111111,0.027946127946127948,4.760861625674355,0.0,0.0,0.0,0.0,100.0,1.0,1.0,0.0,0.03,5.257783661751698,0.0,0.0,0.0,0.0,100.0,1.0,1.0,0.0,0.0033333333333333335,3.689781333475063,0.0,0.0,0.003165920096047145,0.0,99.66666666666667,0.9966666666666667,1.0,0.3333333333333333,0.050505050505050504,5.335019881796305,0.0,0.0
307,5,7,6,19,192,9,95,0.2818550121039152,4.479704697616398,0.16018837485462425,3.0798966051079333,0.3307652202900499,0.004532350709419241,0.5037948497571051,0.002510666241225494,0.31338580302894115,44,1024,8,0.5315572532825171,0.1613660807249285,2.5817730546895548,1,0.0,0.0,100.0,1.0,1.0,0.0,0.0011111111111111111,6.583949663779801,0.0,0.0,0.0,0.0,100.0,1.0,1.0,0.0,0.0033333333333333335,7.361568997148424,0.0,0.0,0.0,0.0,100.0,1.0,1.0,0.0,0.0,5.199447661483039,0.0,0.0,0.0,0.0,100.0,1.0,1.0,0.0,0.0,7.1908323327079415,0.0,0.0
308,4,8,7,22,192,14,52,0.20250043976120652,5.72823294531554,0.4008398365229368,0.8967882904689759,0.3964467715937644,0.011686759200961672,0.7368823145516217,0.0015601695421343048,0.25465962573885914,48,1024,9,0.11440978553146124,3.0650683556739877,1.7666840457281132,3,0.0,0.0,100.0,1.0,1.0,0.0,0.035555555555555556,6.041328558284375,0.0,0.0,0.0,0.0,100.0,1.0,1.0,0.0,0.0,6.855568666942418,0.0,0.0,0.0,0.0,100.0,1.0,1.0,0.0,0.09333333333333334,4.616613672114909,0.0,0.0,0.0,0.0,100.0,1.0,1.0,0.0,0.013333333333333334,6.6518033357958,0.0,0.0
309,12,8,1,10,64,9,82,0.3602700133342296,3.302974692545831,0.2428539564833045,3.888322448823601,0.7842067471705377,0.002096648908181335,0.29008644074201584,1.0942262242174498e-05,0.5486851958744228,12,128,7,0.7206976693123579,0.0869987827304001,4.993552022212903,2,0.13591662557502987,0.39982818131663167,86.22222222222223,0.8622222222222222,1.0,0.8888888888888888,0.011838300304697865,3.3652747883322696,0.14875520769547676,0.6210045987715395,0.13199055153582628,0.46666666666666706,86.66666666666667,0.8666666666666667,1.0,1.0,0.015482389917727176,3.7966197649087756,0.11406465203651786,0.3137637086400738,0.1628618432719925,0.5936666666666628,83.33333333333333,0.8333333333333334,1.0,1.0,0.012000382482310194,2.3111989867147167,0.16048905695540727,0.6210045987715395,0.11289748191727084,0.13915121061656527,88.66666666666667,0.8866666666666667,1.0,0.6666666666666666,0.008032128514056226,3.988005613373316,0.08463763711175623,0.1592044617920802
310,12,12,5,28,32,5,33,0.4690842583309859,1.7669469732791185,0.012640529684722422,2.5273080226033926,0.5908591389190406,0.04763525426259661,0.6722131850197911,2.0175726109687235e-06,0.011161610018461943,26,256,4,0.31368389595299956,0.5394780740154783,6.47742379910534,4,0.0,0.0,100.0,1.0,1.0,0.0,0.0,4.396967887619717,0.0,0.0,0.0,0.0,100.0,1.0,1.0,0.0,0.0,4.99093133257702,0.0,0.0,0.0,0.0,100.0,1.0,1.0,0.0,0.0,3.190171328218033,0.0,0.0,0.0,0.0,100.0,1.0,1.0,0.0,0.0,5.009801002064099,0.0,0.0
311,8,4,3,14,128,11,62,0.06435575638897717,8.388984916731715,0.5655894819647074,1.4100834329146892,0.12828188575804234,0.0005123898853593313,0.22864983258768914,0.00011284288333471298,0.6997574885189534,34,64,10,0.4072664067149162,0.4842575453795818,1.9219312403231508,3,0.0,0.0,100.0,1.0,1.0,0.0,0.005555555555555556,4.646608781379958,0.0,0.0,0.0,0.0,100.0,1.0,1.0,0.0,0.0,5.32648634010305,0.0,0.0,0.0,0.0,100.0,1.0,1.0,0.0,0.0,3.3068153339748583,0.0,0.0,0.0,0.0,100.0,1.0,1.0,0.0,0.016666666666666666,5.3065246700619655,0.0,0.0
312,9,10,5,9,32,10,45,0.1691672256216407,6.579955375753343,0.08986820196732878,1.4432345374953002,0.2511315507348627,0.00280435960346468,0.6255433026235551,3.5636388684642105e-05,0.23043840775266292,20,1024,8,0.2527855835855007,4.0509810462801035,4.302379603598811,4,0.0,0.0,100.0,1.0,1.0,0.0,0.022222222222222223,5.146076885931608,0.0,0.0,0.0,0.0,100.0,1.0,1.0,0.0,0.0,5.694066011346877,0.0,0.0,0.0,0.0,100.0,1.0,1.0,0.0,0.02,3.8756343287726245,0.0,0.0,0.0,0.0,100.0,1.0,1.0,0.0,0.04666666666666667,5.868530317675322,0.0,0.0
313,11,6,3,20,96,3,79,0.34098558137193324,4.139300505630672,0.6414978676475585,2.2011287403292954,0.5078429391607642,0.009512974236241627,0.11934349727816879,0.0029807383111206697,0.4803838198259473,41,256,6,0.5119360605254769,0.06467056620341209,1.5225705049468958,3,0.04059580526048998,0.04434484767660902,95.88888888888889,0.958888888888889,1.0,0.3333333333333333,0.008882574942241738,4.495302367416488,0.0,0.13157832942970546,0.042618190370931404,0.08666666666666453,95.66666666666667,0.9566666666666667,1.0,0.3333333333333333,0.011494252873563218,5.0775078385693675,0.0,0.13157832942970546,0.03633278131132197,0.03599999999999899,96.33333333333333,0.9633333333333334,1.0,0.3333333333333333,0.00749063670411985,3.346291957597496,0.0,0.11674585053627443,0.04283644409921658,0.010367876363163536,95.66666666666667,0.9566666666666667,1.0,0.3333333333333333,0.007662835249042145,5.062107306082601,0.0,0.03928660293099189
314,13,10,7,15,192,6,24,0.491884327866137,1.4606980811804533,0.4999314964748919,3.6212538704276085,0.8672240077052266,0.0008088315197222965,0.8132686054799705,0.0002228658786525071,0.08090828616172074,36,512,5,0.21895117945969106,0.7261387302712762,2.2294555216214955,3,0.0,0.0,100.0,1.0,1.0,0.0,0.03888888888888889,4.833014115122044,0.0,0.0,0.0,0.0,100.0,1.0,1.0,0.0,0.0033333333333333335,5.479698670872797,0.0,0.0,0.0,0.0,100.0,1.0,1.0,0.0,0.09666666666666668,3.6064683405372002,0.0,0.0,0.0,0.0,100.0,1.0,1.0,0.0,0.016666666666666666,5.412875333956133,0.0,0.0
315,3,6,1,30,96,13,60,0.1012045812793076,8.133284198120236,0.34062632462009784,0.988134152488783,0.2735981737263501,0.032855968477706624,0.3103014276828617,6.792664273327795e-06,0.7225333843566477,25,128,11,0.6599276168271899,0.36660428112517585,7.511797498129257,2,0.345015848468105,3.9352218413871434,65.33333333333333,0.6533333333333333,0.3333333333333333,0.2222222222222222,0.014571948998178506,2.8207601944344263,0.386315280007917,5.252474132123341,0.38901666502421256,8.210000000000003,61.0,0.61,0.0,0.0,0.01639344262295082,2.76319563638195,0.3889531744062995,5.252474132123341,0.3862367106508373,2.7449999999999957,61.0,0.61,0.0,0.0,0.01639344262295082,1.9217513633963188,0.38565857229739775,4.609480563500889,0.2597941697292652,0.8506655241614314,74.0,0.7399999999999999,1.0,0.6666666666666666,0.01092896174863388,3.7773335835250106,0.19431730360003072,0.8413625384561836
316,6,11,4,27,64,11,17,0.40160445519723,2.6305616311728954,0.5812352103181183,3.5232754573225975,0.4735416192561388,0.0016262840708531191,0.06978796846233308,1.599971481474736e-06,0.5943625889904797,31,64,6,0.3798108260147273,1.9387502069862492,3.317146864568268,4,0.2734153195785018,3.2894458478970017,72.66666666666667,0.7266666666666667,0.5555555555555556,0.1111111111111111,0.03622402890695573,2.90379238670237,0.0,8.921230467359159,0.4274100493430781,7.726666666666667,57.333333333333336,0.5733333333333334,0.3333333333333333,0.3333333333333333,0.05989159891598916,2.283588206848128,0.3437287779183947,8.921230467359159,0.19582603507156818,1.367666666666667,80.33333333333333,0.8033333333333333,0.6666666666666666,0.0,0.024390243902439022,2.489469560048717,0.0,4.435261340280995,0.19700987432085915,0.7740042103576705,80.33333333333333,0.8033333333333333,0.6666666666666666,0.0,0.024390243902439022,3.9383193932102643,0.0,2.9329049666598626
317,14,5,6,12,128,5,67,0.13133468381129204,9.212991461157799,0.08433360485360025,0.41408509691245854,0.7239301517140121,0.058352305594973064,0.5732222268823534,0.00014318825934449847,0.11642100598663091,33,256,12,0.47206904338672756,0.12143901583670152,1.1333926890471222,1,0.07654134763931097,0.13873950294286938,92.22222222222223,0.9222222222222223,0.8888888888888888,0.3333333333333333,0.0,4.167136375121542,0.0,2.095890520854048,0.0,0.0,100.0,1.0,1.0,0.0,0.0,5.318767994176596,0.0,0.0,0.09198960691161061,0.18899999999999845,90.66666666666667,0.9066666666666666,0.6666666666666666,0.0,0.0,2.9970692064078457,0.0,2.095890520854048,0.1376344360063223,0.22721850882860967,86.0,0.86,1.0,1.0,0.0,4.1855719247801835,0.10930379329994881,0.6464073177679052
318,10,9,2,17,128,8,36,0.24807624951936308,7.6725715743377805,0.1820957357995212,1.7755557640921324,0.6517561144195497,0.0065860524192360576,0.3617094949353486,0.0007701019704947681,0.4693962519988418,47,128,9,0.092353121843189,1.0964927520279786,2.996532605687728,5,0.0,0.0,100.0,1.0,1.0,0.0,0.2088888888888889,4.534911333790256,0.0,0.0,0.0,0.0,100.0,1.0,1.0,0.0,0.15333333333333332,5.180592665759225,0.0,0.0,0.0,0.0,100.0,1.0,1.0,0.0,0.24,3.2533570060816905,0.0,0.0,0.0,0.0,100.0,1.0,1.0,0.0,0.2333333333333333,5.170784329529852,0.0,0.0
319,6,7,8,5,64,14,88,0.31530494256876407,5.295705803669989,0.3742592980153858,3.009527761954814,0.05097734001465142,0.014168609767294484,0.8674485332798212,2.193856609640237e-05,0.3339937301166356,16,512,7,0.7000510872341692,0.21720594281966238,9.748566891606181,2,0.011781702150887795,0.0001593664121039377,98.77777777777777,0.9877777777777779,1.0,0.4444444444444444,0.004570692607634188,4.6955683907256205,0.0,0.0018116434070652306,0.0,0.0,100.0,1.0,1.0,0.0,0.0,5.446758992814769,0.0,0.0,0.019000175543864184,0.0,98.0,0.98,1.0,0.6666666666666666,0.006872852233676976,3.3472536502588426,0.01417147496185855,0.0,0.0163449309087992,0.00047809923631181306,98.33333333333333,0.9833333333333334,1.0,0.6666666666666666,0.006839225589225589,5.29269252910325,0.0049686287048635175,0.0018116434070652306
320,6,10,3,21,64,11,85,0.27559931739233434,1.012639557942748,0.21750670317560433,2.0368157185148448,0.6042194555513561,0.0007660415800425893,0.5699692145455628,0.0011617726718199694,0.1109464294835925,40,1024,8,0.36833609091117975,0.9823786433555157,5.621178178256901,2,0.0063845113015320205,0.0,99.33333333333333,0.9933333333333333,1.0,0.1111111111111111,0.002364066193853428,5.562104070212374,0.0,0.0,0.0,0.0,100.0,1.0,1.0,0.0,0.0,6.218076999454449,0.0,0.0,0.01915353390459606,0.0,98.0,0.98,1.0,0.3333333333333333,0.0070921985815602835,4.204159532409452,0.0,0.0,0.0,0.0,100.0,1.0,1.0,0.0,0.0,6.264075678773224,0.0,0.0
321,10,6,8,9,192,6,52,0.229437123099342,8.018104577437043,0.3658609427511692,2.7950455327518284,0.11513158385641872,0.03243418868603599,0.06376431654207408,1.3947499676918772e-05,0.5999216863699257,24,128,6,0.4620049010030925,0.27886676220400763,1.668288557033174,3,0.16659077738906597,1.0454430468891143,83.22222222222223,0.8322222222222222,0.6666666666666666,0.2222222222222222,0.02210409871462003,3.8263213367996807,0.0,4.147423570367287,0.0,0.0,100.0,1.0,1.0,0.0,0.006666666666666667,5.306349004774044,0.0,0.0,0.3530576820196964,2.505333333333328,64.33333333333333,0.6433333333333333,0.0,0.0,0.03117280807943673,1.9922498927903767,0.33708559073610533,4.147423570367287,0.14671465014750157,0.6309958073340154,85.33333333333333,0.8533333333333334,1.0,0.6666666666666666,0.028472821397756688,4.180365112834622,0.02469802422738527,0.8413625384561836
322,14,10,4,30,96,8,64,0.15019289306364952,6.201101600192487,0.5947604939341544,3.2773897014558315,0.40975358709692955,0.002669913306706173,0.8688477826770394,2.6933148608093423e-06,0.3515596437640488,19,512,5,0.059691992495208984,1.744779299306815,2.0346435643558394,3,0.08940745703925604,0.25665757286294805,91.0,0.9099999999999999,0.8888888888888888,0.2222222222222222,0.009184708057493888,4.27172867615089,0.0,1.4333796093620694,0.06273799041936258,0.2066666666666661,93.66666666666667,0.9366666666666666,1.0,0.3333333333333333,0.008230452674897118,4.927971395453124,0.0,0.3137637086400738,0.10264092664788288,0.44199999999999795,89.66666666666667,0.8966666666666666,0.6666666666666666,0.0,0.00966183574879227,3.22582060335078,0.0,1.4333796093620694,0.10284345405052266,0.12130605192218018,89.66666666666667,0.8966666666666666,1.0,0.3333333333333333,0.00966183574879227,4.6613940296487675,0.0,0.4596604481053848
323,6,6,6,16,32,14,28,0.4415287340525538,3.9549161372706294,0.05404957104474306,0.6443782777059823,0.7711067039053887,0.009439280287860246,0.36587551929987966,8.873546879734352e-05,0.4517458395287395,45,64,11,0.6660675003193319,0.15661335217928052,5.7496078814474725,4,0.02299424723274129,0.019669057642427188,97.66666666666667,0.9766666666666666,1.0,0.3333333333333333,0.03895808430950673,4.358277011859828,0.0,0.31674883929215086,0.0,0.0,100.0,1.0,1.0,0.0,0.02,5.200396995836248,0.0,0.0,0.01915353390459606,0.0,98.0,0.98,1.0,0.3333333333333333,0.027304964539007093,3.0741436050788677,0.0,0.0,0.04982920779362782,0.05900717292728156,95.0,0.9500000000000001,1.0,0.6666666666666666,0.06956928838951311,4.800290434664366,0.019813680534129272,0.31674883929215086
324,3,11,7,12,32,9,70,0.07040474833920599,7.206530985422432,0.5134513456374407,3.882538076490164,0.8135428252164275,0.00695386261805572,0.1327880120370537,0.000365850751371558,0.4855855366960168,48,64,6,0.24378821346908808,0.8064073243275367,4.147677560702054,2,0.03970977492691345,0.08310201730739289,96.0,0.9600000000000001,1.0,0.2222222222222222,0.004942362873397357,4.142838889792027,0.0,0.4596604481053848,0.0,0.0,100.0,1.0,1.0,0.0,0.006666666666666667,5.12930500941972,0.0,0.0,0.042743096923959556,0.1279999999999985,95.66666666666667,0.9566666666666667,1.0,0.3333333333333333,0.0038314176245210726,2.803778498838531,0.0,0.4150963574623157,0.0763862278567808,0.12130605192218018,92.33333333333333,0.9233333333333333,1.0,0.3333333333333333,0.004329004329004329,4.4954331611178295,0.0,0.4596604481053848
325,13,5,2,26,128,4,21,0.4680884936824441,5.199915871955454,0.3103690458461642,0.7734560102690011,0.317302016261965,0.01435271123772251,0.6362210141029209,4.10502392572127e-06,0.22533285612240433,13,512,12,0.4987109594047069,0.2841085512409929,1.274953484213263,5,0.002146752366433351,0.0,99.77777777777777,0.9977777777777779,1.0,0.1111111111111111,0.037981859410430835,5.16399170289475,0.0,0.0,0.0,0.0,100.0,1.0,1.0,0.0,0.04,5.793637668248266,0.0,0.0,0.0,0.0,100.0,1.0,1.0,0.0,0.02,3.9621916615093746,0.0,0.0,0.006440257099300053,0.0,99.33333333333333,0.9933333333333333,1.0,0.3333333333333333,0.053945578231292514,5.736145778926609,0.0,0.0
326,11,9,5,5,192,7,94,0.36500049838796256,2.235941294580698,0.12525237258523703,1.1972601569723338,0.20695735677145422,0.0017081940412187024,0.29871070417575535,5.510044896631627e-05,0.7045139470137656,27,128,9,0.1846671773120761,4.518981558496523,2.663923747239147,1,0.0,0.0,100.0,1.0,1.0,0.0,0.022222222222222223,4.339975888271713,0.0,0.0,0.0,0.0,100.0,1.0,1.0,0.0,0.02,4.952124339373161,0.0,0.0,0.0,0.0,100.0,1.0,1.0,0.0,0.02666666666666667,3.104305328646054,0.0,0.0,0.0,0.0,100.0,1.0,1.0,0.0,0.02,4.9634979967959225,0.0,0.0
327,9,7,3,17,64,12,43,0.20018571224063636,9.045781277120113,0.6331049051135778,2.431567766238004,0.5619876081123948,0.05880840982234204,0.8044484932441264,0.0019422302772174002,0.09883158031851053,34,1024,7,0.6296176839619875,0.05034298146068569,7.796281431501469,4,0.037486818238087895,0.1689999999999994,96.22222222222223,0.9622222222222222,0.8888888888888888,0.0,0.008383838383838384,5.2975541608947445,0.0,1.6441707283859048,0.0,0.0,100.0,1.0,1.0,0.0,0.0,6.114097330719233,0.0,0.0,0.11246045471426369,0.5069999999999981,88.66666666666667,0.8866666666666667,0.6666666666666666,0.0,0.015151515151515152,3.64665281248627,0.0,1.6441707283859048,0.0,0.0,100.0,1.0,1.0,0.0,0.01,6.131912339478731,0.0,0.0
328,8,11,5,25,192,15,68,0.10372422789223493,6.9151226887479424,0.026112523581832647,2.281157622113824,0.6383439305704087,0.020809165475465102,0.2886873187497258,1.2620993482846589e-06,0.5546114325337111,19,128,5,0.12511413209140299,0.5994418354160277,1.1179964585489295,1,0.2154556714243498,0.859888888802996,78.22222222222223,0.7822222222222223,0.7777777777777778,0.5555555555555556,0.0,3.319750338157547,0.2739152793091389,2.095890520854048,0.09276634915105969,0.6399999999999999,90.66666666666667,0.9066666666666666,1.0,0.3333333333333333,0.0,4.596222326099114,0.0,0.9716553557886181,0.27620374757490856,1.5436666666666619,72.0,0.7200000000000001,0.3333333333333333,0.3333333333333333,0.0,2.1668953618414144,0.27547989280998064,2.095890520854048,0.2773969175470812,0.3959999997423261,72.0,0.7200000000000001,1.0,1.0,0.0,3.1961333265321126,0.2759848998112021,0.6464073177679052
329,12,5,3,11,96,8,12,0.48738666023127736,4.9282759251073,0.5353801445104182,1.6405840378720313,0.06417953446507454,0.004405298726686976,0.7327161627821623,0.0001913432940406505,0.24882953226566315,41,512,11,0.7328993877395987,0.37548945380808213,3.638065293898814,4,0.08081081442751376,0.5867159386879095,91.88888888888889,0.9188888888888889,0.8888888888888888,0.1111111111111111,0.052451061483319544,4.288613152462857,0.0,2.3380456998663637,0.12640776441856572,1.5400000000000005,87.33333333333333,0.8733333333333334,0.6666666666666666,0.0,0.060430107526881716,4.617833220625236,0.0,2.3380456998663637,0.0,0.0,100.0,1.0,1.0,0.0,0.02,3.5889163341683648,0.0,0.0,0.11602467886397555,0.22014781606372788,88.33333333333333,0.8833333333333333,1.0,0.3333333333333333,0.07692307692307693,4.659089902594972,0.0,0.834197817650451
330,12,9,6,19,32,5,91,0.34218669426627457,3.1068806126713753,0.4361761518754065,1.1577836002688855,0.4600791767705232,0.07224550473642918,0.23190297232940793,0.0009826359793785647,0.6824625709652901,36,256,10,0.3469418242573738,3.421166176947673,8.88590170356442,2,0.03018141003235472,0.0009625315189702258,96.88888888888889,0.9688888888888888,1.0,0.5555555555555556,0.005885539795114263,4.249575753895151,0.0,0.010941853163498598,0.0,0.0,100.0,1.0,1.0,0.0,0.0,5.049650991956393,0.0,0.0,0.050915375338089985,0.0,94.66666666666667,0.9466666666666667,1.0,1.0,0.010564420803782506,3.004133478539113,0.04764276215024089,0.0,0.03962885475897417,0.0028875945569106776,96.0,0.96,1.0,0.6666666666666666,0.0070921985815602835,4.694942791189946,0.029551571167517193,0.010941853163498598
331,4,7,1,7,96,11,35,0.1633506219368428,9.86179156973958,0.23450893526896832,3.6740476437844336,0.7371858472935856,0.0012770930933079516,0.6782367095351219,1.6387344324845872e-05,0.028360362332314253,24,1024,8,0.43928600717335936,0.0677634139555843,3.0354032921909875,5,0.0,0.0,100.0,1.0,1.0,0.0,0.011111111111111112,5.393862773974736,0.0,0.0,0.0,0.0,100.0,1.0,1.0,0.0,0.0,6.1166553300184505,0.0,0.0,0.0,0.0,100.0,1.0,1.0,0.0,0.03333333333333333,3.9900296569491425,0.0,0.0,0.0,0.0,100.0,1.0,1.0,0.0,0.0,6.074903334956616,0.0,0.0
332,5,8,4,10,128,13,78,0.3125511508435011,1.8643528018146753,0.6938681756146252,0.31825843709520996,0.8541247228160501,0.05108284758837877,0.9187501262873411,2.759690395526091e-05,0.17780435657128693,30,512,9,0.16429830258712172,1.298402128386336,1.4637169104296965,3,0.0,0.0,100.0,1.0,1.0,0.0,0.0011111111111111111,4.924727551276899,0.0,0.0,0.0,0.0,100.0,1.0,1.0,0.0,0.0033333333333333335,5.601878327627976,0.0,0.0,0.0,0.0,100.0,1.0,1.0,0.0,0.0,3.5501999904712043,0.0,0.0,0.0,0.0,100.0,1.0,1.0,0.0,0.0,5.622104335731517,0.0,0.0
333,15,8,6,22,64,6,48,0.2523676435463131,8.85443957708776,0.1518272797577083,3.3106002756394446,0.28690575077198444,0.0005271727390277266,0.4719493933953345,0.0039184824743483315,0.6255863312631845,33,128,7,0.6051898070611059,0.20728690914588413,4.933246585958949,4,0.3438210261230003,3.6884750160752926,65.44444444444444,0.6544444444444445,0.2222222222222222,0.1111111111111111,0.04742729161642109,2.2671509850145606,0.348700239935015,4.625823205297346,0.3589495672867798,7.460000000000004,64.0,0.64,0.0,0.0,0.05715467328370555,2.3288404608123785,0.34881270430232114,4.625823205297346,0.3791831108439993,2.6256666666666635,61.666666666666664,0.6166666666666667,0.0,0.0,0.04941291585127202,1.5852143261081977,0.3504061468473296,2.2030374388234573,0.29333040023822193,0.9797583815592111,70.66666666666667,0.7066666666666667,0.6666666666666666,0.3333333333333333,0.03571428571428571,2.887398168123106,0.21954824653730437,1.28622108194947
334,9,12,2,14,64,3,55,0.1307779833674431,5.894861760549247,0.29472903488203883,2.886332819238305,0.23797876471653578,0.012596967221201797,0.49035023590549826,0.0002895187181591703,0.3302309239655733,47,256,4,0.3075013699941337,2.34862776435317,6.5568043269185825,2,0.23649503611542183,2.1861416827419586,76.22222222222223,0.7622222222222222,0.5555555555555556,0.3333333333333333,0.05532150948986424,2.916209406804587,0.09898501093861028,3.94220401239626,0.2329191099572423,3.8466666666666685,76.66666666666667,0.7666666666666666,0.3333333333333333,0.0,0.018987982289690068,3.3757680489541464,0.1597670183080149,3.94220401239626,0.1965506506817407,1.7319999999999964,80.0,0.7999999999999999,0.6666666666666666,0.6666666666666666,0.1354788754494041,2.3183700703863477,0.10232504372917181,1.4127420760916292,0.2800153477072825,0.9797583815592111,72.0,0.7200000000000001,0.6666666666666666,0.3333333333333333,0.01149767073049856,3.054490101073268,0.20461290071860802,1.28622108194947
335,7,4,7,28,128,10,26,0.4080925381742418,3.6992063662037253,0.4417533067055046,1.769688592525199,0.5212007748428732,0.0021683942016754686,0.04678201731294393,5.154976872558498e-06,0.3805519652925432,16,64,10,0.5665682387538254,0.11856196780383134,2.3196515577670684,3,0.3882521320952224,3.952919460519736,61.111111111111114,0.6111111111111112,0.3333333333333333,0.1111111111111111,0.03547253357235961,2.655951765146417,0.440894707640057,8.505545129603506,0.36117576443638705,7.3033333333333355,64.0,0.64,0.3333333333333333,0.0,0.028999211977935382,3.080562238087562,0.26438785634346673,6.258946796487252,0.4999428361922453,3.5756666666666623,49.666666666666664,0.49666666666666665,0.0,0.0,0.04035639412997904,1.4933581911898717,0.4908029527090668,8.505545129603506,0.3036377956570349,0.9797583815592111,69.66666666666667,0.6966666666666667,0.6666666666666666,0.3333333333333333,0.03706199460916442,3.3939348661618163,0.2204473538200285,1.28622108194947
336,7,12,4,4,32,6,54,0.12008419330231845,4.393026531673968,0.3492511576041579,1.8740297362674028,0.8400528785306961,0.06512415840042274,0.1545638854149729,0.00015619554639854946,0.12757199186831714,17,256,5,0.39168775500729675,0.4811206187140006,2.509392142451312,3,0.17357683756057915,0.6274750160752912,82.55555555555556,0.8255555555555555,0.6666666666666666,0.2222222222222222,0.03268194025553526,3.2376475494885253,0.0,2.7649490469115108,0.016284081352033616,0.013333333333331865,98.33333333333333,0.9833333333333334,1.0,0.3333333333333333,0.023859649122807015,4.712223975036881,0.0,0.02278730643003366,0.23116574526284947,0.8893333333333309,76.66666666666667,0.7666666666666666,0.3333333333333333,0.0,0.05158730158730159,2.0084884066119906,0.14797872707302698,2.7649490469115108,0.27328068606685435,0.9797583815592111,72.66666666666667,0.7266666666666666,0.6666666666666666,0.3333333333333333,0.022598870056497175,2.9922302668167036,0.20461290071860802,1.28622108194947
337,9,4,5,18,96,13,82,0.3903419852722436,6.888541561551392,0.4976408567279577,2.9834644086658955,0.3439158356748521,0.001537067661606128,0.5979114917572588,1.5296879727855264e-06,0.5833019296266139,43,1024,11,0.48257945505902167,0.5760112046537362,8.162710061721091,2,0.08259211509458164,0.20723373656549673,91.55555555555556,0.9155555555555556,1.0,0.6666666666666666,0.007634135491555096,5.143782778434174,0.0,0.4150963574623157,0.07868102196387146,0.09999999999999638,92.0,0.9199999999999999,1.0,0.6666666666666666,0.007576735976580998,5.672085007862708,0.054094247389410086,0.13157832942970546,0.12625887922065684,0.5113333333333303,87.0,0.87,1.0,1.0,0.011494252873563218,3.7451724100758064,0.12527367344504597,0.4150963574623157,0.04283644409921658,0.010367876363163536,95.66666666666667,0.9566666666666667,1.0,0.3333333333333333,0.0038314176245210726,6.014090917364006,0.0,0.03928660293099189
338,14,8,1,13,192,10,31,0.3303036625962704,9.549293465912342,0.6390032846480608,3.4367424701340497,0.1803428217303008,0.018769303758104455,0.33422230104915795,2.2970440735879066e-05,0.3696246964670718,38,64,8,0.08030394101515412,0.0845190657668358,3.9768850242109735,4,0.053355668261107214,0.11314612920143574,94.66666666666667,0.9466666666666667,0.8888888888888888,0.0,0.12435897435897436,4.073905385871473,0.0,1.28622108194947,0.0,0.0,100.0,1.0,1.0,0.0,0.16666666666666666,5.043879005437096,0.0,0.0,0.0,0.0,100.0,1.0,1.0,0.0,0.11666666666666665,3.2222193378644683,0.0,0.0,0.16006700478332164,0.3394383876043072,84.0,0.84,0.6666666666666666,0.0,0.08974358974358974,3.955617814312856,0.0,1.28622108194947
339,5,8,7,26,96,4,61,0.26305947643704714,2.8569988794624805,0.09833315145224332,0.4520683966111392,0.5354768265038728,0.005312572667335099,0.7817591548431664,0.0007052373385845278,0.4336749481037259,22,512,6,0.6893710887990891,3.1996473021880227,1.3586344683207854,3,0.0,0.0,100.0,1.0,1.0,0.0,0.0,5.283951555223514,0.0,0.0,0.0,0.0,100.0,1.0,1.0,0.0,0.0,5.979148660941671,0.0,0.0,0.0,0.0,100.0,1.0,1.0,0.0,0.0,3.8697076744089522,0.0,0.0,0.0,0.0,100.0,1.0,1.0,0.0,0.0,6.0029983303199215,0.0,0.0
340,4,9,6,29,64,8,18,0.35246820701286197,8.324292281642556,0.38269188851118086,3.5438421820290387,0.6308336739428342,0.007206922939921971,0.5491274033207446,0.0031996360824701185,0.51521031614393,28,256,9,0.26397827733308077,0.16619345866956756,1.851530051056337,5,0.49358648879332534,6.0705289250703,50.55555555555556,0.5055555555555555,0.1111111111111111,0.0,0.08016333548248442,1.9943849439192312,0.5533907307774358,9.629267736904467,0.5508676900078457,12.003333333333337,45.0,0.45,0.0,0.0,0.08897485493230174,1.7217179454624685,0.5439621009538094,8.032525516587752,0.5564309449099304,4.370333333333331,44.0,0.44,0.0,0.0,0.0909090909090909,1.2652734911887709,0.5553951769916667,9.629267736904467,0.3734608314621997,1.8379201085442314,62.666666666666664,0.6266666666666666,0.3333333333333333,0.0,0.06060606060606061,2.996163395106454,0.2799794729998857,1.9363613973365315
341,13,7,4,16,192,15,73,0.18063443861901762,1.831879934296012,0.1796555833891034,1.0205974660348147,0.1416420488152653,0.0034935765073211703,0.10112346890382468,3.345555016807935e-05,0.19570224897935987,35,64,7,0.5217635616660118,1.3882920377869934,6.239240924268743,2,0.0,0.0,100.0,1.0,1.0,0.0,0.0022222222222222222,4.538636446878728,0.0,0.0,0.0,0.0,100.0,1.0,1.0,0.0,0.0,5.1597066774653895,0.0,0.0,0.0,0.0,100.0,1.0,1.0,0.0,0.0,3.3192376613927386,0.0,0.0,0.0,0.0,100.0,1.0,1.0,0.0,0.006666666666666667,5.136965001778056,0.0,0.0
342,12,11,7,21,128,12,40,0.08643893515691162,3.389605584554374,0.08198858145624399,1.532522837864235,0.3832424065098166,0.029202933716290003,0.8324020953383297,7.227930390280643e-06,0.7326992361433804,49,1024,6,0.2075862755998969,0.09253212607391138,5.205619148430267,4,0.0,0.0,100.0,1.0,1.0,0.0,0.012222222222222223,5.34680911184599,0.0,0.0,0.0,0.0,100.0,1.0,1.0,0.0,0.0,5.981344009439151,0.0,0.0,0.0,0.0,100.0,1.0,1.0,0.0,0.0,4.120115334323297,0.0,0.0,0.0,0.0,100.0,1.0,1.0,0.0,0.03666666666666667,5.938967991775523,0.0,0.0
343,8,5,2,8,32,5,97,0.4771066218614578,5.641293062828481,0.5898924387991428,2.1805353052914143,0.7444917572196573,0.0008478051062710223,0.3895152559969574,0.00020783493290018628,0.07065210785716772,14,128,12,0.6499305706471205,2.4441505549581053,1.8424562809132292,1,0.008591866574378913,0.002222222222221977,99.11111111111111,0.991111111111111,1.0,0.3333333333333333,0.004478808705612829,4.303283129766399,0.0,0.01139365321501683,0.01628701187291586,0.0066666666666659324,98.33333333333333,0.9833333333333334,1.0,0.6666666666666666,0.013436426116838486,4.907357459357996,0.009829139316197779,0.01139365321501683,0.009488587850220874,0.0,99.0,0.9899999999999999,1.0,0.3333333333333333,0.0,2.992864933082533,0.0,0.0,0.0,0.0,100.0,1.0,1.0,0.0,0.0,5.009626996858667,0.0,0.0
344,9,9,8,15,96,4,15,0.37537127421237526,8.053197896108031,0.1578971314243972,2.557939233724028,0.8806355867534876,0.0024098571087344846,0.9425049096345901,9.947380578711859e-06,0.5365405576489866,38,512,10,0.10441138334572315,0.21959256523349768,7.237570361562942,4,0.21604159503570047,2.35165203190067,78.33333333333333,0.7833333333333333,0.6666666666666666,0.2222222222222222,0.24041213513390838,3.4919210606851037,0.0,4.572378871638281,0.2628110240326231,5.136666666666667,73.66666666666667,0.7366666666666667,0.3333333333333333,0.0,0.22049180327868853,3.706288974696536,0.19457182313001928,4.572378871638281,0.09499745562857864,0.9483333333333325,90.33333333333333,0.9033333333333333,1.0,0.3333333333333333,0.3328169014084507,3.236670696806215,0.0,0.7930645632361258,0.2903163054458997,0.9699560957020107,71.0,0.71,0.6666666666666666,0.3333333333333333,0.16792770071458596,3.5328035105525597,0.1953739509938671,1.28622108194947
345,11,7,2,27,32,9,66,0.21761372699402276,1.5410247091203928,0.667119946796447,1.3308416258078068,0.31352038080804046,0.011375543337242972,0.4351549138315022,0.0016183767996367714,0.26689460150897504,26,64,8,0.7093340797349811,1.0316473370180137,2.147198760545268,1,0.05942149668798534,0.25376868397406,94.0,0.9400000000000001,1.0,0.2222222222222222,0.0,4.048795127614713,0.0,0.9716553557886181,0.08241776976375424,0.6399999999999999,91.66666666666667,0.9166666666666666,1.0,0.3333333333333333,0.0,4.4737653320448265,0.0,0.9716553557886181,0.0,0.0,100.0,1.0,1.0,0.0,0.0,3.2767233322374523,0.0,0.0,0.09584672030020179,0.12130605192218018,90.33333333333333,0.9033333333333333,1.0,0.3333333333333333,0.0,4.395896718561859,0.0,0.4596604481053848
346,13,11,5,10,96,13,38,0.05297525920905173,4.206168948672712,0.4804644261486828,0.8780265387613326,0.2113650402985513,0.0006900538840557461,0.5280581804923713,0.00010867132363866958,0.6658428307622671,21,1024,5,0.3235100410878658,0.12444948577391168,1.5874360291368528,5,0.0,0.0,100.0,1.0,1.0,0.0,0.0,5.0663815549988716,0.0,0.0,0.0,0.0,100.0,1.0,1.0,0.0,0.0,5.6704213346044225,0.0,0.0,0.0,0.0,100.0,1.0,1.0,0.0,0.0,3.83928099879995,0.0,0.0,0.0,0.0,100.0,1.0,1.0,0.0,0.0,5.689442331592242,0.0,0.0
347,3,5,4,23,192,7,88,0.4577191939111799,6.512777942232788,0.2787470738403499,3.979441286996007,0.4946908038575202,0.03906337124348628,0.025825159437954423,2.2216668124863093e-06,0.0449859412573278,43,256,11,0.4184604147449135,1.8487456472315962,4.4863280021102465,2,0.0,0.0,100.0,1.0,1.0,0.0,0.0,5.204887780774799,0.0,0.0,0.0,0.0,100.0,1.0,1.0,0.0,0.0,5.942466331956287,0.0,0.0,0.0,0.0,100.0,1.0,1.0,0.0,0.0,3.767418006900698,0.0,0.0,0.0,0.0,100.0,1.0,1.0,0.0,0.0,5.904779003467411,0.0,0.0
348,6,10,2,20,128,6,46,0.13935490492731334,5.2288159700110555,0.5631486841477453,0.5365464624483138,0.6649589595850557,0.0009760187824136498,0.2658810934051871,2.928568113687789e-06,0.14962488962337375,46,128,4,0.14111754735931753,0.3575341833996287,9.474040521731496,4,0.0,0.0,100.0,1.0,1.0,0.0,0.0011111111111111111,4.769852782547888,0.0,0.0,0.0,0.0,100.0,1.0,1.0,0.0,0.0,5.470954006693016,0.0,0.0,0.0,0.0,100.0,1.0,1.0,0.0,0.0,3.369988666381687,0.0,0.0,0.0,0.0,100.0,1.0,1.0,0.0,0.0033333333333333335,5.468615674568961,0.0,0.0
349,14,6,7,6,64,11,80,0.4236889180727303,7.7397017339244485,0.021073809918016193,3.1765390057116747,0.09069081004709006,0.09462557924842913,0.7685747682116926,0.0005097543370568705,0.6537716259062291,15,1024,10,0.584786141011864,0.7610638736070371,2.9117225765581756,3,0.057641967407994765,0.06774270027250753,94.11111111111111,0.9411111111111112,1.0,0.5555555555555556,0.01687766339940253,4.709757825352444,0.0,0.31674883929215086,0.0,0.0,100.0,1.0,1.0,0.0,0.006666666666666667,5.688170325787117,0.0,0.0,0.06397353213308178,0.14133333333333037,93.33333333333333,0.9333333333333332,1.0,0.6666666666666666,0.021488801054018444,3.5971271823656075,0.03810746882374077,0.11261795555268532,0.10895237009090249,0.06189476748419224,89.0,0.89,1.0,1.0,0.02247752247752248,4.843975967904608,0.10363424244979019,0.31674883929215086
350,10,10,3,24,64,14,23,0.2934410905465484,9.293030623346567,0.2515105395577848,2.6650693439878523,0.4335688068065792,0.0039805253744189546,0.19324644142761827,0.0023792766018884233,0.30060032233595846,29,64,9,0.2870603303425014,0.06393189062258978,1.1712286211664102,3,0.5057775906713871,6.330070426673264,49.333333333333336,0.4933333333333333,0.1111111111111111,0.0,0.05992651006998209,1.4974142240845731,0.5136989101747154,11.09676074709681,0.5872567987302045,12.540000000000001,41.333333333333336,0.41333333333333333,0.0,0.0,0.05663577614797127,1.1126791779202951,0.5766509114274809,8.055312823017784,0.5296651086355176,3.7933333333333286,46.666666666666664,0.4666666666666666,0.0,0.0,0.0897895743663319,1.0298225695046885,0.5006770386363082,11.09676074709681,0.40041086464843906,2.6568779466864605,60.0,0.6,0.3333333333333333,0.0,0.03335417969564311,2.3497409248287364,0.2955148114812887,2.9329049666598626
351,6,6,5,11,128,9,58,0.24027315238490704,2.5502134785056114,0.3984955028630793,1.8994010936003178,0.7105717112310231,0.0231121281913624,0.7001294698566198,4.546175674387178e-05,0.410176750253886,32,256,7,0.5434355382807553,4.303181069283992,3.429268273461591,2,0.27065020590846006,2.2297078551385985,72.77777777777777,0.7277777777777777,0.4444444444444444,0.2222222222222222,0.013552340677279364,3.1566694386286698,0.28594145754983014,3.94220401239626,0.23287231189219648,3.8466666666666685,76.66666666666667,0.7666666666666666,0.3333333333333333,0.0,0.010266129669114743,3.75421643922776,0.16480783369365273,3.94220401239626,0.33273157331828324,2.038999999999995,66.33333333333333,0.6633333333333333,0.0,0.0,0.01980888178071277,2.075240625663609,0.3164907964927637,2.125462168414588,0.24634673251490036,0.8034568987491331,75.33333333333333,0.7533333333333333,1.0,0.6666666666666666,0.010582010582010581,3.640551250994639,0.18423955359560107,0.834197817650451
352,6,10,6,7,64,7,32,0.2086601943708956,6.637961548753083,0.18819909123703837,0.8160326418001205,0.26366812461055816,0.004784080638802852,0.25115553978830574,7.3918665941736105e-06,0.16497469056397676,35,1024,12,0.44379092724993824,2.2534261154394644,1.0616456341917502,2,0.0,0.0,100.0,1.0,1.0,0.0,0.023333333333333334,5.183925218104075,0.0,0.0,0.0,0.0,100.0,1.0,1.0,0.0,0.013333333333333334,5.837678665605684,0.0,0.0,0.0,0.0,100.0,1.0,1.0,0.0,0.036666666666666674,3.8504633229846754,0.0,0.0,0.0,0.0,100.0,1.0,1.0,0.0,0.02,5.8636336657218635,0.0,0.0
353,10,6,1,21,192,12,62,0.38048044946044685,4.643365145660937,0.38987105907872316,3.8079167027026415,0.8640642785467207,0.01913692528270047,0.7536638121120631,0.0002605979359197044,0.6441795987822115,29,256,6,0.36382624683901665,0.10586936124521405,3.5784902735489537,5,0.30062877197122506,3.161631431917898,69.77777777777777,0.6977777777777778,0.3333333333333333,0.2222222222222222,0.05387205387205388,3.123854761896185,0.3362389355570505,3.9763849720413105,0.3392152984216621,6.556666666666667,66.0,0.66,0.0,0.0,0.06060606060606061,3.1071949510298893,0.33904828892763994,3.9763849720413105,0.3363770696585724,2.1506666666666616,66.0,0.66,0.0,0.0,0.06060606060606061,2.298813638973492,0.33587492241646305,3.526418971595706,0.22629394783344078,0.7775609624203668,77.33333333333333,0.7733333333333334,1.0,0.6666666666666666,0.04040404040404041,3.9655556956851723,0.16910407959094859,0.834197817650451
354,14,10,5,17,128,10,53,0.44887573244050144,2.8263653703033924,0.576558278966695,2.388072254601866,0.5112318308558315,0.0011790492915607223,0.17848464818671345,0.0035581599346428488,0.2914032773114741,14,512,7,0.6840676032938063,1.2571380509110208,9.073707874724908,1,0.12397106181218948,0.6643683514236571,87.55555555555556,0.8755555555555555,0.6666666666666666,0.0,0.0,4.01014373143421,0.0,1.740882512454607,0.11318310580323548,1.146666666666666,88.66666666666667,0.8866666666666667,0.6666666666666666,0.0,0.0,4.551887211714392,0.0,1.740882512454607,0.1156800451452324,0.5069999999999981,88.33333333333333,0.8833333333333333,0.6666666666666666,0.0,0.0,3.1014781607052266,0.0,1.6441707283859048,0.14305003448810052,0.3394383876043072,85.66666666666667,0.8566666666666666,0.6666666666666666,0.0,0.0,4.377065821883012,0.0,1.28622108194947
355,6,6,3,28,32,4,81,0.05819408986717463,9.580237038433552,0.06729541970416902,1.2709702502470464,0.2612388888373971,0.07876365574923735,0.6851532824337482,3.9930710909587605e-05,0.4251784994080663,49,64,9,0.06407391047105193,0.1867585033762373,3.2106277604442113,4,0.035981359974182774,0.020128187748685085,96.33333333333333,0.9633333333333334,1.0,0.3333333333333333,0.032903238019517084,4.540892700266072,0.0,0.2883561531020335,0.0,0.0,100.0,1.0,1.0,0.0,0.01,5.483568014266591,0.0,0.0,0.045279899540511426,0.0066666666666659324,95.33333333333333,0.9533333333333333,1.0,0.3333333333333333,0.011627906976744186,3.1799172177051678,0.0,0.07392911890136983,0.0626641803820369,0.05371789657938932,93.66666666666667,0.9366666666666666,1.0,0.6666666666666666,0.07708180708180708,4.959192868826459,0.04486404833756177,0.2883561531020335
356,3,9,2,25,32,9,39,0.41836087456904353,1.58131386898458,0.48294755155220626,2.7204238795675337,0.06088040424510837,0.0005743813467420764,0.9275180909782648,1.9579118127737454e-05,0.5302002176269889,44,64,6,0.494927311129868,3.5313580001551492,1.439746120889163,2,0.4023921358568331,5.337668070119222,59.666666666666664,0.5966666666666667,0.3333333333333333,0.1111111111111111,0.01698622565831238,2.3537732575615182,0.22489937330624798,8.921230467359159,0.5871213225893036,12.523333333333333,41.333333333333336,0.41333333333333333,0.0,0.0,0.024196670538133954,1.3944562504726397,0.583295687787733,8.921230467359159,0.42304521066033657,2.7156666666666625,57.333333333333336,0.5733333333333334,0.3333333333333333,0.3333333333333333,0.018631925135990175,1.5502672420084942,0.3408287633831525,6.106545221253793,0.19700987432085915,0.7740042103576705,80.33333333333333,0.8033333333333333,0.6666666666666666,0.0,0.008130081300813009,4.11659628020342,0.0,2.9329049666598626
357,13,7,7,14,128,14,95,0.1480895692948252,8.57461909390986,0.335917182918638,2.0793925176840276,0.654940725909546,0.04718929792086858,0.42038880297914144,0.000645126470672311,0.2789944796450436,18,256,8,0.2262152314186096,0.07517243995116604,4.684589772483989,3,0.011885104510367114,0.0,98.77777777777777,0.9877777777777779,1.0,0.3333333333333333,0.006923031484434993,4.488595751814181,0.0,0.0,0.0,0.0,100.0,1.0,1.0,0.0,0.0,5.187210330429177,0.0,0.0,0.01596850151385083,0.0,98.33333333333333,0.9833333333333334,1.0,0.3333333333333333,0.007017543859649123,3.256114855931516,0.0,0.0,0.01968681201725051,0.0,98.0,0.98,1.0,0.6666666666666666,0.013751550593655857,5.02246206908185,0.004748880144070718,0.0
358,11,11,4,18,192,11,19,0.2348354534711689,5.610645606182516,0.10551217338070273,0.7180882033426315,0.7205661423504353,0.0019953703942903645,0.5131510890088975,0.00012245548687543677,0.6783132554776966,22,128,11,0.6333585267886519,0.6243941141169703,6.9352851222522585,3,0.0,0.0,100.0,1.0,1.0,0.0,0.003333333333333333,4.5534954421843095,0.0,0.0,0.0,0.0,100.0,1.0,1.0,0.0,0.0,5.149450335496415,0.0,0.0,0.0,0.0,100.0,1.0,1.0,0.0,0.0,3.3692146682490907,0.0,0.0,0.0,0.0,100.0,1.0,1.0,0.0,0.01,5.141821322807421,0.0,0.0
359,9,5,6,4,64,6,75,0.3020656837616116,3.4205609587952495,0.64754698285833,3.233894469216466,0.4634072962682694,0.013671943422209756,0.011109784059226512,1.4702679859175878e-06,0.03831845637410879,39,1024,5,0.20194116793572903,0.42028532020764636,2.3686707636627604,4,0.0,0.0,100.0,1.0,1.0,0.0,0.005555555555555556,5.264384554595583,0.0,0.0,0.0,0.0,100.0,1.0,1.0,0.0,0.01,5.966090996128817,0.0,0.0,0.0,0.0,100.0,1.0,1.0,0.0,0.006666666666666667,3.9477769976171353,0.0,0.0,0.0,0.0,100.0,1.0,1.0,0.0,0.0,5.8792856700407965,0.0,0.0
360,8,9,4,12,128,3,37,0.39545093923807145,1.2904425505548716,0.007739805243909359,3.384304389823228,0.34056518021970983,0.03526893376207587,0.5638644092250615,0.0028396646653903847,0.5045577808283269,15,128,7,0.7474389616400003,4.667399409455391,5.349619139840124,3,0.49850451860380907,5.846332501713659,50.0,0.5,0.1111111111111111,0.1111111111111111,0.055577404220815065,1.626805579675625,0.5194449318989893,7.417268242976773,0.5576764772426447,11.643333333333334,44.333333333333336,0.44333333333333336,0.0,0.0,0.0591546696197859,1.466954112778182,0.5472370710636947,7.417268242976773,0.4894984122526143,3.6743333333333275,50.666666666666664,0.5066666666666667,0.0,0.0,0.051200651200651204,1.311635490994723,0.4474421072373882,3.526418971595706,0.4483386663161683,2.2213308384743145,55.0,0.5499999999999999,0.3333333333333333,0.3333333333333333,0.056376891842008114,2.1018271352539695,0.38236357223704365,2.9329049666598626
361,11,7,6,24,64,10,86,0.11113088196143509,8.303538655862212,0.5484553229063749,0.2747645459603518,0.8035769210662693,0.0007054008922122301,0.11613893951289356,5.055612194924158e-05,0.21215951047837736,46,512,9,0.13158939164131878,0.055877710562817075,1.6445869275571352,4,0.0,0.0,100.0,1.0,1.0,0.0,0.0,5.007738668937236,0.0,0.0,0.0,0.0,100.0,1.0,1.0,0.0,0.0,5.6847796705551445,0.0,0.0,0.0,0.0,100.0,1.0,1.0,0.0,0.0,3.6889223312027752,0.0,0.0,0.0,0.0,100.0,1.0,1.0,0.0,0.0,5.649514005053788,0.0,0.0
362,13,11,3,6,64,13,16,0.2682785283774138,6.482142287306488,0.4070391658693552,1.6950647041667253,0.571931014303118,0.008658347742174064,0.8470883657690137,3.6720055768786066e-06,0.7494841717928648,31,256,10,0.42444744184613226,0.840462330364283,2.073076755492951,2,0.0,0.0,100.0,1.0,1.0,0.0,0.08,4.081853892809401,0.0,0.0,0.0,0.0,100.0,1.0,1.0,0.0,0.06333333333333334,4.670382003144671,0.0,0.0,0.0,0.0,100.0,1.0,1.0,0.0,0.06,2.8968130090894797,0.0,0.0,0.0,0.0,100.0,1.0,1.0,0.0,0.11666666666666665,4.6783666661940515,0.0,0.0
363,4,5,8,20,128,7,68,0.3214599798433483,4.2371146669611335,0.2586895106360316,2.928914535790682,0.1837235810700804,0.002892004286008522,0.4044509994331747,0.0005213382557793099,0.059624968077987436,29,1024,4,0.34042375925928353,0.31816492721378486,6.068136690178465,3,0.0,0.0,100.0,1.0,1.0,0.0,0.0,5.922499445473982,0.0,0.0,0.0,0.0,100.0,1.0,1.0,0.0,0.0,6.64680566250657,0.0,0.0,0.0,0.0,100.0,1.0,1.0,0.0,0.0,4.44200666854158,0.0,0.0,0.0,0.0,100.0,1.0,1.0,0.0,0.0,6.6786860053737955,0.0,0.0
364,5,12,5,23,96,5,25,0.18936888170428573,7.489133522845805,0.6742990612983704,1.5970898673404008,0.11845706882886589,0.01553734629010313,0.16950394646264613,0.00010445237528018279,0.14150022251531483,25,512,11,0.6123060583136976,1.6750848484240104,4.088738241069906,1,0.04852633764859318,0.22644444444444392,95.11111111111111,0.9511111111111111,0.8888888888888888,0.0,0.0,4.848669100652582,0.0,2.2030374388234573,0.0,0.0,100.0,1.0,1.0,0.0,0.0,5.74867033942913,0.0,0.0,0.14557901294577955,0.6793333333333318,85.33333333333333,0.8533333333333334,0.6666666666666666,0.0,0.0,3.0776256360002745,0.0,2.2030374388234573,0.0,0.0,100.0,1.0,1.0,0.0,0.0,5.719711326528341,0.0,0.0
365,14,4,3,9,32,12,59,0.3471403847914189,5.479144928045571,0.16644060928374527,2.354861903935671,0.5875971160829068,0.006382488455989304,0.6126083934213966,1.741665433706566e-06,0.5751766608655453,37,128,5,0.1795640722848475,0.1399233968117611,1.2133564244314625,4,0.0,0.0,100.0,1.0,1.0,0.0,0.05888888888888889,4.236246332681428,0.0,0.0,0.0,0.0,100.0,1.0,1.0,0.0,0.016666666666666666,4.830004668328911,0.0,0.0,0.0,0.0,100.0,1.0,1.0,0.0,0.06666666666666667,3.0514856645216546,0.0,0.0,0.0,0.0,100.0,1.0,1.0,0.0,0.09333333333333334,4.827248665193717,0.0,0.0
366,10,8,7,27,96,15,44,0.48573143635876476,2.519563876092434,0.26405386123806235,3.716629192698747,0.787700054096058,0.054185378228035395,0.34922759342007337,9.100051700877089e-06,0.3618515373766422,42,256,8,0.5593240614049136,0.9517088496124269,2.8115027255534693,2,0.3748311229982242,3.5829126276720253,62.44444444444444,0.6244444444444445,0.3333333333333333,0.1111111111111111,0.015056022408963584,2.6281193984046904,0.440894707640057,7.2783217558406355,0.32806176546456944,6.316666666666666,67.33333333333333,0.6733333333333333,0.3333333333333333,0.0,0.013071895424836602,3.1453602778378364,0.24470175950425813,5.970789462593457,0.48618459573011535,3.4489999999999945,51.0,0.51,0.0,0.0,0.0196078431372549,1.49796993222112,0.4854493100462226,7.2783217558406355,0.31024700779998776,0.9830712163494145,69.0,0.6900000000000001,0.6666666666666666,0.3333333333333333,0.012488328664799252,3.241027985155116,0.2204473538200285,1.298774281893203
367,7,8,2,15,192,8,79,0.08100101496092976,9.323988143354654,0.4671302311122417,1.083159991307184,0.40645101172849535,0.001856345637793733,0.7964922961313277,0.0013794055338674997,0.4472076673619449,20,64,10,0.2920217295177281,0.2513773757283301,7.9435388868052,5,0.0,0.0,100.0,1.0,1.0,0.0,0.013333333333333332,4.713759557085319,0.0,0.0,0.0,0.0,100.0,1.0,1.0,0.0,0.0,5.3796446734728915,0.0,0.0,0.0,0.0,100.0,1.0,1.0,0.0,0.0033333333333333335,3.3621456606003144,0.0,0.0,0.0,0.0,100.0,1.0,1.0,0.0,0.03666666666666667,5.39948833718275,0.0,0.0
368,7,8,6,18,32,12,65,0.4961211225949228,7.767736995592713,0.3195988490246236,0.9752708997111768,0.0873912681825459,0.01042783107614941,0.9040752939879894,7.030577400040191e-05,0.19459926050156356,12,256,7,0.4673081387765705,0.06192935181833792,7.358078687030034,5,0.0,0.0,100.0,1.0,1.0,0.0,0.01888888888888889,4.7357083290504915,0.0,0.0,0.0,0.0,100.0,1.0,1.0,0.0,0.0,5.432537330780178,0.0,0.0,0.0,0.0,100.0,1.0,1.0,0.0,0.04,3.399285998505851,0.0,0.0,0.0,0.0,100.0,1.0,1.0,0.0,0.016666666666666666,5.375301657865445,0.0,0.0
369,9,8,4,5,128,5,30,0.09839638471603393,1.2633150573819876,0.5213114500977098,3.6157212206162512,0.6815553559456021,0.002605084857484595,0.4570022118277848,0.002021409973437814,0.6145495760627091,48,1024,9,0.3845663691870868,3.8793982799931688,2.2611740024131306,2,0.16293693748332566,2.649324239529617,83.66666666666667,0.8366666666666667,0.6666666666666666,0.1111111111111111,0.05399489211487447,4.52239319083937,0.0,5.252474132123341,0.38596735839945434,7.826666666666671,61.333333333333336,0.6133333333333333,0.0,0.0,0.06768515943641083,3.271610329151899,0.36909271529891063,5.252474132123341,0.0,0.0,100.0,1.0,1.0,0.0,0.02666666666666667,4.6172809942315025,0.0,0.0,0.10284345405052266,0.12130605192218018,89.66666666666667,0.8966666666666666,1.0,0.3333333333333333,0.0676328502415459,5.678288249134712,0.0,0.4596604481053848
370,15,12,8,26,192,8,84,0.17197541547939182,3.924065905623138,0.6204623811878264,2.2249429915100336,0.6939524179324508,0.04250262577729165,0.475595676433295,0.00042929609050180496,0.3195880040712655,34,128,12,0.7048557803966105,0.34326433098155956,1.5008029183715523,4,0.0,0.0,100.0,1.0,1.0,0.0,0.003333333333333333,4.731002000108775,0.0,0.0,0.0,0.0,100.0,1.0,1.0,0.0,0.0,5.25220466312021,0.0,0.0,0.0,0.0,100.0,1.0,1.0,0.0,0.0,3.7052760055909553,0.0,0.0,0.0,0.0,100.0,1.0,1.0,0.0,0.01,5.23552533161516,0.0,0.0
371,5,4,2,13,64,14,50,0.33674879334867003,6.23171257879585,0.11123480414971708,1.4597325187642127,0.4368973252829164,0.0006366786701401069,0.031784100271761415,4.488291292026932e-06,0.3969992585107684,27,512,6,0.08755374839529395,0.6799343319085284,4.393479584308906,1,0.2948226444499564,4.200801516560916,70.44444444444444,0.7044444444444444,0.4444444444444444,0.1111111111111111,0.09044771735935947,3.4838922517582955,0.0,7.200788831891428,0.43922721394737957,9.930000000000001,56.0,0.56,0.0,0.0,0.023050173869845998,2.917641611781575,0.41936469366860174,7.200788831891428,0.13499371160250176,1.6893333333333316,86.33333333333333,0.8633333333333333,0.6666666666666666,0.0,0.2185310734463277,3.5858002296480542,0.0,1.4127420760916292,0.31024700779998776,0.9830712163494145,69.0,0.6900000000000001,0.6666666666666666,0.3333333333333333,0.029761904761904764,3.948234913845257,0.2204473538200285,1.298774281893203
372,4,11,3,16,96,10,93,0.2574766184668988,4.949545071460307,0.3518431891687214,3.0553432796150446,0.2902831536252052,0.08725256330952443,0.2736932380124926,2.421496321663296e-06,0.5468253058567644,23,256,11,0.515282922424376,0.12969124445082145,9.97690028953596,3,0.02587560695357602,0.006826033078771104,97.33333333333333,0.9733333333333333,1.0,0.8888888888888888,0.018327605956471937,4.997546516285777,0.028465763550662625,0.016950431405520102,0.029393524955972517,0.020000000000001496,97.0,0.9700000000000001,1.0,1.0,0.020618556701030927,5.641929210800536,0.029153357464320538,0.016950431405520102,0.02848876339408506,0.0,97.0,0.9700000000000001,1.0,1.0,0.020618556701030927,3.5900646025359735,0.028404356737189863,0.0,0.019744532510670477,0.00047809923631181306,98.0,0.98,1.0,0.6666666666666666,0.013745704467353952,5.760645735520818,0.01473095227908718,0.0018116434070652306
373,12,5,5,29,192,3,42,0.3035978202242404,7.457211849279702,0.2048643226735294,1.8287034493405372,0.8905755541287362,0.0010625838899267354,0.7179718098603188,7.43323860271562e-05,0.2623748662509024,40,64,5,0.24943340197205544,2.0705728106453107,2.9601939338668948,2,0.28473925203347483,3.007948238161278,71.44444444444444,0.7144444444444444,0.3333333333333333,0.1111111111111111,0.06310478484777576,3.388105905460382,0.25588377332266143,5.970789462593457,0.3146854396866972,6.316666666666666,68.66666666666667,0.6866666666666666,0.3333333333333333,0.0,0.018867924528301886,3.4494889455806437,0.2348661992451134,5.970789462593457,0.2963618041382063,1.9036666666666608,70.0,0.7000000000000001,0.0,0.0,0.13504012819081312,2.7594696453385232,0.2619361427226482,1.7410307501274278,0.24317051227552103,0.8035113811505068,75.66666666666667,0.7566666666666667,0.6666666666666666,0.3333333333333333,0.03540630182421227,3.9553591254619795,0.1653012392460382,1.28622108194947
374,12,9,2,8,96,6,72,0.4133115708362311,9.01493426412344,0.061909485142678015,0.3792777981143445,0.4847214608918875,0.0249999021880414,0.21694513121619818,0.0011356124285228815,0.6963781868852675,44,512,6,0.6564538536593318,0.2268124326750514,1.1469879586105305,4,0.08312934774247108,0.1366382919034624,91.55555555555556,0.9155555555555556,0.8888888888888888,0.3333333333333333,0.0559802215698285,4.762353947070556,0.0,1.4674930101923225,0.0,0.0,100.0,1.0,1.0,0.0,0.04,6.1996240029111505,0.0,0.0,0.07201377538835407,0.13233333333333058,92.66666666666667,0.9266666666666667,0.6666666666666666,0.0,0.07282051282051283,3.5088729101997345,0.0,1.4674930101923225,0.17737426783905916,0.2775815423770566,82.0,0.82,1.0,1.0,0.05512015188897268,4.578564928100785,0.14904118680782658,0.6464073177679052
375,8,7,7,21,32,13,22,0.12193432156927884,2.2665469087660313,0.6039904457516968,3.4811503239907324,0.23462475277483463,0.0036467279037813685,0.6635575879365205,1.1119748059960267e-05,0.020248061157763002,18,128,8,0.2224303040653467,1.1450256416111566,3.242114652665383,3,0.0,0.0,100.0,1.0,1.0,0.0,0.0,5.3820186708536415,0.0,0.0,0.0,0.0,100.0,1.0,1.0,0.0,0.0,6.141014337384452,0.0,0.0,0.0,0.0,100.0,1.0,1.0,0.0,0.0,3.995457332736502,0.0,0.0,0.0,0.0,100.0,1.0,1.0,0.0,0.0,6.009584342439969,0.0,0.0
376,8,11,1,28,128,14,89,0.22410907205194236,4.677910489030182,0.13918484840542078,3.103746172040701,0.14496712214313448,0.0014218429753192403,0.14756124340929092,0.00031654270003627304,0.47637852339074016,33,512,10,0.7269124414771795,0.0963803528056482,2.545562370012604,4,0.05836476997023765,0.062295864852301985,94.0,0.9400000000000001,1.0,0.7777777777777778,0.028618563058896082,5.529294060532889,0.0584730030737783,0.11674585053627443,0.045234536967554174,0.013333333333331865,95.33333333333333,0.9533333333333333,1.0,0.6666666666666666,0.031507863089731726,6.053736245370494,0.02923650153688915,0.02278730643003366,0.07713643636230215,0.1706666666666634,92.0,0.92,1.0,1.0,0.03260869565217391,4.327466314071384,0.07632488945637356,0.11674585053627443,0.05272333658085664,0.0028875945569106776,94.66666666666667,0.9466666666666667,1.0,0.6666666666666666,0.021739130434782608,6.206679622156789,0.03930456769269153,0.010941853163498598
377,11,5,6,14,32,9,34,0.28433398762717843,7.16579604241997,0.6798503868281841,0.5809592336881906,0.6142109354957939,0.0710410741730724,0.6511857633944601,6.0492777934302665e-06,0.2403442206978798,31,64,4,0.10820033308118582,2.7358305737703774,8.577087760227924,3,0.00656701581500382,0.0009625315189702258,99.33333333333333,0.9933333333333333,1.0,0.1111111111111111,0.013002364066193853,4.702547539760916,0.0,0.010941853163498598,0.0,0.0,100.0,1.0,1.0,0.0,0.0,5.34306000219658,0.0,0.0,0.0,0.0,100.0,1.0,1.0,0.0,0.0,3.4170870040543377,0.0,0.0,0.01970104744501146,0.0028875945569106776,98.0,0.98,1.0,0.3333333333333333,0.03900709219858156,5.347495613031829,0.0,0.010941853163498598
378,13,9,4,22,64,5,70,0.4360910410061479,9.8309434838593,0.45098320245742796,1.9712741530966014,0.7610855190549046,0.005757861447959182,0.3134187042247504,2.8720265957417543e-05,0.7198541325330734,16,1024,7,0.40118120610713953,0.17156424697241787,3.7681377571975943,3,0.2158713163555448,1.6787491275269115,78.22222222222223,0.7822222222222223,0.6666666666666666,0.5555555555555556,0.023553680262541024,4.461522944411502,0.24456592970524194,2.9917511430737966,0.2350288136670664,3.413333333333335,76.33333333333333,0.7633333333333333,0.6666666666666666,0.6666666666666666,0.026216596343178623,4.740566828035331,0.22799551249417754,2.9917511430737966,0.24621734515873203,1.3473333333333262,75.0,0.75,0.3333333333333333,0.3333333333333333,0.02666666666666667,3.302467113567723,0.24533759007506153,1.5931725123246676,0.166367790240836,0.2755807159140736,83.33333333333333,0.8333333333333334,1.0,0.6666666666666666,0.017777777777777778,5.341534891631454,0.12454530438107418,0.4596604481053848
379,4,7,5,10,192,11,13,0.1588174787349999,3.1374894455075264,0.30258891899138685,2.619744398165494,0.3799402301199734,0.017250263966026618,0.8193770029116422,0.00499994487113659,0.08924952147528528,47,128,9,0.3197637351229787,1.5399190938573197,1.333449546704826,2,0.007443810146308658,0.0,99.22222222222223,0.9922222222222222,1.0,0.1111111111111111,0.0011947431302270013,5.144939966830275,0.0,0.0,0.0,0.0,100.0,1.0,1.0,0.0,0.0,6.007406667340547,0.0,0.0,0.022331430438925975,0.0,97.66666666666667,0.9766666666666667,1.0,0.3333333333333333,0.003584229390681004,3.6070142225963213,0.0,0.0,0.0,0.0,100.0,1.0,1.0,0.0,0.0,5.820399010553956,0.0,0.0
380,5,10,7,7,192,12,56,0.4591349551919848,8.604070922359824,0.5432402137666941,1.3752542294096202,0.3671793986111879,0.0032089205623462066,0.5848875176627188,0.000783444109063659,0.12342982178553938,42,128,8,0.5893015316687524,0.08183002623864863,1.9455201052418232,4,0.0,0.0,100.0,1.0,1.0,0.0,0.003333333333333333,4.917220670419435,0.0,0.0,0.0,0.0,100.0,1.0,1.0,0.0,0.0,5.684871671255678,0.0,0.0,0.0,0.0,100.0,1.0,1.0,0.0,0.01,3.409522337218126,0.0,0.0,0.0,0.0,100.0,1.0,1.0,0.0,0.0,5.657268002784501,0.0,0.0
381,14,6,2,19,96,7,28,0.07551393113099039,2.1150315199047327,0.035342275910079476,2.4851466794498265,0.8300873860251159,0.007815810021552723,0.07846848028711974,1.6018244841176655e-05,0.5932415867596865,20,1024,10,0.1593366556800902,2.8828719662184583,6.329167016382181,1,0.3906918674256592,3.9335614156709315,60.77777777777778,0.6077777777777778,0.3333333333333333,0.2222222222222222,0.0022222222222222222,3.3354304899710425,0.26327854932646916,6.924251229153804,0.39104914715052336,7.826666666666669,61.0,0.61,0.3333333333333333,0.0,0.0,3.7099231267655477,0.28233943405795925,6.924251229153804,0.3662751268582977,2.7913333333333274,63.0,0.63,0.0,0.0,0.0,2.8951334498462558,0.30558510673849604,3.107817780479608,0.4147513282681565,1.1826842470127992,58.333333333333336,0.5833333333333334,0.6666666666666666,0.6666666666666666,0.006666666666666667,3.4012348933013246,0.37173978183821704,1.28622108194947
382,10,10,6,11,32,4,77,0.19134225831367074,3.6683614989742637,0.2204913368448615,3.9341160617768764,0.5454198337160051,0.0009253849567774894,0.8838168212678283,1.0572526047362758e-06,0.3452319184690714,24,64,11,0.5390485691837966,0.4616664943966364,5.109105755426945,5,0.01983903722884303,0.03479657655991946,98.0,0.98,1.0,0.3333333333333333,0.022039422435011023,4.3011876851326605,0.0,0.13865963166806336,0.0,0.0,100.0,1.0,1.0,0.0,0.006666666666666667,5.136988996528089,0.0,0.0,0.00320450100631552,0.0,99.66666666666667,0.9966666666666667,1.0,0.3333333333333333,0.030202020202020202,3.0784175798974256,0.0,0.0,0.05631261068021357,0.10438972967975839,94.33333333333333,0.9433333333333334,1.0,0.6666666666666666,0.029249580436346196,4.688156478972466,0.01473095227908718,0.13865963166806336
383,7,6,4,25,96,9,47,0.3702193231787533,5.925465228967369,0.42353357188403606,0.9498997658956796,0.157108634384349,0.02699712277461812,0.3806594102177769,0.00017202493355060946,0.4638327500782907,37,512,5,0.2690545973367989,0.5142917496671309,1.7457400917862693,2,0.2686411291435202,3.0999821180855736,73.0,0.73,0.4444444444444444,0.2222222222222222,0.10436909961138585,3.7577928307001667,0.2749909648851294,5.252474132123341,0.36230673824432985,7.513333333333339,63.666666666666664,0.6366666666666667,0.0,0.0,0.07203627088064204,3.48510527008575,0.34898774934717175,5.252474132123341,0.1936718758056136,1.1976666666666635,80.33333333333333,0.8033333333333333,0.6666666666666666,0.3333333333333333,0.1714975845410628,3.284383375486719,0.1374954824425647,2.7649490469115108,0.24994477338061707,0.5889463542567179,75.0,0.75,0.6666666666666666,0.3333333333333333,0.0695734434124527,4.503889846528032,0.16034210833877485,1.28622108194947
384,7,8,7,13,32,8,70,0.2955411043018103,8.964317727833986,0.5691476310603321,0.5518711972981691,0.12332743927836418,0.09139865722275127,0.8271667587570846,2.1425458844892164e-06,0.3562161582522094,47,1024,11,0.15633903173729777,3.7943503678730495,2.934313095103089,5,0.0,0.0,100.0,1.0,1.0,0.0,0.027777777777777776,6.050275555656602,0.0,0.0,0.0,0.0,100.0,1.0,1.0,0.0,0.0,7.0283369937290745,0.0,0.0,0.0,0.0,100.0,1.0,1.0,0.0,0.0,4.498650670672457,0.0,0.0,0.0,0.0,100.0,1.0,1.0,0.0,0.08333333333333333,6.623839002568275,0.0,0.0
385,10,8,2,26,128,15,14,0.24322652770206332,2.317008949816227,0.07214388446882367,3.0751274314243346,0.5924934375565499,0.0011123128920431566,0.3205306800082326,0.00011247955470696063,0.4529552447795868,16,256,5,0.5863363814540208,0.060567686117408835,9.88975931630549,2,0.6009054833128863,7.2700878183705475,39.77777777777778,0.3977777777777778,0.0,0.0,0.025717823086244138,1.531806273254778,0.6176689745785945,12.675147435641229,0.6303043535680565,13.10666666666667,37.0,0.36999999999999994,0.0,0.0,0.02702702702702703,1.45688468825307,0.6285786891528831,9.023773346294323,0.61996231286818,5.550999999999997,37.666666666666664,0.37666666666666665,0.0,0.0,0.026552868658131817,1.2187995347218663,0.615947199087423,12.675147435641229,0.5524497835024226,3.1525967884449813,44.666666666666664,0.4466666666666666,0.0,0.0,0.023573573573573574,1.9197345967893977,0.5132662091681269,2.9329049666598626
386,14,12,6,5,192,12,90,0.13969945311546328,4.978034389205277,0.19189283372834323,2.6492651503067464,0.7826244930736721,0.026476411631950796,0.6431605473160743,0.0016681249934964559,0.11118231743574142,30,512,6,0.27151838010177015,0.6710833169915392,3.270689781084031,4,0.0,0.0,100.0,1.0,1.0,0.0,0.02888888888888889,4.97070922386936,0.0,0.0,0.0,0.0,100.0,1.0,1.0,0.0,0.013333333333333334,5.675369326490909,0.0,0.0,0.0,0.0,100.0,1.0,1.0,0.0,0.023333333333333334,3.7044539977796376,0.0,0.0,0.0,0.0,100.0,1.0,1.0,0.0,0.05000000000000001,5.532304347337534,0.0,0.0
387,5,4,4,18,64,5,34,0.4248829922638834,7.428568036295474,0.383954260032624,2.0012340121902525,0.40134950284846127,0.0038647557528803085,0.14068472431972623,9.633177943210025e-06,0.605382345598191,32,64,8,0.5415648528374731,0.33872597419689227,1.1571065776917284,1,0.5502596661284969,7.1048482044510415,44.888888888888886,0.4488888888888889,0.1111111111111111,0.0,0.0,1.8764496648858424,0.6176689745785945,12.675147435641229,0.6201480706947015,13.10666666666667,38.0,0.38000000000000006,0.0,0.0,0.0,1.53507280016416,0.6183512785748873,9.023773346294323,0.6167117913390222,5.550999999999997,38.0,0.38000000000000006,0.0,0.0,0.0,1.1488070155967745,0.615947199087423,12.675147435641229,0.41391913635176697,2.6568779466864605,58.666666666666664,0.5866666666666667,0.3333333333333333,0.0,0.0,2.945469178896593,0.31009655707136685,2.9329049666598626
388,4,11,1,21,64,7,76,0.05068245832808316,3.895580812357366,0.09955281922593712,2.5146996180992573,0.33234763904474673,0.009856283193727895,0.3737792530097067,4.6847054456062544e-05,0.7086200061999262,36,64,7,0.10561987906694412,2.09671253245514,2.2413041529862774,3,0.20858429806206755,1.3285124057051356,78.88888888888889,0.788888888888889,0.6666666666666666,0.6666666666666666,0.02925197111243623,3.449856391794131,0.21488820648878346,1.949299611634487,0.21870997517712729,2.633333333333336,78.0,0.7799999999999999,0.3333333333333333,0.3333333333333333,0.025641025641025644,3.8904017175778622,0.21838030211913237,1.949299611634487,0.18967317668946468,1.0576666666666603,80.66666666666667,0.8066666666666666,0.6666666666666666,0.6666666666666666,0.036473862055257406,2.582818311334613,0.17648910195166592,1.4674930101923225,0.2173697423196107,0.29453721711541064,78.0,0.7799999999999999,1.0,1.0,0.025641025641025644,3.8763491464699182,0.21612206460467442,0.6464073177679052
389,13,5,7,8,192,13,48,0.4545185088645667,6.26035216730088,0.6512832804583013,1.405239122454077,0.7953853214159609,0.00246359783071546,0.8757952433079481,0.0023035249071622047,0.10060274340212344,24,256,9,0.7242137568071485,0.13135678353392596,7.293354448852167,2,0.008734348376153674,0.0009625315189702258,99.11111111111111,0.991111111111111,1.0,0.1111111111111111,0.003429951690821256,5.01332685554958,0.0,0.010941853163498598,0.0,0.0,100.0,1.0,1.0,0.0,0.006666666666666667,5.8250006653058035,0.0,0.0,0.0,0.0,100.0,1.0,1.0,0.0,0.0,3.743734657764435,0.0,0.0,0.026203045128461017,0.0028875945569106776,97.33333333333333,0.9733333333333333,1.0,0.3333333333333333,0.0036231884057971015,5.471245243578501,0.0,0.010941853163498598
390,11,9,4,30,128,10,57,0.3748351995367557,7.818349173292518,0.487753455992788,0.9208439160138369,0.5803519221488387,0.040559727342957284,0.08557681795209646,0.0004914725156908363,0.4881503028422594,20,128,12,0.32266471497714516,1.170040033917961,4.43245815736249,4,0.04507075804236118,0.054503311987309636,95.44444444444444,0.9544444444444444,0.8888888888888888,0.1111111111111111,0.05095238095238095,4.880270953635099,0.0,1.5931725123246676,0.0,0.0,100.0,1.0,1.0,0.0,0.05000000000000001,5.860323664577057,0.0,0.0,0.08203641681496038,0.14366666666666417,91.66666666666667,0.9166666666666666,0.6666666666666666,0.0,0.043333333333333335,3.3885773201473057,0.0,1.5931725123246676,0.053175857312123154,0.019843269295264733,94.66666666666667,0.9466666666666667,1.0,0.3333333333333333,0.05952380952380953,5.3919118761809335,0.0,0.07519135205215145
391,8,7,5,16,32,4,27,0.21617279904894532,1.212857374921441,0.3285490953363478,3.905522355111316,0.1921185442246497,0.0006072546003780391,0.5926809116266668,3.030407718951143e-06,0.22845335667952896,41,1024,6,0.4039439281448722,0.23178471585299432,1.5141052383971045,3,0.30624246473143635,3.067555174720476,69.22222222222223,0.6922222222222223,0.5555555555555556,0.2222222222222222,0.09107561272138578,4.230662769954896,0.0,7.2783217558406355,0.19285176320018152,4.923333333333336,80.66666666666667,0.8066666666666666,0.6666666666666666,0.0,0.030476190476190476,5.238253498368615,0.0,6.258946796487252,0.47960165146757383,3.428666666666661,51.666666666666664,0.5166666666666667,0.0,0.0,0.17028322440087149,2.6274712642278732,0.47058182737111925,7.2783217558406355,0.2462739795265536,0.8506655241614314,75.33333333333333,0.7533333333333333,1.0,0.6666666666666666,0.07246742328709542,4.826263547268199,0.17403701829596332,0.8413625384561836
392,8,11,3,10,96,6,85,0.08763428004458547,3.6222940562292933,0.41052048485726117,3.645249181194231,0.05598378037102521,0.003295736050229222,0.03980579148046672,0.000684377466056698,0.6844002975150942,27,128,8,0.25217473041266203,2.7723057101368203,6.384949523654868,4,0.021569698780554977,0.0568888888888878,97.77777777777777,0.9777777777777779,1.0,0.2222222222222222,0.03851851851851852,4.869467484690019,0.0,0.11674585053627443,0.0,0.0,100.0,1.0,1.0,0.0,0.01,5.573981336783618,0.0,0.0,0.06470909634166493,0.1706666666666634,93.33333333333333,0.9333333333333332,1.0,0.6666666666666666,0.03888888888888889,3.3825077831365724,0.047571139043192254,0.11674585053627443,0.0,0.0,100.0,1.0,1.0,0.0,0.06666666666666667,5.651913334149867,0.0,0.0
393,12,5,5,23,32,11,49,0.47744904104620217,5.971687166951597,0.2526460919529199,1.0052808825857937,0.650070049893111,0.008021758325195253,0.48247572039254005,2.3726019546450602e-05,0.03229988010600209,34,512,10,0.5181625295430422,0.09765804172210961,1.962683628826333,3,0.0,0.0,100.0,1.0,1.0,0.0,0.0,5.436943444009456,0.0,0.0,0.0,0.0,100.0,1.0,1.0,0.0,0.0,6.166935994600256,0.0,0.0,0.0,0.0,100.0,1.0,1.0,0.0,0.0,4.164851007517427,0.0,0.0,0.0,0.0,100.0,1.0,1.0,0.0,0.0,5.979043329910685,0.0,0.0
394,12,9,2,15,96,14,64,0.35542030492797494,8.637109333649278,0.0004558604210615158,1.430680189281702,0.7256681594531983,0.0009584152830185805,0.4492089311126619,1.5865764767910904e-06,0.5578984910435975,49,256,11,0.2197102257981896,1.5746588311607215,1.7304768762568938,3,0.0,0.0,100.0,1.0,1.0,0.0,0.06777777777777777,4.978219777500878,0.0,0.0,0.0,0.0,100.0,1.0,1.0,0.0,0.016666666666666666,5.6662963338506716,0.0,0.0,0.0,0.0,100.0,1.0,1.0,0.0,0.04666666666666667,3.5456460000326238,0.0,0.0,0.0,0.0,100.0,1.0,1.0,0.0,0.13999999999999999,5.722716998619338,0.0,0.0
395,4,7,7,28,192,9,30,0.18273658808320764,2.082147603854537,0.5535162946209311,2.196345652686432,0.4684833623468876,0.027979931949876188,0.8969668430741876,0.00015094767681211196,0.25122776251286266,13,1024,5,0.6538520269095898,0.17539689514981335,5.064482280171995,2,0.04304366526196849,0.21333333333333326,95.66666666666667,0.9566666666666666,0.8888888888888888,0.0,0.002932604735883424,6.261983862946587,0.0,2.0754817873116025,0.0,0.0,100.0,1.0,1.0,0.0,0.0,7.2753336653113365,0.0,0.0,0.12913099578590548,0.6399999999999999,87.0,0.87,0.6666666666666666,0.0,0.00546448087431694,4.323286919770609,0.0,2.0754817873116025,0.0,0.0,100.0,1.0,1.0,0.0,0.0033333333333333335,7.187331003757815,0.0,0.0
396,5,10,5,24,128,4,73,0.3288605721201748,9.797909431159496,0.269157388061285,1.7996260859072208,0.27186022931709886,0.0013698029579613017,0.6564454989042133,0.00021550821743937293,0.33127379331737755,19,1024,10,0.3870613009668886,2.8208461904960056,8.653182073418161,4,0.08979651761402369,0.20450331198730914,90.88888888888889,0.9088888888888889,1.0,0.5555555555555556,0.021201814058956915,5.588018790737709,0.0,0.6210045987715395,0.0,0.0,100.0,1.0,1.0,0.0,0.0,6.793929662865897,0.0,0.0,0.19628512558866798,0.5936666666666628,80.0,0.8000000000000002,1.0,1.0,0.0375,3.811060836111816,0.1955543442532418,0.6210045987715395,0.07310442725340306,0.019843269295264733,92.66666666666667,0.9266666666666667,1.0,0.6666666666666666,0.026105442176870747,6.159065873235413,0.009971469940109173,0.07519135205215145
397,15,6,4,11,64,10,21,0.26252470598556105,3.170369002968073,0.4598037311807274,3.0267137542832643,0.8722823279444128,0.06847700151084464,0.20915548861958086,6.983270712678902e-06,0.38537503773346543,45,128,4,0.4697505905292928,0.08008595957241126,2.56812514171408,1,0.1690166581179553,0.7281197399065785,83.0,0.83,0.6666666666666666,0.1111111111111111,0.05619698119571634,3.6737723306947823,0.0,4.724070697798037,0.0,0.0,100.0,1.0,1.0,0.0,0.06666666666666667,5.277409666062643,0.0,0.0,0.24385890329616636,1.6873333333333314,75.33333333333333,0.7533333333333333,0.3333333333333333,0.0,0.05525761025381567,2.3370370632478483,0.16254162229680916,4.724070697798037,0.2631910710576995,0.4970258863864041,73.66666666666667,0.7366666666666667,0.6666666666666666,0.3333333333333333,0.04666666666666667,3.406870262773856,0.14506674049639487,1.298774281893203
398,9,10,8,19,64,13,92,0.11688566408120096,4.723973707295954,0.6682982029393315,3.5106532506179065,0.5028365621343255,0.005614991565009709,0.7248482157010585,3.245754608201899e-05,0.1830984743870795,40,256,7,0.08456724630668759,0.5078091191934118,1.3217318536840477,5,0.0,0.0,100.0,1.0,1.0,0.0,0.0,5.148916894104332,0.0,0.0,0.0,0.0,100.0,1.0,1.0,0.0,0.0,5.850440681291123,0.0,0.0,0.0,0.0,100.0,1.0,1.0,0.0,0.0,3.7284520004565516,0.0,0.0,0.0,0.0,100.0,1.0,1.0,0.0,0.0,5.86785800056532,0.0,0.0
399,7,6,2,7,128,7,42,0.3880478868726641,7.11957832891494,0.1698793679475784,0.40925559448078275,0.2528176785912365,0.016813374656612864,0.2817185673397034,0.003304024385989166,0.6259887826815248,24,64,9,0.7018368254415691,0.45587723067031233,3.73499227355427,2,0.3225786238669913,3.5403639049641806,67.66666666666667,0.6766666666666666,0.4444444444444444,0.2222222222222222,0.03926049958869075,2.946625095195129,0.1577146708700355,6.258946796487252,0.35792046436189295,7.3033333333333355,64.33333333333333,0.6433333333333333,0.3333333333333333,0.0,0.045092592592592594,3.2842310492371865,0.2595049062317257,6.258946796487252,0.3264507247612796,2.3379999999999956,67.0,0.6699999999999999,0.3333333333333333,0.3333333333333333,0.04949874686716791,2.059812206082877,0.2762996535158291,5.407915047635769,0.28336468247780133,0.9797583815592111,71.66666666666667,0.7166666666666667,0.6666666666666666,0.3333333333333333,0.023190159306311756,3.4958320302653245,0.20963690287438624,1.28622108194947
400,7,10,5,29,96,9,17,0.12760499212890863,5.582010376267135,0.6127486399374902,0.3047422864474356,0.3589621677529067,0.0005486999937281665,0.4113275309093296,1.695722441976769e-05,0.3728383850120008,30,256,6,0.1771218995563686,0.1045274141758737,4.643312578087667,2,0.0,0.0,100.0,1.0,1.0,0.0,0.0,5.34622934103633,0.0,0.0,0.0,0.0,100.0,1.0,1.0,0.0,0.0,6.0688223464724915,0.0,0.0,0.0,0.0,100.0,1.0,1.0,0.0,0.0,3.836708329617977,0.0,0.0,0.0,0.0,100.0,1.0,1.0,0.0,0.0,6.13315734701852,0.0,0.0
401,10,6,3,17,192,4,67,0.4057729017920792,3.449041693471372,0.11570009822025894,3.4138072605710477,0.8218960840255022,0.04504837555885952,0.8551135659217834,0.0009473938065223543,0.43633850388228895,32,1024,8,0.6098108892329037,2.2253220890023444,1.4270730305986679,5,0.178324122997075,0.8113046830824675,82.0,0.82,0.7777777777777778,0.4444444444444444,0.04875190258751902,5.003878009807505,0.0,1.8149598690288182,0.0892493435129315,0.6399999999999999,91.0,0.91,1.0,0.3333333333333333,0.05493150684931506,6.153416171176656,0.0,0.9716553557886181,0.2661810184859527,1.518333333333329,73.0,0.73,0.3333333333333333,0.3333333333333333,0.0547945205479452,3.520536547968989,0.2652772716676116,1.8149598690288182,0.17954200699234088,0.2755807159140736,82.0,0.82,1.0,0.6666666666666666,0.0365296803652968,5.337681310276871,0.13420861281572583,0.4596604481053848
402,14,10,7,22,96,7,36,0.31113746073096993,1.631767326965928,0.322997519467026,2.900285066338256,0.5538418498355896,0.0018828098459514836,0.1090269761160016,0.0001852510892538436,0.12924438737332822,46,128,11,0.29504096349701286,0.18275297159296758,2.389711650702525,1,0.1505521457282786,0.8290593492723906,84.88888888888889,0.8488888888888888,0.6666666666666666,0.1111111111111111,0.03088023088023088,3.7235524154494604,0.0,2.3380456998663637,0.1330964752792769,1.5400000000000005,86.66666666666667,0.8666666666666667,0.6666666666666666,0.0,0.0033333333333333335,4.393684443655528,0.0,2.3380456998663637,0.0753894496300379,0.14366666666666417,92.33333333333333,0.9233333333333333,0.6666666666666666,0.0,0.0893073593073593,3.1253566564508266,0.0,1.5931725123246676,0.24317051227552103,0.8035113811505068,75.66666666666667,0.7566666666666667,0.6666666666666666,0.3333333333333333,0.0,3.6516161462420267,0.1653012392460382,1.28622108194947
403,5,6,2,7,32,12,87,0.25180347273126247,8.524011140689254,0.5150087996385991,1.6659873966127634,0.16550471847876908,0.01290958251244762,0.5560746374540031,1.300558959635892e-06,0.5873148228786885,15,512,5,0.5623103261925281,1.230256421802368,6.996949667732782,4,0.010798716063707801,0.0009625315189702258,98.88888888888889,0.9888888888888889,1.0,0.2222222222222222,0.017052453719120383,5.21611013617044,0.0,0.010941853163498598,0.0,0.0,100.0,1.0,1.0,0.0,0.023333333333333334,6.093214005231857,0.0,0.0,0.002883532582360614,0.0,99.66666666666667,0.9966666666666667,1.0,0.3333333333333333,0.016835016835016835,3.760907409543341,0.0,0.0,0.029512615608762793,0.0028875945569106776,97.0,0.9700000000000001,1.0,0.3333333333333333,0.01098901098901099,5.794208993736123,0.0,0.010941853163498598
404,4,9,4,4,32,11,45,0.3451677633915097,2.7758991047739983,0.05564972879365086,2.3262646209914237,0.14983861353248357,0.005058867197799638,0.78869891455397,4.992144441362181e-06,0.738247437607497,21,256,12,0.12870985493063924,0.07686279835606927,3.547288162538497,2,0.38313447792504307,4.846842931620486,61.55555555555556,0.6155555555555555,0.3333333333333333,0.1111111111111111,0.04969744262977346,2.232297624813311,0.43023112502558813,7.246363444751502,0.4828416318317588,10.783333333333333,51.666666666666664,0.5166666666666666,0.0,0.0,0.019453395393245015,2.087227468090853,0.4696338970326226,7.246363444751502,0.16805387748890235,1.8343333333333323,83.0,0.8300000000000001,0.6666666666666666,0.0,0.09680272108843536,2.6353103150360186,0.0,1.5340015084317755,0.49850792445446807,1.9228621281947937,50.0,0.5,0.3333333333333333,0.3333333333333333,0.03283621140763998,1.974355091313061,0.49240852469780755,3.6986548860326622
405,13,7,6,18,128,5,79,0.16542380019091069,9.630857799202204,0.6073462220840156,1.5680375937372446,0.6191083652433008,0.020246718197087735,0.3421192398294806,0.0002984187091875322,0.07096984818577766,42,64,6,0.7446975210681558,3.610496025788798,1.0523795403106806,3,0.0,0.0,100.0,1.0,1.0,0.0,0.0011111111111111111,5.130669224955556,0.0,0.0,0.0,0.0,100.0,1.0,1.0,0.0,0.0,5.944362333975732,0.0,0.0,0.0,0.0,100.0,1.0,1.0,0.0,0.0,3.522820002399385,0.0,0.0,0.0,0.0,100.0,1.0,1.0,0.0,0.0033333333333333335,5.924825338491549,0.0,0.0
406,11,11,3,13,192,8,25,0.10494553991593421,6.66660972032696,0.3563513721339404,1.1131699183024466,0.7560102556832135,0.0012361714885810642,0.620629983767867,0.004055804076042166,0.5163378910720349,38,512,7,0.34302565641701216,0.42591815544374173,3.238888931891757,3,0.004344170590741174,0.0001593664121039377,99.55555555555556,0.9955555555555556,1.0,0.1111111111111111,0.02907407407407407,5.352358233228895,0.0,0.0018116434070652306,0.0,0.0,100.0,1.0,1.0,0.0,0.0,6.141533670015633,0.0,0.0,0.0,0.0,100.0,1.0,1.0,0.0,0.036666666666666674,3.8929363254768155,0.0,0.0,0.013032511772223523,0.00047809923631181306,98.66666666666667,0.9866666666666667,1.0,0.3333333333333333,0.050555555555555555,6.0226047041942365,0.0,0.0018116434070652306
407,8,5,8,25,64,14,59,0.4877031122799963,4.614871469326317,0.19710769252851604,3.746157097397372,0.3748390315566212,0.0825362887243858,0.17638408774510025,2.6614058756098802e-05,0.20027124328538776,26,128,9,0.42716740798205133,0.6326263483541157,9.153504106091594,4,0.096557686257039,0.5157777777777761,90.22222222222223,0.9022222222222221,0.7777777777777778,0.1111111111111111,0.02083300691996344,4.826254640278181,0.0,1.7410307501274278,0.0,0.0,100.0,1.0,1.0,0.0,0.0,5.983188337025543,0.0,0.0,0.289673058771117,1.5473333333333283,70.66666666666667,0.7066666666666667,0.3333333333333333,0.3333333333333333,0.04249902075989032,2.378473921327176,0.28054819818485116,1.7410307501274278,0.0,0.0,100.0,1.0,1.0,0.0,0.02,6.117101662481825,0.0,0.0
408,9,9,2,20,192,13,52,0.3644384632818401,2.486688543111086,0.45408135075122114,3.7793229401577264,0.2984739474020898,0.015138388182550309,0.6922617492731661,9.163056429939747e-05,0.6663327582553029,49,512,11,0.2289138665422797,0.057094352044576406,1.22413478501926,3,0.33861665050768813,3.82461717798698,66.0,0.66,0.2222222222222222,0.1111111111111111,0.10158857854381198,3.177383216866276,0.34622316792528407,5.651251994648968,0.40927958625488153,8.476666666666667,59.0,0.59,0.0,0.0,0.0900285732839795,3.224530978331616,0.4043607643468894,5.651251994648968,0.33986031573222225,2.100333333333328,65.66666666666667,0.6566666666666667,0.0,0.0,0.1923595399698341,2.460035428019698,0.332072126968463,3.526418971595706,0.2667100495359605,0.8968515339609462,73.33333333333333,0.7333333333333334,0.6666666666666666,0.3333333333333333,0.022377622377622378,3.8475832442475144,0.17543954827119498,1.28622108194947
409,11,7,7,6,96,6,82,0.19877074472606182,9.35701797157526,0.29624240696430204,0.7869767360389233,0.8987922799307854,0.006214322981577978,0.18627791651524603,2.612968693812335e-06,0.050361933503299955,13,64,5,0.49750785641372197,4.770050485093351,4.1250925218792736,4,0.0010622657018342294,0.0,99.88888888888889,0.9988888888888889,1.0,0.1111111111111111,0.010033670033670034,4.239019728027907,0.0,0.0,0.0,0.0,100.0,1.0,1.0,0.0,0.0,4.845628331725796,0.0,0.0,0.003186797105502688,0.0,99.66666666666667,0.9966666666666667,1.0,0.3333333333333333,0.010101010101010102,2.9311018476579402,0.0,0.0,0.0,0.0,100.0,1.0,1.0,0.0,0.02,4.9403290046999855,0.0,0.0
410,13,11,4,24,32,3,33,0.06808298295363785,7.535346877761185,0.13151505216956139,1.3009551991708577,0.4763256791979074,0.05228228564619642,0.746783784078434,1.3475373830027054e-05,0.5412817336060107,28,1024,8,0.19917839635163542,0.32220387443842674,7.873546998814748,2,0.009546040417031705,0.0,99.0,0.99,1.0,0.1111111111111111,0.0035531135531135533,5.3309913854665085,0.0,0.0,0.0,0.0,100.0,1.0,1.0,0.0,0.0,5.8700316632166505,0.0,0.0,0.028638121251095116,0.0,97.0,0.9700000000000001,1.0,0.3333333333333333,0.007326007326007327,4.174458824759929,0.0,0.0,0.0,0.0,100.0,1.0,1.0,0.0,0.0033333333333333335,5.948483668422948,0.0,0.0
411,3,5,6,12,96,10,61,0.46491677314043045,5.433086068369448,0.6846162864938378,2.4176252491306514,0.2262030422221869,0.0017923808979972802,0.2431338361930102,0.0012046666089545665,0.26784997273236516,35,128,10,0.6304576382040977,0.8511951423085772,2.7867547289330705,3,0.03532456511240466,0.14733333333333265,96.44444444444444,0.9644444444444444,0.8888888888888888,0.0,0.0032679738562091504,5.519252473661932,0.0,1.4333796093620694,0.0,0.0,100.0,1.0,1.0,0.0,0.0,6.627203331639369,0.0,0.0,0.10597369533721397,0.44199999999999795,89.33333333333333,0.8933333333333334,0.6666666666666666,0.0,0.00980392156862745,3.3000440922492715,0.0,1.4333796093620694,0.0,0.0,100.0,1.0,1.0,0.0,0.0,6.630509997097154,0.0,0.0
412,6,12,6,15,128,14,19,0.15050804759375752,6.43591599073261,0.22521434240043162,2.109352432657033,0.08249414400197566,0.036589783584019986,0.003084470657631755,0.0018769732337005785,0.3030916744098067,39,128,7,0.36679113889113063,0.1380921040861578,1.659063488230266,1,0.3530154079430359,3.2437481548804707,64.55555555555556,0.6455555555555555,0.4444444444444444,0.1111111111111111,0.04014130790219949,2.7712624570043918,0.0,8.505545129603506,0.1962075598454789,4.936666666666667,80.33333333333333,0.8033333333333333,0.6666666666666666,0.0,0.013333333333333334,4.133346880562755,0.0,6.275897227892767,0.5260470881524749,3.7289999999999957,47.0,0.47,0.0,0.0,0.10709059037326514,1.1844185181066929,0.5173031588734001,8.505545129603506,0.3367915758311539,1.0655777979747503,66.33333333333333,0.6633333333333333,0.6666666666666666,0.3333333333333333,0.0,2.9960219723437276,0.24492315787995317,1.298774281893203
413,14,4,1,27,64,8,76,0.4427522019017488,4.283186468295753,0.41590666975826024,2.7499446875881404,0.676684166956693,0.000732202495294106,0.5062746707815676,5.714967318880111e-05,0.41356262044981124,22,1024,9,0.44678876763209696,1.6530527167971503,5.396663989618698,4,0.13835090158476515,0.5009281999846071,86.0,0.86,0.8888888888888888,0.5555555555555556,0.030872011251758084,5.0164486892598665,0.0,1.0756686800150377,0.06913642800390588,0.2733333333333329,93.0,0.93,1.0,0.3333333333333333,0.02932489451476793,6.008615816377481,0.0,0.4149778082013883,0.20633117988712724,1.0553333333333303,79.0,0.79,0.6666666666666666,0.6666666666666666,0.0379746835443038,3.6096071661351723,0.20559885539100678,1.0756686800150377,0.13958509686326234,0.17411793328715824,86.0,0.86,1.0,0.6666666666666666,0.02531645569620253,5.431123085266946,0.10460538190021114,0.20586404037296388
414,10,8,5,9,64,5,40,0.27767379987053575,1.3233306910842657,0.5368508128449321,3.205275672720745,0.6990531114395708,0.008883275942427889,0.42817846150137484,4.240056811220344e-06,0.15346557365730407,17,64,10,0.06155736865475774,0.24588346273469747,6.015227489484173,2,0.042093495085260696,0.07338260535457596,95.77777777777777,0.9577777777777777,1.0,0.1111111111111111,0.03297491039426523,4.317680817801759,0.0,0.834197817650451,0.0,0.0,100.0,1.0,1.0,0.0,0.02666666666666667,5.381747329762827,0.0,0.0,0.0,0.0,100.0,1.0,1.0,0.0,0.04,3.2503590042081973,0.0,0.0,0.1262804852557821,0.22014781606372788,87.33333333333333,0.8733333333333334,1.0,0.3333333333333333,0.03225806451612903,4.320936119434253,0.0,0.834197817650451
415,6,8,3,23,128,11,95,0.23241602969355885,8.27049602009356,0.03848331309854984,0.6890001110732555,0.4419720804318785,0.0029655781369145253,0.9346301676239818,0.00035502905804589543,0.6556162085756659,43,512,4,0.6816040369682014,0.9307168810628949,2.0549824973270776,5,0.0,0.0,100.0,1.0,1.0,0.0,0.0011111111111111111,5.6759283334637685,0.0,0.0,0.0,0.0,100.0,1.0,1.0,0.0,0.0,6.455777330944936,0.0,0.0,0.0,0.0,100.0,1.0,1.0,0.0,0.0033333333333333335,4.151708003288756,0.0,0.0,0.0,0.0,100.0,1.0,1.0,0.0,0.0,6.4202996661576135,0.0,0.0
416,6,12,2,26,32,10,37,0.19366241437382997,3.3389976313337684,0.6001646028831601,1.3599289287813008,0.8490187586750836,0.007392380624003757,0.018078990234062075,0.004820627081447837,0.2895470585487783,42,1024,9,0.5819600935094058,0.5626676353070456,6.2942719242887275,3,0.202318716508108,1.9159239069792136,79.77777777777777,0.7977777777777777,0.5555555555555556,0.0,0.05101495726495727,4.442472304393071,0.0,4.762547043877561,0.2946547509122404,4.666666666666667,70.66666666666667,0.7066666666666667,0.3333333333333333,0.0,0.05902777777777778,4.263198729976365,0.17939381300018312,4.762547043877561,0.15906125180573943,0.7416666666666665,84.0,0.84,0.6666666666666666,0.0,0.038461538461538464,3.6824458390354917,0.0,2.405180717066831,0.15324014680634415,0.3394383876043072,84.66666666666667,0.8466666666666667,0.6666666666666666,0.0,0.05555555555555555,5.381772344167356,0.0,1.28622108194947
417,10,4,7,13,128,3,89,0.37339286762289703,5.691746520809829,0.04710875302553177,2.5865588195156306,0.28182572815567253,0.003581011300298243,0.521018584864214,2.9719000900954795e-05,0.4213494624942541,21,256,7,0.13832261757925152,0.47007225068453223,1.8678441725217134,2,0.006481393507884385,0.0,99.33333333333333,0.9933333333333333,1.0,0.2222222222222222,0.01900321239606954,5.463494194729104,0.0,0.0,0.0,0.0,100.0,1.0,1.0,0.0,0.0,6.143784665813048,0.0,0.0,0.006241838214180514,0.0,99.33333333333333,0.9933333333333333,1.0,0.3333333333333333,0.040204081632653065,3.719479455390856,0.0,0.0,0.01320234230947264,0.0,98.66666666666667,0.9866666666666667,1.0,0.3333333333333333,0.016805555555555556,6.527218462983405,0.0,0.0
418,14,8,3,18,192,6,16,0.4596988142002374,8.352773016318679,0.21180374100804328,3.9499212682712823,0.24287467771209775,0.030284247901869992,0.4431367414537817,6.233609466822144e-06,0.16157717876136304,25,512,6,0.5460695623420179,3.1539894590523074,1.8263595934163552,4,0.4336593584248922,4.422721373090415,56.55555555555556,0.5655555555555556,0.3333333333333333,0.1111111111111111,0.07504301701773544,3.01422151266704,0.507057985271637,7.755164572754529,0.37126080155196534,7.3033333333333355,63.0,0.63,0.3333333333333333,0.0,0.06939024390243902,3.541239712306558,0.2595049062317257,6.258946796487252,0.5559339055292943,4.467999999999997,44.0,0.44,0.0,0.0,0.08907214048410061,1.786827446061025,0.535221620111414,7.755164572754529,0.37378336819341706,1.4968307859379102,62.666666666666664,0.6266666666666666,0.6666666666666666,0.3333333333333333,0.06666666666666667,3.714597379633536,0.26026420586677756,2.9329049666598626
419,6,8,5,5,64,13,65,0.07692728932015598,1.8032447043806314,0.3696827286854386,0.848065834492445,0.5260707431472837,0.0008798028136065793,0.949308850383386,0.0003064645657421831,0.6416998993419111,37,64,12,0.2897481695748865,0.0833184963032134,5.160096262922925,3,0.0,0.0,100.0,1.0,1.0,0.0,0.003333333333333333,5.139572331940548,0.0,0.0,0.0,0.0,100.0,1.0,1.0,0.0,0.0,6.192695666880657,0.0,0.0,0.0,0.0,100.0,1.0,1.0,0.0,0.0,3.3590036630630493,0.0,0.0,0.0,0.0,100.0,1.0,1.0,0.0,0.01,5.867017665877938,0.0,0.0
420,3,9,8,8,64,11,23,0.4340183824300766,9.520799789577723,0.1290315981954336,3.1469868004787713,0.6467449702322483,0.06282155742576424,0.7069370204117149,0.0001773129102750821,0.677368820142001,31,64,5,0.7069238670170307,1.4075910829695333,8.23507658274709,5,0.4977801398795115,6.18064930923532,50.111111111111114,0.5011111111111111,0.1111111111111111,0.0,0.08119165701350219,1.9310710817763141,0.5385839677754856,9.629267736904467,0.5637663072887752,12.523333333333333,43.666666666666664,0.4366666666666667,0.0,0.0,0.09180886275265915,1.6465194473089502,0.551631417945702,8.921230467359159,0.5561458280080883,4.0819999999999945,44.0,0.44,0.0,0.0,0.09103456929543885,1.1285881505797586,0.5455036966286484,9.629267736904467,0.373428284341671,1.936614594372632,62.666666666666664,0.6266666666666666,0.3333333333333333,0.0,0.06073153899240855,3.0181056474402337,0.2701390557749131,2.9329049666598626
421,13,7,3,21,192,5,58,0.15583696281537412,2.885647051036358,0.6274445032700896,0.5065607242286205,0.07260652515105903,0.0014834989732447688,0.20122465924359856,1.023857759830108e-06,0.03356633350253105,29,512,11,0.10188425425440073,0.16849118276115868,2.531661035349211,2,0.0,0.0,100.0,1.0,1.0,0.0,0.0,6.164693667346405,0.0,0.0,0.0,0.0,100.0,1.0,1.0,0.0,0.0,6.622411000231902,0.0,0.0,0.0,0.0,100.0,1.0,1.0,0.0,0.0,4.717240335885435,0.0,0.0,0.0,0.0,100.0,1.0,1.0,0.0,0.0,7.154429665921877,0.0,0.0
422,11,11,6,16,128,8,46,0.22379230819642543,4.44364729244262,0.506467972509563,1.928456210065633,0.4518896068446338,0.01827998979531776,0.7615387823898345,1.5447781494229284e-05,0.5248351557552815,15,128,8,0.4215329710394144,2.5006910404510396,1.346686880787476,4,0.04974967675796562,0.11314612920143574,95.0,0.9500000000000001,0.8888888888888888,0.1111111111111111,0.01600849767516434,4.667925085575148,0.0,1.28622108194947,0.0,0.0,100.0,1.0,1.0,0.0,0.01,5.860494659282267,0.0,0.0,0.002883532582360614,0.0,99.66666666666667,0.9966666666666667,1.0,0.3333333333333333,0.02016835016835017,3.54759971984358,0.0,0.0,0.14636549769153626,0.3394383876043072,85.33333333333333,0.8533333333333334,0.6666666666666666,0.0,0.017857142857142856,4.595680877599599,0.0,1.28622108194947
423,9,5,4,29,32,15,80,0.28311234368011357,6.838075296021998,0.31581570990383623,2.6936638958286494,0.728970329510048,0.00517136247836026,0.25813131439499554,0.0008108987613168993,0.2784936107508838,45,1024,6,0.3264429835602641,0.09465229934503595,3.9419454130381517,1,0.0907312237544484,0.244272625761076,90.77777777777777,0.9077777777777778,1.0,0.6666666666666666,0.0,6.076138402493789,0.0,0.6210045987715395,0.0065527595441318524,0.0,99.33333333333333,0.9933333333333333,1.0,0.3333333333333333,0.0,7.365206366636137,0.0,0.0,0.15274342980194253,0.5936666666666628,84.33333333333333,0.8433333333333333,1.0,1.0,0.0,4.338287318203009,0.14531143675033234,0.6210045987715395,0.11289748191727084,0.13915121061656527,88.66666666666667,0.8866666666666667,1.0,0.6666666666666666,0.0,6.52492152264222,0.08463763711175623,0.1592044617920802
424,8,9,6,23,128,12,32,0.41472708485089244,9.246971763670444,0.43060247963294385,2.9539372932631522,0.8186225422658027,0.0010237274091483718,0.7737810502760112,4.354402343732287e-06,0.7449268190935254,22,128,4,0.5246751314029098,1.0464337535885022,2.886283913690127,4,0.49149342150692316,5.829832484201525,50.77777777777778,0.5077777777777778,0.2222222222222222,0.1111111111111111,0.05998101566207878,2.1743768538544432,0.5041616324667071,10.209611320280269,0.5706608717595895,12.01666666666667,43.0,0.43,0.0,0.0,0.06976744186046512,1.7754178450897682,0.5684767025251842,8.055312823017784,0.5467507780334956,3.975999999999994,45.0,0.45,0.0,0.0,0.06691979117228286,1.3211889006005915,0.5358114336030396,10.209611320280269,0.3570686147276845,1.4968307859379102,64.33333333333333,0.6433333333333333,0.6666666666666666,0.3333333333333333,0.043255813953488376,3.4265238158729705,0.25038721056401775,2.9329049666598626
425,12,7,4,9,64,7,60,0.12249688305892051,2.596426833420992,0.23854581499472258,1.8440190199762583,0.3224076780024916,0.0991826478382778,0.32741463724523784,0.0004433019131780004,0.058485740516334775,39,512,10,0.2670294400304556,0.22278788681366365,9.391191445726824,1,0.10712638073023022,0.36522565301618853,89.22222222222223,0.8922222222222221,0.8888888888888888,0.3333333333333333,0.02008682328907048,4.648435835264069,0.0,4.147423570367287,0.0,0.0,100.0,1.0,1.0,0.0,0.030000000000000002,5.98533066532885,0.0,0.0,0.16161494233247814,0.5019999999999969,83.66666666666667,0.8366666666666666,0.6666666666666666,0.3333333333333333,0.026515151515151516,3.189496747732114,0.059298212734436195,4.147423570367287,0.1597641998582125,0.5936769590485687,84.0,0.84,1.0,0.6666666666666666,0.003745318352059925,4.770480092731242,0.05436575461056928,0.7783673705111724
426,13,11,7,27,64,4,54,0.26064800038002434,5.261845798231661,0.03130145529285073,0.4811198809184134,0.20208789352327583,0.004210141347031956,0.6056613840162753,0.002096040546161896,0.5042516765929759,44,256,9,0.6473820688202977,1.892319782419512,3.459514563034186,5,0.0,0.0,100.0,1.0,1.0,0.0,0.0,5.1581718948566255,0.0,0.0,0.0,0.0,100.0,1.0,1.0,0.0,0.0,5.803720676340163,0.0,0.0,0.0,0.0,100.0,1.0,1.0,0.0,0.0,3.831639331765473,0.0,0.0,0.0,0.0,100.0,1.0,1.0,0.0,0.0,5.83915567646424,0.0,0.0
427,4,5,2,15,128,9,83,0.3059192805085331,7.7068264009431005,0.5283099531196057,3.4653405423741788,0.5570922033395619,0.024462183870654335,0.16159975798800588,6.792597748196525e-05,0.20659966189414264,17,1024,7,0.20515466928482057,0.12739221830763608,1.1815486191550948,2,0.019661219345331816,0.055888888888888655,98.0,0.98,1.0,0.2222222222222222,0.002452664914763156,6.28790975158158,0.0,0.5221133871205753,0.00973425232878401,0.0066666666666659324,99.0,0.9899999999999999,1.0,0.3333333333333333,0.003436426116838488,7.091466777748348,0.0,0.01139365321501683,0.049249405707211445,0.16100000000000003,95.0,0.9500000000000001,1.0,0.3333333333333333,0.00392156862745098,4.538728145097255,0.0,0.5221133871205753,0.0,0.0,100.0,1.0,1.0,0.0,0.0,7.233534331899136,0.0,0.0
428,5,10,3,12,192,14,41,0.1707524941302836,4.17312631290406,0.28770140381529924,1.0496739842928946,0.5957929730881005,0.002274820012197991,0.3965547383762896,1.1533287554993242e-05,0.3578277137503028,14,512,10,0.48524596327915787,0.7439597885552721,2.1283163228464503,4,0.12598069783690252,0.8499337144506545,87.33333333333333,0.8733333333333334,0.8888888888888888,0.2222222222222222,0.0407369798756295,4.58085897926376,0.0,1.4127420760916292,0.0,0.0,100.0,1.0,1.0,0.0,0.023333333333333334,6.199208665639162,0.0,0.0,0.12833395486229282,1.6893333333333316,87.0,0.87,0.6666666666666666,0.0,0.039726775956284155,3.4006015630057234,0.0,1.4127420760916292,0.24960813864841472,0.8604678100186317,75.0,0.75,1.0,0.6666666666666666,0.05915083033727101,4.142766709146396,0.16910407959094859,0.8544427041764607
429,14,6,5,24,96,8,96,0.3364341652020812,6.545666082762182,0.44689967809244985,3.5724724407773465,0.10673104925081134,0.010743742405304815,0.840148377791047,0.001097458072498591,0.4455462132580578,50,128,8,0.3943004271946847,0.34947596408150094,7.173984640092389,3,0.042011996957233705,0.0568888888888878,95.66666666666667,0.9566666666666666,1.0,0.5555555555555556,0.024273544231468495,4.8036581553389555,0.0,0.11674585053627443,0.022379263057003367,0.0,97.66666666666667,0.9766666666666667,1.0,0.3333333333333333,0.007168458781362008,5.573758667703771,0.0,0.0,0.07713643636230215,0.1706666666666634,92.0,0.92,1.0,1.0,0.021739130434782608,3.323999648589803,0.07632488945637356,0.11674585053627443,0.026520291452395622,0.0,97.33333333333333,0.9733333333333333,1.0,0.3333333333333333,0.04391304347826087,5.513216149723292,0.0,0.0
430,9,10,1,6,32,5,18,0.4931418773718178,8.09926969744265,0.6979476104490459,2.1510332238394767,0.41796880248002705,0.0006593647232476962,0.09431941490620374,7.213374221395734e-05,0.13882573084905744,35,256,5,0.6865548280067741,4.24477450500007,4.526100791216185,3,0.15146685566047818,1.105001403452557,84.88888888888889,0.8488888888888888,0.7777777777777778,0.1111111111111111,0.05215871616547491,3.6928297001483137,0.0,3.6133433543389253,0.1982575307308149,2.3800000000000003,80.33333333333333,0.8033333333333333,0.6666666666666666,0.0,0.059186991869918694,4.035501397476055,0.0,3.6133433543389253,0.0558691386350543,0.16100000000000003,94.33333333333333,0.9433333333333334,1.0,0.3333333333333333,0.07228915662650602,3.04059968998536,0.0,0.5221133871205753,0.20027389761556533,0.7740042103576705,80.0,0.7999999999999999,0.6666666666666666,0.0,0.024999999999999998,4.002388012983526,0.0,2.9329049666598626
431,7,6,6,20,96,11,74,0.09632159713655711,1.4947984125465155,0.14621105240657925,1.5025443080812693,0.7792959682643413,0.03730651961557362,0.5411456889472902,2.5011477967330624e-06,0.5719739192351699,28,64,11,0.07745654163882136,0.06305113402810655,1.6015235514358448,2,0.03949031656730844,0.05330387681448112,96.0,0.9600000000000001,1.0,0.2222222222222222,0.0038227513227513227,5.034530910841317,0.0,0.6210045987715395,0.0,0.0,100.0,1.0,1.0,0.0,0.0,5.994838008967538,0.0,0.0,0.06530280161363756,0.055999999999996795,93.33333333333333,0.9333333333333332,1.0,0.3333333333333333,0.0075,3.406602087779902,0.0,0.6210045987715395,0.053168148088287744,0.10391163044344658,94.66666666666667,0.9466666666666667,1.0,0.3333333333333333,0.003968253968253968,5.702152635776511,0.0,0.13865963166806336
432,7,10,4,16,64,9,92,0.48277772911824285,2.20729748159647,0.6434260470792651,1.610605452209711,0.6733586883172393,0.0067841009554903495,0.671432784711942,0.0005396083569896213,0.31917461125180124,25,256,6,0.6025773930363357,0.2750626908487355,1.286287041510417,2,0.0075579183719580185,0.0001593664121039377,99.22222222222223,0.9922222222222222,1.0,0.2222222222222222,0.003413993890798014,4.953541134434617,0.0,0.0018116434070652306,0.0,0.0,100.0,1.0,1.0,0.0,0.0033333333333333335,5.726846663746983,0.0,0.0,0.012853120263149269,0.0,98.66666666666667,0.9866666666666667,1.0,0.3333333333333333,0.003472222222222222,3.498570681581946,0.0,0.0,0.009820634852724787,0.00047809923631181306,99.0,0.9899999999999999,1.0,0.3333333333333333,0.003436426116838488,5.635206057974922,0.0,0.0018116434070652306
433,9,6,6,30,192,14,35,0.07890068939886988,9.074270594865084,0.09032022841274738,2.251655484782532,0.0991164771374315,0.013992723933569163,0.22392113232053815,3.541229676886284e-06,0.39171607106924056,37,1024,12,0.16163157792761923,0.9689140006304713,4.18451179731162,3,0.4612112637752286,5.404528925070299,53.77777777777778,0.5377777777777778,0.1111111111111111,0.1111111111111111,0.0558744923514806,3.711797492635851,0.49389285683916684,7.417268242976773,0.5178574488474035,11.143333333333334,48.333333333333336,0.48333333333333334,0.0,0.0,0.06873582766439909,3.6771606798194,0.5170637073216104,7.417268242976773,0.48590052388420374,3.2323333333333295,51.0,0.51,0.0,0.0,0.045534591194968554,2.6941468010205516,0.4803918999283691,7.2783217558406355,0.3798758185940787,1.8379201085442314,62.0,0.62,0.3333333333333333,0.3333333333333333,0.05335305819507417,4.764084997067603,0.2847576007250655,1.9363613973365315
434,15,10,2,9,128,11,68,0.18817536071874202,7.256993026472628,0.3425641890615225,3.702677958412096,0.42537872390821574,0.0016460622507632886,0.7397557743359356,4.895918282414992e-05,0.18976524114608764,41,128,9,0.5694158962927759,0.15310455272348691,7.727636428988479,3,0.06032058611994103,0.13674912752691268,93.88888888888889,0.9388888888888888,1.0,0.3333333333333333,0.03918993683221325,4.231509943868512,0.0,0.4596604481053848,0.0,0.0,100.0,1.0,1.0,0.0,0.02666666666666667,5.398944005525361,0.0,0.0,0.02850369050710068,0.13466666666666444,97.0,0.9700000000000001,1.0,0.3333333333333333,0.061318681318681324,3.320889121003367,0.0,0.11261795555268532,0.1524580678527224,0.2755807159140736,84.66666666666667,0.8466666666666667,1.0,0.6666666666666666,0.02958446251129178,3.974696705076808,0.08965984162245097,0.4596604481053848
435,5,6,7,20,32,6,13,0.3467963562812656,5.149299335666001,0.5003985380753875,1.1868601744063199,0.7023556931409985,0.05670826578552429,0.2964334755670279,0.0029269576850568376,0.6135176425985992,20,512,7,0.3103174143470824,1.7053368260751376,2.640446579466495,4,0.2972121336484789,3.989782032529724,70.22222222222223,0.7022222222222223,0.4444444444444444,0.2222222222222222,0.04368220053457187,3.632245847858582,0.0283429499237171,8.032525516587752,0.5010979575296046,10.71,50.0,0.5,0.0,0.0,0.061133069828722,2.604608684206618,0.4693075022364476,8.032525516587752,0.20373059395355628,0.7483333333333324,79.33333333333333,0.7933333333333333,0.6666666666666666,0.6666666666666666,0.047186259047720884,3.1605163612534923,0.06700401322172522,2.405180717066831,0.18680784946227594,0.5110127642558397,81.33333333333333,0.8133333333333334,0.6666666666666666,0.0,0.022727272727272724,5.1316124981156355,0.0,1.9363613973365315
436,4,11,5,17,32,7,56,0.2714788815006614,6.150643917731941,0.0847891516983509,3.339198403758928,0.875529122306034,0.0007936981224414392,0.05453181224875152,0.001335486498551468,0.6939916092716157,17,256,8,0.7298482745885849,0.29078473226860224,1.6829628015549207,2,0.3676134523876438,3.9753616026632272,63.0,0.63,0.3333333333333333,0.3333333333333333,0.01879135828087893,2.6359073418539554,0.386315280007917,5.252474132123341,0.38901666502421256,8.210000000000003,61.0,0.61,0.0,0.0,0.01639344262295082,2.817554647469374,0.3889531744062995,5.252474132123341,0.3862367106508373,2.7449999999999957,61.0,0.61,0.0,0.0,0.01639344262295082,1.9673715826490374,0.38565857229739775,4.609480563500889,0.32758698148788157,0.9710848079896839,67.0,0.6699999999999999,1.0,1.0,0.023587189596735145,3.122795795443455,0.2960065212379553,0.8413625384561836
437,12,5,3,6,96,13,25,0.32375246891751885,4.005528314970434,0.5831625813618302,0.34730997728183866,0.3084398452192545,0.033622871512196895,0.49738620934076605,9.377355407344664e-06,0.01694936104118824,47,64,6,0.12220247108489275,0.8255344892754608,5.670672408676746,5,0.0,0.0,100.0,1.0,1.0,0.0,0.043333333333333335,4.777961664884868,0.0,0.0,0.0,0.0,100.0,1.0,1.0,0.0,0.03333333333333333,5.4722960021657245,0.0,0.0,0.0,0.0,100.0,1.0,1.0,0.0,0.02,3.3956399963547788,0.0,0.0,0.0,0.0,100.0,1.0,1.0,0.0,0.07666666666666667,5.465948996134102,0.0,0.0
438,12,9,6,27,192,10,77,0.39689242038875816,1.0412791464477777,0.3747218595817685,1.7396778203547,0.21625962969847023,0.0027428356734082357,0.4639711915049702,1.8022328756257016e-06,0.5428974352031947,33,512,5,0.4417176630347967,0.05106817936308201,5.699438044737536,1,0.07213927267467458,0.21311111111110959,92.66666666666667,0.9266666666666666,1.0,0.4444444444444444,0.0,5.128181531172542,0.0,0.6210045987715395,0.059505962524156804,0.2066666666666661,94.0,0.94,1.0,0.3333333333333333,0.0,5.910205744203119,0.0,0.3137637086400738,0.11704898037549123,0.4326666666666627,88.0,0.8799999999999999,1.0,0.6666666666666666,0.0,3.598019300952432,0.08765037117139077,0.6210045987715395,0.0398628751243757,0.0,96.0,0.96,1.0,0.3333333333333333,0.0,5.876319548362076,0.0,0.0
439,8,7,1,12,96,4,49,0.11166747631505132,7.989619484171271,0.18403545171022415,2.8568056479562074,0.49955946123227474,0.00969198557370192,0.9119425633456557,0.00010070619471897512,0.26042550360783934,31,128,11,0.34949023481458424,4.584420443695044,2.0169068581080882,4,0.26759347981996257,1.6966972382975134,73.11111111111111,0.7311111111111112,0.4444444444444444,0.1111111111111111,0.0746036241696801,3.3345102210701345,0.0,2.7649490469115108,0.1296538775913177,1.5400000000000005,87.0,0.87,0.6666666666666666,0.0,0.07185792349726776,4.688778305120889,0.0,2.3380456998663637,0.36609465453856266,2.5703333333333283,63.0,0.63,0.0,0.0,0.10891265597147949,1.9325856830406238,0.3267274072847456,2.7649490469115108,0.30703190733000735,0.9797583815592111,69.33333333333333,0.6933333333333334,0.6666666666666666,0.3333333333333333,0.04304029304029303,3.382166675048891,0.2204473538200285,1.28622108194947
440,9,11,7,7,192,5,63,0.23449272918514907,5.861977844499052,0.4738186488859355,2.823640028713271,0.6224075017962605,0.04873596617442451,0.3588396591134369,4.124421469999378e-05,0.7167445788905025,45,512,9,0.5012380180880427,0.384149097097584,4.889810965306767,1,0.08662943865182561,0.3893242395296142,91.22222222222223,0.9122222222222223,0.8888888888888888,0.2222222222222222,0.003333333333333333,4.686530360228447,0.0,2.7649490469115108,0.0,0.0,100.0,1.0,1.0,0.0,0.006666666666666667,5.931883664646496,0.0,0.0,0.1704159074116596,1.0466666666666624,82.66666666666667,0.8266666666666667,0.6666666666666666,0.3333333333333333,0.0033333333333333335,3.047669445407142,0.1026115298516337,2.7649490469115108,0.08947240854381722,0.12130605192218018,91.0,0.91,1.0,0.3333333333333333,0.0,5.080037970631703,0.0,0.4596604481053848
441,11,5,2,19,64,12,29,0.3008700002450496,3.732244777493179,0.28180260704830284,2.0658707791008055,0.13324181186035275,0.0005026081751942294,0.8610978744924068,0.003452911345183018,0.0866738194413483,18,64,7,0.24619853831827637,0.6132205512546633,1.4508169253963943,4,0.07920196235209241,0.7401111111111098,92.0,0.9199999999999999,0.7777777777777778,0.0,0.04935519579355196,4.656152322719752,0.0,1.5169973121725826,0.0,0.0,100.0,1.0,1.0,0.0,0.01,5.680830324223886,0.0,0.0,0.23760588705627725,2.22033333333333,76.0,0.7600000000000001,0.3333333333333333,0.0,0.10473225404732255,2.6592906402642793,0.13399425606131746,1.5169973121725826,0.0,0.0,100.0,1.0,1.0,0.0,0.03333333333333333,5.62833600367109,0.0,0.0
442,13,9,5,11,32,15,86,0.4162592514883727,1.9105747397989035,0.16202195854857562,0.6143925953656435,0.39145873016677796,0.01190170227416073,0.07057199273258448,0.0002518420913816131,0.47461830170825126,23,1024,4,0.6266846710816025,0.06871032078675206,2.340272235459715,2,0.005406436292575404,0.0001593664121039377,99.44444444444444,0.9944444444444444,1.0,0.2222222222222222,0.0033908529741863078,5.499889794416338,0.0,0.0018116434070652306,0.0,0.0,100.0,1.0,1.0,0.0,0.0,6.226921666723986,0.0,0.0,0.003186797105502688,0.0,99.66666666666667,0.9966666666666667,1.0,0.3333333333333333,0.0033670033670033673,4.273877893582376,0.0,0.0,0.013032511772223523,0.00047809923631181306,98.66666666666667,0.9866666666666667,1.0,0.3333333333333333,0.006805555555555555,5.998869822942652,0.0,0.0018116434070652306
443,4,7,3,25,128,8,51,0.14513801787979902,8.80837213434279,0.6590657490305603,3.2478375521022826,0.7526821425184608,0.0020501195976954036,0.5779473031871021,7.666775037836627e-06,0.23622723113745453,40,256,10,0.18159473314881325,3.468226175907857,6.615032159530634,5,0.046325652552542805,0.22644444444444392,95.33333333333333,0.9533333333333334,0.8888888888888888,0.0,0.009885057471264369,5.626103037636428,0.0,2.2030374388234573,0.0,0.0,100.0,1.0,1.0,0.0,0.0,6.636071329315503,0.0,0.0,0.1389769576576284,0.6793333333333318,86.0,0.86,0.6666666666666666,0.0,0.022988505747126436,3.357305457285637,0.0,2.2030374388234573,0.0,0.0,100.0,1.0,1.0,0.0,0.006666666666666667,6.8849323263081414,0.0,0.0
444,5,8,3,28,96,4,94,0.4494101977907121,3.0606628991663456,0.24341345289722083,0.743495361879468,0.8451337165199221,0.022032739522337915,0.8124302200041711,1.4204991452321463e-06,0.33975961212068795,34,128,5,0.46479955175891513,0.20431487855552394,3.6063206851528258,3,0.008453900277961298,0.0,99.11111111111111,0.991111111111111,1.0,0.4444444444444444,0.014625850340136054,5.347243965584405,0.0,0.0,0.0,0.0,100.0,1.0,1.0,0.0,0.0,6.324150665507962,0.0,0.0,0.018921443734583838,0.0,98.0,0.98,1.0,1.0,0.02040816326530612,3.706260539946102,0.018849422073378003,0.0,0.006440257099300053,0.0,99.33333333333333,0.9933333333333333,1.0,0.3333333333333333,0.02346938775510204,6.01132069129915,0.0,0.0
445,14,8,8,14,32,10,43,0.059636841714382174,9.907854788005352,0.40266321888193485,3.8530181136447936,0.3490226056892425,0.004666786710686265,0.30551474224776026,0.00012697668346047563,0.46360849821940064,26,1024,11,0.37116237571462984,1.2800501310499872,1.1082503770706138,4,0.0872880736200577,0.6442755251934125,91.22222222222223,0.9122222222222223,0.8888888888888888,0.1111111111111111,0.017269700332963375,5.052950533340012,0.0,1.0118890560798364,0.0,0.0,100.0,1.0,1.0,0.0,0.0,6.158572674418489,0.0,0.0,0.10498688136170951,1.209999999999998,89.33333333333333,0.8933333333333334,0.6666666666666666,0.0,0.0196078431372549,3.9131002354563456,0.0,1.0118890560798364,0.15687733949846358,0.7228265755802394,84.33333333333333,0.8433333333333334,1.0,0.3333333333333333,0.03220125786163522,5.087178690145202,0.0,0.9645394485884001
446,10,12,4,22,96,13,71,0.21095481915399433,6.948002246208489,0.5661613232456147,2.4601872961502522,0.1754736561328173,0.07564819004520329,0.6284747440367937,0.0006661744337157905,0.12220876390114425,12,64,10,0.6633793820627034,0.11582369796255322,3.0621029687158288,2,0.042962036269267694,0.13890040323216477,95.66666666666667,0.9566666666666666,0.8888888888888888,0.1111111111111111,0.004065460809646856,4.585633896981927,0.0,1.3177147389233481,0.0,0.0,100.0,1.0,1.0,0.0,0.0,5.780801332245271,0.0,0.0,0.08265895177535768,0.40633333333333077,91.66666666666667,0.9166666666666666,0.6666666666666666,0.0,0.0044444444444444444,2.972982549108565,0.0,1.3177147389233481,0.04622715703244542,0.010367876363163536,95.33333333333333,0.9533333333333333,1.0,0.3333333333333333,0.007751937984496124,5.003117809591945,0.0,0.03928660293099189
447,6,4,6,10,192,6,20,0.3836795251816511,4.895241872407496,0.014470926765352487,1.2263474040664732,0.5305817320477217,0.0013365386298985302,0.1257485137321055,1.8995039102711368e-05,0.5885967138782143,48,256,8,0.05705820573493839,2.294535731313904,8.964140780077772,3,0.0,0.0,100.0,1.0,1.0,0.0,0.09000000000000001,5.3919064491573305,0.0,0.0,0.0,0.0,100.0,1.0,1.0,0.0,0.03666666666666667,6.11075033666566,0.0,0.0,0.0,0.0,100.0,1.0,1.0,0.0,0.049999999999999996,3.862021677196026,0.0,0.0,0.0,0.0,100.0,1.0,1.0,0.0,0.18333333333333335,6.2029473336103065,0.0,0.0
448,7,11,4,19,128,4,25,0.35130711309611795,1.725115342065692,0.530793853662908,2.2310885924380273,0.22967020496726037,0.012245079670138942,0.303203846886754,0.0010313101081337885,0.4575089303590357,24,512,9,0.47456396212801333,0.08990980414989484,4.949670873706561,5,0.296626713946156,4.100556959008112,70.33333333333333,0.7033333333333334,0.4444444444444444,0.0,0.04916564916564917,3.4193904941594915,0.0,8.055312823017784,0.5040678644244162,10.306666666666668,49.666666666666664,0.49666666666666665,0.0,0.0,0.084004884004884,2.4250218352491673,0.46363392722489244,8.055312823017784,0.19247669692232275,1.2209999999999979,80.66666666666667,0.8066666666666666,0.6666666666666666,0.0,0.031746031746031744,3.156733527624359,0.0,3.9596300973554115,0.19333558049172897,0.7740042103576705,80.66666666666667,0.8066666666666666,0.6666666666666666,0.0,0.031746031746031744,4.676416119604948,0.0,2.9329049666598626
449,10,5,5,7,32,10,59,0.1856409083120525,8.430662052705884,0.022825823351740836,1.4727552966214716,0.48635565820150073,0.0021984987334899547,0.8054644511081278,1.2370110365998343e-05,0.3457746591046453,36,64,7,0.3822532490827143,2.5524448138673983,1.7511439532203963,2,0.0,0.0,100.0,1.0,1.0,0.0,0.0,4.725119109886388,0.0,0.0,0.0,0.0,100.0,1.0,1.0,0.0,0.0,5.51574700511992,0.0,0.0,0.0,0.0,100.0,1.0,1.0,0.0,0.0,3.2729156555918357,0.0,0.0,0.0,0.0,100.0,1.0,1.0,0.0,0.0,5.386694668947409,0.0,0.0
450,14,9,2,25,64,12,44,0.08472995311021805,5.747937626205385,0.22993166185915467,0.9595153909176588,0.8889931987039745,0.05040371145345552,0.12620541965588927,2.3295258412334807e-06,0.6057066558673978,41,1024,4,0.6970645721070469,0.15932002765467645,1.938982367611454,4,0.06721771216671973,0.1354985306273784,93.22222222222223,0.9322222222222223,0.8888888888888888,0.2222222222222222,0.01630908136823712,5.492159371625004,0.0,2.7649490469115108,0.0,0.0,100.0,1.0,1.0,0.0,0.0,6.666206337201099,0.0,0.0,0.1020082208439038,0.24933333333333105,89.66666666666667,0.8966666666666666,0.6666666666666666,0.0,0.014492753623188406,4.181179058510846,0.0,2.7649490469115108,0.0996449156562554,0.15716225854880417,90.0,0.9,1.0,0.6666666666666666,0.03443449048152295,5.629092719163064,0.029551571167517193,0.20586404037296388
451,6,7,8,11,192,7,79,0.4815622395835817,3.2831155164167285,0.4329037992283702,3.592165854992345,0.29518578355200586,0.0005417533294408279,0.6335831118747591,7.684020157724455e-05,0.1051833207346499,19,256,10,0.0893341382034123,1.4303728849148882,6.5348365179793255,1,0.012806996574266878,0.002222222222221977,98.66666666666667,0.9866666666666668,1.0,0.2222222222222222,0.0,5.344064861971183,0.0,0.01139365321501683,0.006573575233820134,0.0066666666666659324,99.33333333333333,0.9933333333333333,1.0,0.3333333333333333,0.0,6.003989887211573,0.0,0.01139365321501683,0.0318474144889805,0.0,96.66666666666667,0.9666666666666667,1.0,0.3333333333333333,0.0,3.7377580313908836,0.0,0.0,0.0,0.0,100.0,1.0,1.0,0.0,0.0,6.290446667311092,0.0,0.0
452,3,8,5,14,192,6,37,0.10738917146809399,6.78193146456033,0.14854539334774017,0.38549136929214,0.4384796427097171,0.07352762438097518,0.8754847327247262,0.0004233640810324224,0.09304554121568799,16,128,5,0.5146774176508188,0.08816441364337789,3.8142749663081528,3,0.0,0.0,100.0,1.0,1.0,0.0,0.0011111111111111111,5.2913617741109595,0.0,0.0,0.0,0.0,100.0,1.0,1.0,0.0,0.0,6.082874661466728,0.0,0.0,0.0,0.0,100.0,1.0,1.0,0.0,0.0033333333333333335,3.7288580019958317,0.0,0.0,0.0,0.0,100.0,1.0,1.0,0.0,0.0,6.06235265887032,0.0,0.0
453,13,8,3,28,64,11,87,0.39963140632025895,4.499550797976553,0.689279699511826,3.4942196283955127,0.689049750007689,0.0012463479205158205,0.3685750271193683,4.75594247189923e-06,0.7102766918763518,47,1024,11,0.2556652037426829,3.1054937723676037,1.302902786503599,2,0.04366481331057121,0.017406975963413847,95.55555555555556,0.9555555555555555,1.0,0.4444444444444444,0.0049382716049382715,5.68152009707841,0.0,0.11674585053627443,0.06498196912498687,0.013333333333331865,93.33333333333333,0.9333333333333332,1.0,0.6666666666666666,0.007407407407407408,6.076949410209501,0.04868133994704117,0.02278730643003366,0.032995003646203426,0.03599999999999899,96.66666666666667,0.9666666666666667,1.0,0.3333333333333333,0.003703703703703704,4.527319403089307,0.0,0.11674585053627443,0.033017467160523326,0.0028875945569106776,96.66666666666667,0.9666666666666667,1.0,0.3333333333333333,0.003703703703703704,6.440291477936423,0.0,0.010941853163498598
454,11,12,7,10,32,14,16,0.31727704596705736,2.963797938078642,0.438477767445147,3.0395126480143517,0.6865098657552153,0.021303530694119267,0.5654144627042115,6.225571541519825e-05,0.21957010712474584,33,64,10,0.6572075672447681,0.49514445346969466,2.604527519059947,4,0.15536112478782346,1.514026465863545,84.44444444444444,0.8444444444444444,0.7777777777777778,0.3333333333333333,0.033121217290991364,3.4509553180259975,0.0,3.3603081054356387,0.17827674792950302,2.213333333333334,82.33333333333333,0.8233333333333333,0.6666666666666666,0.0,0.02127659574468085,3.823562660023359,0.0,3.3603081054356387,0.14118073762316605,1.6893333333333316,85.66666666666667,0.8566666666666666,0.6666666666666666,0.3333333333333333,0.0336426116838488,2.543973537884175,0.014328788353937728,1.4127420760916292,0.14662588881080132,0.6394127309239699,85.33333333333333,0.8533333333333334,1.0,0.6666666666666666,0.044444444444444446,3.9853297561704597,0.019548767658335284,0.8525940774069318
455,8,4,2,22,128,9,67,0.27202120530419055,9.442957893013954,0.2901522360742092,1.8051087097264826,0.08575703287497163,0.004329539039997934,0.06269399747252465,0.002192471249634308,0.4913715689070523,30,256,8,0.21634936574846503,0.5515700886595942,8.47566913441338,3,0.19189186143597384,0.8517491275269117,80.66666666666667,0.8066666666666666,0.7777777777777778,0.4444444444444444,0.030902255639097747,4.2700178085424865,0.0,2.7649490469115108,0.0994951925481965,0.6399999999999999,90.0,0.9,1.0,0.3333333333333333,0.019523809523809523,5.435935904360598,0.0,0.9716553557886181,0.29627138729500846,1.6396666666666615,70.0,0.6999999999999998,0.3333333333333333,0.3333333333333333,0.02857142857142857,2.67499667104511,0.295419780724251,2.7649490469115108,0.1799090044647166,0.2755807159140736,82.0,0.82,1.0,0.6666666666666666,0.04461152882205514,4.6991208502217505,0.11966578304925526,0.4596604481053848
456,8,10,7,30,64,7,39,0.14436159254983066,7.635288768447936,0.3612077030353248,1.9555047303438187,0.16211497341282666,0.001667451077668772,0.49692920432426035,1.0804763849226588e-06,0.022597268745303156,45,256,6,0.7181172074750066,0.06549183339268962,1.1434481187210068,4,0.0,0.0,100.0,1.0,1.0,0.0,0.0,5.39596778081937,0.0,0.0,0.0,0.0,100.0,1.0,1.0,0.0,0.0,6.08660334488377,0.0,0.0,0.0,0.0,100.0,1.0,1.0,0.0,0.0,3.8413686646769443,0.0,0.0,0.0,0.0,100.0,1.0,1.0,0.0,0.0,6.259931332897395,0.0,0.0
457,12,6,1,16,128,13,95,0.42252760622650387,5.333143104799092,0.2142869126982987,2.5962037288118154,0.5437336678616702,0.05987529981288658,0.04942354350350797,0.0001639579580412402,0.6882475583814085,19,1024,12,0.11171106696128845,4.102695667293038,3.34654809602895,3,0.046433653446120715,0.04585142040785837,95.22222222222223,0.9522222222222223,1.0,0.5555555555555556,0.03904034618811251,5.8483557948125275,0.0,0.11261795555268532,0.0,0.0,100.0,1.0,1.0,0.0,0.06,6.984465000374864,0.0,0.0,0.07305009503466288,0.13466666666666444,92.33333333333333,0.9233333333333333,1.0,1.0,0.04230622374952272,4.35121530668192,0.06180402081852357,0.11261795555268532,0.06625086530369927,0.0028875945569106776,93.33333333333333,0.9333333333333332,1.0,0.6666666666666666,0.014814814814814815,6.209387077380799,0.04952620074078499,0.010941853163498598
458,12,10,5,21,128,10,20,0.2978964836336672,2.654815137386322,0.049410678911954165,3.109906580997631,0.831825292436406,0.0068371345944404594,0.91425335961394,0.0008778618863821271,0.24304456552490591,24,64,9,0.4101673787459731,0.3745880072170323,9.66290172819892,3,0.4470279161330246,4.692459911748621,55.22222222222222,0.5522222222222222,0.2222222222222222,0.1111111111111111,0.04028469482241462,2.148572764731616,0.4795954251033252,11.09676074709681,0.3447823352418509,7.076666666666669,65.66666666666667,0.6566666666666666,0.3333333333333333,0.0,0.03404558404558405,3.003791086660948,0.2397977125516626,5.970789462593457,0.5766272459371368,4.534999999999995,42.0,0.42,0.0,0.0,0.04763705444363414,1.0088589759947029,0.5711202445887371,11.09676074709681,0.41967416722008616,2.4657130685792,58.0,0.58,0.3333333333333333,0.3333333333333333,0.039171445978025674,2.433068231539197,0.33434793376300254,2.9329049666598626
459,4,6,4,9,64,3,75,0.23856439497321846,9.18889245018363,0.5915497208945453,0.5939682093448937,0.3621210403740406,0.014697490813919993,0.47093705949373543,1.4623076933785504e-05,0.560374538525939,40,512,7,0.31644658409059045,0.7421053795095932,2.970174229558219,2,0.0,0.0,100.0,1.0,1.0,0.0,0.016666666666666666,5.529923892010832,0.0,0.0,0.0,0.0,100.0,1.0,1.0,0.0,0.006666666666666667,6.373290336535622,0.0,0.0,0.0,0.0,100.0,1.0,1.0,0.0,0.0033333333333333335,3.959889333539953,0.0,0.0,0.0,0.0,100.0,1.0,1.0,0.0,0.04,6.256592005956918,0.0,0.0
460,5,11,2,5,96,8,32,0.3846609131898731,1.436457248404622,0.3071484469808638,3.91830023820512,0.37820218438282605,0.002707626102117596,0.23645410020835697,3.086209072565631e-05,0.3863380016386509,34,256,8,0.5938363757915794,0.11878542500435417,1.5359899424711216,4,0.4204806595762545,5.540625982228821,57.888888888888886,0.5788888888888889,0.2222222222222222,0.0,0.11783149418295359,2.364285977849869,0.388944716038646,6.924251229153804,0.5307286271889141,10.900000000000004,47.0,0.47,0.0,0.0,0.10775860595932567,2.0390212006169772,0.49185865411554536,6.924251229153804,0.32703846359670413,3.0649999999999995,67.0,0.6699999999999999,0.3333333333333333,0.0,0.19509485094850945,2.1448582374404985,0.1987698908212472,2.0754817873116025,0.40367488794314527,2.6568779466864605,59.666666666666664,0.5966666666666667,0.3333333333333333,0.0,0.05064102564102565,2.9089784954921303,0.300410846423348,2.9329049666598626
461,15,5,7,17,192,15,62,0.2049184872303158,8.15737053565681,0.5088016263209283,0.9262912240810692,0.7661437379661947,0.00917925525357186,0.6793106525670737,0.004377030208759228,0.3244681818597019,27,64,6,0.14883371768519282,1.895978105067148,4.340335043855589,1,0.0,0.0,100.0,1.0,1.0,0.0,0.0011111111111111111,5.1359243328786555,0.0,0.0,0.0,0.0,100.0,1.0,1.0,0.0,0.0,5.798706329272439,0.0,0.0,0.0,0.0,100.0,1.0,1.0,0.0,0.0,3.8402863459972045,0.0,0.0,0.0,0.0,100.0,1.0,1.0,0.0,0.0033333333333333335,5.768780323366324,0.0,0.0
462,9,9,4,12,96,12,53,0.061936763441190125,6.61722510587424,0.6298959835432469,1.381453886628151,0.609204457141459,0.0007875503447801497,0.28204674473963676,0.0003371728213102808,0.6313490830175579,13,1024,5,0.5340210699476301,0.2143641882209734,7.446122637372816,5,0.0,0.0,100.0,1.0,1.0,0.0,0.0011111111111111111,5.807174220163789,0.0,0.0,0.0,0.0,100.0,1.0,1.0,0.0,0.0,6.445416659116745,0.0,0.0,0.0,0.0,100.0,1.0,1.0,0.0,0.0,4.488858669841041,0.0,0.0,0.0,0.0,100.0,1.0,1.0,0.0,0.0033333333333333335,6.487247331533581,0.0,0.0
463,7,7,6,26,32,5,81,0.4446928019169718,4.101876280270517,0.1206090004183352,2.498230680124834,0.14665314867161214,0.03201093764829068,0.730020278925076,6.008971603881546e-06,0.1720183216035366,48,128,11,0.2790675244294107,1.082066306685351,2.2099827180304925,2,0.022740459115238247,0.042666666666666166,97.66666666666667,0.9766666666666666,1.0,0.2222222222222222,0.0024848686767727246,5.141607219283582,0.0,0.4150963574623157,0.0,0.0,100.0,1.0,1.0,0.0,0.0,5.992183667452385,0.0,0.0,0.06822137734571475,0.1279999999999985,93.0,0.93,1.0,0.6666666666666666,0.007454606030318174,3.6061543165166206,0.03821742063263279,0.4150963574623157,0.0,0.0,100.0,1.0,1.0,0.0,0.0,5.826483673881739,0.0,0.0
464,7,9,1,9,192,14,56,0.07263567987829447,5.095623069442809,0.6621894964948296,2.360815440537408,0.4650934621226042,0.00407084110985128,0.836892527155578,0.00013525698033920553,0.4278786871023476,43,64,4,0.4542884699068963,4.391597130388159,2.728642188588507,2,0.1462926016842748,1.680493716465687,85.33333333333333,0.8533333333333333,0.7777777777777778,0.2222222222222222,0.02617892208473633,3.875707582127465,0.0,5.252474132123341,0.26980079416317976,4.693333333333335,73.0,0.73,0.3333333333333333,0.0,0.011224297302395774,3.5614898295452373,0.18958562873197557,5.252474132123341,0.039532141822957466,0.1279999999999985,96.0,0.96,1.0,0.3333333333333333,0.04545454545454545,3.3650396476767845,0.0,0.4150963574623157,0.12954486906668713,0.22014781606372788,87.0,0.87,1.0,0.3333333333333333,0.02185792349726776,4.700593269160374,0.0,0.834197817650451
465,10,7,6,23,64,8,27,0.4624519613571465,7.310978283174336,0.1542729578912258,1.2514775302261114,0.7155598033219576,0.022694641289914504,0.3905321127735078,1.323072038691165e-06,0.37539909671992067,21,512,10,0.3592861169017851,0.05256647643518126,7.988980793724921,5,0.26941430788181764,3.2564092096956774,73.0,0.73,0.5555555555555556,0.2222222222222222,0.08377718819111431,3.719845243888571,0.0,5.970789462593457,0.3513607957081449,7.076666666666669,65.0,0.65,0.3333333333333333,0.0,0.056446821152703504,3.5331001335578467,0.24470175950425813,5.970789462593457,0.21037756002315752,1.9149999999999963,78.66666666666667,0.7866666666666666,0.3333333333333333,0.0,0.10123194812849985,3.3580934681359818,0.10802066308253111,1.4907941244944822,0.24650456791415046,0.7775609624203668,75.33333333333333,0.7533333333333333,1.0,0.6666666666666666,0.09365279529213956,4.268342129971884,0.17543954827119498,0.834197817650451
466,15,11,3,15,32,5,77,0.36690328177064657,9.149953782558441,0.27382896840572357,0.8254398019053042,0.6599990841466934,0.000995020286481754,0.5425439120270311,2.037261364947204e-05,0.5775275472924113,26,128,9,0.6740600454621017,0.7731755022981041,4.066598761357557,1,0.0,0.0,100.0,1.0,1.0,0.0,0.003333333333333333,4.613037886511949,0.0,0.0,0.0,0.0,100.0,1.0,1.0,0.0,0.0,5.257732669512431,0.0,0.0,0.0,0.0,100.0,1.0,1.0,0.0,0.0,3.203322998403261,0.0,0.0,0.0,0.0,100.0,1.0,1.0,0.0,0.01,5.378057991620153,0.0,0.0
467,5,5,5,28,128,12,47,0.19421804109588264,2.131373967975378,0.4768472673371434,3.810468143550679,0.0591424978338182,0.09248878774895804,0.09848827756941318,0.0006260415839061351,0.13336826803162694,38,1024,7,0.06910672159865498,0.29268066346131555,1.249858782178261,4,0.0,0.0,100.0,1.0,1.0,0.0,0.0044444444444444444,6.669991219726701,0.0,0.0,0.0,0.0,100.0,1.0,1.0,0.0,0.0,7.453685665192704,0.0,0.0,0.0,0.0,100.0,1.0,1.0,0.0,0.013333333333333334,5.084237672078113,0.0,0.0,0.0,0.0,100.0,1.0,1.0,0.0,0.0,7.472050321909289,0.0,0.0
468,4,10,7,24,96,13,89,0.2876097975764424,7.913966270163655,0.01744515635073185,0.6908706934191287,0.25618066992610694,0.0006819350824884178,0.3408601500093937,0.003611885771888533,0.07642614835873246,32,1024,10,0.4914111819118261,1.8198019264938752,2.1027939984027544,2,0.0,0.0,100.0,1.0,1.0,0.0,0.0,6.324144780325393,0.0,0.0,0.0,0.0,100.0,1.0,1.0,0.0,0.0,7.09289866577213,0.0,0.0,0.0,0.0,100.0,1.0,1.0,0.0,0.0,4.717127670689176,0.0,0.0,0.0,0.0,100.0,1.0,1.0,0.0,0.0,7.162408004514873,0.0,0.0
469,12,6,2,11,32,6,34,0.22127201869152485,1.1172413509339094,0.5582200853154062,3.21447683009319,0.5129698765929789,0.04021250838427266,0.7844559517689049,3.7800022651698094e-05,0.7269019124284387,29,128,8,0.23500517960637807,0.15202694905903305,5.943009149902364,3,0.1564439162869765,2.0881153658630573,84.33333333333333,0.8433333333333333,0.6666666666666666,0.0,0.065930156324245,3.5717415763842175,0.0,7.200788831891428,0.2995562997018256,5.753333333333332,70.0,0.7000000000000001,0.3333333333333333,0.0,0.08670203359858532,3.1325383052710776,0.20985832230027088,7.200788831891428,0.0,0.0,100.0,1.0,1.0,0.0,0.05666666666666667,3.4790689956086376,0.0,0.0,0.1697754491591038,0.5110127642558397,83.0,0.8300000000000001,0.6666666666666666,0.0,0.05442176870748299,4.103617428272937,0.0,1.9363613973365315
470,11,10,6,20,96,3,70,0.16165206530131399,4.059243137948215,0.3948818644508719,2.729784582974389,0.8623782520182431,0.002340427456968517,0.1500118444673717,8.374032212017479e-06,0.20149957958608866,15,512,5,0.6366810470819473,1.010885774474485,5.463757562515853,3,0.06460679627291549,0.1332131284185029,93.44444444444444,0.9344444444444444,0.8888888888888888,0.3333333333333333,0.019556291086833297,4.833712186223706,0.0,1.5931725123246676,0.0,0.0,100.0,1.0,1.0,0.0,0.006666666666666667,5.886875342888136,0.0,0.0,0.09750635364800292,0.27833333333332855,90.0,0.9,0.6666666666666666,0.3333333333333333,0.029159800772703998,3.5515408380660802,0.03317535602694755,1.5931725123246676,0.09631403517074351,0.12130605192218018,90.33333333333333,0.9033333333333333,1.0,0.6666666666666666,0.022842405821129227,5.062720377716901,0.029891710970944063,0.4596604481053848
471,8,6,4,6,192,10,14,0.43281619749031963,6.096688768826425,0.24659162573516366,2.081876030191779,0.268674602964893,0.011521213396608875,0.5968402737751602,0.0002405076029537512,0.5094362797774374,46,64,11,0.19296030718833207,0.2670730144886771,1.6208987476121068,4,0.0,0.0,100.0,1.0,1.0,0.0,0.1811111111111111,4.9988784330586595,0.0,0.0,0.0,0.0,100.0,1.0,1.0,0.0,0.13333333333333333,5.7534666631060345,0.0,0.0,0.0,0.0,100.0,1.0,1.0,0.0,0.16666666666666666,3.6591133226950965,0.0,0.0,0.0,0.0,100.0,1.0,1.0,0.0,0.24333333333333332,5.584055313374847,0.0,0.0
472,9,12,6,13,64,11,93,0.30691482974216344,8.748104138299823,0.49264885028824207,1.7044866723008454,0.4048168144188821,0.030049370381249007,0.19982630875892937,8.876437778966675e-06,0.050782199501991275,22,1024,9,0.7412125343456865,2.4062432108182294,6.895834629041786,3,0.0021183874507772794,0.0,99.77777777777777,0.9977777777777779,1.0,0.1111111111111111,0.0022675736961451243,5.745241606814994,0.0,0.0,0.0,0.0,100.0,1.0,1.0,0.0,0.0,6.5694690045590205,0.0,0.0,0.006355162352331838,0.0,99.33333333333333,0.9933333333333333,1.0,0.3333333333333333,0.006802721088435374,4.1733821559076505,0.0,0.0,0.0,0.0,100.0,1.0,1.0,0.0,0.0,6.492873659978311,0.0,0.0
473,11,4,4,26,192,5,41,0.25459836386144163,1.971151726320386,0.34568858454003926,2.9314521744381636,0.7926546019036323,0.0008376152045579858,0.7027682851534337,0.001445817277550782,0.6600684332661331,38,256,7,0.13220020309090613,0.11302188741897749,2.440600804575526,4,0.42438913908127873,5.107682923873088,57.44444444444444,0.5744444444444444,0.1111111111111111,0.0,0.13463117298514996,2.7950902823670387,0.43909649307460874,7.200788831891428,0.5040696779801339,10.756666666666666,49.666666666666664,0.49666666666666665,0.0,0.0,0.11277986371853706,2.4566215764681436,0.49171666062673414,7.200788831891428,0.44594737664268,3.0643333333333285,55.0,0.5499999999999999,0.0,0.0,0.1984084880636605,2.097917783996009,0.4318725600275116,6.106545221253793,0.32315036262102215,1.5020487716192688,67.66666666666667,0.6766666666666667,0.3333333333333333,0.0,0.09270516717325228,3.8307314866369637,0.21954824653730437,1.5513867594322515
474,13,8,8,5,128,9,72,0.12481010770425201,3.8057307666167617,0.0933481597341597,3.3570336617995054,0.582694486156106,0.007297558947436759,0.26138703762553633,9.311816696142816e-05,0.27266898659989236,43,512,6,0.43052299004048106,1.3605092094991467,1.3976983967498853,2,0.0,0.0,100.0,1.0,1.0,0.0,0.015555555555555557,5.144198002397186,0.0,0.0,0.0,0.0,100.0,1.0,1.0,0.0,0.0,5.789847006866087,0.0,0.0,0.0,0.0,100.0,1.0,1.0,0.0,0.016666666666666666,3.88361032664155,0.0,0.0,0.0,0.0,100.0,1.0,1.0,0.0,0.030000000000000002,5.759136673683922,0.0,0.0
475,3,8,3,18,64,14,22,0.40999552607536316,5.788251529447734,0.6354530564509332,0.2552865222096443,0.12003942425362765,0.0033916011047447365,0.7675615353975445,1.901955844070023e-06,0.5307442787289619,17,128,12,0.3396647546440363,0.202094298597404,4.710092627179901,3,0.0,0.0,100.0,1.0,1.0,0.0,0.017777777777777778,5.454313224698934,0.0,0.0,0.0,0.0,100.0,1.0,1.0,0.0,0.013333333333333334,6.413815669560184,0.0,0.0,0.0,0.0,100.0,1.0,1.0,0.0,0.0,3.650401996759077,0.0,0.0,0.0,0.0,100.0,1.0,1.0,0.0,0.04,6.298722007777542,0.0,0.0
476,6,9,3,21,32,9,65,0.09555933470837771,4.821785991080105,0.1760934849269688,3.7259759821463376,0.18862624899484215,0.0184227045556921,0.5326065974775701,3.413728628140943e-06,0.40440270699560643,14,64,5,0.6146245528943837,3.2649610035204333,9.264753750872648,1,0.22156330310365865,1.098515613174841,77.66666666666667,0.7766666666666667,0.6666666666666666,0.5555555555555556,0.0,3.7118757119665466,0.07859379174529643,3.230702495990206,0.11876781404146537,0.6566666666666647,88.0,0.88,1.0,1.0,0.0,5.001188445663662,0.04427770579280081,0.9716553557886181,0.3261822012517477,1.994666666666663,67.0,0.67,0.0,0.0,0.0,2.094832830483196,0.32561204635046614,3.230702495990206,0.21973989401776292,0.6442135061911953,78.0,0.7799999999999999,1.0,0.6666666666666666,0.0,4.039605859752782,0.16430860178060613,0.6825996514786609
477,14,7,5,8,96,4,29,0.4993969291914254,7.021767118014395,0.37769669545814394,1.0856582000851631,0.5703486968763173,0.005431771882914742,0.026900001382455227,0.0005936584248919772,0.30639764880761505,49,256,11,0.17231355560943484,0.0695042074329489,3.1652533600460178,4,0.0,0.0,100.0,1.0,1.0,0.0,0.04555555555555556,4.7950452255705995,0.0,0.0,0.0,0.0,100.0,1.0,1.0,0.0,0.023333333333333334,5.489034327523162,0.0,0.0,0.0,0.0,100.0,1.0,1.0,0.0,0.04666666666666667,3.4397740041216216,0.0,0.0,0.0,0.0,100.0,1.0,1.0,0.0,0.06666666666666667,5.456327345067014,0.0,0.0
478,10,11,2,29,192,7,84,0.333473953185603,9.968161474913359,0.5863400253467261,1.5698871654458344,0.8052111563738436,0.06363849980899924,0.935863436711952,0.0026577023151958955,0.6479742980562151,35,128,8,0.5575382814742625,0.5850799178449494,1.0771605097504238,2,0.0768816509942358,0.23723373656549837,92.22222222222223,0.9222222222222223,1.0,0.5555555555555556,0.006459948320413436,4.50492866444991,0.0,0.44918643224620974,0.1383877968120792,0.573333333333333,86.0,0.86,1.0,1.0,0.011627906976744186,4.5435825541485535,0.13792092451236843,0.44918643224620974,0.046029999138182794,0.1279999999999985,95.33333333333333,0.9533333333333333,1.0,0.3333333333333333,0.003875968992248062,3.572752979735649,0.0,0.4150963574623157,0.04622715703244542,0.010367876363163536,95.33333333333333,0.9533333333333333,1.0,0.3333333333333333,0.003875968992248062,5.398450459465529,0.0,0.03928660293099189
479,6,5,7,17,96,12,50,0.17480999869294467,3.0001158863306046,0.07700840355828403,2.335430462611839,0.3356106704100966,0.0015663650124178917,0.4324617408681661,5.0840686013559e-05,0.15539892323315144,28,512,6,0.29980764677748084,0.3938943780291659,3.5037360901382564,5,0.01953846653152135,0.0186666666666656,98.0,0.98,1.0,0.1111111111111111,0.01726287262872629,5.5742607273219456,0.0,0.6210045987715395,0.0,0.0,100.0,1.0,1.0,0.0,0.0,6.381860663338254,0.0,0.0,0.05861539959456405,0.055999999999996795,94.0,0.94,1.0,0.3333333333333333,0.048455284552845534,3.965538848736664,0.0,0.6210045987715395,0.0,0.0,100.0,1.0,1.0,0.0,0.0033333333333333335,6.375382669890921,0.0,0.0
480,6,9,5,6,128,14,78,0.24949024808593095,7.35041265655309,0.550360149051994,3.419610492186621,0.742857471248135,0.05491555282545276,0.5178773066494614,6.5626781409200215e-06,0.4193928682990372,29,512,11,0.39774327343329785,0.23766421920595446,1.2067952807157285,3,0.01427881469973886,0.003455958787721178,98.55555555555556,0.9855555555555555,1.0,0.1111111111111111,0.021443167305236273,5.199822023966484,0.0,0.03928660293099189,0.0,0.0,100.0,1.0,1.0,0.0,0.03333333333333333,5.991755669626097,0.0,0.0,0.0,0.0,100.0,1.0,1.0,0.0,0.023333333333333334,3.8711476706278822,0.0,0.0,0.04283644409921658,0.010367876363163536,95.66666666666667,0.9566666666666667,1.0,0.3333333333333333,0.007662835249042145,5.736562731645473,0.0,0.03928660293099189
481,10,7,3,20,32,8,48,0.31586901950649915,5.055880778469145,0.008215187583118677,0.4280592277646065,0.3881968656554818,0.0018063908414998806,0.011891311546787619,0.00023109622247358515,0.29716563623398545,31,128,5,0.4817977556027472,1.1163494678134462,3.409762287512432,2,0.0,0.0,100.0,1.0,1.0,0.0,0.0,4.902933669380015,0.0,0.0,0.0,0.0,100.0,1.0,1.0,0.0,0.0,5.611701007777204,0.0,0.0,0.0,0.0,100.0,1.0,1.0,0.0,0.0,3.506449665874243,0.0,0.0,0.0,0.0,100.0,1.0,1.0,0.0,0.0,5.5906503344886005,0.0,0.0
482,14,11,7,12,96,6,55,0.40477735255844893,2.3731574080884457,0.26060936236754056,1.8787989658303559,0.13673933022655546,0.01598381928646474,0.9211703855078667,0.0030779631378708345,0.6384172577783466,46,1024,8,0.07405748395249248,0.13287478498163718,9.525619492440546,4,0.0,0.0,100.0,1.0,1.0,0.0,0.025555555555555557,5.544980890634987,0.0,0.0,0.0,0.0,100.0,1.0,1.0,0.0,0.0033333333333333335,6.099501001493384,0.0,0.0,0.0,0.0,100.0,1.0,1.0,0.0,0.016666666666666666,4.2570096588072674,0.0,0.0,0.0,0.0,100.0,1.0,1.0,0.0,0.05666666666666667,6.278432011604309,0.0,0.0
483,6,5,1,24,192,11,26,0.13365462864749134,8.908409595489502,0.4075242227874696,2.9960335090290755,0.6324159407056869,0.006295069506283884,0.4175182823557406,3.457357372977199e-05,0.17076033683493735,15,256,10,0.6899592054076493,1.9738244661779187,2.8266851307361556,3,0.21981051598505527,1.2726680701192217,77.88888888888889,0.7788888888888889,0.5555555555555556,0.1111111111111111,0.0448964261267337,4.658948596167872,0.0,6.106545221253793,0.0,0.0,100.0,1.0,1.0,0.0,0.02,6.6570769987689955,0.0,0.0,0.4460997597624603,3.043999999999995,55.0,0.55,0.0,0.0,0.08484848484848484,2.1058218214999544,0.4457425161026214,6.106545221253793,0.2133317881927055,0.7740042103576705,78.66666666666667,0.7866666666666666,0.6666666666666666,0.3333333333333333,0.029840793531716262,5.213946968234667,0.0347819707615493,2.9329049666598626
484,3,12,4,27,192,12,69,0.49066332429647447,1.1566703598946333,0.16691550659015775,1.5153229874558747,0.5403794057667255,0.008457394913451481,0.18489396278746426,2.266004293693545e-05,0.044081866983324294,21,128,7,0.2621724676340818,0.3350452965731508,1.565001935555582,5,0.0,0.0,100.0,1.0,1.0,0.0,0.0,5.603388111469233,0.0,0.0,0.0,0.0,100.0,1.0,1.0,0.0,0.0,6.434814662206918,0.0,0.0,0.0,0.0,100.0,1.0,1.0,0.0,0.0,3.9129756717011333,0.0,0.0,0.0,0.0,100.0,1.0,1.0,0.0,0.0,6.462374000499646,0.0,0.0
485,13,4,6,15,64,7,12,0.10088803535327315,7.87422719784081,0.6762070844881236,2.156479735625908,0.17876041564159095,0.0029426047579569604,0.6880781642626971,0.0007473288455797149,0.6725279730930924,42,512,9,0.5295267840847373,0.7132634872864752,4.580785814770155,2,0.0,0.0,100.0,1.0,1.0,0.0,0.0044444444444444444,5.6130588856629196,0.0,0.0,0.0,0.0,100.0,1.0,1.0,0.0,0.0,6.292531329672784,0.0,0.0,0.0,0.0,100.0,1.0,1.0,0.0,0.0,4.245441001063834,0.0,0.0,0.0,0.0,100.0,1.0,1.0,0.0,0.013333333333333334,6.301204326252143,0.0,0.0
486,11,8,2,23,32,4,90,0.16618606261909008,6.3384775733575225,0.46761748371645806,3.5486864366102964,0.34554998232051726,0.03465405952495848,0.24637496448121965,0.00013837613848920313,0.28477976892143486,37,64,10,0.20988474041223526,0.059102406058993875,7.086376699365949,4,0.03657690997378573,0.011999999999999665,96.22222222222223,0.9622222222222222,1.0,0.5555555555555556,0.031216350186837487,4.946407872404594,0.0,0.11674585053627443,0.022379263057003367,0.0,97.66666666666667,0.9766666666666667,1.0,0.3333333333333333,0.014086021505376344,5.866678482035049,0.0,0.0,0.06416348635665428,0.03599999999999899,93.33333333333333,0.9333333333333332,1.0,1.0,0.03214367421642644,3.239408337172272,0.06186022741390594,0.11674585053627443,0.023187980507699532,0.0,97.66666666666667,0.9766666666666667,1.0,0.3333333333333333,0.04741935483870968,5.733136798006459,0.0,0.0
487,9,8,8,9,128,9,36,0.33891271157190206,3.817695732228458,0.26596888871863483,1.0332058146595955,0.8350982800591737,0.0007228030397237904,0.7528206790331751,1.6594888872704252e-06,0.5244368111528456,25,256,4,0.6426573591306806,3.9790837241126917,2.178578444186575,1,0.08504952516834684,0.7575474720062456,91.44444444444444,0.9144444444444445,0.8888888888888888,0.1111111111111111,0.0,4.8775947994283175,0.0,1.4127420760916292,0.0,0.0,100.0,1.0,1.0,0.0,0.0,6.299593664395313,0.0,0.0,0.13162821205387423,1.6893333333333316,86.66666666666667,0.8666666666666667,0.6666666666666666,0.0,0.0,3.2005628858072064,0.0,1.4127420760916292,0.1235203634511663,0.5833090826854053,87.66666666666667,0.8766666666666666,1.0,0.3333333333333333,0.0,5.132627848082434,0.0,0.7783673705111724
488,8,10,2,17,32,11,71,0.4714063589926809,2.0105839539319277,0.39171431604772805,0.8828095705248415,0.7122577884234488,0.002029450038745999,0.3555789228528738,0.002430709251222329,0.06541059643030167,50,128,6,0.09442652557045221,0.4426345119454103,5.235400148143032,4,0.0,0.0,100.0,1.0,1.0,0.0,0.0044444444444444444,4.936914657915218,0.0,0.0,0.0,0.0,100.0,1.0,1.0,0.0,0.0,5.803396991298844,0.0,0.0,0.0,0.0,100.0,1.0,1.0,0.0,0.013333333333333334,3.4338546552074454,0.0,0.0,0.0,0.0,100.0,1.0,1.0,0.0,0.0,5.573492327239364,0.0,0.0
489,11,6,8,28,96,5,21,0.06752735623158515,8.708363993093371,0.1887360818684101,3.9919955793302506,0.42856237911619244,0.01335133591361466,0.7993591927923261,4.332637112114419e-05,0.7437218156270683,14,1024,8,0.7143869154155255,0.5298077406767127,1.7881548856579517,1,0.5134245062420202,6.1925260737709085,48.55555555555556,0.4855555555555556,0.1111111111111111,0.0,0.0,2.9724349662260696,0.5750292102283999,10.265058159456318,0.5773090618697007,12.01666666666667,42.333333333333336,0.42333333333333334,0.0,0.0,0.0,2.6137682178407364,0.5766859480042787,8.055312823017784,0.5761992582064916,4.4599999999999955,42.0,0.42,0.0,0.0,0.0,2.282588879415204,0.5755205565250174,10.265058159456318,0.38676519864986814,2.1009115546460624,61.333333333333336,0.6133333333333333,0.3333333333333333,0.0,0.0,4.020947801422269,0.29000337073759347,2.9329049666598626
490,13,10,4,7,192,8,94,0.20306235416792334,6.03003282379359,0.06914835125207901,2.5407925595063716,0.09574907962232829,0.0005884120613032802,0.1647813527844846,3.2800713328629973e-06,0.21792185423895719,28,64,11,0.3340302838012576,0.07952246174211784,1.9072306727116535,5,0.0,0.0,100.0,1.0,1.0,0.0,0.03333333333333333,4.696581778375225,0.0,0.0,0.0,0.0,100.0,1.0,1.0,0.0,0.02,5.318338004872203,0.0,0.0,0.0,0.0,100.0,1.0,1.0,0.0,0.043333333333333335,3.434789332871636,0.0,0.0,0.0,0.0,100.0,1.0,1.0,0.0,0.03666666666666667,5.336617997381836,0.0,0.0
491,4,6,6,22,96,15,43,0.361685316124931,3.5641887253150344,0.5771102951839566,1.306846370920539,0.6632209645118564,0.046348056842416746,0.6118232419714331,0.000465271963713696,0.49877213180065155,35,512,5,0.4139403093606233,3.010179535690839,6.205458373031869,2,0.22679524739719423,2.5334486991963905,77.33333333333333,0.7733333333333333,0.5555555555555556,0.0,0.009070294784580497,4.328358635673819,0.0,7.246363444751502,0.34145823453660035,6.12,66.0,0.66,0.3333333333333333,0.0,0.013605442176870748,4.071567088736184,0.25462855071501567,7.246363444751502,0.16915205849587855,0.9693333333333332,83.0,0.8300000000000001,0.6666666666666666,0.0,0.006802721088435374,3.561801258601299,0.0,3.143490123699032,0.1697754491591038,0.5110127642558397,83.0,0.8300000000000001,0.6666666666666666,0.0,0.006802721088435374,5.351707559683974,0.0,1.9363613973365315
492,5,9,7,19,64,10,86,0.22660092720761899,7.061193981207907,0.33645866401493546,2.6698989022988826,0.48963249628432093,0.0011468385768493624,0.8518725650385022,0.00011679647248701781,0.4414442539960146,39,256,12,0.1444627677090466,0.1765408779503511,3.894878733470494,4,0.016160646348851934,0.0,98.33333333333333,0.9833333333333333,1.0,0.3333333333333333,0.023859649122807018,5.181588334812952,0.0,0.0,0.0,0.0,100.0,1.0,1.0,0.0,0.006666666666666667,6.098925999831408,0.0,0.0,0.031961047125352436,0.0,96.66666666666667,0.9666666666666667,1.0,0.6666666666666666,0.05105263157894737,3.541207260027397,0.023644555129221534,0.0,0.016520891921203366,0.0,98.33333333333333,0.9833333333333334,1.0,0.3333333333333333,0.013859649122807018,5.9046317445800485,0.0,0.0
493,14,7,1,4,128,3,51,0.27887598481029274,4.782049064524472,0.48478894662111993,1.9120233561843634,0.21310299737378957,0.07980454235329781,0.4052905085496604,1.945734014526752e-06,0.36763682251796126,23,64,6,0.5758253048174083,1.4747838951522856,1.3781107283847518,3,0.15427350784086213,0.6979239069792111,84.44444444444444,0.8444444444444444,0.6666666666666666,0.1111111111111111,0.0901010101010101,3.808141988294469,0.0,6.106545221253793,0.0,0.0,100.0,1.0,1.0,0.0,0.19000000000000003,5.280559992728134,0.0,0.0,0.3164550258310501,1.7543333333333262,68.0,0.68,0.3333333333333333,0.3333333333333333,0.062445887445887444,1.9717000030679293,0.25127541520550617,6.106545221253793,0.14636549769153626,0.3394383876043072,85.33333333333333,0.8533333333333334,0.6666666666666666,0.0,0.017857142857142856,4.1721659690873425,0.0,1.28622108194947
494,10,11,5,25,128,6,63,0.43825474800541997,3.24190254509449,0.6480954682454466,0.5193604142405093,0.3118342656176537,0.00471748627204519,0.557458718586713,1.0596537807869754e-05,0.5693913743458688,18,1024,7,0.28356690118089317,0.1005230242407708,2.4732480848098004,3,0.0,0.0,100.0,1.0,1.0,0.0,0.0,6.196913664591396,0.0,0.0,0.0,0.0,100.0,1.0,1.0,0.0,0.0,6.739755996968597,0.0,0.0,0.0,0.0,100.0,1.0,1.0,0.0,0.0,4.776312335549544,0.0,0.0,0.0,0.0,100.0,1.0,1.0,0.0,0.0,7.074672661256045,0.0,0.0
495,7,5,3,14,64,13,28,0.1530283370986581,9.726616214960814,0.10736592374742031,3.152468628017232,0.8856419764459134,0.019679157155217047,0.11321043372154235,0.0016081431399606377,0.14726362623274328,43,128,9,0.5522455110214651,2.655706820554244,8.336866219571966,2,0.2440957235204343,1.6748636871219826,75.44444444444444,0.7544444444444445,0.5555555555555556,0.1111111111111111,0.04331908561895293,3.804975510789587,0.0,5.407915047635769,0.0,0.0,100.0,1.0,1.0,0.0,0.013333333333333334,5.852501327171922,0.0,0.0,0.5126322775062434,4.409666666666662,48.333333333333336,0.48333333333333334,0.0,0.0,0.0844510543758664,1.4674573673684737,0.4671045213699082,5.407915047635769,0.21965489305505956,0.6149243946992862,78.0,0.7799999999999999,0.6666666666666666,0.3333333333333333,0.032172869147659065,4.0949678378283645,0.0748191658439336,1.9363613973365315
496,7,11,8,22,192,4,45,0.4278565088752657,8.470291690900922,0.6821006971411406,3.2863360315095633,0.5669940358027816,0.0009077210264027561,0.22167405975051224,6.087352608499061e-05,0.4027728910185397,48,64,8,0.37730223378166555,0.6541667304376766,6.768006806128759,2,0.15312468133456136,0.8795905736458794,84.66666666666667,0.8466666666666667,0.6666666666666666,0.0,0.016716712901199273,4.003027991844675,0.0,2.459502619339939,0.15045214760869607,1.6199999999999992,85.0,0.85,0.6666666666666666,0.0,0.03151515151515152,4.538555052695853,0.0,2.459502619339939,0.15224900328463883,0.6793333333333318,84.66666666666667,0.8466666666666667,0.6666666666666666,0.0,0.012345679012345678,2.992178722554933,0.0,2.2030374388234573,0.15667289311034924,0.3394383876043072,84.33333333333333,0.8433333333333334,0.6666666666666666,0.0,0.006289308176100628,4.478350200283241,0.0,1.28622108194947
497,9,5,3,10,96,10,81,0.1356277873273939,1.6857271026819944,0.14000171991065144,0.6455604997463524,0.20527127957902847,0.027621026114905727,0.6643382165115327,0.0017486067343415238,0.31379106629639864,16,512,10,0.45866505512967704,0.4098149240523639,2.3124933754994714,3,0.03158645671905325,0.03479657655991946,96.77777777777777,0.9677777777777778,1.0,0.3333333333333333,0.017876724763979668,5.158306905721549,0.0,0.13865963166806336,0.0,0.0,100.0,1.0,1.0,0.0,0.006666666666666667,6.05730834028994,0.0,0.0,0.0318474144889805,0.0,96.66666666666667,0.9666666666666667,1.0,0.3333333333333333,0.014814814814814815,3.72645847654591,0.0,0.0,0.06291195566817925,0.10438972967975839,93.66666666666667,0.9366666666666666,1.0,0.6666666666666666,0.03214869281045752,5.691153900328799,0.019548767658335284,0.13865963166806336
498,15,9,6,28,32,13,24,0.24400295303203168,3.524699400179088,0.3048455660231411,2.0090979486703873,0.3190400113351643,0.0031377005294735295,0.2673464314546436,0.0003806962283681265,0.6203464986756444,30,256,11,0.05087672872468829,3.617483921161003,1.4686521535070538,3,0.1370718075382703,1.6491030275618008,86.22222222222223,0.8622222222222222,0.7777777777777778,0.2222222222222222,0.1311886023176346,3.8411260705891612,0.0,3.076503300101383,0.20939095705974842,3.566666666666666,79.0,0.79,0.3333333333333333,0.0,0.17790598290598292,3.8286696987503874,0.1394668328430586,3.076503300101383,0.07496645776874933,0.7973333333333313,92.33333333333333,0.9233333333333333,1.0,0.3333333333333333,0.11393939393939394,3.179012596177832,0.0,0.6667874992129385,0.12685800778631318,0.5833090826854053,87.33333333333333,0.8733333333333334,1.0,0.3333333333333333,0.10172043010752689,4.515695916839264,0.0,0.7783673705111724
499,5,7,4,14,96,6,57,0.2892727495636791,5.5060436790809035,0.451811761688441,2.7741834961343557,0.8084845556411893,0.007959535908934877,0.7150985783431678,3.9848155801757514e-06,0.18882561007514598,33,1024,5,0.6695555393584073,0.07166968532511955,4.7779836594123415,4,0.12098205845110968,0.7608888888888882,87.77777777777777,0.8777777777777778,0.6666666666666666,0.0,0.024679232804232804,5.647940973643096,0.0,4.147423570367287,0.0,0.0,100.0,1.0,1.0,0.0,0.01,6.868688328346859,0.0,0.0,0.362946175353329,2.2826666666666644,63.333333333333336,0.6333333333333333,0.0,0.0,0.047371031746031744,3.2007222610075217,0.36084254739415145,4.147423570367287,0.0,0.0,100.0,1.0,1.0,0.0,0.016666666666666666,6.874412331574907,0.0,0.0
500,4,10,2,11,128,5,15,0.2138728773221374,4.539192237891257,0.03615996623411774,1.2061670571565628,0.7693687468301506,0.005928630999051456,0.48200409212149675,2.7331373343742965e-06,0.014451480377465487,37,1024,10,0.23874068446457386,1.2271925653800813,8.778418591727911,2,0.0,0.0,100.0,1.0,1.0,0.0,0.0,5.859669444875585,0.0,0.0,0.0,0.0,100.0,1.0,1.0,0.0,0.0,6.610678667978694,0.0,0.0,0.0,0.0,100.0,1.0,1.0,0.0,0.0,4.3371956632472575,0.0,0.0,0.0,0.0,100.0,1.0,1.0,0.0,0.0,6.631134003400803,0.0,0.0
501,12,6,7,25,32,12,66,0.379552595410496,6.742529277689755,0.5454869932495057,2.4326748095918447,0.4148118946701288,0.017032013305850757,0.03471169299446046,8.399651460042731e-05,0.7021528848633171,25,128,4,0.5087011916562915,0.1958844886768656,3.1065687463400953,5,0.12124265227797688,0.9307686839740592,87.77777777777777,0.8777777777777778,0.8888888888888888,0.4444444444444444,0.02985176118591051,4.099916384244959,0.0,2.2671202004879336,0.20472262903323082,2.509999999999997,79.33333333333333,0.7933333333333333,0.6666666666666666,0.6666666666666666,0.05446756425948592,3.884797700345843,0.18744337889505358,2.2671202004879336,0.0792281391011963,0.16100000000000003,92.0,0.9199999999999999,1.0,0.3333333333333333,0.017543859649122806,3.3886724513171145,0.0,0.5221133871205753,0.07977718869950351,0.12130605192218018,92.0,0.9199999999999999,1.0,0.3333333333333333,0.017543859649122806,5.026279001071918,0.0,0.4596604481053848
502,12,10,3,7,64,15,38,0.4535371208563447,9.684529975056648,0.42436026921495795,3.854866889072582,0.110125194163993,0.0014387803743393134,0.8992920077871531,0.0013155193093602796,0.25660016413778064,20,256,7,0.18918199166655542,2.1508325853691423,1.092685618275124,1,0.4037401605748161,5.156748295993133,59.55555555555556,0.5955555555555556,0.2222222222222222,0.0,0.012948577280374515,2.2179955965406064,0.37917125746395114,6.258946796487252,0.494326839565351,10.376666666666672,50.666666666666664,0.5066666666666667,0.0,0.0,0.012179065174456877,1.8553580733058423,0.4441039632518041,6.258946796487252,0.32996676254360824,2.992666666666664,66.66666666666667,0.6666666666666666,0.3333333333333333,0.0,0.02666666666666667,2.166074891316297,0.2132575163398168,2.2030374388234573,0.38692687961548905,2.1009115546460624,61.333333333333336,0.6133333333333334,0.3333333333333333,0.0,0.0,2.6325538249996803,0.2799794729998857,2.9329049666598626
503,8,6,5,19,192,8,88,0.05671879025176168,2.721917938441038,0.22275247434154152,0.7526619997806847,0.6059055707417429,0.06901154686783763,0.4561599776614457,1.286951899108289e-05,0.5526218797452748,41,64,9,0.6190920511260629,0.10857389123223624,3.6815977929734336,4,0.01631824763999257,0.0001593664121039377,98.33333333333333,0.9833333333333333,1.0,0.3333333333333333,0.010526315789473684,4.996484373382985,0.0,0.0018116434070652306,0.0,0.0,100.0,1.0,1.0,0.0,0.0,5.86729666373382,0.0,0.0,0.01596850151385083,0.0,98.33333333333333,0.9833333333333334,1.0,0.3333333333333333,0.010526315789473684,3.6168000121241466,0.0,0.0,0.03298624140612688,0.00047809923631181306,96.66666666666667,0.9666666666666667,1.0,0.6666666666666666,0.021052631578947368,5.505356444290986,0.02469802422738527,0.0018116434070652306
504,8,8,3,26,96,7,18,0.17690732437185946,5.372774888761342,0.5234948193654417,1.1300511341542006,0.516246315697208,0.024689489030156362,0.8901672517880796,0.000282500893524459,0.08347588621079921,27,1024,11,0.11734562385827303,0.9123582689157155,2.672170568481606,1,0.0,0.0,100.0,1.0,1.0,0.0,0.0,6.1763192188098195,0.0,0.0,0.0,0.0,100.0,1.0,1.0,0.0,0.0,6.99297399725765,0.0,0.0,0.0,0.0,100.0,1.0,1.0,0.0,0.0,4.7228306586233275,0.0,0.0,0.0,0.0,100.0,1.0,1.0,0.0,0.0,6.813153000548482,0.0,0.0
505,11,8,5,13,192,13,74,0.3566357944626361,7.595898383297026,0.3204826172441244,3.6531995211262256,0.23961305068805816,0.003756379996881583,0.3835290177725255,5.403601061000345e-06,0.725651073064655,34,256,5,0.7346998021006584,0.2589986941363246,7.55298832244821,4,0.10283476969574247,0.25515042220682904,89.55555555555556,0.8955555555555557,1.0,0.6666666666666666,0.03276911501183086,4.3590404501665905,0.0,0.4150963574623157,0.045846202378925956,0.08666666666666453,95.33333333333333,0.9533333333333333,1.0,0.3333333333333333,0.03496124031007752,5.303994943478052,0.0,0.13157832942970546,0.13643109915215637,0.5046666666666644,86.0,0.86,1.0,1.0,0.03865474670072371,3.09122716865924,0.11188576711941009,0.4150963574623157,0.12622700755614505,0.17411793328715824,87.33333333333333,0.8733333333333334,1.0,0.6666666666666666,0.024691358024691357,4.681899238362479,0.09466555505696757,0.20586404037296388
506,13,12,1,18,96,9,40,0.4729382842313498,9.430478479713202,0.11342986114323138,2.2901177543681115,0.28532348400913177,0.0847945177731434,0.5801622130908072,2.4613126608628065e-05,0.2345473008416593,48,512,6,0.3542203476652503,1.6276389952911148,4.282457374127791,2,0.1777907946593284,1.1708981035754331,82.11111111111111,0.8211111111111111,0.7777777777777778,0.3333333333333333,0.27463613496400385,3.977433161735225,0.0,4.147423570367287,0.1296538775913177,1.5400000000000005,87.0,0.87,0.6666666666666666,0.0,0.16049180327868853,4.932130587826702,0.0,2.3380456998663637,0.2137464554712305,1.322333333333331,78.33333333333333,0.7833333333333333,0.6666666666666666,0.3333333333333333,0.3874603174603175,2.7761027460151584,0.1374954824425647,4.147423570367287,0.18997205091543704,0.6503609773929682,81.0,0.8099999999999999,1.0,0.6666666666666666,0.27595628415300544,4.224066151363814,0.08958412537928848,0.8413625384561836
507,4,4,6,5,32,4,96,0.09016873245127499,2.412919044494629,0.6213524861261248,1.641751451883465,0.85902744140476,0.001075508963899426,0.0776842277497053,0.004279877897639478,0.48215217106044295,12,128,8,0.43699291162192816,0.14612340700394316,1.2706694428047323,5,0.0,0.0,100.0,1.0,1.0,0.0,0.0,4.8940957774822085,0.0,0.0,0.0,0.0,100.0,1.0,1.0,0.0,0.0,5.674280332556616,0.0,0.0,0.0,0.0,100.0,1.0,1.0,0.0,0.0,3.33241933491081,0.0,0.0,0.0,0.0,100.0,1.0,1.0,0.0,0.0,5.6755876649792,0.0,0.0
508,5,11,6,8,64,9,54,0.3945233098231256,8.197014121338725,0.20574326664209364,2.858675434021279,0.7387682533822953,0.043494791076939876,0.31820561438798906,0.0009133569780417155,0.4696293281018734,18,64,7,0.16507471622899172,0.864973591553482,1.9880332325579881,3,0.2585615859904734,1.711888508053809,74.0,0.74,0.5555555555555556,0.2222222222222222,0.046302367941712205,3.106712686616371,0.0,4.609480563500889,0.1296538775913177,1.5400000000000005,87.0,0.87,0.6666666666666666,0.0,0.08426229508196721,4.364972809085348,0.0,2.3380456998663637,0.3862367106508373,2.7449999999999957,61.0,0.61,0.0,0.0,0.03278688524590164,1.516455189004296,0.38565857229739775,4.609480563500889,0.2597941697292652,0.8506655241614314,74.0,0.7399999999999999,1.0,0.6666666666666666,0.02185792349726776,3.438710061759469,0.19431730360003072,0.8413625384561836
509,14,5,4,21,128,14,83,0.11634334027767182,1.3970529157668352,0.35402875412255524,1.7488797740079463,0.4551765975076705,0.0006247680623706909,0.8202156131155789,1.86524246465998e-05,0.3394572232477367,44,256,9,0.5991288932971657,0.30466530687874815,5.82000794074652,4,0.0,0.0,100.0,1.0,1.0,0.0,0.0,5.276094445596552,0.0,0.0,0.0,0.0,100.0,1.0,1.0,0.0,0.0,5.947989330161363,0.0,0.0,0.0,0.0,100.0,1.0,1.0,0.0,0.0,3.8814300034816065,0.0,0.0,0.0,0.0,100.0,1.0,1.0,0.0,0.0,5.998864003146688,0.0,0.0
510,10,9,7,16,128,11,31,0.26680301083251834,4.343450508080423,0.6048837477341293,0.32715064100921154,0.06913413293659687,0.010624034337214714,0.14115645168349147,1.181130023156338e-06,0.5990162916295231,39,128,12,0.30691856527701017,4.868759708932252,5.55471270864834,2,0.0,0.0,100.0,1.0,1.0,0.0,0.0022222222222222222,5.014386774661641,0.0,0.0,0.0,0.0,100.0,1.0,1.0,0.0,0.0,5.790833668628086,0.0,0.0,0.0,0.0,100.0,1.0,1.0,0.0,0.0,3.6029909954716763,0.0,0.0,0.0,0.0,100.0,1.0,1.0,0.0,0.006666666666666667,5.649335659885158,0.0,0.0
511,7,7,2,29,64,6,61,0.326121586188674,6.375342960469425,0.06410405710339546,3.31172123295255,0.6367097839247435,0.002547925509217781,0.6482545467093587,0.00019235459727166867,0.11763324514031409,23,512,6,0.5728200650773942,0.054233794237949356,1.7069321943403857,3,0.01825552109659756,0.002222222222221977,98.11111111111111,0.9811111111111112,1.0,0.2222222222222222,0.009577352472089315,5.314735825195713,0.0,0.07392911890136983,0.0,0.0,100.0,1.0,1.0,0.0,0.0,6.337059664850433,0.0,0.0,0.05476656328979268,0.0066666666666659324,94.33333333333333,0.9433333333333334,1.0,0.6666666666666666,0.025398724082934605,3.66893315104585,0.024297015558807117,0.07392911890136983,0.0,0.0,100.0,1.0,1.0,0.0,0.0033333333333333335,5.938214659690857,0.0,0.0
512,7,11,8,26,96,6,74,0.22331652413122355,8.706087250262499,0.4048781817778945,0.9680120702832937,0.6655279972590507,0.003668300423065967,0.10813792506232857,0.0014244610184039619,0.25176229985430837,20,128,11,0.6235027046874165,0.5421876712553466,1.627465630966482,3,0.0,0.0,100.0,1.0,1.0,0.0,0.0,4.649892558033268,0.0,0.0,0.0,0.0,100.0,1.0,1.0,0.0,0.0,5.308146000994991,0.0,0.0,0.0,0.0,100.0,1.0,1.0,0.0,0.0,3.2925693434663117,0.0,0.0,0.0,0.0,100.0,1.0,1.0,0.0,0.0,5.348962329638501,0.0,0.0
513,10,5,2,12,192,13,17,0.28352922727353874,2.0127061679959297,0.25795721672475336,3.6083298523444682,0.09013794683851302,0.02515188946161069,0.5551671374589204,8.79205673204658e-06,0.557347545735538,41,512,5,0.19076079428195952,0.48672398687863966,5.483439043797482,4,0.2603334561316131,2.8616438766170695,73.88888888888889,0.7388888888888889,0.5555555555555556,0.2222222222222222,0.30920490328385064,3.4269404968613904,0.0,7.200788831891428,0.3030611265101744,5.833333333333331,69.66666666666667,0.6966666666666667,0.3333333333333333,0.0,0.3122941970310391,3.6345306085338844,0.21511556251279407,7.200788831891428,0.14436276652349148,1.6893333333333316,85.33333333333333,0.8533333333333334,0.6666666666666666,0.3333333333333333,0.43583333333333335,3.1856504808658634,0.019101831704425896,1.4127420760916292,0.33357647536117335,1.0622649631845469,66.66666666666667,0.6666666666666666,0.6666666666666666,0.3333333333333333,0.1794871794871795,3.4606404011844236,0.24010050717498246,1.28622108194947
514,14,9,5,17,96,10,96,0.4335456359665841,3.5531272115185857,0.005740376189351082,2.2177860650699586,0.43456585351377724,0.0010566758545026231,0.41036509107798336,1.922209866997644e-06,0.03140551429241896,37,256,8,0.5048900282010436,3.045865021322106,5.919871503415057,2,0.0,0.0,100.0,1.0,1.0,0.0,0.0011111111111111111,4.526096889749169,0.0,0.0,0.0,0.0,100.0,1.0,1.0,0.0,0.0,5.114256328282257,0.0,0.0,0.0,0.0,100.0,1.0,1.0,0.0,0.0033333333333333335,3.2939219924931726,0.0,0.0,0.0,0.0,100.0,1.0,1.0,0.0,0.0,5.170112348472078,0.0,0.0
515,5,7,4,5,32,4,41,0.1562568169552833,6.040939808823168,0.5478792382404207,1.4522427679039538,0.7095648990478367,0.08675329535413043,0.8541616759262979,9.441589599859877e-05,0.6853110712952912,25,1024,10,0.23758778236806394,0.0864719453021592,2.094966308527228,3,0.053355668261107214,0.11314612920143574,94.66666666666667,0.9466666666666667,0.8888888888888888,0.0,0.0576068376068376,4.992502479730413,0.0,1.28622108194947,0.0,0.0,100.0,1.0,1.0,0.0,0.10333333333333333,6.107229003682733,0.0,0.0,0.0,0.0,100.0,1.0,1.0,0.0,0.05666666666666667,3.9428933383896947,0.0,0.0,0.16006700478332164,0.3394383876043072,84.0,0.84,0.6666666666666666,0.0,0.012820512820512822,4.927385097118811,0.0,1.28622108194947
516,4,8,2,9,64,8,83,0.46016030041500927,4.7931147357448936,0.26348847597837444,3.0481809887569398,0.8817007273901254,0.0006396139685401295,0.6215385313145816,0.0005755399922142567,0.6279624574817717,30,512,7,0.6707938906736672,1.460830456561935,1.2451580788496768,1,0.13697815897392823,0.43469607769067964,86.11111111111111,0.8611111111111112,1.0,0.8888888888888888,0.0,4.004769989073037,0.15494291057975915,0.6210045987715395,0.14844135051511587,0.5866666666666649,85.0,0.85,1.0,1.0,0.0,4.426088450847629,0.14326826539695303,0.423760785137932,0.1561491210062579,0.5936666666666628,84.0,0.84,1.0,1.0,0.0,2.824203574120821,0.1553663460743691,0.6210045987715395,0.10634400540041089,0.1237548997387113,89.33333333333333,0.8933333333333332,1.0,0.6666666666666666,0.0,4.764017942250661,0.07975222213243162,0.13865963166806336
517,13,8,7,21,128,15,53,0.07652363069355489,7.050282838754356,0.46514150667935605,1.8212154866196215,0.31243898971006273,0.042705535397958724,0.17727395985275507,3.320308325294897e-06,0.1810960415378213,33,128,9,0.054944239836186175,0.1627132178895146,4.050888046861037,4,0.050606877601213025,0.11774832125892587,94.88888888888889,0.9488888888888888,0.8888888888888888,0.1111111111111111,0.016031746031746032,4.284264879429309,0.0,2.7649490469115108,0.0,0.0,100.0,1.0,1.0,0.0,0.0,5.241552682127804,0.0,0.0,0.09865248471535132,0.24933333333333105,90.0,0.9,0.6666666666666666,0.0,0.014285714285714285,2.9048645736960075,0.0,2.7649490469115108,0.053168148088287744,0.10391163044344658,94.66666666666667,0.9466666666666667,1.0,0.3333333333333333,0.03380952380952381,4.706377382464115,0.0,0.13865963166806336
518,11,12,3,16,128,12,60,0.1941200717352331,9.728888532146811,0.6735561097040772,0.3720171805471182,0.21205405178479853,0.002593967209176635,0.7896500401198864,5.2216750430122295e-05,0.383041534461081,48,256,10,0.4571717017330229,2.589314816333526,8.017999266935517,2,0.0,0.0,100.0,1.0,1.0,0.0,0.0,4.476962886078076,0.0,0.0,0.0,0.0,100.0,1.0,1.0,0.0,0.0,5.098633656743914,0.0,0.0,0.0,0.0,100.0,1.0,1.0,0.0,0.0,3.2689949978763857,0.0,0.0,0.0,0.0,100.0,1.0,1.0,0.0,0.0,5.063260003613929,0.0,0.0
519,8,4,5,30,64,5,32,0.3729853130877018,3.2397847566753626,0.16426896229386329,3.4737643201369792,0.4940114818513393,0.010381636633256587,0.34308068873360753,0.0027442242915826746,0.3336360546387732,16,64,4,0.37314792787656187,0.09120894806504777,2.7395911791216703,5,0.359290290797155,3.566429809678447,64.0,0.64,0.3333333333333333,0.1111111111111111,0.0805859631670393,2.7493286583595737,0.3907479019877342,7.200788831891428,0.3379274994311481,6.426666666666665,66.33333333333333,0.6633333333333333,0.3333333333333333,0.0,0.08067648663393344,3.207190681128995,0.23947612725246756,7.200788831891428,0.4564539254913947,3.3026666666666626,54.0,0.54,0.0,0.0,0.09743032009041862,1.5888381636598308,0.4309528004932742,6.106545221253793,0.2834894474689222,0.9699560957020107,71.66666666666667,0.7166666666666667,0.6666666666666666,0.3333333333333333,0.06365108277676583,3.451957130289895,0.1953739509938671,1.28622108194947
520,8,10,4,22,192,4,80,0.4936170956585556,5.049364167265594,0.5744641589932143,3.0968307002913207,0.6301348478998989,0.027113227731665777,0.7477501699235289,1.3317832470278828e-06,0.6030411648750306,39,1024,6,0.5714014797471464,1.086039236280644,3.4911606559570614,2,0.06473953473974431,0.10472553420953151,93.44444444444444,0.9344444444444444,1.0,0.4444444444444444,0.006327804530051721,5.121357385782115,0.0,0.5221133871205753,0.08847118995043125,0.13333333333332975,91.0,0.91,1.0,0.6666666666666666,0.011046905653647228,5.49917252098182,0.054094247389410086,0.1821853792103627,0.0525715569566785,0.16100000000000003,94.66666666666667,0.9466666666666667,1.0,0.3333333333333333,0.003968253968253968,4.062443741205488,0.0,0.5221133871205753,0.053175857312123154,0.019843269295264733,94.66666666666667,0.9466666666666667,1.0,0.3333333333333333,0.003968253968253968,5.802455895159039,0.0,0.07519135205215145
521,12,6,5,10,64,9,46,0.0959042081143707,7.357083796523511,0.06649630339816212,0.5732245636172593,0.14232452306896448,0.0009295161630796335,0.2440817801747471,0.00013542415227813445,0.11353990612551569,23,256,8,0.30268949130550027,0.21515030213766229,1.0728140105944914,5,0.0,0.0,100.0,1.0,1.0,0.0,0.0,4.423409776192987,0.0,0.0,0.0,0.0,100.0,1.0,1.0,0.0,0.0,5.093581338102619,0.0,0.0,0.0,0.0,100.0,1.0,1.0,0.0,0.0,3.1549246632494032,0.0,0.0,0.0,0.0,100.0,1.0,1.0,0.0,0.0,5.021723327226937,0.0,0.0
522,12,10,1,28,32,13,58,0.17122388356365265,8.893108213320374,0.1862611805088818,1.9642316326498985,0.38216745131649077,0.007779818389453711,0.6931547534186393,0.0006246198981232187,0.45493359772488473,18,512,11,0.6004633749835193,1.9593527684383047,3.1770799665952763,1,0.36852595140011346,4.083697238297513,63.0,0.63,0.2222222222222222,0.1111111111111111,0.0,2.47905518882471,0.40649346529488073,5.651251994648968,0.4160886591757853,8.476666666666667,58.333333333333336,0.5833333333333334,0.0,0.0,0.0,2.3344710351129607,0.41427466646340705,5.651251994648968,0.4094684910250905,2.7946666666666617,58.666666666666664,0.5866666666666666,0.0,0.0,0.0,1.807633001335,0.405737300051193,4.724070697798037,0.28002070399946466,0.9797583815592111,72.0,0.7200000000000001,0.6666666666666666,0.3333333333333333,0.0,3.2950615300261688,0.20963690287438624,1.28622108194947
523,4,6,7,14,128,7,23,0.33601288027130066,2.3886133190244436,0.3892334978096187,2.6121401854325086,0.7455763005651533,0.003193623094848986,0.18718146341852843,2.0260381611849314e-05,0.35422139734029773,44,64,5,0.16904609696939588,0.12275539076065212,9.30096516330071,4,0.2786348931560358,2.855464546137748,72.0,0.7200000000000001,0.4444444444444444,0.1111111111111111,0.1834846477195849,3.1338833947246743,0.0,6.258946796487252,0.16645881527390033,4.923333333333336,83.33333333333333,0.8333333333333334,0.6666666666666666,0.0,0.12,4.261583670352896,0.0,6.258946796487252,0.385903953076453,2.7169999999999934,61.0,0.61,0.0,0.0,0.30647518498882,1.7604771793457783,0.3170722318775275,3.526418971595706,0.283541911117754,0.9260603050799158,71.66666666666667,0.7166666666666667,0.6666666666666666,0.3333333333333333,0.12397875816993464,3.379589334475348,0.18038970879667787,1.298774281893203
524,5,11,6,11,128,6,66,0.26018594671040773,7.889533005654812,0.10488527501001954,1.3682063445448875,0.8390654690563679,0.017346790708506102,0.4272315084468573,3.866708168494332e-05,0.22756366349756718,48,64,12,0.43310698010027404,0.7168952632945687,4.7283594439926215,2,0.04396658142751599,0.08252609903670358,95.55555555555556,0.9555555555555555,0.8888888888888888,0.1111111111111111,0.015299359509885825,4.187885889442068,0.0,1.5931725123246676,0.0,0.0,100.0,1.0,1.0,0.0,0.006666666666666667,5.103359671775252,0.0,0.0,0.07873159619426022,0.14366666666666417,92.0,0.9199999999999999,0.6666666666666666,0.0,0.03526315789473684,2.728091537985101,0.0,1.5931725123246676,0.053168148088287744,0.10391163044344658,94.66666666666667,0.9466666666666667,1.0,0.3333333333333333,0.003968253968253968,4.7322064585658525,0.0,0.13865963166806336
525,15,5,4,25,32,11,15,0.3063224320299923,1.1412100233137608,0.6456197298131883,2.477544254856184,0.344919318286702,0.005791024126114049,0.9336645462084561,0.003682746298319086,0.4890687540732324,12,256,6,0.3531422136351466,0.36186126755140513,1.4029751212814352,3,0.185943578081731,1.370779181230334,81.44444444444444,0.8144444444444444,0.6666666666666666,0.0,0.015167958656330749,3.5240115818401523,0.0,3.6133433543389253,0.19167640340946665,2.3800000000000003,81.0,0.81,0.6666666666666666,0.0,0.015503875968992248,3.9899757490926526,0.0,3.6133433543389253,0.16588043322016102,0.9583333333333314,83.33333333333333,0.8333333333333334,0.6666666666666666,0.0,0.013333333333333334,2.686680998497953,0.0,3.107817780479608,0.20027389761556533,0.7740042103576705,80.0,0.7999999999999999,0.6666666666666666,0.0,0.016666666666666666,3.895377997929851,0.0,2.9329049666598626
526,9,9,7,7,64,14,88,0.4142680687829852,3.824208186008036,0.4821377306245267,3.927198801888153,0.17978342128917574,0.07062288991289258,0.0021801027003675697,0.00023612498502085144,0.10112960880622267,27,128,7,0.7390143252909184,4.09921077298641,2.430846854519069,3,0.007489602266133758,0.002222222222221977,99.22222222222223,0.9922222222222222,1.0,0.2222222222222222,0.004605765559373806,4.167191384410823,0.0,0.01139365321501683,0.00973425232878401,0.0066666666666659324,99.0,0.9899999999999999,1.0,0.3333333333333333,0.006872852233676976,4.775808457760428,0.0,0.01139365321501683,0.012734554469617264,0.0,98.66666666666667,0.9866666666666667,1.0,0.3333333333333333,0.006944444444444444,2.86896736406359,0.0,0.0,0.0,0.0,100.0,1.0,1.0,0.0,0.0,4.856798331408451,0.0,0.0
527,7,7,2,19,192,9,38,0.12290300512686372,6.331810590811074,0.33381236353889104,0.9421704602427781,0.5360263601411134,0.0014132429632733405,0.5053806190844625,8.177760046479451e-06,0.7080643827468157,34,1024,9,0.1190205568447709,0.06543591509127052,6.870877167896709,4,0.0,0.0,100.0,1.0,1.0,0.0,0.02666666666666667,5.773894773123579,0.0,0.0,0.0,0.0,100.0,1.0,1.0,0.0,0.02,6.460945992730558,0.0,0.0,0.0,0.0,100.0,1.0,1.0,0.0,0.0,4.398153993145873,0.0,0.0,0.0,0.0,100.0,1.0,1.0,0.0,0.06,6.462584333494306,0.0,0.0
528,7,9,5,16,32,11,20,0.39640247761271896,7.606805401854217,0.44881832245737313,0.8086468265391886,0.855086192348972,0.013589264547404742,0.6422561085782945,0.00016624305779078914,0.26982435325160625,37,512,8,0.6437301421537995,0.26564879630945076,8.506788916434466,4,0.10307408085852526,1.8269154932299914,89.66666666666667,0.8966666666666667,0.8888888888888888,0.2222222222222222,0.026957915273132665,4.17502671335698,0.0,6.258946796487252,0.1795279892584952,4.923333333333336,82.0,0.82,0.6666666666666666,0.0,0.021739130434782608,4.357524391068011,0.0,6.258946796487252,0.012734554469617264,0.0,98.66666666666667,0.9866666666666667,1.0,0.3333333333333333,0.030416666666666665,3.4448268989217468,0.0,0.0,0.11695969884746332,0.557413146356639,88.33333333333333,0.8833333333333333,1.0,0.3333333333333333,0.02871794871794872,4.7227288500811815,0.0,0.743811845035123
529,10,7,3,29,96,6,71,0.11209766031242907,5.3617134084925056,0.3018578924238682,3.8006558406632394,0.2859282081015408,0.0019836219175124147,0.13979080002754926,1.0919815658079483e-06,0.5392800064757466,25,64,10,0.21376534178853035,1.0054906330910023,2.615258201815428,3,0.1650009683877741,0.7543046830824667,83.33333333333333,0.8333333333333334,0.7777777777777778,0.4444444444444444,0.024444444444444446,3.6851469561871557,0.0,1.5931725123246676,0.08241776976375424,0.6399999999999999,91.66666666666667,0.9166666666666666,1.0,0.3333333333333333,0.02888888888888889,4.743347439863202,0.0,0.9716553557886181,0.24621734515873203,1.3473333333333262,75.0,0.75,0.3333333333333333,0.3333333333333333,0.02666666666666667,2.247195105171866,0.24533759007506153,1.5931725123246676,0.166367790240836,0.2755807159140736,83.33333333333333,0.8333333333333334,1.0,0.6666666666666666,0.017777777777777778,4.064898323526399,0.12454530438107418,0.4596604481053848
530,14,11,6,8,192,8,44,0.2709928212221712,2.4150412920862436,0.13717884272336958,2.380584550322965,0.23856410509906711,0.04746101480553351,0.8262197349220514,1.4484064063228225e-05,0.04802772451192141,20,1024,11,0.5278571812435985,0.14752440555844665,1.2979641647148448,3,0.09366841776447034,0.7575474720062456,90.55555555555556,0.9055555555555556,0.8888888888888888,0.2222222222222222,0.024159218371728405,4.6571323604634145,0.0,1.4127420760916292,0.0,0.0,100.0,1.0,1.0,0.0,0.016666666666666666,5.79145633848384,0.0,0.0,0.15414724550709782,1.6893333333333316,84.33333333333333,0.8433333333333333,0.6666666666666666,0.3333333333333333,0.02505830027647554,3.3549851384466733,0.02873030085689409,1.4127420760916292,0.12685800778631318,0.5833090826854053,87.33333333333333,0.8733333333333334,1.0,0.3333333333333333,0.03075268817204301,4.82495560445973,0.0,0.7783673705111724
531,5,5,1,21,96,14,93,0.3241864951793104,9.428201770409942,0.6792835908010602,1.2638077568262815,0.5206253012642265,0.0005775959752342196,0.3195651859976351,0.0008648951794937728,0.6686943138577044,42,128,5,0.2578632954508066,1.7658975296453558,3.7991615216826014,2,0.006528875732115051,0.011999999999999665,99.33333333333333,0.9933333333333333,1.0,0.1111111111111111,0.013404255319148937,4.898387795417673,0.0,0.11674585053627443,0.0,0.0,100.0,1.0,1.0,0.0,0.01,5.649659668561071,0.0,0.0,0.019586627196345154,0.03599999999999899,98.0,0.98,1.0,0.3333333333333333,0.0035460992907801418,3.4009990577275553,0.0,0.11674585053627443,0.0,0.0,100.0,1.0,1.0,0.0,0.02666666666666667,5.644504659964393,0.0,0.0
532,4,10,4,18,64,9,51,0.18862268822267653,1.394935093820095,0.21993519850075244,2.7129343871492893,0.6390168166719378,0.07838829520498665,0.08646997781470418,0.004519521628635705,0.6561500401981175,46,128,10,0.6941829283721745,0.30110658975401633,6.509139539150985,4,0.3807561451945556,4.162030571630845,61.77777777777778,0.6177777777777778,0.2222222222222222,0.1111111111111111,0.04678362573099415,2.341985398813625,0.4265150326796336,5.651251994648968,0.429621255076358,8.556666666666663,57.0,0.57,0.0,0.0,0.05263157894736842,2.2334666781083885,0.4293163201017429,5.651251994648968,0.4259903987909977,2.9496666666666616,57.0,0.57,0.0,0.0,0.05263157894736842,1.5428923832917072,0.4256091645604062,5.407915047635769,0.28665678171631104,0.9797583815592111,71.33333333333333,0.7133333333333333,0.6666666666666666,0.3333333333333333,0.03508771929824561,3.249597135040778,0.21457505173215077,1.28622108194947
533,13,6,6,4,128,4,86,0.3464059980586171,8.19928640499711,0.42153822910040617,2.0722353886812925,0.0635230001527816,0.0011736186142825354,0.5935843594372272,3.1697433523563956e-05,0.15291392263025047,14,1024,4,0.07547073913738131,0.7954307933383652,1.9315578564885627,1,0.0,0.0,100.0,1.0,1.0,0.0,0.016666666666666666,5.248612887484746,0.0,0.0,0.0,0.0,100.0,1.0,1.0,0.0,0.016666666666666666,5.8219139953143895,0.0,0.0,0.0,0.0,100.0,1.0,1.0,0.0,0.013333333333333334,4.022126665028433,0.0,0.0,0.0,0.0,100.0,1.0,1.0,0.0,0.02,5.901798002111415,0.0,0.0
534,11,10,2,26,128,7,29,0.4832220726646483,6.364431784488261,0.5424984877929091,0.7106970236636698,0.4611800719052553,0.019222336085024397,0.37474579457193613,5.844531394725297e-06,0.4126689603552222,29,64,7,0.47783170500770206,0.052997289158919804,1.758290554977892,5,0.0,0.0,100.0,1.0,1.0,0.0,0.02444444444444445,4.559392219978488,0.0,0.0,0.0,0.0,100.0,1.0,1.0,0.0,0.023333333333333334,5.2139506543365615,0.0,0.0,0.0,0.0,100.0,1.0,1.0,0.0,0.0033333333333333335,3.3133783377707005,0.0,0.0,0.0,0.0,100.0,1.0,1.0,0.0,0.04666666666666667,5.150847667828202,0.0,0.0
535,8,6,7,13,32,12,63,0.07850730698555708,4.354516145773232,0.03316669128835201,3.226635395316407,0.7360753640066833,0.004804661799885463,0.876743088196963,0.0003268822469529546,0.3040031539089978,32,512,9,0.3964141427539289,4.427569443494489,4.967994169837334,2,0.13576938728347632,0.555304683082468,86.33333333333333,0.8633333333333333,0.8888888888888888,0.4444444444444444,0.008605792832596956,4.088232752766001,0.0,1.4333796093620694,0.0,0.0,100.0,1.0,1.0,0.0,0.0,5.598386332082252,0.0,0.0,0.19761890257965717,1.3903333333333303,80.0,0.7999999999999999,0.6666666666666666,0.3333333333333333,0.012857142857142857,2.6963998672241964,0.14744105365122404,1.4333796093620694,0.20968925927077187,0.2755807159140736,79.0,0.79,1.0,1.0,0.012960235640648013,3.969912058991555,0.16433616525833816,0.4596604481053848
536,9,12,3,6,96,15,49,0.21144334455020725,1.7011829800903797,0.6183588056825101,3.376575230853632,0.8124517446383834,0.0018481240380850761,0.45015992927365,1.2301972825121025e-05,0.5864244239777326,18,256,11,0.5481833300553262,0.39779114873756055,2.200915126988919,5,0.17612777855421285,1.7448127958681028,82.33333333333333,0.8233333333333334,0.5555555555555556,0.0,0.031348994043203085,3.1424127975115312,0.0,4.762547043877561,0.25624850788357995,4.326666666666668,74.33333333333333,0.7433333333333333,0.3333333333333333,0.0,0.04864053672316384,3.0782564101927505,0.17939381300018312,4.762547043877561,0.12238447709056138,0.5683333333333336,87.66666666666667,0.8766666666666666,0.6666666666666666,0.0,0.021164021164021163,2.5291327683614795,0.0,1.843071066336607,0.1497503506884972,0.3394383876043072,85.0,0.85,0.6666666666666666,0.0,0.024242424242424242,3.819849213980364,0.0,1.28622108194947
537,11,4,8,19,32,8,78,0.3832479707431048,8.454990275204182,0.11044243136420845,0.2678469717502594,0.318409347301349,0.053954050794120884,0.8979283627588301,0.0010289672767094158,0.13016213288530706,44,1024,5,0.28233390087261795,0.5908706794338582,7.4188823303252205,2,0.0,0.0,100.0,1.0,1.0,0.0,0.008888888888888889,5.517210783436894,0.0,0.0,0.0,0.0,100.0,1.0,1.0,0.0,0.0,6.16874800529331,0.0,0.0,0.0,0.0,100.0,1.0,1.0,0.0,0.02666666666666667,4.267118678738673,0.0,0.0,0.0,0.0,100.0,1.0,1.0,0.0,0.0,6.1157656662787,0.0,0.0
538,13,8,4,11,96,5,26,0.44989573922939596,5.512714785523713,0.3176595040597021,1.6874625799246132,0.2062942852266133,0.006412950035165168,0.04071421162225306,7.693515574703354e-05,0.4368660750053823,39,128,6,0.5799742597155273,0.07130413964691136,4.357601221134998,4,0.04675425624995794,0.21343999798496796,95.33333333333333,0.9533333333333334,1.0,0.1111111111111111,0.07655172413793104,4.002811104046731,0.0,0.8544427041764607,0.0,0.0,100.0,1.0,1.0,0.0,0.04666666666666667,4.981071334332228,0.0,0.0,0.0,0.0,100.0,1.0,1.0,0.0,0.08,3.046585329187413,0.0,0.0,0.1402627687498738,0.6403199939549038,86.0,0.86,1.0,0.3333333333333333,0.10298850574712644,3.9807766486205503,0.0,0.8544427041764607
539,3,8,6,24,192,11,55,0.05920226308517158,3.518182755447924,0.5206779516302049,2.9218665182124823,0.5626409901771695,0.015608996751825406,0.48336566328071057,2.3448642886248946e-06,0.37228346727788447,23,512,8,0.1459507909603417,3.349527494594497,1.54183426699951,1,0.13280693395144247,1.4287016847569909,86.66666666666667,0.8666666666666667,0.6666666666666666,0.0,0.0,4.463695115496026,0.0,5.651251994648968,0.1329378551953337,3.3066666666666653,86.66666666666667,0.8666666666666667,0.6666666666666666,0.0,0.0,5.049494679551572,0.0,5.651251994648968,0.13251326054749815,0.6399999999999999,86.66666666666667,0.8666666666666667,0.6666666666666666,0.0,0.0,3.333749888309588,0.0,2.0754817873116025,0.13296968611149557,0.3394383876043072,86.66666666666667,0.8666666666666667,0.6666666666666666,0.0,0.0,5.007840778626916,0.0,1.28622108194947
540,6,9,7,27,192,13,13,0.41581050492823124,6.735862328670919,0.06128669129684567,1.5894859549589455,0.603624477935955,0.0028754598623031663,0.7238858749624342,4.6444681002501585e-06,0.1979307682812214,28,256,7,0.41236683689057824,0.1973244518422791,2.981590693030334,3,0.13260686486317874,0.416590573645879,86.66666666666667,0.8666666666666667,0.6666666666666666,0.0,0.012303542311403947,4.292740727500831,0.0,4.147423570367287,0.0,0.0,100.0,1.0,1.0,0.0,0.0,5.738693656555067,0.0,0.0,0.24114770147918704,0.9103333333333297,75.66666666666667,0.7566666666666667,0.3333333333333333,0.0,0.02099867724867725,2.5813303605529234,0.1785973514544995,4.147423570367287,0.15667289311034924,0.3394383876043072,84.33333333333333,0.8433333333333334,0.6666666666666666,0.0,0.015911949685534593,4.558198165394507,0.0,1.28622108194947
541,14,7,2,15,64,6,68,0.14552700398489832,4.545704725198448,0.6020618001930416,2.347819250775501,0.11571038700640202,0.00861019673969542,0.28076652162708343,0.0004156496884796425,0.5186961854808032,35,64,9,0.3296249812468886,1.328404167212682,9.70105012116682,2,0.030922116383686565,0.21333333333333326,96.88888888888889,0.9688888888888889,1.0,0.1111111111111111,0.0204320987654321,3.979237738056798,0.0,0.9716553557886181,0.09276634915105969,0.6399999999999999,90.66666666666667,0.9066666666666666,1.0,0.3333333333333333,0.004629629629629629,4.149070550661741,0.0,0.9716553557886181,0.0,0.0,100.0,1.0,1.0,0.0,0.016666666666666666,3.0007669989330075,0.0,0.0,0.0,0.0,100.0,1.0,1.0,0.0,0.04,4.787875664575647,0.0,0.0
542,10,11,5,23,32,3,35,0.2340478651225567,2.7064576353877783,0.3510401534847915,3.708894669311121,0.40878248033113773,0.0007096886729344701,0.6555565469432622,0.002235485337691375,0.07294749541208148,50,512,12,0.7155344665050507,0.1116000976730042,3.334205212269581,4,0.0,0.0,100.0,1.0,1.0,0.0,0.015555555555555557,4.720988335708777,0.0,0.0,0.0,0.0,100.0,1.0,1.0,0.0,0.0,5.334538340878983,0.0,0.0,0.0,0.0,100.0,1.0,1.0,0.0,0.023333333333333334,3.5144560039043427,0.0,0.0,0.0,0.0,100.0,1.0,1.0,0.0,0.023333333333333334,5.313970662343006,0.0,0.0
543,6,5,3,10,128,10,91,0.30126282861456277,9.699835816398263,0.20275008948519824,1.076244205236435,0.7720875761471689,0.035477623963886,0.20824783290736376,6.368372635218348e-05,0.7362519709765911,14,128,6,0.09823235888034106,2.3759836918648176,1.1388005257808296,3,0.021618822428718317,0.0001593664121039377,97.77777777777777,0.9777777777777779,1.0,0.5555555555555556,0.03054588280465474,4.4872773640472285,0.0,0.0018116434070652306,0.003309822186292,0.0,99.66666666666667,0.9966666666666667,1.0,0.3333333333333333,0.033501683501683505,5.327096353645628,0.0,0.0,0.028560403693736077,0.0,97.0,0.9700000000000001,1.0,0.6666666666666666,0.04410087719298245,3.124745982589829,0.018887853269827868,0.0,0.03298624140612688,0.00047809923631181306,96.66666666666667,0.9666666666666667,1.0,0.6666666666666666,0.014035087719298246,5.00998975590623,0.02469802422738527,0.0018116434070652306
544,6,9,1,14,64,12,42,0.37440450927242636,5.330866395495832,0.4355560257099569,1.8665259596891701,0.36814072881825266,0.0008525421332102963,0.7388617367949336,5.324476736008531e-06,0.20893448838964104,15,128,9,0.19719337616115806,3.9379593873068317,3.668383770872706,1,0.4867616019314609,5.5894270870130995,51.22222222222222,0.5122222222222222,0.1111111111111111,0.0,0.0,1.7858408129257615,0.5499860745041334,10.209611320280269,0.5107864178714735,10.376666666666672,49.0,0.49,0.0,0.0,0.0,1.7076438709569068,0.4737117573954784,6.258946796487252,0.5728341159298024,4.454999999999995,42.333333333333336,0.42333333333333334,0.0,0.0,0.0,0.9963762797824365,0.5705361285112194,10.209611320280269,0.37666427199310676,1.936614594372632,62.333333333333336,0.6233333333333334,0.3333333333333333,0.0,0.0,2.6535022880379406,0.2749930372520667,2.9329049666598626
545,10,7,7,25,128,5,92,0.21666217520833014,7.63741101603955,0.23257762202993035,2.976321619702503,0.829109704028815,0.029370813752347926,0.2955291500780731,0.0002797789896454901,0.5018877391889691,46,512,7,0.6380849562585353,0.058491317280846174,1.0882765370111682,4,0.005251056642267216,0.0,99.44444444444444,0.9944444444444444,1.0,0.5555555555555556,0.019057239057239057,5.05828604459612,0.0,0.0,0.0,0.0,100.0,1.0,1.0,0.0,0.006666666666666667,5.737276999279857,0.0,0.0,0.009274830694178822,0.0,99.0,0.9899999999999999,1.0,1.0,0.030303030303030304,3.7449868670304114,0.009105494531794954,0.0,0.006478339232622823,0.0,99.33333333333333,0.9933333333333333,1.0,0.6666666666666666,0.020202020202020204,5.692594267478094,0.004748880144070718,0.0
546,14,11,3,4,128,8,22,0.05024873046204448,9.177830969914794,0.025306820217519996,3.429365574615076,0.5460050347726793,0.00347304432225445,0.6704671774525195,0.004326013967752375,0.056513741798698905,32,256,4,0.23102711271494625,0.6948556191020137,3.118176372537175,2,0.0011581320613127737,0.0,99.88888888888889,0.9988888888888889,1.0,0.1111111111111111,0.0644668911335578,4.122147398606762,0.0,0.0,0.0,0.0,100.0,1.0,1.0,0.0,0.03666666666666667,4.730285327726354,0.0,0.0,0.0,0.0,100.0,1.0,1.0,0.0,0.056666666666666664,2.9621266511579356,0.0,0.0,0.003474396183938321,0.0,99.66666666666667,0.9966666666666667,1.0,0.3333333333333333,0.10006734006734007,4.674030216935997,0.0,0.0
547,6,5,5,19,64,14,72,0.45500491447746755,2.665722155943513,0.5332685790024697,0.44479498267173767,0.15653302147984505,0.0071634176452843095,0.22297422173433004,2.495291689093643e-05,0.7469279287196696,29,1024,10,0.4900940675288438,0.32639703653584345,8.812728342849391,5,0.0,0.0,100.0,1.0,1.0,0.0,0.0011111111111111111,5.763348437742227,0.0,0.0,0.0,0.0,100.0,1.0,1.0,0.0,0.0,6.530771989685793,0.0,0.0,0.0,0.0,100.0,1.0,1.0,0.0,0.0,4.347936999207984,0.0,0.0,0.0,0.0,100.0,1.0,1.0,0.0,0.0033333333333333335,6.411336324332903,0.0,0.0
548,3,12,8,22,32,10,30,0.1400893050711602,8.168436173349619,0.2926281322725117,3.536470650928095,0.14563986891880631,0.005335376384045335,0.46487475256435573,1.8085501332889055e-05,0.5728699611313641,26,512,5,0.07016748832538725,2.0204363490771784,4.796514055082667,3,0.4968180251830152,6.074973369514744,50.22222222222222,0.5022222222222221,0.1111111111111111,0.0,0.04040404040404041,2.100203632203053,0.5573996232058976,9.629267736904467,0.5605622991769155,12.01666666666667,44.0,0.44,0.0,0.0,0.04545454545454545,1.810537871664785,0.558504014707414,8.055312823017784,0.5564309449099304,4.370333333333331,44.0,0.44,0.0,0.0,0.04545454545454545,1.415517433391263,0.5553951769916667,9.629267736904467,0.3734608314621997,1.8379201085442314,62.666666666666664,0.6266666666666666,0.3333333333333333,0.0,0.030303030303030304,3.074555591553111,0.2799794729998857,1.9363613973365315
549,13,4,2,7,96,3,64,0.42443509814329444,1.425546072423458,0.4409582610242068,1.01332226395607,0.6135542618576437,0.01885289352347042,0.9128356099594384,0.0008882466629610358,0.13791363384574654,38,128,11,0.6779526631347835,0.13601202923950495,1.4741966627985377,4,0.0,0.0,100.0,1.0,1.0,0.0,0.060000000000000005,4.354802557112028,0.0,0.0,0.0,0.0,100.0,1.0,1.0,0.0,0.03666666666666667,4.971403339877725,0.0,0.0,0.0,0.0,100.0,1.0,1.0,0.0,0.043333333333333335,3.0881446708614626,0.0,0.0,0.0,0.0,100.0,1.0,1.0,0.0,0.10000000000000002,5.004859660596897,0.0,0.0
550,11,8,6,28,192,6,50,0.29593478511087595,4.104148563928902,0.6919261577539145,1.5250208494253457,0.7621862748637795,0.001530004039742701,0.05547977038659155,0.00019758670865764936,0.44501299913972614,43,256,10,0.35762586006894703,1.1299165777788422,2.303251198731738,2,0.08090932495664088,0.45560482757679804,91.88888888888889,0.9188888888888889,0.8888888888888888,0.1111111111111111,0.019060550863829556,4.315142408036605,0.0,1.740882512454607,0.11318310580323548,1.146666666666666,88.66666666666667,0.8866666666666667,0.6666666666666666,0.0,0.005050505050505051,4.672687748527022,0.0,1.740882512454607,0.0,0.0,100.0,1.0,1.0,0.0,0.04666666666666667,3.6655810095059373,0.0,0.0,0.12954486906668713,0.22014781606372788,87.0,0.87,1.0,0.3333333333333333,0.00546448087431694,4.6071584660768545,0.0,0.834197817650451
551,9,8,4,17,96,13,85,0.24278252949006857,6.6151072839275,0.15119645418599248,2.173387151909992,0.37882960750721395,0.06481448023829989,0.49835263765417037,1.219422660381537e-06,0.35837698297575116,21,64,8,0.44996995171532034,0.24055151632877328,6.743512603293702,3,0.046433653446120715,0.04585142040785837,95.22222222222223,0.9522222222222223,1.0,0.5555555555555556,0.01668066692121675,4.205146481798514,0.0,0.11261795555268532,0.0,0.0,100.0,1.0,1.0,0.0,0.006666666666666667,5.159038996013503,0.0,0.0,0.07305009503466288,0.13466666666666444,92.33333333333333,0.9233333333333333,1.0,1.0,0.028560519282168767,2.8017421435093937,0.06180402081852357,0.11261795555268532,0.06625086530369927,0.0028875945569106776,93.33333333333333,0.9333333333333332,1.0,0.6666666666666666,0.014814814814814815,4.654658305872645,0.04952620074078499,0.010941853163498598
552,8,10,6,9,192,14,27,0.1173167122527957,8.42414540797472,0.5942016879096627,2.5503209952730685,0.28919203504920005,0.02321896112559855,0.07153339916840196,0.001759891185381833,0.6411717107146978,35,1024,6,0.298222158011049,2.6713992282728842,1.713847790514631,2,0.134060445696301,0.7954794625347686,86.55555555555556,0.8655555555555555,0.6666666666666666,0.0,0.012217339430454185,4.542904551869509,0.0,2.3380456998663637,0.1296538775913177,1.5400000000000005,87.0,0.87,0.6666666666666666,0.0,0.025191256830601094,5.064593076138487,0.0,2.3380456998663637,0.11246045471426369,0.5069999999999981,88.66666666666667,0.8866666666666667,0.6666666666666666,0.0,0.005050505050505051,3.592580811760266,0.0,1.6441707283859048,0.16006700478332164,0.3394383876043072,84.0,0.84,0.6666666666666666,0.0,0.006410256410256411,4.971539767709776,0.0,1.28622108194947
553,11,6,4,23,64,9,57,0.3875587948597968,1.731786448508501,0.052056895941495894,1.3238132428377867,0.8916828471701592,0.003999566450604631,0.5788984145969153,6.095667700778339e-05,0.16213447829708458,28,128,12,0.5531449952162802,0.10111745094293315,5.574721312593707,3,0.1448694345870891,1.0556841772040506,85.44444444444444,0.8544444444444443,0.8888888888888888,0.4444444444444444,0.028550075315431037,3.579834367420169,0.0,2.3380456998663637,0.12640776441856572,1.5400000000000005,87.33333333333333,0.8733333333333334,0.6666666666666666,0.0,0.01075268817204301,4.2803007911800615,0.0,2.3380456998663637,0.09829403576748269,0.9483333333333325,90.0,0.9,1.0,0.3333333333333333,0.02714285714285714,2.8732212934465635,0.0,0.7930645632361258,0.20990650357521887,0.6787191982788192,79.0,0.79,1.0,1.0,0.04775468063139296,3.5859810176338804,0.1394202070916333,0.743811845035123
554,12,10,8,15,32,5,48,0.32929544914513825,3.2678141007199883,0.21676764488220213,0.8703063414432108,0.48405835134908554,0.09422073381570663,0.3597294887527823,3.975247224061311e-06,0.4222374795936048,14,512,9,0.17347045270726086,1.5206765997892082,5.797348828533809,3,0.21435136878206118,1.218808349408624,78.44444444444444,0.7844444444444444,0.5555555555555556,0.1111111111111111,0.02614035087719298,3.437256412444451,0.0,5.407915047635769,0.0,0.0,100.0,1.0,1.0,0.0,0.006666666666666667,5.201314003982891,0.0,0.0,0.36647767300647754,2.6766666666666605,63.0,0.63,0.0,0.0,0.032280701754385965,1.8418918182931796,0.3363400758836259,5.407915047635769,0.27657643333970605,0.9797583815592111,72.33333333333333,0.7233333333333333,0.6666666666666666,0.3333333333333333,0.039473684210526314,3.2685634150572818,0.19945452916724335,1.28622108194947
555,4,6,2,27,128,11,76,0.2620395098812878,5.76339350361377,0.363682690449059,3.9725112307351083,0.23527809684164824,0.0009716870914116992,0.8620064078830182,0.00037864843274017213,0.2886299305409193,49,64,7,0.6184210401959718,0.1820353249952981,1.980632858179883,4,0.08315109122565191,0.2325260990367031,91.55555555555556,0.9155555555555556,1.0,0.4444444444444444,0.019801587301587303,4.468926369932002,0.0,0.6210045987715395,0.0,0.0,100.0,1.0,1.0,0.0,0.0,5.671790339984,0.0,0.0,0.19628512558866798,0.5936666666666628,80.0,0.8000000000000002,1.0,1.0,0.0375,2.597482909914106,0.1955543442532418,0.6210045987715395,0.053168148088287744,0.10391163044344658,94.66666666666667,0.9466666666666667,1.0,0.3333333333333333,0.021904761904761903,5.1375058598979,0.0,0.13865963166806336
556,5,9,3,24,96,12,33,0.35503081255592406,4.514856639318168,0.12308481968939304,0.5288316295482218,0.08679625256918372,0.03929492577985476,0.6275228115729987,8.591205441147354e-05,0.2765135817229748,43,64,8,0.3356119196861982,2.927538942300667,1.2658903539273283,2,0.052937701945197355,0.14199999999999952,94.66666666666667,0.9466666666666667,0.8888888888888888,0.1111111111111111,0.051641803211869244,4.463506025318966,0.0,4.724070697798037,0.0,0.0,100.0,1.0,1.0,0.0,0.0,5.42280566956227,0.0,0.0,0.13888529852162937,0.4259999999999986,86.0,0.86,0.6666666666666666,0.0,0.11137931034482758,2.753738938568524,0.0,4.724070697798037,0.01992780731396271,0.0,98.0,0.98,1.0,0.3333333333333333,0.043546099290780134,5.213973467826103,0.0,0.0
557,15,7,5,12,32,7,90,0.18318476802669464,6.76647116150707,0.6323765514418482,3.1696071613114327,0.6821341210976243,0.000694255661095998,0.12478605974465608,2.787120503283093e-06,0.5268312398903072,17,512,6,0.42928064372390506,0.07733961619715662,4.2659131151734355,5,0.0010553066986823817,0.0,99.88888888888889,0.9988888888888889,1.0,0.1111111111111111,0.008956228956228957,4.508403660091922,0.0,0.0,0.0,0.0,100.0,1.0,1.0,0.0,0.0,5.161320333524297,0.0,0.0,0.0,0.0,100.0,1.0,1.0,0.0,0.006666666666666667,3.3349496700490513,0.0,0.0,0.003165920096047145,0.0,99.66666666666667,0.9966666666666667,1.0,0.3333333333333333,0.020202020202020204,5.028940976702416,0.0,0.0
558,10,11,1,20,64,4,14,0.08724175007082521,9.449470380321145,0.5114480128511786,2.6574528936762363,0.692981273168698,0.011312173449181668,0.8115226775407791,1.2633371938458411e-05,0.035906191002577546,22,128,5,0.13633714169263839,0.5258056886750907,7.580423580360969,1,0.2047578451984321,1.6231125145636676,79.55555555555556,0.7955555555555556,0.6666666666666666,0.0,0.0,3.2422950754363082,0.0,5.562723582034114,0.20460996488642103,2.3800000000000003,79.66666666666667,0.7966666666666667,0.6666666666666666,0.0,0.0,3.6873529595720904,0.0,3.6133433543389253,0.21265369638801612,1.7153333333333316,78.66666666666667,0.7866666666666666,0.6666666666666666,0.0,0.0,2.3178954412988215,0.0,5.562723582034114,0.19700987432085915,0.7740042103576705,80.33333333333333,0.8033333333333333,0.6666666666666666,0.0,0.0,3.721636825438013,0.0,2.9329049666598626
559,7,5,7,6,192,9,69,0.4778942504432052,2.957130989059806,0.3097995769232511,1.8923673462122679,0.43787815952673553,0.002396048060753834,0.3046256770379841,0.001284852072591186,0.6750129075348377,38,1024,11,0.7427125738933682,0.43929286924151456,2.682892802465993,4,0.051543760882680104,0.17794297507182336,94.77777777777777,0.9477777777777777,1.0,0.3333333333333333,0.026328415136003213,5.162845516208732,0.0,0.31499576676865415,0.0,0.0,100.0,1.0,1.0,0.0,0.016666666666666666,6.201579335611314,0.0,0.0,0.06184058773921633,0.37666666666666593,93.66666666666667,0.9366666666666666,1.0,0.3333333333333333,0.03901234567901234,3.882162469111521,0.0,0.31499576676865415,0.09279069490882397,0.15716225854880417,90.66666666666667,0.9066666666666666,1.0,0.6666666666666666,0.023306233062330622,5.404794743903362,0.04952620074078499,0.20586404037296388
560,7,11,4,29,64,7,95,0.10452900165691972,1.9820587113499641,0.47983485488221045,2.0296676978468895,0.11902614450082183,0.05847135340377646,0.44222912820987403,4.392446751652365e-05,0.2371225673146546,33,512,4,0.21759706307202575,0.10823943872418859,2.1696395413871543,4,0.0020234432292877674,0.0,99.77777777777777,0.9977777777777779,1.0,0.2222222222222222,0.008956228956228957,5.102016622695537,0.0,0.0,0.0,0.0,100.0,1.0,1.0,0.0,0.0,5.769902667962015,0.0,0.0,0.006070329687863303,0.0,99.33333333333333,0.9933333333333333,1.0,0.6666666666666666,0.020202020202020204,3.754284530344987,0.004325298873540921,0.0,0.0,0.0,100.0,1.0,1.0,0.0,0.006666666666666667,5.781862669779609,0.0,0.0
561,9,5,6,16,128,12,39,0.48817919474095106,8.737042624503374,0.2768224936909973,2.7875432439614087,0.5870442908722907,0.0016986804287155539,0.948419912578538,0.0024569135142488946,0.47370549898594616,30,64,10,0.6612657323479653,2.144216584891861,7.060452991967983,1,0.47224461544425445,5.8915289250703,52.666666666666664,0.5266666666666667,0.1111111111111111,0.0,0.0,1.9763637968238683,0.5533907307774358,8.055312823017784,0.5605622991769155,12.01666666666667,44.0,0.44,0.0,0.0,0.0,1.6417916719519505,0.558504014707414,8.055312823017784,0.48271071569364804,3.8199999999999976,51.333333333333336,0.5133333333333333,0.0,0.0,0.0,1.4245323172412963,0.44481483316724313,3.8547750278922823,0.3734608314621997,1.8379201085442314,62.666666666666664,0.6266666666666666,0.3333333333333333,0.0,0.0,2.862767401278358,0.2799794729998857,1.9363613973365315
562,15,9,3,21,128,10,75,0.3447473426349461,5.790373743511736,0.15708998339250682,3.2701148136984557,0.7886971388012171,0.014440127082560338,0.017126986989751458,0.00046078918713002005,0.08614131104201078,16,1024,9,0.2541598340496421,0.18965191896337505,4.599008716259202,5,0.017259224424446926,0.002222222222221977,98.22222222222223,0.9822222222222222,1.0,0.2222222222222222,0.03581649831649832,5.249533252200654,0.0,0.07392911890136983,0.0,0.0,100.0,1.0,1.0,0.0,0.016666666666666666,5.991644330788404,0.0,0.0,0.038568552917254605,0.0066666666666659324,96.0,0.96,1.0,0.3333333333333333,0.03272727272727272,3.97308884199116,0.0,0.07392911890136983,0.013209120356086181,0.0,98.66666666666667,0.9866666666666667,1.0,0.3333333333333333,0.05805555555555556,5.783866583822398,0.0,0.0
563,5,7,8,8,64,4,19,0.16589604038745165,3.803454023785889,0.665012454520911,0.6370065999217331,0.40544423754326997,0.006995075461046147,0.5200562582816929,3.232040897943074e-06,0.717294553834945,47,256,7,0.5105351280421019,1.1881514697566127,1.5709565825548395,2,0.0,0.0,100.0,1.0,1.0,0.0,0.0044444444444444444,4.533060553690626,0.0,0.0,0.0,0.0,100.0,1.0,1.0,0.0,0.0033333333333333335,5.232423669658601,0.0,0.0,0.0,0.0,100.0,1.0,1.0,0.0,0.0,3.1523399970804653,0.0,0.0,0.0,0.0,100.0,1.0,1.0,0.0,0.01,5.21441799433281,0.0,0.0
564,4,10,5,5,96,9,62,0.3115414646919817,7.019649329595268,0.24941375190392134,3.8752649768721312,0.3416303588543087,0.009397373693574759,0.7624287677463144,2.008816839273936e-06,0.5909322460927069,41,128,10,0.09373277546837926,0.07423302126008166,2.837550279345592,4,0.08820059394146484,1.2838693324417425,91.11111111111111,0.911111111111111,0.8888888888888888,0.2222222222222222,0.11958797208350513,3.794773059412893,0.0,3.686718830700008,0.10290278121294309,2.9000000000000026,89.66666666666667,0.8966666666666666,0.6666666666666666,0.0,0.08115942028985508,4.316850678358623,0.0,3.686718830700008,0.07162940216292782,0.7973333333333313,92.66666666666667,0.9266666666666667,1.0,0.3333333333333333,0.1523076923076923,2.6728425406787193,0.0,0.6667874992129385,0.09006959844852364,0.1542746639918935,91.0,0.91,1.0,0.3333333333333333,0.12529680365296805,4.3946259592013375,0.0,0.20586404037296388
565,12,6,3,18,192,14,33,0.2513422849122435,4.824058308266103,0.3976990542374551,0.7660789680667222,0.8024955679662525,0.002658493148881943,0.25903974869288504,0.00011997328165410606,0.11984553221613169,19,1024,8,0.6986553910188377,3.7468831399706324,9.563225183059313,3,0.0010553066986823817,0.0,99.88888888888889,0.9988888888888889,1.0,0.1111111111111111,0.002244668911335578,5.640745143637094,0.0,0.0,0.0,0.0,100.0,1.0,1.0,0.0,0.0,6.358533333986998,0.0,0.0,0.0,0.0,100.0,1.0,1.0,0.0,0.0,4.3587883313496905,0.0,0.0,0.003165920096047145,0.0,99.66666666666667,0.9966666666666667,1.0,0.3333333333333333,0.006734006734006735,6.204913765574595,0.0,0.0
566,12,10,7,13,96,11,82,0.12801198004744946,2.9892047438770533,0.5612134410999715,1.1901175007224083,0.5726200637873262,0.03258937876433441,0.7078985825646669,0.0015639311843197495,0.46163579378277064,24,64,5,0.37845143163576717,0.41038675378084877,3.397186111817161,3,0.0,0.0,100.0,1.0,1.0,0.0,0.005555555555555556,4.17836767129807,0.0,0.0,0.0,0.0,100.0,1.0,1.0,0.0,0.0,4.82823133856679,0.0,0.0,0.0,0.0,100.0,1.0,1.0,0.0,0.0,2.9288346708441773,0.0,0.0,0.0,0.0,100.0,1.0,1.0,0.0,0.016666666666666666,4.7780370044832425,0.0,0.0
567,8,6,2,26,32,6,52,0.40531473816372454,9.97922714613378,0.020433580968528986,2.424063689308241,0.18304429706186054,0.000769581494126578,0.2021756715606898,1.0274468708773298e-05,0.341760016027838,36,256,11,0.47340171402320264,0.6550824014086141,1.2018902610285982,2,0.4090722531013702,4.297812478384808,58.888888888888886,0.5888888888888889,0.2222222222222222,0.2222222222222222,0.01921146159291937,2.338099398786633,0.4099578976503737,6.106545221253793,0.4162657541063635,8.790000000000004,58.333333333333336,0.5833333333333334,0.0,0.0,0.022848618620442934,2.463696999348909,0.39456457755716245,5.309722637778286,0.4559597846859072,3.043999999999995,54.0,0.54,0.0,0.0,0.018518518518518517,1.6158253103954554,0.4555606002988323,6.106545221253793,0.3549912205118398,1.059437435154422,64.33333333333333,0.6433333333333334,0.6666666666666666,0.6666666666666666,0.01626724763979666,2.9347758866155345,0.3021400452710914,1.28622108194947
568,8,8,6,19,128,3,60,0.2780915342271328,7.326434194110334,0.638440572284162,2.274124077288434,0.06018171752803028,0.0021580808038489077,0.6066092147491872,0.000229852954982878,0.6115383192896843,13,256,9,0.2751695766113698,0.055140320700023886,8.367476715641587,3,0.14598077068283663,1.1940468375483313,85.33333333333333,0.8533333333333333,0.7777777777777778,0.2222222222222222,0.013266998341625208,3.8040898334440367,0.0,3.94220401239626,0.21929574051000222,2.96,78.0,0.7799999999999999,0.6666666666666666,0.3333333333333333,0.01990049751243781,3.824295477457437,0.1641357770713506,3.94220401239626,0.10910750368477025,0.44199999999999795,89.0,0.89,0.6666666666666666,0.0,0.009950248756218905,2.9698496574040187,0.0,1.4333796093620694,0.10953906785373742,0.1801405126449958,89.0,0.89,1.0,0.3333333333333333,0.009950248756218905,4.618124365470655,0.0,0.6825996514786609
569,11,8,1,7,32,10,24,0.23194110980257393,5.080321687273681,0.09634175412356853,1.6329673291184008,0.6556233394891023,0.012539096195601685,0.16256625708192587,6.546924587994082e-06,0.19176203100010752,48,1024,7,0.5329549522139132,4.950120143522522,2.4834377905602234,2,0.07159448488377874,0.21712020482893726,92.66666666666667,0.9266666666666666,1.0,0.4444444444444444,0.11176115596806269,4.580887748575959,0.0,0.6464073177679052,0.0,0.0,100.0,1.0,1.0,0.0,0.08666666666666667,5.686779331105451,0.0,0.0,0.06390730069101318,0.37666666666666593,93.33333333333333,0.9333333333333332,1.0,0.6666666666666666,0.09330985045111852,3.4962360467050977,0.03349714565838896,0.31499576676865415,0.15087615396032308,0.27469394782014595,84.66666666666667,0.8466666666666667,1.0,0.6666666666666666,0.15530695078640286,4.55964786791733,0.09467495627725003,0.6464073177679052
570,13,12,5,25,64,13,78,0.15092876590788365,2.1380451079458,0.3485055331140756,1.1508520003408194,0.7194913264829665,0.0005295212219241735,0.7746844839304685,3.4620809803681506e-05,0.39405522285029293,34,64,6,0.15315758688375353,0.31046060581169277,1.3728869289532912,4,0.0,0.0,100.0,1.0,1.0,0.0,0.0,4.275960224007981,0.0,0.0,0.0,0.0,100.0,1.0,1.0,0.0,0.0,4.93582632780696,0.0,0.0,0.0,0.0,100.0,1.0,1.0,0.0,0.0,3.076776674327751,0.0,0.0,0.0,0.0,100.0,1.0,1.0,0.0,0.0,4.815277669889231,0.0,0.0
571,3,4,3,11,192,7,45,0.44228030620142816,9.14343717135489,0.4954718826338648,3.6663326222915202,0.46449197893962263,0.05130205412192545,0.32830775463953615,0.003097825763666106,0.31681799292564394,27,512,12,0.5955019627697766,0.8814231065817736,3.879446202665845,3,0.16396711799729655,0.5881153658630549,83.44444444444444,0.8344444444444444,0.6666666666666666,0.3333333333333333,0.02153851439565725,4.359173911006119,0.0,3.107817780479608,0.03584828244039449,0.01666666666666483,96.33333333333333,0.9633333333333334,1.0,0.6666666666666666,0.02121212121212121,5.69357220741986,0.004980809920152598,0.02278730643003366,0.28627762239239135,1.2366666666666601,71.0,0.71,0.3333333333333333,0.3333333333333333,0.0297979797979798,2.656974694962058,0.1805957837583455,3.107817780479608,0.1697754491591038,0.5110127642558397,83.0,0.8300000000000001,0.6666666666666666,0.0,0.013605442176870748,4.726974830636437,0.0,1.9363613973365315
572,6,11,2,14,192,5,87,0.06768017676658929,1.1105743683874607,0.07983026504516601,0.3113286253064871,0.26268085446208717,0.0012693821173728683,0.09335390673950314,0.0007299077330497265,0.25989660926163194,24,256,5,0.31503734476864337,0.142993887605191,6.181056350476956,5,0.0,0.0,100.0,1.0,1.0,0.0,0.006666666666666666,4.619161669268376,0.0,0.0,0.0,0.0,100.0,1.0,1.0,0.0,0.0,5.349123667304714,0.0,0.0,0.0,0.0,100.0,1.0,1.0,0.0,0.006666666666666667,3.2774373392264047,0.0,0.0,0.0,0.0,100.0,1.0,1.0,0.0,0.013333333333333334,5.230924001274009,0.0,0.0
573,14,5,7,28,96,12,36,0.46537912520579994,7.9204787239432335,0.5891574772074818,3.3028798897285014,0.8650679004844278,0.07182099536291434,0.5401986226439476,2.224422868355543e-05,0.543454029019922,40,64,11,0.40592895876616236,1.5927728908748067,1.8999278210055117,2,0.23456775245589398,2.853448699196391,76.55555555555556,0.7655555555555555,0.5555555555555556,0.0,0.042031922235437495,3.1364296084661323,0.0,8.032525516587752,0.3580950482352588,7.080000000000002,64.33333333333333,0.6433333333333333,0.3333333333333333,0.0,0.043015726179463455,2.771074738059276,0.26472270157765404,8.032525516587752,0.16915205849587855,0.9693333333333332,83.0,0.8300000000000001,0.6666666666666666,0.0,0.047619047619047616,2.669205734487243,0.0,3.143490123699032,0.17645615063654463,0.5110127642558397,82.33333333333333,0.8233333333333333,0.6666666666666666,0.0,0.03546099290780142,3.969008352851878,0.0,1.9363613973365315
574,10,9,4,10,32,15,67,0.36403177459724245,6.0812284322455525,0.38068979177623985,2.879304638830945,0.5106725697405636,0.004430628272976203,0.3956607999280095,1.6922656674588462e-06,0.01783808385953307,45,1024,8,0.11303353235125542,0.2551717357161166,1.7954526685767265,4,0.0,0.0,100.0,1.0,1.0,0.0,0.0,5.147519997424549,0.0,0.0,0.0,0.0,100.0,1.0,1.0,0.0,0.0,5.857232332540055,0.0,0.0,0.0,0.0,100.0,1.0,1.0,0.0,0.0,3.8510083321792385,0.0,0.0,0.0,0.0,100.0,1.0,1.0,0.0,0.0,5.734319327554355,0.0,0.0
575,7,7,6,22,96,8,17,0.1992292545270175,4.074548945762217,0.17908216640353203,1.7620700956322253,0.2617885618004948,0.020925403646957958,0.8392438965849578,0.0001415318455829826,0.693075186982751,19,128,6,0.7221006045117975,0.8988733529825746,5.254780794723111,1,0.5224071603479543,6.63377616844438,47.666666666666664,0.4766666666666667,0.1111111111111111,0.0,0.0,1.801737527668478,0.5585292306625171,12.039357013089377,0.5706052132687316,12.083333333333336,43.0,0.43,0.0,0.0,0.0,1.5635340731286818,0.5566404056423724,8.055312823017784,0.5962675089104986,5.405999999999998,40.0,0.4000000000000001,0.0,0.0,0.0,1.0650450053314369,0.5955456802615948,12.039357013089377,0.4003487588646326,2.4119951719998105,60.0,0.6,0.3333333333333333,0.0,0.0,2.776633504545316,0.3001122918736009,2.9329049666598626
576,6,8,4,6,128,6,28,0.16667160908691586,2.5853654872626066,0.36686086459085343,2.6323002900462598,0.5593635686673224,0.0005146773887492988,0.5434370400384069,2.5517238154923453e-06,0.5612851386331021,33,256,9,0.34560963343828915,0.2295131358335834,9.108107072878159,3,0.34025145503196486,4.998032005304371,65.88888888888889,0.6588888888888889,0.3333333333333333,0.0,0.07900619059140276,2.5165340738855866,0.0,7.246363444751502,0.4761167306174247,10.703333333333335,52.333333333333336,0.5233333333333333,0.0,0.0,0.0919962467745719,2.098339783486985,0.45954654521112137,7.246363444751502,0.18779508498373035,2.313333333333332,81.0,0.81,0.6666666666666666,0.0,0.08217054263565891,2.5235467536064484,0.0,1.9345757711278435,0.35684254949473954,1.9774293492464474,64.33333333333333,0.6433333333333333,0.3333333333333333,0.0,0.06285178236397748,2.9277156845633265,0.24010050717498246,2.1857343826447497
577,10,8,6,19,64,11,64,0.33847812791354953,9.257878648117185,0.2089862917549908,1.9917080351151526,0.19650594317354264,0.04784011973730247,0.09939170060679316,8.996089556786765e-05,0.24215002052485943,31,1024,7,0.44064488001167773,1.1585782964049718,3.223160236694362,4,0.1540985240063145,0.6064157941935784,84.44444444444444,0.8444444444444444,0.7777777777777778,0.3333333333333333,0.02648148148148148,4.537618489070784,0.0,2.095890520854048,0.0,0.0,100.0,1.0,1.0,0.0,0.01,6.09744534517328,0.0,0.0,0.27620374757490856,1.5436666666666619,72.0,0.7200000000000001,0.3333333333333333,0.3333333333333333,0.041666666666666664,2.9024763961960733,0.27547989280998064,2.095890520854048,0.1860918244440349,0.2755807159140736,81.33333333333333,0.8133333333333334,1.0,0.6666666666666666,0.027777777777777776,4.612933725842999,0.13902726015663264,0.4596604481053848
578,14,12,2,11,64,14,52,0.4911518547218293,7.704549825750291,0.044115659315139055,0.5713539812713861,0.32842736486345525,0.002086654342758359,0.837859043944627,0.0012283007653304528,0.6876967867463827,17,64,6,0.12651164326816797,0.1280403807636349,1.0577651861917037,2,0.004344170590741174,0.0001593664121039377,99.55555555555556,0.9955555555555556,1.0,0.1111111111111111,0.030324074074074076,3.8794813858651285,0.0,0.0018116434070652306,0.0,0.0,100.0,1.0,1.0,0.0,0.0,4.53900534271573,0.0,0.0,0.0,0.0,100.0,1.0,1.0,0.0,0.023333333333333334,2.7509806755309305,0.0,0.0,0.013032511772223523,0.00047809923631181306,98.66666666666667,0.9866666666666667,1.0,0.3333333333333333,0.0676388888888889,4.348458139348723,0.0,0.0018116434070652306
579,5,4,7,24,128,9,85,0.10045647588558496,5.263967911712825,0.5971759187988936,3.087629542918876,0.8159069554414601,0.011632944803702914,0.3914799258112907,1.3784470958970519e-05,0.023131985273212197,47,512,12,0.7315178774297237,2.0437851645733756,3.564095027554745,3,0.0,0.0,100.0,1.0,1.0,0.0,0.0,5.40340943986343,0.0,0.0,0.0,0.0,100.0,1.0,1.0,0.0,0.0,6.1496766602310045,0.0,0.0,0.0,0.0,100.0,1.0,1.0,0.0,0.0,3.996933662953476,0.0,0.0,0.0,0.0,100.0,1.0,1.0,0.0,0.0,6.06361799640581,0.0,0.0
580,4,11,5,28,96,4,43,0.40433249352499845,6.547938500531018,0.31282819667831063,0.9037073943763971,0.7753385067451746,0.004558453965215332,0.1491073738783598,5.6834873643815635e-05,0.1743807621113956,41,256,5,0.3089041591621935,0.3469123469842745,7.029889836543884,1,0.03934792484217896,0.08677777777777637,96.0,0.9600000000000001,0.8888888888888888,0.1111111111111111,0.0,4.779255997840407,0.0,1.4674930101923225,0.0,0.0,100.0,1.0,1.0,0.0,0.0,5.781582330819219,0.0,0.0,0.11804377452653687,0.2603333333333291,88.0,0.88,0.6666666666666666,0.3333333333333333,0.0,2.987698332051712,0.0690449987072742,1.4674930101923225,0.0,0.0,100.0,1.0,1.0,0.0,0.0,5.56848733065029,0.0,0.0
581,13,5,4,14,32,10,94,0.1340474519878626,4.171008356846869,0.5034743755124509,3.8960535984952003,0.41859622402116653,0.022439883219741844,0.5959463247098028,0.0018727096029636384,0.6290157534182071,20,64,11,0.5651921733282507,0.6873051513971864,2.4020339614643333,4,0.011702243847627577,0.0,98.77777777777777,0.9877777777777779,1.0,0.2222222222222222,0.010388204553938038,4.172866917569009,0.0,0.0,0.0,0.0,100.0,1.0,1.0,0.0,0.0,4.899584341328591,0.0,0.0,0.035106731542882734,0.0,96.33333333333333,0.9633333333333333,1.0,0.6666666666666666,0.021164613661814113,2.8128444064775646,0.024297015558807117,0.0,0.0,0.0,100.0,1.0,1.0,0.0,0.01,4.806172004900873,0.0,0.0
582,11,9,7,23,96,13,21,0.2490415065549314,1.5058641843497753,0.62462755208835,2.5343540634494275,0.10571777108125388,0.001312819557694833,0.33991310140118003,0.0003554678139148998,0.32246556982398034,25,1024,8,0.1629607086069882,0.06133905043792552,1.420197714917717,2,0.17702770549465066,1.2041125145636675,82.33333333333333,0.8233333333333334,0.6666666666666666,0.0,0.0160099052540913,4.324005410474469,0.0,3.107817780479608,0.17505887557878505,1.8800000000000001,82.66666666666667,0.8266666666666667,0.6666666666666666,0.0,0.006944444444444444,4.788181845538525,0.0,2.8542376076290665,0.16588043322016102,0.9583333333333314,83.33333333333333,0.8333333333333334,0.6666666666666666,0.0,0.03333333333333333,3.447539668995887,0.0,3.107817780479608,0.19014380768500597,0.7740042103576705,81.0,0.81,0.6666666666666666,0.0,0.007751937984496124,4.736294716888995,0.0,2.9329049666598626
583,9,7,1,10,192,7,71,0.31625800058245657,8.088358387351036,0.12620856845751405,1.4176840134896338,0.600142776221037,0.07741465560355718,0.7834904259070754,4.26797421392878e-06,0.3883115027658641,37,128,6,0.6065434436313808,3.842690544612671,4.620145273244684,5,0.08280140235193212,0.13974912752691263,91.66666666666667,0.9166666666666666,0.8888888888888888,0.2222222222222222,0.06333333333333334,4.058147703590631,0.0,1.5931725123246676,0.0,0.0,100.0,1.0,1.0,0.0,0.043333333333333335,5.268349658387403,0.0,0.0,0.08203641681496038,0.14366666666666417,91.66666666666667,0.9166666666666666,0.6666666666666666,0.0,0.11111111111111112,2.9402326696759293,0.0,1.5931725123246676,0.166367790240836,0.2755807159140736,83.33333333333333,0.8333333333333334,1.0,0.6666666666666666,0.035555555555555556,3.9658607827085586,0.12454530438107418,0.4596604481053848
584,8,11,7,16,64,8,36,0.43776868940331043,5.676444971002638,0.5254878295585512,1.450393196195364,0.5237734378781169,0.01425475127466573,0.26042472873814404,0.0009782357613447627,0.10318873900920152,12,512,4,0.05829120604321361,0.45832332219223554,2.065010828976806,2,0.0,0.0,100.0,1.0,1.0,0.0,0.0022222222222222222,4.841803673706535,0.0,0.0,0.0,0.0,100.0,1.0,1.0,0.0,0.0,5.5933896855761605,0.0,0.0,0.0,0.0,100.0,1.0,1.0,0.0,0.006666666666666667,3.434439997654408,0.0,0.0,0.0,0.0,100.0,1.0,1.0,0.0,0.0,5.497581337889035,0.0,0.0
585,12,5,2,29,192,15,91,0.15346236168406904,3.3544536428526044,0.028484262898564337,2.208620223449543,0.24848256800323726,0.006625014258569398,0.7666095144581049,1.7416203179644652e-05,0.6076851824857294,48,128,10,0.6674415630288422,0.5105316272159579,6.045208194605378,5,0.04885211971388226,0.005406975963415414,95.0,0.9500000000000001,1.0,0.8888888888888888,0.03990636857080068,4.582700791892172,0.037775706539655736,0.016950431405520102,0.03898172913353797,0.013333333333335565,96.0,0.96,1.0,0.6666666666666666,0.035038671948688926,5.219574546246158,0.02490369911480191,0.016950431405520102,0.051121342991349294,0.0,94.66666666666667,0.9466666666666667,1.0,1.0,0.04226089417091115,3.43332898378214,0.04318486882863498,0.0,0.0564532870167595,0.0028875945569106776,94.33333333333333,0.9433333333333334,1.0,1.0,0.04241953959280198,5.095198845648219,0.049897959763589954,0.010941853163498598
586,12,9,5,8,128,12,13,0.22611098610796038,1.7967279255390167,0.23555245660245416,3.6285109675955027,0.2758319812361151,0.05801841297826836,0.19893738157115876,1.2649679455111738e-06,0.3481320686079562,34,1024,9,0.36967435246333474,0.08253060048407991,5.371215227405781,1,0.43785430982035595,5.137748295993131,56.111111111111114,0.5611111111111111,0.1111111111111111,0.0,0.00920576563958917,2.715861541019168,0.35878762600036623,5.970789462593457,0.4709566710416004,9.863333333333335,53.0,0.53,0.0,0.0,0.006535947712418301,2.652421310364151,0.42409557250444124,5.970789462593457,0.4558410597695992,3.4489999999999945,54.0,0.5399999999999999,0.0,0.0,0.005208333333333333,2.1990677299850514,0.3919737850805899,5.407915047635769,0.38676519864986814,2.1009115546460624,61.333333333333336,0.6133333333333333,0.3333333333333333,0.0,0.015873015873015872,3.2960955827083023,0.29000337073759347,2.9329049666598626
587,4,7,3,21,32,5,69,0.27930616713128986,8.359444256871939,0.42761405762284993,0.9955237885005772,0.8517084055580199,0.001617241969464023,0.7018606612924486,0.0001795972102215592,0.4551675759628415,26,256,7,0.4606505968607962,2.906940302403068,1.650616381762365,4,0.14305387759392707,0.5957491275269117,85.55555555555556,0.8555555555555556,0.7777777777777778,0.3333333333333333,0.022522522522522525,4.08856240991928,0.0,1.7410307501274278,0.0,0.0,100.0,1.0,1.0,0.0,0.0,5.705427333402137,0.0,0.0,0.256120592642896,1.5116666666666612,74.0,0.7399999999999999,0.3333333333333333,0.3333333333333333,0.04054054054054054,2.346464413897814,0.25525886634903505,1.7410307501274278,0.1730410401388852,0.2755807159140736,82.66666666666667,0.8266666666666667,1.0,0.6666666666666666,0.02702702702702703,4.2137954824578925,0.12951632100122942,0.4596604481053848
588,5,10,2,17,32,6,26,0.20350669939070942,2.892159404233098,0.14322346225380897,3.5305379189085215,0.7329018510878086,0.033012822202555914,0.9368144667241722,0.00030257777413039184,0.4908157717809081,23,128,10,0.1860000357031822,0.17048948022219337,2.772458517798374,2,0.5590673337020711,7.115617519158082,44.0,0.44,0.1111111111111111,0.0,0.024024024024024024,1.4589447616501614,0.627630930121361,12.723201362927131,0.6303043535680565,13.10666666666667,37.0,0.36999999999999994,0.0,0.0,0.02702702702702703,1.0992126153396056,0.6285786891528831,9.023773346294323,0.6265563459847229,5.555333333333331,37.0,0.36999999999999994,0.0,0.0,0.02702702702702703,0.8230720655069694,0.6258382487622373,12.723201362927131,0.4203413015534337,2.684852557474249,58.0,0.58,0.3333333333333333,0.0,0.018018018018018018,2.4545496041039088,0.3151034862446438,2.9329049666598626
589,15,6,8,5,128,13,55,0.3612919320352376,9.514132974669337,0.6949540877714753,0.4214729447849095,0.4512881252449006,0.0008125604433349386,0.4334232853259891,5.04530283559605e-06,0.22009679334238172,40,512,8,0.6282581435516477,1.5305948362200936,7.83665453531501,3,0.0,0.0,100.0,1.0,1.0,0.0,0.0,4.699264447877391,0.0,0.0,0.0,0.0,100.0,1.0,1.0,0.0,0.0,5.304242680625369,0.0,0.0,0.0,0.0,100.0,1.0,1.0,0.0,0.0,3.506933329626918,0.0,0.0,0.0,0.0,100.0,1.0,1.0,0.0,0.0,5.286617333379884,0.0,0.0
590,9,10,4,26,192,10,48,0.47185368817299606,6.853381003253162,0.4440826551988721,1.7827162109315395,0.07364574326202274,0.009470830198021049,0.533515042392537,2.6361057282541876e-05,0.7111953167803585,45,64,5,0.24239270500838755,0.09686460737872725,4.14577760306191,3,0.28964122583024304,3.5137631430117797,70.88888888888889,0.7088888888888889,0.4444444444444444,0.3333333333333333,0.1766513804985742,2.770813714848169,0.22616834889011367,5.651251994648968,0.4123998755151796,8.443333333333332,58.666666666666664,0.5866666666666667,0.0,0.0,0.1278081360048573,2.3703674591979342,0.3890526395169958,5.651251994648968,0.18651656606338066,1.1279999999999957,81.0,0.81,0.6666666666666666,0.6666666666666666,0.30727131169022465,2.573654753405432,0.14746917656613232,1.5931725123246676,0.27000723591216885,0.9699560957020107,73.0,0.73,0.6666666666666666,0.3333333333333333,0.09487469380064066,3.3684189319411417,0.1953739509938671,1.28622108194947
591,7,6,5,13,64,4,78,0.06713699633255601,4.428187123499811,0.28487844318151473,3.017013880657032,0.6423692271579057,0.0027923908269120944,0.02778997612185776,0.003995896042707041,0.09215602722018956,18,256,11,0.5000904669985174,2.7497697541855923,1.230060889292049,4,0.0010622657018342294,0.0,99.88888888888889,0.9988888888888889,1.0,0.1111111111111111,0.007845117845117844,4.677541766158388,0.0,0.0,0.0,0.0,100.0,1.0,1.0,0.0,0.0033333333333333335,5.3901119957057135,0.0,0.0,0.003186797105502688,0.0,99.66666666666667,0.9966666666666667,1.0,0.3333333333333333,0.020202020202020204,3.2938762941955892,0.0,0.0,0.0,0.0,100.0,1.0,1.0,0.0,0.0,5.34863700857386,0.0,0.0
592,7,10,2,23,128,13,61,0.4540085086133331,3.73436685744673,0.49792271619662637,2.909067624481395,0.7487246809992939,0.09744589153615117,0.12711393535137175,2.4270252159848753e-05,0.5331060135178268,15,1024,6,0.32486418094485997,0.6303148648397351,1.5066478527637384,4,0.23030754394320507,2.7421603831323527,76.77777777777777,0.7677777777777778,0.5555555555555556,0.3333333333333333,0.033674320259686114,4.054352958456036,0.15494291057975915,4.625823205297346,0.3489548713659234,7.06666666666667,65.0,0.65,0.0,0.0,0.046153846153846156,3.6091800086582317,0.34881270430232114,4.625823205297346,0.22594308159971618,0.9396666666666609,77.0,0.77,0.6666666666666666,0.6666666666666666,0.0394844992405968,3.2117301710553767,0.16539455468172565,1.6441707283859048,0.11602467886397555,0.22014781606372788,88.33333333333333,0.8833333333333333,1.0,0.3333333333333333,0.015384615384615385,5.342148695654498,0.0,0.834197817650451
593,9,6,7,9,64,6,31,0.05629750699736178,5.85970123577863,0.3400836237706244,1.6819799561053514,0.39208615170791744,0.0010473759287510185,0.6344729592092335,0.000697804000193264,0.27033495128154755,45,256,12,0.41712231747806067,0.424360069153296,4.410174758935164,3,0.0,0.0,100.0,1.0,1.0,0.0,0.01,4.545638108263827,0.0,0.0,0.0,0.0,100.0,1.0,1.0,0.0,0.0,5.234307985908042,0.0,0.0,0.0,0.0,100.0,1.0,1.0,0.0,0.013333333333333334,3.1881856747592487,0.0,0.0,0.0,0.0,100.0,1.0,1.0,0.0,0.016666666666666666,5.214420664124191,0.0,0.0
594,14,10,3,27,64,3,83,0.21434809393249454,8.819278985261917,0.08767384449020027,0.29161119693890214,0.1322285336907953,0.023888597570880514,0.30415494767948986,0.0001481970292578913,0.6580665269494057,31,512,9,0.10303715635091067,3.4937309249096162,7.328410290292796,3,0.02364931501479943,0.019669057642427188,97.55555555555556,0.9755555555555555,1.0,0.2222222222222222,0.014214840076909041,4.568012363472475,0.0,0.31674883929215086,0.0,0.0,100.0,1.0,1.0,0.0,0.0,5.371176329596589,0.0,0.0,0.028638121251095116,0.0,97.0,0.9700000000000001,1.0,0.3333333333333333,0.018315018315018316,3.423360357020091,0.0,0.0,0.042309823793303176,0.05900717292728156,95.66666666666667,0.9566666666666667,1.0,0.3333333333333333,0.024329501915708814,4.909500403800744,0.0,0.31674883929215086
595,5,6,5,15,128,10,54,0.37913520806469025,1.8995133601129055,0.6407749145291746,3.393008853076026,0.6267573049291969,0.004288992394694157,0.8064258681610226,1.549390141941951e-06,0.052756406348198656,29,128,7,0.7107350304722786,0.07437669475591792,2.2529303037394017,2,0.0,0.0,100.0,1.0,1.0,0.0,0.0011111111111111111,4.741221662196848,0.0,0.0,0.0,0.0,100.0,1.0,1.0,0.0,0.0,5.469114664010704,0.0,0.0,0.0,0.0,100.0,1.0,1.0,0.0,0.0033333333333333335,3.369248656090349,0.0,0.0,0.0,0.0,100.0,1.0,1.0,0.0,0.0,5.385301666489492,0.0,0.0
596,4,9,8,12,192,15,97,0.24354393528774382,9.89694351144135,0.18138348730280995,1.1220096969045699,0.5328530973754824,0.01093788256433566,0.5645253797993064,7.029248436500469e-06,0.15631022905930878,25,64,8,0.2856806584633887,1.2735248083533564,1.1631538194906035,4,0.0,0.0,100.0,1.0,1.0,0.0,0.0,4.563771444372833,0.0,0.0,0.0,0.0,100.0,1.0,1.0,0.0,0.0,5.355814332142472,0.0,0.0,0.0,0.0,100.0,1.0,1.0,0.0,0.0,3.1313216616399586,0.0,0.0,0.0,0.0,100.0,1.0,1.0,0.0,0.0,5.204178339336067,0.0,0.0
597,13,7,3,24,96,8,40,0.28967887330800296,3.071728704497218,0.37207563994452353,3.761977995513007,0.16989170578308405,0.0022229175119633875,0.06178647270426154,0.0002157746107636513,0.6470804587751627,37,256,6,0.5448312110267579,0.18917960584261628,3.2863114165987546,1,0.5102069570806335,6.1315260737709085,48.888888888888886,0.48888888888888893,0.1111111111111111,0.0,0.009991386735572781,1.801487002140339,0.5674612347393722,10.209611320280269,0.5806112380680553,12.01666666666667,42.0,0.42,0.0,0.0,0.0,1.4703706450139482,0.5784489876903511,8.055312823017784,0.563244434523977,4.276999999999994,43.333333333333336,0.43333333333333335,0.0,0.0,0.029974160206718347,1.2082400885129274,0.5580611406444322,10.209611320280269,0.38676519864986814,2.1009115546460624,61.333333333333336,0.6133333333333333,0.3333333333333333,0.0,0.0,2.7258502728941423,0.29000337073759347,2.9329049666598626
598,12,11,6,6,32,5,73,0.4273944535292685,4.893123949877918,0.5806818465702235,2.313076311023906,0.35504229255020614,0.038193002611760674,0.8745222681201994,0.0032965215488397807,0.30584617145359516,42,128,5,0.1424769234843552,2.227223739359856,9.83974362822935,5,0.0,0.0,100.0,1.0,1.0,0.0,0.024444444444444446,3.9388304467623434,0.0,0.0,0.0,0.0,100.0,1.0,1.0,0.0,0.013333333333333334,4.541949332536508,0.0,0.0,0.0,0.0,100.0,1.0,1.0,0.0,0.016666666666666666,2.670298340575149,0.0,0.0,0.0,0.0,100.0,1.0,1.0,0.0,0.043333333333333335,4.604243667175372,0.0,0.0
599,8,5,4,20,96,11,19,0.13603094052523373,6.950274697504938,0.0823141668923199,1.547410847619176,0.8424181296955794,0.0006473997753235492,0.3676231052726507,3.2278733440643815e-05,0.40493671780452134,21,512,11,0.5834534469060599,0.10461627688889855,2.9199739344812476,2,0.3227753344323303,3.5803662959399416,67.66666666666667,0.6766666666666666,0.4444444444444444,0.2222222222222222,0.01683937584120794,3.1705446349158506,0.1098602623126249,6.258946796487252,0.3812054624805452,7.3033333333333355,62.0,0.62,0.3333333333333333,0.0,0.018837209302325582,3.299325100893458,0.28429358860661785,6.258946796487252,0.2605282084591574,2.3989999999999956,73.66666666666667,0.7366666666666667,0.3333333333333333,0.0,0.016135265700483094,2.7695978905078795,0.12398842766303651,1.6664112334008998,0.3265923323572884,1.0387655544864927,67.33333333333333,0.6733333333333333,0.6666666666666666,0.6666666666666666,0.015545652520815146,3.442710913346214,0.2703402519986282,1.28622108194947
600,9,9,6,25,32,9,88,0.2663302593398839,9.080941868945956,0.656589855439961,1.2875929926522076,0.7062872147187591,0.003500156715732154,0.9133064384106546,0.00010904670025058972,0.13281317662447692,36,64,9,0.0816856156103313,0.9468185539082792,3.75386450753211,5,0.0,0.0,100.0,1.0,1.0,0.0,0.0,4.491658553015441,0.0,0.0,0.0,0.0,100.0,1.0,1.0,0.0,0.0,5.1981763378717005,0.0,0.0,0.0,0.0,100.0,1.0,1.0,0.0,0.0,3.1668986558603742,0.0,0.0,0.0,0.0,100.0,1.0,1.0,0.0,0.0,5.109900665314247,0.0,0.0
601,11,7,4,14,128,4,38,0.326541445357725,2.200780736282468,0.15954146236181257,2.397053488297388,0.4247772423084825,0.007524134333675936,0.46997146285139024,2.083912646658619e-06,0.5780549392290414,28,512,7,0.6879734133370221,0.2501384124550356,1.3282738464205985,2,0.38673100038904296,4.070898313247601,61.22222222222222,0.6122222222222222,0.2222222222222222,0.0,0.026311363970938438,2.7376229660112075,0.21604132616506222,6.258946796487252,0.38783034280800277,7.3033333333333355,61.333333333333336,0.6133333333333333,0.3333333333333333,0.0,0.03253968253968254,3.0446638634413596,0.2892776448002723,6.258946796487252,0.4290978827028706,3.4039999999999937,56.666666666666664,0.5666666666666667,0.0,0.0,0.018876678876678876,1.9468361823688805,0.35684131291277266,3.107817780479608,0.3432647756562555,1.5053616064094721,65.66666666666667,0.6566666666666666,0.3333333333333333,0.0,0.0275177304964539,3.2213688522233817,0.24971986609015445,1.5513867594322515
602,13,11,7,18,192,7,66,0.3940475207287818,5.1647553807124496,0.2791561461985111,3.7878779575694352,0.10015569524839521,0.0008636281928854957,0.49602486114017663,9.89390994005925e-06,0.3763170159049332,14,256,4,0.39032904645428057,1.685407018296539,2.5548723770890707,4,0.16274887581143038,0.7365269053046883,83.55555555555556,0.8355555555555555,0.7777777777777778,0.4444444444444444,0.02655122655122655,3.6347423057733064,0.0,1.5931725123246676,0.07566149203472315,0.5866666666666649,92.33333333333333,0.9233333333333333,1.0,0.3333333333333333,0.012987012987012986,4.64364603737337,0.0,0.8906840761395641,0.24621734515873203,1.3473333333333262,75.0,0.75,0.3333333333333333,0.3333333333333333,0.04,2.3434511034025083,0.24533759007506153,1.5931725123246676,0.166367790240836,0.2755807159140736,83.33333333333333,0.8333333333333334,1.0,0.6666666666666666,0.02666666666666667,3.9171297765440407,0.12454530438107418,0.4596604481053848
603,3,5,2,4,64,12,15,0.11676022890023888,7.24169151019305,0.47116759065538644,0.8031995184719563,0.6689829452428967,0.031011403998404085,0.048529523657634854,0.0017224312663287884,0.42698846738785506,50,1024,10,0.48391148159280417,0.14079552647627022,8.61178933241895,1,0.30057754292435307,3.3618127958680994,69.77777777777777,0.6977777777777778,0.3333333333333333,0.2222222222222222,0.12998089480884914,3.692314586157655,0.2885959736627553,6.106545221253793,0.36889270289697285,7.543333333333331,63.0,0.63,0.3333333333333333,0.3333333333333333,0.1808571687048762,3.518605428933744,0.33886980996139693,5.651251994648968,0.3598805258296114,2.20266666666666,63.666666666666664,0.6366666666666667,0.0,0.0,0.12721417069243154,2.663407346558237,0.3114417120143886,6.106545221253793,0.17295940004647503,0.3394383876043072,82.66666666666667,0.8266666666666667,0.6666666666666666,0.3333333333333333,0.08187134502923976,4.894930982980983,0.04486404833756177,1.28622108194947
604,6,12,3,8,96,11,58,0.473395936563611,3.990068112500012,0.011818697676062584,3.1918562457431108,0.4972621559631079,0.0015181367285526215,0.28301316243596375,0.0022694991779308184,0.5074409923329949,44,1024,5,0.20623280331492422,0.8334444820838846,5.0404075605101735,3,0.20471576399133803,2.8875474720062457,79.44444444444444,0.7944444444444445,0.5555555555555556,0.3333333333333333,0.14578721040855888,3.784299793749137,0.03081151590109053,4.762547043877561,0.3423953959165065,6.833333333333336,65.66666666666667,0.6566666666666667,0.0,0.0,0.05066994572591588,3.3112142458032916,0.33419928087457657,4.762547043877561,0.13462338297083096,1.245999999999997,86.33333333333333,0.8633333333333333,0.6666666666666666,0.3333333333333333,0.18679810385692738,3.277096133030477,0.04445475241368219,1.0118890560798364,0.1371285130866767,0.5833090826854053,86.33333333333333,0.8633333333333333,1.0,0.6666666666666666,0.1998935816428334,4.764589002413644,0.015405757950545265,0.7783673705111724
605,14,4,5,22,192,5,24,0.08976118294522167,6.165949591435492,0.5635153656825422,0.6686000116169453,0.22186751998960974,0.06170650854230313,0.7309682476799935,4.640172511838188e-05,0.2034774004854262,17,128,11,0.6512680003419519,0.3154860876161554,1.721480278392401,2,0.0,0.0,100.0,1.0,1.0,0.0,0.0,4.89909133201258,0.0,0.0,0.0,0.0,100.0,1.0,1.0,0.0,0.0,5.5112739916269975,0.0,0.0,0.0,0.0,100.0,1.0,1.0,0.0,0.0,3.6705323363033435,0.0,0.0,0.0,0.0,100.0,1.0,1.0,0.0,0.0,5.515467668107401,0.0,0.0
606,10,8,1,17,96,8,81,0.1773688055574894,7.982952635735273,0.4001822246238589,2.1179646705277264,0.30244609829969704,0.005266936465783477,0.2373471291270107,3.062678973871825e-06,0.7292600276507437,22,512,10,0.2653545070439577,4.702107786551739,1.9723218589943776,4,0.07068632713756025,0.11187094671331302,92.77777777777777,0.9277777777777777,1.0,0.5555555555555556,0.04040179097784016,4.429249324003624,0.0,0.13865963166806336,0.045846202378925956,0.08666666666666453,95.33333333333333,0.9533333333333333,1.0,0.3333333333333333,0.03829457364341085,5.267132068298353,0.0,0.13157832942970546,0.07020818684625045,0.13466666666666444,92.66666666666667,0.9266666666666667,1.0,0.6666666666666666,0.059511784511784516,3.3035774409821137,0.04777112173347075,0.11261795555268532,0.09600459218750433,0.1142795068066101,90.33333333333333,0.9033333333333333,1.0,0.6666666666666666,0.023399014778325122,4.717038462730405,0.06425466614882487,0.13865963166806336
607,6,8,6,29,32,14,46,0.3562321408651769,1.0477914661169052,0.2409387249499559,2.7659958086442202,0.8782187691889703,0.017855697386524205,0.6802142313215881,0.0004983217784482207,0.07408549968153237,39,64,8,0.5203606082126498,0.05628136905486553,6.417404236430258,3,0.0,0.0,100.0,1.0,1.0,0.0,0.0,4.678503000953545,0.0,0.0,0.0,0.0,100.0,1.0,1.0,0.0,0.0,5.4049216614415245,0.0,0.0,0.0,0.0,100.0,1.0,1.0,0.0,0.0,3.3082506720287106,0.0,0.0,0.0,0.0,100.0,1.0,1.0,0.0,0.0,5.3223366693904,0.0,0.0
608,6,12,5,20,192,12,82,0.3176977693103254,5.960625787265599,0.38677162844687696,3.9706624553073198,0.47448683832772076,0.006105504952858186,0.268236392037943,0.0033724196080356346,0.500773067753762,38,128,11,0.42310924287885426,0.09309658918318109,2.0267492612055973,1,0.10143489594901542,0.24298205782442325,89.66666666666667,0.8966666666666667,1.0,0.8888888888888888,0.0,3.9344301007489357,0.07859379174529643,0.4150963574623157,0.07536467290745984,0.10333333333332935,92.33333333333333,0.9233333333333333,1.0,1.0,0.0,4.675761825071834,0.04427770579280081,0.13157832942970546,0.13622088207965222,0.5113333333333303,86.0,0.86,1.0,1.0,0.0,2.62616241220818,0.13528632441220412,0.4150963574623157,0.0927191328599342,0.1142795068066101,90.66666666666667,0.9066666666666666,1.0,0.6666666666666666,0.0,4.501366064966793,0.06934073554866813,0.13865963166806336
609,10,4,3,6,96,7,53,0.27154930457472803,3.633200907148421,0.1947147786617279,0.8611397035419941,0.7229752684943378,0.015488088662246,0.7160069807898253,4.0487385295866806e-05,0.21594967633485795,26,1024,5,0.3417779590934515,2.459578791322597,5.7278451493120315,4,0.0,0.0,100.0,1.0,1.0,0.0,0.07777777777777778,5.3614748869505195,0.0,0.0,0.0,0.0,100.0,1.0,1.0,0.0,0.036666666666666674,5.968143333060046,0.0,0.0,0.0,0.0,100.0,1.0,1.0,0.0,0.06,4.08352466688181,0.0,0.0,0.0,0.0,100.0,1.0,1.0,0.0,0.1366666666666667,6.032756660909702,0.0,0.0
610,14,8,7,24,32,4,62,0.10780691085383295,2.079870995134115,0.0751324824988842,1.3439935897476971,0.6523770842235536,0.0017503530932242654,0.22263559005223213,7.818203249905222e-06,0.7413580518960953,21,64,6,0.7488398106768728,0.16534672441616155,5.6439320407450895,2,0.0,0.0,100.0,1.0,1.0,0.0,0.0,4.268837552258952,0.0,0.0,0.0,0.0,100.0,1.0,1.0,0.0,0.0,4.942307657717417,0.0,0.0,0.0,0.0,100.0,1.0,1.0,0.0,0.0,3.0284009935955205,0.0,0.0,0.0,0.0,100.0,1.0,1.0,0.0,0.0,4.835804005463918,0.0,0.0
611,6,8,1,12,96,9,33,0.39915648140013216,8.639231413602829,0.5721408108249306,2.577833481831476,0.05037264600396157,0.05326146360006013,0.6652892040554433,0.00025758538085527967,0.06774560211226344,42,512,8,0.13021522462368013,1.3813158939489216,1.6743938573123047,5,0.0,0.0,100.0,1.0,1.0,0.0,0.031111111111111114,4.904055223903722,0.0,0.0,0.0,0.0,100.0,1.0,1.0,0.0,0.02666666666666667,5.628388002514839,0.0,0.0,0.0,0.0,100.0,1.0,1.0,0.0,0.05666666666666667,3.5637606672632196,0.0,0.0,0.0,0.0,100.0,1.0,1.0,0.0,0.01,5.520017001933108,0.0,0.0
612,3,9,4,15,128,14,75,0.08432326945476235,3.1726414542645216,0.33154277317225933,1.9491401766426861,0.251768731418997,0.0007454335620969756,0.8983843697700649,0.0001262935855252341,0.14781307464465498,46,512,7,0.5607195072807372,0.08514235418562757,2.6269010918949336,3,0.013979970681536703,0.002222222222221977,98.55555555555556,0.9855555555555555,1.0,0.1111111111111111,0.005108556832694764,4.907003954379423,0.0,0.07392911890136983,0.0,0.0,100.0,1.0,1.0,0.0,0.0,5.700278340373188,0.0,0.0,0.04193991204461011,0.0066666666666659324,95.66666666666667,0.9566666666666667,1.0,0.3333333333333333,0.01532567049808429,3.388031184721481,0.0,0.07392911890136983,0.0,0.0,100.0,1.0,1.0,0.0,0.0,5.6327023380436,0.0,0.0
613,13,7,6,27,64,8,20,0.48202074435539544,9.795791508629918,0.4907408883795142,2.7069094262551516,0.5072155492845922,0.03575495340065248,0.4552710080053657,1.4170891359013214e-06,0.5688583339005708,15,64,9,0.2906423262320459,3.223016683648206,7.691427195193538,4,0.3513424320844888,4.767779181230333,64.77777777777777,0.6477777777777778,0.3333333333333333,0.1111111111111111,0.04606839926607368,2.3905889391541044,0.11508231707180987,8.055312823017784,0.5506849694721675,12.01666666666667,45.0,0.45,0.0,0.0,0.06681642001409444,1.356262240297646,0.5418443402896849,8.055312823017784,0.313198519096293,1.5126666666666602,68.33333333333333,0.6833333333333332,0.3333333333333333,0.3333333333333333,0.04813296383063825,1.9301269928578406,0.18548304519723566,3.9596300973554115,0.19014380768500597,0.7740042103576705,81.0,0.81,0.6666666666666666,0.0,0.023255813953488372,3.8853775843068266,0.0,2.9329049666598626
614,11,11,3,9,64,5,95,0.3509043119382113,7.130644134245813,0.6541063962504268,3.131108681904152,0.8683410773053766,0.003036047119387657,0.4810520570259541,1.9020988018181688e-05,0.366724546328187,30,1024,12,0.6109731373377144,0.4771242839458922,4.2054944452336676,2,0.000961177527453538,0.0,99.88888888888889,0.9988888888888889,1.0,0.1111111111111111,0.016689113355780022,5.379699683483214,0.0,0.0,0.0,0.0,100.0,1.0,1.0,0.0,0.013333333333333334,6.154250666343917,0.0,0.0,0.002883532582360614,0.0,99.66666666666667,0.9966666666666667,1.0,0.3333333333333333,0.006734006734006735,3.9342490479472385,0.0,0.0,0.0,0.0,100.0,1.0,1.0,0.0,0.03,6.050599336158484,0.0,0.0
615,9,5,8,23,128,11,39,0.1861032553482801,4.713062430731952,0.1023696843534708,0.4976637251675129,0.27246495499275625,0.008722079836237694,0.03374934163875878,0.0006704734357945557,0.4423401222191751,32,128,6,0.18092371700331566,0.5711062879606154,1.2925141476701625,3,0.0011581320613127737,0.0,99.88888888888889,0.9988888888888889,1.0,0.1111111111111111,0.005578002244668912,4.824450019523335,0.0,0.0,0.0,0.0,100.0,1.0,1.0,0.0,0.0,5.5274953274056315,0.0,0.0,0.0,0.0,100.0,1.0,1.0,0.0,0.0033333333333333335,3.5069373288812735,0.0,0.0,0.003474396183938321,0.0,99.66666666666667,0.9966666666666667,1.0,0.3333333333333333,0.0134006734006734,5.438917402283097,0.0,0.0
616,8,9,2,29,64,10,68,0.06151634436100722,2.3017074335366488,0.556333567854017,0.4649543189443648,0.39532008692622184,0.04403123478962382,0.5791967296972871,3.6560398679495855e-06,0.1698433880135417,17,512,8,0.6826701547019184,0.06324567889627067,8.919683722819778,2,0.0,0.0,100.0,1.0,1.0,0.0,0.0011111111111111111,5.078762112857981,0.0,0.0,0.0,0.0,100.0,1.0,1.0,0.0,0.0,5.757889338613798,0.0,0.0,0.0,0.0,100.0,1.0,1.0,0.0,0.0,3.7694233283400536,0.0,0.0,0.0,0.0,100.0,1.0,1.0,0.0,0.0033333333333333335,5.7089736716200905,0.0,0.0
617,11,7,7,16,192,3,16,0.4451650404371321,8.979773772880435,0.003277903143316507,3.4568427454214543,0.7853433239739388,0.0005584793343019207,0.07673719329759478,0.0005542855386636806,0.6393054485507309,43,128,10,0.06545531647279859,4.257890569680629,3.04723250023223,3,0.28938778914473634,2.783934605571167,71.0,0.71,0.5555555555555556,0.2222222222222222,0.29187487042973215,2.7672563765992844,0.0,6.7373277726487295,0.26973573779103416,5.17,73.0,0.73,0.3333333333333333,0.0,0.25725047080979285,3.403162268900686,0.19962465786136435,4.614754950152075,0.09829403576748269,0.9483333333333325,90.0,0.9,1.0,0.3333333333333333,0.42476190476190473,2.976842617083873,0.0,0.7930645632361258,0.5001335938756922,2.233470483380168,50.0,0.5,0.3333333333333333,0.3333333333333333,0.19361223571749886,1.9217642438132945,0.4404905727328492,6.7373277726487295
618,13,11,4,21,128,6,87,0.38424437660723926,7.4220512909814715,0.25563460001721977,2.9744518336374313,0.5902123431675136,0.012672245966075359,0.8892733451910316,0.00284648842557714,0.2977227565832436,39,1024,11,0.4451231806538999,0.3609592849198824,1.1139218814593699,3,0.051867769628706734,0.05785142040785803,94.66666666666667,0.9466666666666667,1.0,0.6666666666666666,0.014492753623188406,5.060794574359279,0.0,0.11674585053627443,0.025743535942961412,0.0,97.33333333333333,0.9733333333333333,1.0,0.3333333333333333,0.007246376811594203,5.923469111060157,0.0,0.0,0.07713643636230215,0.1706666666666634,92.0,0.92,1.0,1.0,0.021739130434782608,3.761393841410029,0.07632488945637356,0.11674585053627443,0.05272333658085664,0.0028875945569106776,94.66666666666667,0.9466666666666667,1.0,0.6666666666666666,0.014492753623188406,5.497520770607651,0.03930456769269153,0.010941853163498598
619,4,5,6,8,32,13,37,0.20539456801488998,4.9847056632861495,0.4135137571953237,1.857324006035924,0.12891263370402156,0.001928017752149205,0.38262456133961675,4.7471119459139446e-05,0.41886450599879027,22,256,5,0.3624672696925699,0.7684086908998872,3.6234074561168486,4,0.249939193622185,2.6646971778040074,74.88888888888889,0.7488888888888889,0.5555555555555556,0.1111111111111111,0.050600986595209035,3.2864352781512927,0.0,5.309722637778286,0.1499225848544168,4.176666666666669,85.0,0.85,0.6666666666666666,0.0,0.04484848484848485,4.41508418894514,0.0,5.309722637778286,0.29028581925497837,2.4346666666666628,70.66666666666667,0.7066666666666667,0.3333333333333333,0.0,0.04709784411276948,2.1824628126090873,0.16366125552715538,1.6664112334008998,0.3096091767571599,1.3827582000786895,69.0,0.69,0.6666666666666666,0.3333333333333333,0.05985663082437276,3.2617588328996514,0.18942072788367312,1.5513867594322515
620,5,10,6,5,32,11,80,0.2983034732285887,6.266864486970007,0.17287280978634953,2.1349248823244125,0.19314155145548284,0.020719455783584525,0.14210430718958378,9.506806078318704e-06,0.5220807248726487,28,128,10,0.6346960581839085,0.12299270732327079,6.646173727146018,2,0.06659735609714759,0.08298205782442483,93.22222222222223,0.9322222222222223,1.0,0.5555555555555556,0.017448660410716715,3.8849404373283587,0.0,0.4150963574623157,0.0,0.0,100.0,1.0,1.0,0.0,0.03333333333333333,5.034518335014582,0.0,0.0,0.10707293543150857,0.13466666666666444,89.0,0.89,1.0,1.0,0.011260709914320684,2.451156440395398,0.09156440443998867,0.4150963574623157,0.0927191328599342,0.1142795068066101,90.66666666666667,0.9066666666666666,1.0,0.6666666666666666,0.007751937984496124,4.169146536575096,0.06934073554866813,0.13865963166806336
621,14,6,1,18,128,5,44,0.23810622966848316,3.888913963921368,0.6712858739309012,1.4938748497515917,0.5759988749399781,0.004969075808345265,0.6492210776545108,0.0013498835833256058,0.28711944723501803,35,512,4,0.20058763567358256,1.8269762032902057,2.3523398340412696,5,0.0,0.0,100.0,1.0,1.0,0.0,0.02888888888888889,4.997002223972231,0.0,0.0,0.0,0.0,100.0,1.0,1.0,0.0,0.02666666666666667,5.655397997858624,0.0,0.0,0.0,0.0,100.0,1.0,1.0,0.0,0.01,3.7817576768187187,0.0,0.0,0.0,0.0,100.0,1.0,1.0,0.0,0.049999999999999996,5.553850997239351,0.0,0.0
622,10,10,5,13,192,8,59,0.14476559818722307,1.2281630486249924,0.46262660576030606,1.0701313042081892,0.7993525119964033,0.08406168766822349,0.3191090798936784,9.973590042113784e-05,0.6745242309011519,49,64,7,0.4935244593769311,0.2224764749970844,1.4438273018478276,1,0.15764347072293125,0.6819186044629838,84.11111111111111,0.8411111111111111,0.7777777777777778,0.3333333333333333,0.014106280193236715,3.6370193552886394,0.0,4.147423570367287,0.0,0.0,100.0,1.0,1.0,0.0,0.013333333333333334,5.197218667405347,0.0,0.0,0.2566970587654465,1.6713333333333302,74.0,0.7400000000000001,0.3333333333333333,0.3333333333333333,0.028985507246376812,2.137000129507717,0.20192138738388882,4.147423570367287,0.21623335340334718,0.3744224800556214,78.33333333333333,0.7833333333333333,1.0,0.6666666666666666,0.0,3.5768392689528543,0.1401104765094197,0.834197817650451
623,7,6,3,26,64,14,25,0.42206641673110423,7.802888970822096,0.2719744970090687,3.5859490882139653,0.3317169734276831,0.0012074792026926801,0.8211087552830576,1.7758427561420594e-06,0.042102017141878605,13,256,9,0.22759140115231274,1.0449756608901413,4.865413497526012,4,0.0,0.0,100.0,1.0,1.0,0.0,0.0,5.018833885486755,0.0,0.0,0.0,0.0,100.0,1.0,1.0,0.0,0.0,5.832579995815952,0.0,0.0,0.0,0.0,100.0,1.0,1.0,0.0,0.0,3.603994328683863,0.0,0.0,0.0,0.0,100.0,1.0,1.0,0.0,0.0,5.61992733196045,0.0,0.0
624,7,10,7,10,96,5,50,0.16208694064989687,9.359140085056424,0.5174894509837031,3.6901186264585704,0.2251540950499475,0.00821438484257915,0.9220739217940718,0.0004534113664314867,0.4827023251913488,20,1024,6,0.4025400189682841,4.557470575989132,3.961863044066106,4,0.1395036433282009,1.5053922008761988,86.0,0.86,0.6666666666666666,0.1111111111111111,0.023971269440128274,4.370926625704944,0.0,3.076503300101383,0.2263074563479097,3.9600000000000004,77.33333333333333,0.7733333333333333,0.3333333333333333,0.0,0.030647782679359182,4.328198541906602,0.13448223569667767,3.076503300101383,0.11906490096966633,0.5363333333333313,88.0,0.88,0.6666666666666666,0.0,0.015625,3.434329303660585,0.0,1.7392969769710191,0.07313857266702663,0.019843269295264733,92.66666666666667,0.9266666666666667,1.0,0.3333333333333333,0.025641025641025644,5.3502520315476465,0.0,0.07519135205215145
625,9,6,2,22,32,12,84,0.43233100306242706,2.484411967918277,0.3254732552915811,1.1673201699741185,0.4807046663481742,0.0032351545428491086,0.4184112971182912,4.4404083997097166e-06,0.2340149661153555,41,256,8,0.31843164600431917,0.05076819324212613,1.3533524922238325,1,0.0105713642318205,0.04488888888888814,98.88888888888889,0.9888888888888889,1.0,0.1111111111111111,0.01888888888888889,4.679420081133966,0.0,0.11261795555268532,0.0,0.0,100.0,1.0,1.0,0.0,0.006666666666666667,5.416487997863442,0.0,0.0,0.0317140926954615,0.13466666666666444,96.66666666666667,0.9666666666666667,1.0,0.3333333333333333,0.02666666666666667,3.2499359194534243,0.0,0.11261795555268532,0.0,0.0,100.0,1.0,1.0,0.0,0.023333333333333334,5.371836326085031,0.0,0.0
626,15,10,6,14,96,15,30,0.2880408440716565,5.443992952816188,0.11835131160914897,1.6201886497437954,0.894851029291749,0.02847855186589816,0.5188252329360693,6.667958764355287e-05,0.7247380911558866,36,512,11,0.7255308711901307,0.8006170424270619,2.5185965488349473,5,0.04624738446049902,0.08316932221747021,95.33333333333333,0.9533333333333334,1.0,0.2222222222222222,0.015918663761801018,4.297078816643216,0.0,0.3329433154559131,0.0,0.0,100.0,1.0,1.0,0.0,0.0,5.201980999360482,0.0,0.0,0.0318474144889805,0.0,96.66666666666667,0.9666666666666667,1.0,0.3333333333333333,0.014814814814814815,3.291199409868568,0.0,0.0,0.10689473889251656,0.24950796665241062,89.33333333333333,0.8933333333333334,1.0,0.3333333333333333,0.03294117647058823,4.398056040700598,0.0,0.3329433154559131
627,5,6,4,28,192,8,65,0.22078292835503815,7.5242855316028,0.6153949430212378,2.268677565502003,0.2990786730777472,0.0009367727463746573,0.012857715087011456,0.0020471775621701237,0.08437104871496558,24,128,5,0.10959794595837594,0.28200910053153233,8.195683517122292,2,0.0,0.0,100.0,1.0,1.0,0.0,0.0,5.11979489069846,0.0,0.0,0.0,0.0,100.0,1.0,1.0,0.0,0.0,5.950350000833471,0.0,0.0,0.0,0.0,100.0,1.0,1.0,0.0,0.0,3.677380671724677,0.0,0.0,0.0,0.0,100.0,1.0,1.0,0.0,0.0,5.7316539995372295,0.0,0.0
628,4,11,1,25,192,3,22,0.3665107501205057,4.272275158204138,0.1997538261115551,1.7272901497781277,0.4479755564127117,0.06688741691096273,0.2454809021670371,0.0011045405788465857,0.1196334753744304,30,64,12,0.5376722351647913,1.7534685220479616,5.1355674169851016,4,0.018442144695043135,0.011999999999999665,98.11111111111111,0.9811111111111112,1.0,0.2222222222222222,0.020091596973317402,4.6321165288983215,0.0,0.11674585053627443,0.0,0.0,100.0,1.0,1.0,0.0,0.0,5.443728991473715,0.0,0.0,0.055326434085129404,0.03599999999999899,94.33333333333333,0.9433333333333334,1.0,0.6666666666666666,0.06027479091995221,3.0640705951112306,0.03349714565838896,0.11674585053627443,0.0,0.0,100.0,1.0,1.0,0.0,0.0,5.38855000011002,0.0,0.0
629,12,5,6,11,64,10,72,0.19466325216926633,6.44698176253587,0.3590034225955605,2.8372084230650216,0.6963602204807103,0.0013951158108675558,0.7519163216929883,1.154904048808699e-05,0.5970434080064296,32,256,6,0.2704576133750379,0.15742649389563837,1.8168643724047966,3,0.0,0.0,100.0,1.0,1.0,0.0,0.016666666666666666,4.5113883356356785,0.0,0.0,0.0,0.0,100.0,1.0,1.0,0.0,0.0,5.177492996056874,0.0,0.0,0.0,0.0,100.0,1.0,1.0,0.0,0.006666666666666667,3.2563643367029727,0.0,0.0,0.0,0.0,100.0,1.0,1.0,0.0,0.043333333333333335,5.100307674147189,0.0,0.0
630,12,9,3,19,32,13,42,0.07224618582986296,8.26837806403637,0.609821126051247,3.3486099399160594,0.6789912012871355,0.016514996328307368,0.18392832367680967,2.4951416341667512e-06,0.33709416523575786,47,128,7,0.5906548996455967,0.9762844011710027,1.8770165919242912,3,0.13523550743053436,0.8004794625347681,86.44444444444444,0.8644444444444445,0.6666666666666666,0.0,0.054570437854019944,3.441840055409294,0.0,2.459502619339939,0.14684866791833565,1.6199999999999992,85.33333333333333,0.8533333333333334,0.6666666666666666,0.0,0.06095238095238095,3.909195219610064,0.0,2.459502619339939,0.10910750368477025,0.44199999999999795,89.0,0.89,0.6666666666666666,0.0,0.0845771144278607,2.581364767468391,0.0,1.4333796093620694,0.1497503506884972,0.3394383876043072,85.0,0.85,0.6666666666666666,0.0,0.01818181818181818,3.834960179149427,0.0,1.28622108194947
631,8,7,5,7,128,7,93,0.4629001429770142,1.3256031088531017,0.058130544424057004,0.364389278460294,0.07688300963491201,0.005746108487191767,0.6871312289033085,7.174573584286307e-05,0.4719650395028293,16,1024,9,0.15799928857013584,0.27715626879243654,6.326265988200711,2,0.0,0.0,100.0,1.0,1.0,0.0,0.011111111111111112,5.400621002126071,0.0,0.0,0.0,0.0,100.0,1.0,1.0,0.0,0.0,6.157386670044313,0.0,0.0,0.0,0.0,100.0,1.0,1.0,0.0,0.016666666666666666,4.009300669034322,0.0,0.0,0.0,0.0,100.0,1.0,1.0,0.0,0.016666666666666666,6.035175667299579,0.0,0.0
632,8,11,3,12,32,9,14,0.33304022029042246,3.455712934024632,0.6870966966263949,0.6242069099098444,0.16652772570960223,0.0011331418519581245,0.16382944509387015,2.8815716424454552e-05,0.18646881807595492,40,64,11,0.7062301116995513,2.318507922429593,1.5936356734167163,3,0.0,0.0,100.0,1.0,1.0,0.0,0.0,4.142748553616305,0.0,0.0,0.0,0.0,100.0,1.0,1.0,0.0,0.0,4.829518666956574,0.0,0.0,0.0,0.0,100.0,1.0,1.0,0.0,0.0,2.833912995799134,0.0,0.0,0.0,0.0,100.0,1.0,1.0,0.0,0.0,4.764813998093207,0.0,0.0
633,11,5,5,27,96,14,70,0.1752964093349874,5.57549359742552,0.13399103181436656,3.264632986159995,0.5494888026267291,0.08925535095586705,0.6108608198352158,0.00468809753548897,0.6226854712702334,24,512,5,0.08615273507311941,0.11703325151469621,4.50334643197925,2,0.21032129469491695,1.5831935719713555,78.77777777777777,0.7877777777777778,0.6666666666666666,0.5555555555555556,0.011693121693121693,3.7225300625888087,0.24456592970524194,2.9917511430737966,0.21837874868518278,3.1266666666666665,78.0,0.7799999999999999,0.6666666666666666,0.6666666666666666,0.012857142857142859,4.024651071891957,0.20302041502135215,2.9917511430737966,0.24621734515873203,1.3473333333333262,75.0,0.75,0.3333333333333333,0.3333333333333333,0.013333333333333334,2.6996960097716918,0.24533759007506153,1.5931725123246676,0.166367790240836,0.2755807159140736,83.33333333333333,0.8333333333333334,1.0,0.6666666666666666,0.008888888888888889,4.443243106102778,0.12454530438107418,0.4596604481053848
634,13,9,2,5,192,11,35,0.09512863941490651,8.53946715220809,0.2988933843560517,2.8113082374911755,0.8258632746059448,0.003954043679855594,0.3546714122407138,0.0003148005375902969,0.3157880298234522,19,256,8,0.46595410322770475,1.3139665124963427,7.2084661803892285,4,0.23210722469048337,3.426995553540524,76.77777777777777,0.7677777777777778,0.6666666666666666,0.1111111111111111,0.11130190947264117,3.125403430787396,0.0,6.924251229153804,0.40108038850936545,7.826666666666669,60.0,0.6,0.3333333333333333,0.0,0.08336460287679799,2.627660302872027,0.29738629609622236,6.924251229153804,0.14827638301539894,1.813999999999999,85.0,0.85,0.6666666666666666,0.0,0.1003030303030303,2.6926594466027436,0.0,1.5169973121725826,0.14696490254668568,0.6403199939549038,85.33333333333333,0.8533333333333334,1.0,0.3333333333333333,0.15023809523809525,4.0558905428874175,0.0,0.8544427041764607
635,4,7,7,17,96,6,89,0.4998863103799522,1.6164657771587372,0.4567278924398124,2.046100551728159,0.358331502135843,0.026012842048328388,0.7984701523557305,6.435704185702731e-06,0.40079374689608815,45,1024,10,0.3859044038690626,0.209727515726732,2.1393565418698306,3,0.012804220350676916,0.0,98.66666666666667,0.9866666666666666,1.0,0.4444444444444444,0.010274914089347078,5.6902650392983425,0.0,0.0,0.0,0.0,100.0,1.0,1.0,0.0,0.0,6.458237997721881,0.0,0.0,0.02848876339408506,0.0,97.0,0.9700000000000001,1.0,1.0,0.020618556701030927,4.18103505342021,0.028404356737189863,0.0,0.009923897657945692,0.0,99.0,0.9899999999999999,1.0,0.3333333333333333,0.010206185567010308,6.431522066752936,0.0,0.0
636,5,8,6,20,64,7,47,0.12520378348417582,9.615397630259395,0.04112935671582818,2.4698299493175,0.36880961563438175,0.002418898991918128,0.558420149795711,1.00886568540329e-06,0.5517056366428733,49,1024,7,0.6550943732261658,3.388228305747462,1.1877235494861142,5,0.3897438993927633,4.115252793853069,60.888888888888886,0.6088888888888889,0.2222222222222222,0.2222222222222222,0.07080314009661835,3.248738989570322,0.4348690954173134,5.736899626746903,0.4129961200558407,8.386666666666668,58.666666666666664,0.5866666666666668,0.0,0.0,0.07886904761904762,3.3401309680942046,0.39922117820625747,5.059703774546906,0.4361260595823187,2.9793333333333285,56.0,0.56,0.0,0.0,0.07142857142857142,2.4590690598069203,0.43580306712732597,5.736899626746903,0.32010951854013064,0.9797583815592111,68.0,0.68,0.6666666666666666,0.6666666666666666,0.062111801242236024,3.9470169408098403,0.25971692399016744,1.28622108194947
637,14,8,4,9,192,13,77,0.4095515328925103,2.7912048120051622,0.5395029558800161,1.2432000585831702,0.7587290865834803,0.010090520412856543,0.11416157698258757,0.00017560447879252133,0.2574890606291592,13,128,9,0.2237630607560277,0.06712515952792523,3.4760382190375334,2,0.008734348376153674,0.0009625315189702258,99.11111111111111,0.991111111111111,1.0,0.1111111111111111,0.008067632850241546,4.383994817648281,0.0,0.010941853163498598,0.0,0.0,100.0,1.0,1.0,0.0,0.006666666666666667,5.048401004945238,0.0,0.0,0.0,0.0,100.0,1.0,1.0,0.0,0.006666666666666667,3.288350998579214,0.0,0.0,0.026203045128461017,0.0028875945569106776,97.33333333333333,0.9733333333333333,1.0,0.3333333333333333,0.010869565217391304,4.81523244942039,0.0,0.010941853163498598
638,10,12,8,30,128,10,28,0.30730467666871847,4.608204654417932,0.4183814785443246,0.7313352320343256,0.6168272708542645,0.0005933981299848999,0.8527624265290796,0.0008196399278830613,0.7027092994935811,27,256,10,0.5166624899953604,0.6058601739005208,9.343697881493336,4,0.0,0.0,100.0,1.0,1.0,0.0,0.0,4.772091329408188,0.0,0.0,0.0,0.0,100.0,1.0,1.0,0.0,0.0,5.4888663231395185,0.0,0.0,0.0,0.0,100.0,1.0,1.0,0.0,0.0,3.4743643373561404,0.0,0.0,0.0,0.0,100.0,1.0,1.0,0.0,0.0,5.353043327728908,0.0,0.0
639,7,4,3,15,32,4,56,0.25415047476999464,6.6731220735237,0.2276952558197081,3.833190665813163,0.15542380795814098,0.04129253150538758,0.4061990667134523,1.5661043417832705e-05,0.013922412358224393,35,64,4,0.24803779181092978,0.3795365503433133,2.872179241099256,1,0.00318417518976394,0.0,99.66666666666667,0.9966666666666667,1.0,0.1111111111111111,0.0,4.58136886251047,0.0,0.0,0.0,0.0,100.0,1.0,1.0,0.0,0.0,5.288018331242104,0.0,0.0,0.00955252556929182,0.0,99.0,0.9899999999999999,1.0,0.3333333333333333,0.0,3.1980359219446703,0.0,0.0,0.0,0.0,100.0,1.0,1.0,0.0,0.0,5.258052334344636,0.0,0.0
640,7,10,6,28,128,14,34,0.1794688092544675,8.30565657839179,0.06977114770561456,3.293269608169794,0.1881025666370988,0.06943142289094345,0.7904304421972483,0.0016641267052046698,0.6910886307433247,44,128,12,0.22110783867537975,0.051444768641276506,1.8330034898979974,4,0.5107120881240682,5.619367887840442,48.77777777777778,0.48777777777777775,0.0,0.0,0.15834695973823373,1.666904023253628,0.48678946399849043,7.2783217558406355,0.507567045425985,10.783333333333333,49.333333333333336,0.49333333333333335,0.0,0.0,0.18820748157418996,1.845174856641164,0.4969627117955107,7.246363444751502,0.5091194914556333,3.7113333333333296,48.666666666666664,0.48666666666666664,0.0,0.0,0.1720743157131666,1.372143939314986,0.48198660970785434,7.2783217558406355,0.5154497274905862,2.3634369968546634,48.333333333333336,0.48333333333333334,0.0,0.0,0.11475908192734459,1.7833932738047338,0.48811846406982673,3.724183037097077
641,10,6,4,14,64,8,90,0.35918552624061706,1.2881700992584229,0.5790389381349086,0.6532770649064332,0.570882068714127,0.001447301910625963,0.3478093907702714,1.0259204732772088e-05,0.0256060610152781,18,1024,6,0.652470456622541,4.617902615629277,5.181230130695946,1,0.0,0.0,100.0,1.0,1.0,0.0,0.0,5.396008221173866,0.0,0.0,0.0,0.0,100.0,1.0,1.0,0.0,0.0,6.075162998555849,0.0,0.0,0.0,0.0,100.0,1.0,1.0,0.0,0.0,4.0822376652310295,0.0,0.0,0.0,0.0,100.0,1.0,1.0,0.0,0.0,6.030623999734719,0.0,0.0
642,14,10,8,22,64,5,14,0.4737405015155673,4.2480259435251355,0.39251734912395475,2.0161299637984484,0.8041816451586783,0.016934503938511973,0.6186650732997805,2.151902528207293e-06,0.5631469810940325,23,64,7,0.2508426412940025,0.28836947206704666,6.270523380293314,5,0.21792792085015222,2.6152527938530694,78.11111111111111,0.7811111111111111,0.6666666666666666,0.2222222222222222,0.14036583625590401,2.7901212443368824,0.0,6.258946796487252,0.24214020278929996,5.176666666666666,75.66666666666667,0.7566666666666667,0.6666666666666666,0.3333333333333333,0.11836879432624114,3.115751319436905,0.0988224478404832,6.258946796487252,0.13162821205387423,1.6893333333333316,86.66666666666667,0.8666666666666667,0.6666666666666666,0.0,0.1811111111111111,2.457055108518236,0.0,1.4127420760916292,0.2800153477072825,0.9797583815592111,72.0,0.7200000000000001,0.6666666666666666,0.3333333333333333,0.1216176033303598,2.797557305055507,0.20461290071860802,1.28622108194947
643,5,6,3,10,128,12,69,0.09095524037256837,6.471076481975615,0.19085031766444444,2.781798214185983,0.3366239311639219,0.005895634959341012,0.17092692679725588,0.00010579364484375666,0.24598472524434328,39,512,9,0.5195213424041867,0.818505006890531,1.8604945586774715,2,0.13055819834795018,0.4040824608602457,86.77777777777777,0.8677777777777778,0.8888888888888888,0.5555555555555556,0.012899382497763654,4.200877852315595,0.0,2.095890520854048,0.07566149203472315,0.5866666666666649,92.33333333333333,0.9233333333333333,1.0,0.3333333333333333,0.01432900432900433,5.166019994888487,0.0,0.8906840761395641,0.16676746671700957,0.3499999999999984,83.0,0.83,0.6666666666666666,0.6666666666666666,0.015737892468218027,2.857588461236164,0.11216678970809843,2.095890520854048,0.14924563629211787,0.2755807159140736,85.0,0.85,1.0,0.6666666666666666,0.008631250696068604,4.579025100822133,0.08965984162245097,0.4596604481053848
644,4,11,3,7,192,13,27,0.3917547097895294,5.468238077126443,0.6501990411430597,1.2131972841452807,0.4037581223528832,0.007997649884190057,0.41329291029833254,0.0005147138782142066,0.32783625539392236,33,512,6,0.08322987919673323,0.154038562458751,1.3652652749192278,4,0.0,0.0,100.0,1.0,1.0,0.0,0.05888888888888889,4.800146446149382,0.0,0.0,0.0,0.0,100.0,1.0,1.0,0.0,0.056666666666666664,5.504387997401257,0.0,0.0,0.0,0.0,100.0,1.0,1.0,0.0,0.06,3.419074339326471,0.0,0.0,0.0,0.0,100.0,1.0,1.0,0.0,0.06,5.476977001720418,0.0,0.0
645,13,5,5,19,96,6,57,0.11355955391190947,7.500194902531803,0.10815829914063214,2.4402948920615017,0.7937035284936428,0.003152219558273708,0.8605703181121498,2.9720865574684695e-06,0.3888180394656956,27,64,8,0.7031901934184134,1.7161018973689046,3.9967043925052597,3,0.11950836810683962,1.154547472006246,88.0,0.88,0.7777777777777778,0.1111111111111111,0.017085029168362503,3.8296867221514463,0.0,2.3380456998663637,0.12300042276309468,1.5400000000000005,87.66666666666667,0.8766666666666666,0.6666666666666666,0.0,0.010582010582010581,4.315564298199086,0.0,2.3380456998663637,0.11526487569297227,1.3403333333333323,88.33333333333333,0.8833333333333333,0.6666666666666666,0.0,0.023589743589743594,2.8572700512356675,0.0,1.1208831665281063,0.12025980586445191,0.5833090826854053,88.0,0.88,1.0,0.3333333333333333,0.017083333333333336,4.3162258170195855,0.0,0.7783673705111724
646,11,9,2,11,32,3,47,0.2657942014280707,9.321866063401103,0.33839801158756017,3.861795101314783,0.5819859832990915,0.02749829759873895,0.10729591739363968,4.484266955340096e-05,0.17531952964141967,13,1024,11,0.3884643170051276,0.27366119972873865,8.124222684458413,3,0.3453276841045513,3.4921416827419582,65.33333333333333,0.6533333333333333,0.3333333333333333,0.1111111111111111,0.04074388701181479,3.249694869958051,0.38896163277395307,5.970789462593457,0.28623134375472664,6.236666666666668,71.33333333333333,0.7133333333333334,0.3333333333333333,0.0,0.04350757810083514,3.878417534515352,0.19448081638697653,5.970789462593457,0.4564077719862869,3.259999999999994,54.0,0.54,0.0,0.0,0.043211057947900054,2.1172484992901808,0.4357910081491888,5.407915047635769,0.2933439365726404,0.9797583815592111,70.66666666666667,0.7066666666666667,0.6666666666666666,0.3333333333333333,0.0355130249867092,3.75341857606862,0.21457505173215077,1.28622108194947
647,8,7,7,25,96,10,76,0.3251005006488413,2.5218404848128557,0.4854224424809217,0.7603803530801088,0.12076410157606006,0.0009038327381977066,0.5503840777557343,0.002353903289784597,0.6337622525915504,48,128,5,0.46837425651028747,0.9640449844721873,2.4966140547898275,2,0.0,0.0,100.0,1.0,1.0,0.0,0.0,4.7698093296235635,0.0,0.0,0.0,0.0,100.0,1.0,1.0,0.0,0.0,5.4942356632091105,0.0,0.0,0.0,0.0,100.0,1.0,1.0,0.0,0.0,3.4353939963815114,0.0,0.0,0.0,0.0,100.0,1.0,1.0,0.0,0.0,5.379798329280068,0.0,0.0
648,8,11,1,17,32,11,30,0.4285898151807487,4.650031994096935,0.26116549810394646,1.137328068492934,0.256885843211785,0.002559260284303618,0.005049936752766371,1.5000589967216498e-06,0.34844384064897893,25,512,7,0.272856414783746,0.11446791957128444,3.4454103928005595,3,0.23815484960532324,2.7971416827419597,76.11111111111111,0.7611111111111111,0.6666666666666666,0.2222222222222222,0.1872847806344508,3.1995442705782438,0.0,6.258946796487252,0.32262553435035546,6.4633333333333365,67.66666666666667,0.6766666666666666,0.3333333333333333,0.0,0.17651162790697672,3.2697642452651468,0.19964471291891533,6.258946796487252,0.09829403576748269,0.9483333333333325,90.0,0.9,1.0,0.3333333333333333,0.23333333333333336,3.069788571003647,0.0,0.7930645632361258,0.29354497869813156,0.9797583815592111,70.66666666666667,0.7066666666666667,0.6666666666666666,0.3333333333333333,0.15200938066304234,3.2590799954659384,0.2053081283816735,1.28622108194947
649,12,5,6,5,128,5,64,0.13637334294617176,6.631449229083955,0.4095195681788027,3.660572784487158,0.5122548365034163,0.010669584879686866,0.511731276102364,0.0001527130068528793,0.4607330482453108,37,128,9,0.5402108172886073,2.2675176780215076,1.177268671718607,2,0.044945841413274325,0.31720266577507494,95.44444444444444,0.9544444444444444,1.0,0.2222222222222222,0.030017580872011253,4.143922058508487,0.0,0.6667874992129385,0.0,0.0,100.0,1.0,1.0,0.0,0.02,5.05165534093976,0.0,0.0,0.0684076865677558,0.7973333333333313,93.0,0.93,1.0,0.3333333333333333,0.030886075949367087,2.8595623464170323,0.0,0.6667874992129385,0.06642983767206719,0.1542746639918935,93.33333333333333,0.9333333333333332,1.0,0.3333333333333333,0.03916666666666666,4.520548488168667,0.0,0.20586404037296388
650,12,9,3,26,192,9,49,0.24649602314457297,9.595697240903974,0.5511018776334822,2.297264175489545,0.8634336145129055,0.0006218004014584721,0.426447482407093,0.0007220705226447783,0.10774046801030636,42,1024,10,0.15493801841512322,0.20699809137469172,2.897693155617528,4,0.0,0.0,100.0,1.0,1.0,0.0,0.02888888888888889,5.766432780979408,0.0,0.0,0.0,0.0,100.0,1.0,1.0,0.0,0.013333333333333334,6.5020733381000655,0.0,0.0,0.0,0.0,100.0,1.0,1.0,0.0,0.03666666666666667,4.470982005198796,0.0,0.0,0.0,0.0,100.0,1.0,1.0,0.0,0.03666666666666667,6.326242999639362,0.0,0.0
651,4,7,5,12,64,14,85,0.2917810328304768,2.811059696599841,0.010390769597142933,1.6492517080623657,0.26763531360775233,0.043295135161697154,0.9289394681341946,2.3399799724814194e-05,0.6088187422417104,20,256,4,0.5877107127569616,1.296587317228055,9.426775453524824,3,0.053084641000795976,0.06866105627144486,94.55555555555556,0.9455555555555555,1.0,0.6666666666666666,0.018966006666761643,4.420095842644832,0.0,0.1740774609138528,0.0,0.0,100.0,1.0,1.0,0.0,0.013333333333333334,5.517324993852526,0.0,0.0,0.08006514650557944,0.1706666666666634,91.66666666666667,0.9166666666666666,1.0,1.0,0.02182047343337666,2.9282403465954214,0.07714053788172649,0.11674585053627443,0.07918877649680849,0.03531650214767118,92.0,0.9199999999999999,1.0,1.0,0.021744213233574936,4.81472218748655,0.07391911640765096,0.1740774609138528
652,5,8,7,16,96,9,42,0.2129050202202052,8.559163048863411,0.4697823663242161,2.8658200670033693,0.46612612558528776,0.0010816970681171141,0.6939931371249258,3.3409930457198294e-05,0.7138641847483814,16,128,11,0.3212691048160195,0.0679728029629231,4.464080738156256,5,0.35245493998736105,4.370035018090323,64.66666666666667,0.6466666666666667,0.3333333333333333,0.2222222222222222,0.06195223283205206,2.5635520649461845,0.2646113450578774,7.200788831891428,0.4811923736443167,10.53,52.0,0.52,0.0,0.0,0.07692307692307693,1.9814871797839608,0.4792738398041302,7.200788831891428,0.4061815438764991,2.2406666666666633,59.0,0.59,0.3333333333333333,0.3333333333333333,0.06954689146469968,1.63437595466969,0.3706804381061395,6.106545221253793,0.16999090244126733,0.3394383876043072,83.0,0.8300000000000001,0.6666666666666666,0.3333333333333333,0.03938673010837959,4.074793060384903,0.014885846486918538,1.28622108194947
653,15,8,2,30,192,4,92,0.37860042084939777,1.5966153852641582,0.26669991267845033,1.7563853946048766,0.7145367280114442,0.08526871527563532,0.1919681470841169,0.0031791183496965585,0.09535310104489327,47,512,5,0.4053234957158565,3.4317224529166928,1.5797261460728527,2,0.029223548126212154,0.015184753741191869,97.0,0.9700000000000001,1.0,0.4444444444444444,0.010543044796822163,4.8920619900986635,0.0,0.11674585053627443,0.0,0.0,100.0,1.0,1.0,0.0,0.0033333333333333335,5.6528209809524315,0.0,0.0,0.05815518011359975,0.042666666666664924,94.0,0.94,1.0,0.6666666666666666,0.02130560928433269,3.6237105808168564,0.02937994079451773,0.11674585053627443,0.029515464265036696,0.0028875945569106776,97.0,0.9700000000000001,1.0,0.6666666666666666,0.006990191772800469,5.3996544085267,0.0049686287048635175,0.010941853163498598
654,9,12,6,9,128,7,21,0.4508099693339318,3.413889684714377,0.1689215096645057,0.3344222109299153,0.6605259187519551,0.003733684823349618,0.7448187267407774,0.00020895883376109744,0.4948452632129192,33,64,8,0.10695263575762509,0.38782926696517117,2.1581882830566164,4,0.0,0.0,100.0,1.0,1.0,0.0,0.007777777777777778,4.1974279982969165,0.0,0.0,0.0,0.0,100.0,1.0,1.0,0.0,0.0,4.809988329652697,0.0,0.0,0.0,0.0,100.0,1.0,1.0,0.0,0.01,2.886795330171784,0.0,0.0,0.0,0.0,100.0,1.0,1.0,0.0,0.013333333333333334,4.895500335066269,0.0,0.0
655,7,4,4,21,32,12,73,0.05400341865606606,5.617162351496518,0.6767738831229507,3.319096284452826,0.05859931143932045,0.024544258169713493,0.2376767619512975,7.245331580641984e-06,0.22176387114450336,31,256,10,0.7228542763739825,0.6191387487251554,7.2718580181230195,1,0.04068819440013763,0.05712262545438786,95.88888888888889,0.958888888888889,1.0,0.2222222222222222,0.0,4.577377790698407,0.0,0.5221133871205753,0.0,0.0,100.0,1.0,1.0,0.0,0.0,5.463972671423107,0.0,0.0,0.0792281391011963,0.16100000000000003,92.0,0.9199999999999999,1.0,0.3333333333333333,0.0,3.132869448194182,0.0,0.5221133871205753,0.04283644409921658,0.010367876363163536,95.66666666666667,0.9566666666666667,1.0,0.3333333333333333,0.0,5.13529125247793,0.0,0.03928660293099189
656,7,12,7,11,128,4,87,0.46868068017065523,7.15473027061671,0.11405676212161779,3.427329145837575,0.3772473407443613,0.0007185523910031184,0.37552709556184705,0.00018627637281999702,0.6629061700031161,22,1024,7,0.19780422933399677,2.5131455542732253,7.759217174800035,1,0.022600301444704304,0.04504825530099208,97.66666666666667,0.9766666666666666,1.0,0.5555555555555556,0.034752334339963206,5.090315489906395,0.0,0.11261795555268532,0.0,0.0,100.0,1.0,1.0,0.0,0.06,5.890627009018014,0.0,0.0,0.0347922889736886,0.13466666666666444,96.33333333333333,0.9633333333333334,1.0,1.0,0.03394772466937415,3.7260186781018025,0.019013077433585344,0.11261795555268532,0.03300861536042432,0.00047809923631181306,96.66666666666667,0.9666666666666667,1.0,0.6666666666666666,0.010309278350515464,5.654300782599368,0.01473095227908718,0.0018116434070652306
657,10,4,1,24,64,10,36,0.06481737671419978,4.688821799121797,0.6232797365635633,0.43498730729334056,0.7670889934524894,0.034444653091161286,0.8814690793398767,1.222467535959172e-06,0.05379400761798024,39,256,9,0.6318584872409702,0.09514376088861755,2.6500754311504178,4,0.0,0.0,100.0,1.0,1.0,0.0,0.0,4.919219887815416,0.0,0.0,0.0,0.0,100.0,1.0,1.0,0.0,0.0,5.684231989240895,0.0,0.0,0.0,0.0,100.0,1.0,1.0,0.0,0.0,3.5507316701114178,0.0,0.0,0.0,0.0,100.0,1.0,1.0,0.0,0.0,5.522696004093935,0.0,0.0
658,14,8,5,6,64,12,67,0.202093019336462,3.1352170277386904,0.5243046376854181,1.8864191949833184,0.6085998027119786,0.002959057279529603,0.08359923069365323,1.6901056696691947e-05,0.5335137385316193,44,512,12,0.23026806637644764,1.398858615088558,1.2812137024226675,2,0.0,0.0,100.0,1.0,1.0,0.0,0.0022222222222222222,4.5097991068744,0.0,0.0,0.0,0.0,100.0,1.0,1.0,0.0,0.0,5.052092325252791,0.0,0.0,0.0,0.0,100.0,1.0,1.0,0.0,0.0,3.279690332710743,0.0,0.0,0.0,0.0,100.0,1.0,1.0,0.0,0.006666666666666667,5.197614662659665,0.0,0.0
659,5,8,4,20,128,7,17,0.36072775116190314,9.833061439916492,0.3225874392315745,3.0030634216964245,0.14727415489032863,0.008506067404411304,0.587236427469179,0.0010104133215699254,0.27561251502484085,18,128,6,0.496169657446444,0.16745765881807387,4.168762682639528,5,0.3158928689226039,2.448779181230333,68.33333333333333,0.6833333333333333,0.4444444444444444,0.1111111111111111,0.08126895480483878,3.1880422924811325,0.0,10.209611320280269,0.18491719354074254,2.3800000000000003,81.66666666666667,0.8166666666666668,0.6666666666666666,0.0,0.05296296296296296,4.329283048433286,0.0,3.6133433543389253,0.5462378522276405,4.192333333333328,45.0,0.45,0.0,0.0,0.11608711701734957,1.2497180340510452,0.5325512671999276,10.209611320280269,0.21652356099942852,0.7740042103576705,78.33333333333333,0.7833333333333333,0.6666666666666666,0.3333333333333333,0.07475678443420379,3.9851257949590653,0.0347819707615493,2.9329049666598626
660,4,9,2,23,96,6,59,0.22909203846938908,2.117308095097542,0.6069778650999069,1.5229378521908075,0.16148761995136737,0.006266180288861278,0.8291448432486503,0.003876695720854817,0.3097683743014932,14,64,11,0.06291701337322593,3.1808516266495044,5.778662244462856,3,0.08400454368388738,0.28671593868790923,91.55555555555556,0.9155555555555556,0.8888888888888888,0.1111111111111111,0.01050179211469534,4.213186085739884,0.0,2.0754817873116025,0.0,0.0,100.0,1.0,1.0,0.0,0.01,5.447927998223652,0.0,0.0,0.12573314579588005,0.6399999999999999,87.33333333333333,0.8733333333333334,0.6666666666666666,0.0,0.01075268817204301,2.7691226156418445,0.0,2.0754817873116025,0.1262804852557821,0.22014781606372788,87.33333333333333,0.8733333333333334,1.0,0.3333333333333333,0.01075268817204301,4.422507643354155,0.0,0.834197817650451
661,13,7,7,10,32,11,24,0.2813793621491641,8.60194880887866,0.06490317601710557,2.1635114364326,0.5443708881270141,0.01590787415704594,0.3259747270960361,2.722108995651075e-05,0.40688045674934986,49,256,5,0.6802711159922182,0.08402220818104264,2.044713238793195,4,0.06466847386924593,0.23673225389763808,93.44444444444444,0.9344444444444444,1.0,0.3333333333333333,0.03293088206894113,3.7842328536635645,0.0,0.8413625384561836,0.0,0.0,100.0,1.0,1.0,0.0,0.016666666666666666,4.860896326135844,0.0,0.0,0.006355162352331838,0.0,99.33333333333333,0.9933333333333333,1.0,0.3333333333333333,0.026870748299319725,2.9820599213724033,0.0,0.0,0.18765025925540593,0.7101967616929143,81.0,0.8099999999999999,1.0,0.6666666666666666,0.055255231240837,3.509742313482445,0.08610143788924182,0.8413625384561836
662,11,11,4,27,96,14,79,0.4389900114852935,5.936526575125754,0.20768117997795343,3.5564033021219075,0.8306921101175249,0.0018141329842889197,0.6414132019970565,5.231575541081518e-06,0.15870243037119508,35,128,6,0.36541173560544843,0.5586276463215023,1.6596803517412406,2,0.05012716482423815,0.07329586485230251,94.88888888888889,0.9488888888888888,1.0,0.4444444444444444,0.006154963875743904,4.209886984325402,0.0,0.6210045987715395,0.009701319314096348,0.0,99.0,0.9899999999999999,1.0,0.3333333333333333,0.003436426116838488,5.0301929960536205,0.0,0.0,0.11116755954985531,0.21699999999999683,88.66666666666667,0.8866666666666667,1.0,0.6666666666666666,0.008032128514056226,2.730360028229235,0.08294763137220154,0.6210045987715395,0.029512615608762793,0.0028875945569106776,97.0,0.9700000000000001,1.0,0.3333333333333333,0.006996336996336997,4.869107928693349,0.0,0.010941853163498598
663,8,5,6,15,192,9,45,0.15377880367450417,3.6574546145275235,0.3546663127839565,1.0401392586063594,0.3632381495554,0.05515990726685312,0.1350104512181133,0.00029233573930760847,0.6503848266974092,29,512,8,0.4481842135079205,0.4665987252824097,5.594285802203489,3,0.20427243688856025,1.1499300773608199,79.44444444444444,0.7944444444444445,0.6666666666666666,0.2222222222222222,0.0189591250852114,4.080053464383825,0.0,6.106545221253793,0.0,0.0,100.0,1.0,1.0,0.0,0.0033333333333333335,5.846368992545952,0.0,0.0,0.3732722683505389,2.6463333333333265,62.333333333333336,0.6233333333333334,0.0,0.0,0.03270562108388003,2.3615829390488696,0.32153363694860754,6.106545221253793,0.23954504231514187,0.8034568987491331,76.0,0.7600000000000001,1.0,0.6666666666666666,0.02083842083842084,4.032208461556652,0.17403701829596332,0.834197817650451
664,9,9,4,8,64,7,61,0.2484794815070927,1.2480093501508236,0.3054109486751258,0.8901848804671317,0.4396161545999348,0.019594886758652466,0.6584236701019108,1.4208200459320543e-05,0.3780716138891876,42,64,10,0.29368198635056614,4.203906083794952,2.3317731027611015,2,0.0,0.0,100.0,1.0,1.0,0.0,0.042222222222222223,4.229118556767288,0.0,0.0,0.0,0.0,100.0,1.0,1.0,0.0,0.013333333333333334,4.953592331924786,0.0,0.0,0.0,0.0,100.0,1.0,1.0,0.0,0.023333333333333334,2.885116673229883,0.0,0.0,0.0,0.0,100.0,1.0,1.0,0.0,0.09000000000000001,4.8486466651471956,0.0,0.0
665,11,7,5,21,192,13,33,0.31484302300959827,7.7831971645355225,0.45380048872902984,3.9992669466882944,0.6879230035934597,0.004696519594208999,0.21459938883781432,0.0011895031558755295,0.43109978914260866,20,512,4,0.5636425795964897,0.06245724624790453,6.588125170144406,3,0.4138447395512664,4.1741707256700264,58.55555555555556,0.5855555555555555,0.3333333333333333,0.1111111111111111,0.03781680452970107,2.854622904877059,0.3206842166775497,11.09676074709681,0.39446509057629386,7.316666666666667,60.666666666666664,0.6066666666666666,0.3333333333333333,0.0,0.04252032520325203,3.1958329504946383,0.2943113397682184,6.275897227892767,0.5431645148641296,4.182333333333331,45.333333333333336,0.4533333333333333,0.0,0.0,0.044866004215597714,1.719363819233158,0.5209261479792263,11.09676074709681,0.30390461321337575,1.023512177010081,69.66666666666667,0.6966666666666667,0.6666666666666666,0.3333333333333333,0.026064084170253465,3.64867194490338,0.16034210833877485,2.9329049666598626
666,13,11,2,17,128,10,82,0.40201071137562394,6.22520022559911,0.682843651343137,2.5482983686961234,0.6871405487880111,0.08017373986265271,0.7231009500101209,8.675708402780426e-05,0.1359283980727196,25,256,7,0.17850330555811522,0.7519256954755806,4.9082953281429775,3,0.0032735449509082625,0.0001593664121039377,99.66666666666667,0.9966666666666667,1.0,0.1111111111111111,0.027010309278350516,4.4289095918509265,0.0,0.0018116434070652306,0.0,0.0,100.0,1.0,1.0,0.0,0.02,5.057023335248232,0.0,0.0,0.0,0.0,100.0,1.0,1.0,0.0,0.02666666666666667,3.312926342089971,0.0,0.0,0.009820634852724787,0.00047809923631181306,99.0,0.9899999999999999,1.0,0.3333333333333333,0.034364261168384876,4.916779098214575,0.0,0.0018116434070652306
667,3,5,8,29,32,3,52,0.1308757482096553,3.9307327205315232,0.14217336429283023,1.3139907594304532,0.08511017537675798,0.0011523319268829288,0.27604415444657204,2.6411451584277433e-06,0.5806362649612129,37,1024,9,0.6084134406410158,0.35324278834322587,1.4565647929269288,4,0.32940274791731056,3.5044856329163774,66.88888888888889,0.6688888888888889,0.4444444444444444,0.3333333333333333,0.04253636938646426,3.824588044164826,0.37507876177458016,5.252474132123341,0.3588846660292391,7.006666666666668,64.0,0.64,0.3333333333333333,0.3333333333333333,0.04696394686907021,3.8771838116754673,0.348741370311883,5.252474132123341,0.3761850846805974,2.7033333333333296,62.0,0.62,0.0,0.0,0.04838709677419354,2.8336817255964686,0.37567790832707604,4.147423570367287,0.25313849304209524,0.8034568987491331,74.66666666666667,0.7466666666666667,1.0,0.6666666666666666,0.03225806451612903,4.762898595222542,0.18942072788367312,0.834197817650451
668,6,10,5,26,32,8,94,0.4914670193102211,7.463728628121316,0.4265212559141218,2.6773993470706046,0.23027170714922252,0.046090151220981396,0.041553494241088625,4.114907916317054e-06,0.7304867533408106,31,1024,8,0.3444018261507153,1.8680523327494754,3.020454856835685,2,0.007458694173875664,0.0011111111111109886,99.22222222222223,0.9922222222222222,1.0,0.7777777777777778,0.011189674523007858,5.585206964246063,0.008650597747081842,0.004237607851378849,0.006622912594825346,0.0033333333333329662,99.33333333333333,0.9933333333333333,1.0,0.6666666666666666,0.016734006734006737,6.2976379774006,0.004953558972085419,0.004237607851378849,0.009274830694178822,0.0,99.0,0.9899999999999999,1.0,1.0,0.010101010101010102,4.137436374833789,0.009105494531794954,0.0,0.006478339232622823,0.0,99.33333333333333,0.9933333333333333,1.0,0.6666666666666666,0.006734006734006735,6.320546540503801,0.004748880144070718,0.0
669,14,6,3,13,96,15,40,0.10167993367649615,4.942873830907047,0.22348476564511655,1.919169532833621,0.48574446653947234,0.0005850424754023713,0.48814963605254885,0.00036782906651527735,0.07873599626123905,29,128,10,0.4257645562291145,0.12574968198206504,8.841224173077302,5,0.04008660195481731,0.19443636089513508,96.0,0.9600000000000001,1.0,0.1111111111111111,0.01138888888888889,4.1071601224312975,0.0,0.7783673705111724,0.0,0.0,100.0,1.0,1.0,0.0,0.0,5.025838329456747,0.0,0.0,0.0,0.0,100.0,1.0,1.0,0.0,0.006666666666666667,3.1723866697090366,0.0,0.0,0.12025980586445191,0.5833090826854053,88.0,0.88,1.0,0.3333333333333333,0.0275,4.123255368128109,0.0,0.7783673705111724
670,10,10,7,18,192,12,76,0.1687460748013109,2.281848458573222,0.03815939268097281,0.5267339360434562,0.8899448900949211,0.013430394245819769,0.4472311969846487,0.0019297741545155473,0.5129076749831438,15,256,11,0.12735632266849278,1.0589774444035855,3.655553493704653,1,0.014103274597767727,0.019669057642427188,98.55555555555556,0.9855555555555555,1.0,0.1111111111111111,0.0,4.580476452777279,0.0,0.31674883929215086,0.0,0.0,100.0,1.0,1.0,0.0,0.0,5.38245066224287,0.0,0.0,0.0,0.0,100.0,1.0,1.0,0.0,0.0,3.4084456778752306,0.0,0.0,0.042309823793303176,0.05900717292728156,95.66666666666667,0.9566666666666667,1.0,0.3333333333333333,0.0,4.950533018213736,0.0,0.31674883929215086
671,6,6,2,5,96,5,19,0.3414570512715727,8.999478252604604,0.546063080523163,3.1597453597933054,0.29425034262239935,0.0020417998778823605,0.8915224456228316,5.502535460655329e-05,0.20369598453864457,46,64,5,0.7460350524634123,0.22541093501816392,1.1237952538399105,4,0.19894254347897788,2.1442572403125477,80.11111111111111,0.8011111111111111,0.5555555555555556,0.0,0.07396824070120853,3.1075283511046625,0.0,5.252474132123341,0.3279057694103636,5.453333333333336,67.33333333333333,0.6733333333333333,0.3333333333333333,0.0,0.09290283886445422,2.8652560204879696,0.194472358019323,5.252474132123341,0.13251326054749815,0.6399999999999999,86.66666666666667,0.8666666666666667,0.6666666666666666,0.0,0.05555555555555555,2.4403751126697495,0.0,2.0754817873116025,0.13640860047907202,0.3394383876043072,86.33333333333333,0.8633333333333333,0.6666666666666666,0.0,0.07344632768361582,4.0169539201562685,0.0,1.28622108194947
672,6,10,3,15,96,4,65,0.309624849492684,4.930393881164491,0.05156899271532893,2.3684160211123526,0.7378132704179734,0.011587627210990447,0.05649685366079211,6.219470997620504e-06,0.741127831749618,49,256,8,0.6487830195575952,0.43044468324403234,3.2573760558411937,4,0.2977869808598055,2.378462332253688,70.0,0.7,0.5555555555555556,0.5555555555555556,0.04285714285714286,2.7112630125696935,0.29611455017803806,3.6570555757403516,0.2989659512546536,5.0500000000000025,70.0,0.6999999999999998,0.3333333333333333,0.3333333333333333,0.04285714285714285,3.037005707266785,0.29868152085153576,3.6570555757403516,0.29627138729500846,1.6396666666666615,70.0,0.6999999999999998,0.3333333333333333,0.3333333333333333,0.04285714285714285,2.0438871457285823,0.295419780724251,2.7649490469115108,0.29812360402975435,0.4457203300944003,70.0,0.6999999999999998,1.0,1.0,0.04285714285714285,3.052896184713713,0.29698768239681195,0.9133046481594184
673,10,6,5,27,32,10,16,0.25732400245033205,6.912850270979106,0.5922846850939094,1.2585235710721463,0.45612171366810794,0.0023535352546424004,0.502843295969069,0.00032650820004699317,0.06229056658223271,14,1024,6,0.20378044229000808,0.6394845072650961,1.1529029124393837,3,0.0,0.0,100.0,1.0,1.0,0.0,0.0,5.688012451606078,0.0,0.0,0.0,0.0,100.0,1.0,1.0,0.0,0.0,6.309693682317932,0.0,0.0,0.0,0.0,100.0,1.0,1.0,0.0,0.0,4.392219337945183,0.0,0.0,0.0,0.0,100.0,1.0,1.0,0.0,0.0,6.362124334555119,0.0,0.0
674,14,10,1,9,96,13,89,0.12576763243414463,9.872702879831195,0.363209802377969,0.8331709515769035,0.06852933918125928,0.03996907450939939,0.46223978772759433,0.004842310207198047,0.49611092956736685,28,64,5,0.5233370341360569,0.07613013464414724,2.9459308419111205,3,0.03159133352849249,0.0031847537411922033,96.77777777777777,0.9677777777777778,1.0,0.3333333333333333,0.025575829984432134,3.8342018962506748,0.0,0.07392911890136983,0.0,0.0,100.0,1.0,1.0,0.0,0.02666666666666667,4.629545661155134,0.0,0.0,0.038568552917254605,0.0066666666666659324,96.0,0.96,1.0,0.3333333333333333,0.02090909090909091,2.713199928050127,0.0,0.07392911890136983,0.05620544766822286,0.0028875945569106776,94.33333333333333,0.9433333333333334,1.0,0.6666666666666666,0.02915173237753883,4.159860099546763,0.0347819707615493,0.010941853163498598
675,6,6,6,23,192,6,37,0.4109649011399597,3.0958148408681154,0.21486032707616687,3.8173872474581003,0.6373306508176029,0.0006779173230746934,0.906252345163375,2.796336018482207e-05,0.2147346032783389,35,512,11,0.2683835798874497,3.576331630065766,9.92712691951961,2,0.19856672184246374,1.0862572403125457,80.0,0.8,0.5555555555555556,0.1111111111111111,0.01223918163573336,4.356500413529606,0.0,4.724070697798037,0.0,0.0,100.0,1.0,1.0,0.0,0.0,6.066766997488837,0.0,0.0,0.43274069448280783,2.9193333333333293,56.333333333333336,0.5633333333333334,0.0,0.0,0.023712494402149575,2.1968966045314082,0.4266964672011133,4.724070697798037,0.1629594710445834,0.3394383876043072,83.66666666666667,0.8366666666666666,0.6666666666666666,0.3333333333333333,0.013005050505050506,4.80583763856857,0.019813680534129272,1.28622108194947
676,3,9,6,20,128,5,80,0.09305599760264158,8.84353269264102,0.6304586985148489,0.6986036312300712,0.5156188229098916,0.09290123080110503,0.6731637478806078,1.6172003268533292e-05,0.3641541564837098,38,256,6,0.6852221339009702,0.18492900034207854,4.371692416278639,4,0.0,0.0,100.0,1.0,1.0,0.0,0.0011111111111111111,4.9208036665287285,0.0,0.0,0.0,0.0,100.0,1.0,1.0,0.0,0.0,5.6547969991030795,0.0,0.0,0.0,0.0,100.0,1.0,1.0,0.0,0.0033333333333333335,3.4674696748455367,0.0,0.0,0.0,0.0,100.0,1.0,1.0,0.0,0.0,5.640144325637569,0.0,0.0
677,13,7,4,6,64,12,46,0.4969057776965201,1.8754141479730606,0.12260039513930678,3.2213905695825815,0.24025013162754477,0.0009992946110166335,0.2296118441969156,0.0007951886988316294,0.4392139538563788,22,64,12,0.07881591776385903,1.244817525516687,1.4935139091528984,1,0.31938176524173484,4.543859265991583,68.0,0.68,0.4444444444444444,0.1111111111111111,0.020311890838206628,2.1411519873970737,0.0,7.246363444751502,0.4830598503355798,10.783333333333333,51.666666666666664,0.5166666666666667,0.0,0.0,0.0,1.5733061897802818,0.469961224788354,7.246363444751502,0.14156776548039293,1.7826666666666657,85.66666666666667,0.8566666666666666,0.6666666666666666,0.0,0.06093567251461988,2.3124306465155984,0.0,1.4907941244944822,0.3335176799092318,1.0655777979747503,66.66666666666667,0.6666666666666666,0.6666666666666666,0.3333333333333333,0.0,2.537719125895341,0.24492315787995317,1.298774281893203
678,11,11,7,24,64,15,58,0.3327234463766217,3.6970842527225614,0.30789406886324283,2.7373905279673636,0.2841901623643935,0.022586570009394125,0.737790292315185,0.0001696602242472702,0.1437126832641661,17,1024,9,0.48664163602516053,0.10319689118009436,2.272746954076125,5,0.028646251142024206,0.040435350640726724,97.11111111111111,0.9711111111111111,1.0,0.2222222222222222,0.017123666711295577,5.200596655351017,0.0,0.4596604481053848,0.0,0.0,100.0,1.0,1.0,0.0,0.0,6.14471000386402,0.0,0.0,0.00955252556929182,0.0,99.0,0.9899999999999999,1.0,0.3333333333333333,0.027388316151202744,4.051568898167525,0.0,0.0,0.0763862278567808,0.12130605192218018,92.33333333333333,0.9233333333333333,1.0,0.3333333333333333,0.023982683982683984,5.405511064021506,0.0,0.4596604481053848
679,9,5,2,12,128,8,23,0.17407477544620634,5.897138335742056,0.5109706030227243,2.0889202828984708,0.8601444112602622,0.004052116131258423,0.2909768826328218,1.0461140936115762e-06,0.5670927945151925,43,128,7,0.39292075531557197,2.1965330627137676,7.3929369358799795,2,0.15544774392115884,2.0586948519092805,84.44444444444444,0.8444444444444444,0.6666666666666666,0.0,0.03583701586797562,3.5580802193220515,0.0,7.200788831891428,0.3030611265101744,5.833333333333331,69.66666666666667,0.6966666666666667,0.3333333333333333,0.0,0.044831309041835354,3.207266563316074,0.21511556251279407,7.200788831891428,0.0,0.0,100.0,1.0,1.0,0.0,0.03,3.3200986691129706,0.0,0.0,0.1632821052533021,0.3427512223945106,83.66666666666667,0.8366666666666666,0.6666666666666666,0.0,0.032679738562091505,4.146875425537111,0.0,1.298774281893203
680,8,9,8,4,32,7,83,0.07366168978624046,8.024771392345428,0.23202845212072132,1.7119727910030633,0.7705052207224071,0.0015738506352942442,0.8141612663399428,0.0019825125629828718,0.29443003026768566,29,512,5,0.5474015888758004,0.2443430488061109,1.7367834338943193,5,0.0,0.0,100.0,1.0,1.0,0.0,0.0,4.4625259985009,0.0,0.0,0.0,0.0,100.0,1.0,1.0,0.0,0.0,5.110752005906154,0.0,0.0,0.0,0.0,100.0,1.0,1.0,0.0,0.0,3.138341663094858,0.0,0.0,0.0,0.0,100.0,1.0,1.0,0.0,0.0,5.138484326501687,0.0,0.0
681,12,7,3,19,128,13,54,0.46346271452493965,1.006127204746008,0.43370024524629114,2.9386126212775707,0.41368511025793847,0.06393220783273261,0.31120531787164507,6.872936310171195e-05,0.4164606520533562,32,64,11,0.28838946102187035,0.9250811315052777,5.085169129245551,2,0.32423497883485886,2.8405861271864032,67.44444444444444,0.6744444444444444,0.3333333333333333,0.1111111111111111,0.017154811976891022,2.6312368894505553,0.37917125746395114,5.252474132123341,0.26980079416317976,4.693333333333335,73.0,0.73,0.3333333333333333,0.0,0.011224297302395774,3.2119249444545566,0.18958562873197557,5.252474132123341,0.41624736062508577,2.8486666666666642,58.0,0.58,0.0,0.0,0.028544232195528763,1.565660417687244,0.41201939271703925,4.724070697798037,0.28665678171631104,0.9797583815592111,71.33333333333333,0.7133333333333333,0.6666666666666666,0.3333333333333333,0.011695906432748537,3.1161253062098653,0.21457505173215077,1.28622108194947
682,13,11,6,14,192,9,60,0.36968214879743755,3.9703763062134385,0.5327290941029786,3.3644215096719563,0.11075583919882775,0.005407681343960614,0.6265093522612005,4.596020534303463e-06,0.16791128516197204,46,1024,10,0.5805624180473388,0.13878597495651096,6.36090082666499,4,0.0031628626167402914,0.0,99.66666666666667,0.9966666666666667,1.0,0.1111111111111111,0.03822451317296678,5.304000239692872,0.0,0.0,0.0,0.0,100.0,1.0,1.0,0.0,0.006666666666666667,5.945581335108727,0.0,0.0,0.009488587850220874,0.0,99.0,0.9899999999999999,1.0,0.3333333333333333,0.044673539518900345,4.028070387206459,0.0,0.0,0.0,0.0,100.0,1.0,1.0,0.0,0.06333333333333334,5.938348996763428,0.0,0.0
683,4,5,4,26,64,4,31,0.1969846956897527,6.185795892961323,0.023466054908931253,0.26254898379556835,0.6052586752455682,0.018343986723418533,0.12029177746735513,0.00043726341127162794,0.6353715985827147,15,256,8,0.1397042921744287,1.661475536902311,1.9549395344785057,1,0.14859533232637584,0.5002859714119752,85.11111111111111,0.8511111111111112,0.7777777777777778,0.2222222222222222,0.0,4.187749060589176,0.0,6.106545221253793,0.0,0.0,100.0,1.0,1.0,0.0,0.0,5.912419338710606,0.0,0.0,0.152252717820019,0.5506666666666642,84.66666666666667,0.8466666666666667,0.6666666666666666,0.0,0.0,3.0752887994188955,0.0,6.106545221253793,0.2935332791591085,0.9501912475692617,70.66666666666667,0.7066666666666667,0.6666666666666666,0.6666666666666666,0.0,3.575539043638026,0.1694420030576509,4.256957236484063
684,5,12,2,29,64,9,74,0.28681791266426443,5.184459860436618,0.4391073361039161,3.733365618158132,0.5675954999867827,0.003412203657274952,0.36080455719493326,7.424074080179166e-05,0.6692357367835939,21,128,9,0.4201300175860524,0.3198707211443189,1.3399574947104338,3,0.2026300888236172,1.45252690530469,79.55555555555556,0.7955555555555556,0.6666666666666666,0.5555555555555556,0.023088023088023088,3.2656613356483533,0.22616834889011367,2.212031298420004,0.22855430424802567,2.980000000000001,77.0,0.77,0.3333333333333333,0.3333333333333333,0.025974025974025972,3.4784870091180653,0.2281604603946023,2.212031298420004,0.22630534427150337,1.1019999999999954,77.0,0.77,0.6666666666666666,0.6666666666666666,0.025974025974025972,2.2700978342234053,0.22553386109818083,1.5931725123246676,0.1530306179513225,0.2755807159140736,84.66666666666667,0.8466666666666667,1.0,0.6666666666666666,0.017316017316017316,4.048399163603589,0.11457934178517121,0.4596604481053848
685,14,4,7,17,192,14,18,0.2204683102667332,7.221832535229623,0.29207681883126496,1.0929152972530574,0.20466004991903902,0.007340692253488538,0.8665550513658672,2.4056536247576096e-06,0.041705233529210094,43,1024,7,0.327819213271141,0.8449720406021891,3.7869166450234815,2,0.0,0.0,100.0,1.0,1.0,0.0,0.0011111111111111111,5.701320672200786,0.0,0.0,0.0,0.0,100.0,1.0,1.0,0.0,0.0,6.274719342278938,0.0,0.0,0.0,0.0,100.0,1.0,1.0,0.0,0.0,4.4885206695956485,0.0,0.0,0.0,0.0,100.0,1.0,1.0,0.0,0.0033333333333333335,6.340722004727771,0.0,0.0
686,9,8,3,22,128,11,96,0.15910771219059827,9.039110036566854,0.14935254398733377,1.5773786485660821,0.31999166472814977,0.0008328266338692264,0.06884045270271599,1.1181328685169263e-05,0.5210321877151728,38,64,4,0.7082612967118621,0.05758313960360119,8.53664593693204,4,0.008600340845323809,0.0,99.11111111111111,0.991111111111111,1.0,0.2222222222222222,0.009166666666666667,4.6087446434992465,0.0,0.0,0.0,0.0,100.0,1.0,1.0,0.0,0.0,5.341863679544379,0.0,0.0,0.012591902179885246,0.0,98.66666666666667,0.9866666666666667,1.0,0.3333333333333333,0.017083333333333336,3.341675459847061,0.0,0.0,0.013209120356086181,0.0,98.66666666666667,0.9866666666666667,1.0,0.3333333333333333,0.010416666666666666,5.1426947911063,0.0,0.0
687,7,8,5,7,32,6,41,0.4302561987191439,2.2424580734223127,0.6913871891796588,2.342589121311903,0.8075490767136216,0.029882449935864978,0.5722571681719273,0.0011381989084087295,0.2822907510958612,26,256,10,0.10053078196942807,4.8098730970023835,2.5326002911376757,3,0.05767807075186642,0.1703375880852799,94.22222222222223,0.9422222222222223,0.8888888888888888,0.0,0.04138888888888889,4.332268138704993,0.0,1.9363613973365315,0.0,0.0,100.0,1.0,1.0,0.0,0.056666666666666664,5.514295333220313,0.0,0.0,0.0,0.0,100.0,1.0,1.0,0.0,0.04666666666666667,3.2516400042610862,0.0,0.0,0.17303421225559926,0.5110127642558397,82.66666666666667,0.8266666666666667,0.6666666666666666,0.0,0.020833333333333332,4.2308690786335825,0.0,1.9363613973365315
688,7,8,2,25,192,14,13,0.14181190100498497,1.5299589037895203,0.09551571002230047,2.2381330896168947,0.48910885192453857,0.004305482625606896,0.7089147669263184,4.922375904923031e-05,0.723060071952641,27,1024,5,0.6253031607717275,1.1852911764273146,2.3810486028054085,3,0.5831612828149456,7.161561409177818,41.55555555555556,0.41555555555555557,0.1111111111111111,0.1111111111111111,0.04995822890559733,2.504453803789969,0.6176689745785945,12.675147435641229,0.6201480706947015,13.10666666666667,38.0,0.38000000000000006,0.0,0.0,0.05263157894736842,2.4045561419865282,0.6183512785748873,9.023773346294323,0.6167117913390222,5.550999999999997,38.0,0.38000000000000006,0.0,0.0,0.05263157894736842,2.077847357692295,0.615947199087423,12.675147435641229,0.5126239864111131,2.8270175608667873,48.666666666666664,0.48666666666666664,0.3333333333333333,0.3333333333333333,0.04461152882205514,3.0309579116910843,0.45815383216038585,2.9329049666598626
689,9,8,8,11,96,8,68,0.41996608111076056,8.064109172672033,0.636181412730366,1.4803610530216247,0.2136364072095603,0.021181762486007623,0.2066690407693386,0.0027501371504275855,0.08035248765721917,34,256,11,0.1829922443255782,0.23478945926558556,6.968413500326959,4,0.0,0.0,100.0,1.0,1.0,0.0,0.0011111111111111111,4.871254677159919,0.0,0.0,0.0,0.0,100.0,1.0,1.0,0.0,0.0033333333333333335,5.608838009648025,0.0,0.0,0.0,0.0,100.0,1.0,1.0,0.0,0.0,3.486513348761946,0.0,0.0,0.0,0.0,100.0,1.0,1.0,0.0,0.0,5.518412673069785,0.0,0.0
690,15,12,4,19,32,6,35,0.29710993547923864,6.510505490936339,0.4946521856822073,0.9664293329697102,0.3108047924004495,0.0012537161544961233,0.7597910920158029,0.0005377507693808525,0.47949430445209146,49,512,8,0.5025968909263611,2.0723329407914592,4.660895734749901,2,0.0,0.0,100.0,1.0,1.0,0.0,0.0044444444444444444,4.741035334041549,0.0,0.0,0.0,0.0,100.0,1.0,1.0,0.0,0.006666666666666667,5.370932328514755,0.0,0.0,0.0,0.0,100.0,1.0,1.0,0.0,0.0,3.4901016748820743,0.0,0.0,0.0,0.0,100.0,1.0,1.0,0.0,0.006666666666666667,5.362071998727818,0.0,0.0
691,5,4,5,7,96,11,91,0.2377622179221362,4.20828687120229,0.34625805085524913,3.599898534361273,0.8866552751976997,0.07397417599802449,0.25245738280937075,3.7753182503346754e-06,0.23135703403502703,13,128,6,0.24486634749919173,0.12980206327607047,1.4327112634804682,3,0.009748450666464726,0.0033333333333329662,99.0,0.99,1.0,0.4444444444444444,0.01242747742993202,4.887498879728452,0.0,0.01139365321501683,0.016380407293526678,0.009999999999998899,98.33333333333333,0.9833333333333334,1.0,0.6666666666666666,0.017008906655445685,5.548371345550854,0.009969232447114007,0.01139365321501683,0.00955252556929182,0.0,99.0,0.9899999999999999,1.0,0.3333333333333333,0.013539518900343642,3.5261703103531112,0.0,0.0,0.0033124191365756783,0.0,99.66666666666667,0.9966666666666667,1.0,0.3333333333333333,0.006734006734006735,5.587954983281392,0.0,0.0
692,4,11,7,10,128,12,49,0.3874447397887707,7.74197834264487,0.5868988339789212,0.3924106757622212,0.7111991343554109,0.0005394378380929226,0.019826268311589956,1.7233160209082406e-06,0.33597225811332465,19,64,9,0.6647330186329782,0.6774469616297458,3.1948162102630846,1,0.0,0.0,100.0,1.0,1.0,0.0,0.0,4.73046277779051,0.0,0.0,0.0,0.0,100.0,1.0,1.0,0.0,0.0,5.500882330816239,0.0,0.0,0.0,0.0,100.0,1.0,1.0,0.0,0.0,3.2685856668589017,0.0,0.0,0.0,0.0,100.0,1.0,1.0,0.0,0.0,5.421920335696389,0.0,0.0
693,12,5,2,22,32,7,77,0.20768704703077673,5.226693890057504,0.079001076053828,3.5019505196250975,0.429611343704164,0.050180231500889724,0.5266929818317294,0.00010301656921454468,0.467401668895036,45,256,7,0.055720611754804854,0.34201009190084813,9.028086601965255,4,0.08555075183299686,0.24566586031278675,91.22222222222223,0.9122222222222223,1.0,0.5555555555555556,0.08052285295527754,4.401592886729379,0.0,0.6464073177679052,0.03579628868046718,0.0799999999999986,96.33333333333333,0.9633333333333334,1.0,0.3333333333333333,0.025393258426966294,5.333291490707016,0.0,0.12145691947357515,0.11377051492887602,0.4326666666666627,88.33333333333333,0.8833333333333333,1.0,0.6666666666666666,0.09615520282186947,3.15850233326533,0.07789489078448954,0.6210045987715395,0.1070854518896474,0.224330914271699,89.0,0.89,1.0,0.6666666666666666,0.12002009761699683,4.712984836215788,0.06973796374123319,0.6464073177679052
694,12,9,5,14,64,4,25,0.06295780874788762,2.5612748581916094,0.1768325406126678,3.0465589333325624,0.0950406147632748,0.0022086486394160545,0.44115858264267444,0.0014000851872144008,0.11407965021207928,40,128,6,0.46342348633334035,3.7539200767963896,3.595692427990828,2,0.1846905183457859,2.5645337661181076,81.44444444444444,0.8144444444444444,0.6666666666666666,0.1111111111111111,0.018249402825674013,4.291511396739206,0.0,6.258946796487252,0.18615959958410358,4.923333333333336,81.33333333333333,0.8133333333333334,0.6666666666666666,0.0,0.007575757575757576,4.886936889608588,0.0,6.258946796487252,0.23431857841467627,2.1313333333333295,76.33333333333333,0.7633333333333333,0.3333333333333333,0.0,0.01606133979015335,3.086118867248372,0.1489873002182617,1.4333796093620694,0.13359337703857782,0.6389346316876581,86.66666666666667,0.8666666666666667,1.0,0.3333333333333333,0.031111111111111107,4.901478433360656,0.0,0.8525940774069318
695,8,7,3,28,192,9,56,0.4457016515545547,9.28212377242744,0.3798749503679573,1.8127091017086059,0.66394567983225,0.012303585757409906,0.9438649342395364,9.187395409032623e-06,0.5967199998721481,24,512,12,0.3725651648826897,0.059926524005138065,1.0671520519171867,5,0.33615251024912557,3.800041188471934,66.22222222222223,0.6622222222222223,0.3333333333333333,0.2222222222222222,0.05734767025089606,3.700280472140519,0.37627705487957197,5.252474132123341,0.37913395302468395,7.893333333333337,62.0,0.62,0.0,0.0,0.06451612903225806,4.186241390554095,0.3790892829091773,5.252474132123341,0.3761850846805974,2.7033333333333296,62.0,0.62,0.0,0.0,0.06451612903225806,2.5743983851204955,0.37567790832707604,4.147423570367287,0.25313849304209524,0.8034568987491331,74.66666666666667,0.7466666666666667,1.0,0.6666666666666666,0.04301075268817204,4.340201640746967,0.18942072788367312,0.834197817650451
696,9,11,5,21,96,11,51,0.3505615708883852,6.873235887847841,0.27592987362295385,1.9626637033652514,0.5410847183782608,0.03186365220012987,0.3983020996209234,0.0002654344576888193,0.3110524775646627,47,64,10,0.5680615921504796,0.5035690629501371,7.905773824133488,2,0.25545938980867816,1.5400305716308467,74.33333333333333,0.7433333333333334,0.4444444444444444,0.1111111111111111,0.04881966904955411,3.760667034705268,0.0,3.526418971595706,0.13990554820018059,1.5400000000000005,86.0,0.86,0.6666666666666666,0.0,0.015747126436781608,4.907687647112955,0.0,2.3380456998663637,0.3331422209876321,2.100333333333328,66.33333333333333,0.6633333333333333,0.0,0.0,0.1188071188071188,2.041549582476492,0.31710676799678694,3.526418971595706,0.29333040023822193,0.9797583815592111,70.66666666666667,0.7066666666666667,0.6666666666666666,0.3333333333333333,0.011904761904761904,4.332763874526357,0.21954824653730437,1.28622108194947
697,11,5,3,8,192,5,86,0.18490758859552442,4.40848673414439,0.47764231041073796,2.6036950652487576,0.17804551487788556,0.0007838009946036741,0.8458226385060698,7.569286594312122e-06,0.3998440434783697,16,512,8,0.31165567589923737,0.4520390208975916,2.796887483526188,5,0.0,0.0,100.0,1.0,1.0,0.0,0.03333333333333333,5.3944155563496885,0.0,0.0,0.0,0.0,100.0,1.0,1.0,0.0,0.02,6.025453004209946,0.0,0.0,0.0,0.0,100.0,1.0,1.0,0.0,0.05000000000000001,4.201742007086675,0.0,0.0,0.0,0.0,100.0,1.0,1.0,0.0,0.03,5.956051657752444,0.0,0.0
698,13,9,7,29,96,8,29,0.0822216564323753,2.850486559793353,0.664131511747837,3.117163810878992,0.34660548414103687,0.009218696370645225,0.09234134634025394,3.9035345120616494e-05,0.18597322277724743,30,128,5,0.6039514557458461,2.841822113614788,1.2193142632407543,1,0.11405837221770423,0.7332810897650883,88.55555555555556,0.8855555555555555,0.7777777777777778,0.1111111111111111,0.0,4.046417525913206,0.0,2.3380456998663637,0.13990554820018059,1.5400000000000005,86.0,0.86,0.6666666666666666,0.0,0.0,4.409625247607928,0.0,2.3380456998663637,0.12913099578590548,0.6399999999999999,87.0,0.87,0.6666666666666666,0.0,0.0,2.928035832671805,0.0,2.0754817873116025,0.07313857266702663,0.019843269295264733,92.66666666666667,0.9266666666666667,1.0,0.3333333333333333,0.0,4.801591497459887,0.0,0.07519135205215145
699,3,7,1,16,32,15,63,0.47906918288208544,9.55596031434834,0.15490378607064484,0.6013575450051576,0.8340591300278902,0.0027196964215099287,0.5357016294728965,0.0034896938335505284,0.6173038553260267,33,1024,11,0.16023079147562386,0.08066447748446318,4.109523497722416,4,0.03946223593877444,0.025281089765087177,96.0,0.9600000000000001,1.0,0.2222222222222222,0.18805555555555556,6.083983831814732,0.0,0.6210045987715395,0.0,0.0,100.0,1.0,1.0,0.0,0.15333333333333335,7.205704002796362,0.0,0.0,0.05192992718965969,0.055999999999996795,94.66666666666667,0.9466666666666667,1.0,0.3333333333333333,0.25,4.529897162639018,0.0,0.6210045987715395,0.06645678062666362,0.019843269295264733,93.33333333333333,0.9333333333333332,1.0,0.3333333333333333,0.16083333333333336,6.516350330008815,0.0,0.07519135205215145
700,6,10,4,13,32,10,20,0.10834135944023729,1.838396679610014,0.39550198800861835,3.925562832504511,0.7438902740366757,0.01461088226918519,0.7757586534600704,0.0006465956722343548,0.698862947653979,36,1024,4,0.44309717062860726,1.5665671029496524,6.098801230857311,2,0.5235951347294132,6.772181537784376,47.55555555555556,0.47555555555555556,0.1111111111111111,0.0,0.05788450483572435,2.7677811354423447,0.5585024807464578,9.629267736904467,0.597177908296044,12.650000000000002,40.333333333333336,0.4033333333333333,0.0,0.0,0.041260162601626016,2.4027714935487245,0.5964994481833411,9.023773346294323,0.5731966312437564,5.009666666666664,42.333333333333336,0.42333333333333334,0.0,0.0,0.09945609945609946,2.0496568390820973,0.5579510519761777,9.629267736904467,0.40041086464843906,2.6568779466864605,60.0,0.6,0.3333333333333333,0.0,0.03293725244944757,3.8509150736962128,0.2955148114812887,2.9329049666598626
701,14,6,6,26,128,3,71,0.40059925001114605,8.317621007561684,0.24852294158190488,0.9336787716019899,0.3871739296708256,0.006795754792544429,0.3328591090161353,1.9687551955919592e-05,0.012072205990552903,24,128,10,0.3480947263538837,0.17453237034049807,2.0833364476042866,3,0.0,0.0,100.0,1.0,1.0,0.0,0.0,5.790200557352768,0.0,0.0,0.0,0.0,100.0,1.0,1.0,0.0,0.0,6.351726674474776,0.0,0.0,0.0,0.0,100.0,1.0,1.0,0.0,0.0,4.161466665100306,0.0,0.0,0.0,0.0,100.0,1.0,1.0,0.0,0.0,6.857408332483222,0.0,0.0
702,10,10,2,5,192,6,43,0.3199924041517079,5.656594579108059,0.018250862322747707,1.388614647788927,0.13726630415767432,0.06021071703272156,0.603913557389751,1.4606497888107353e-06,0.5492199082672596,19,512,9,0.7284887341782451,2.789389986964001,1.6361009241907334,3,0.4186104039855779,3.991734492799212,58.0,0.58,0.2222222222222222,0.2222222222222222,0.054761782189227864,3.0093425653370685,0.42915010346430155,6.258946796487252,0.36444539331295406,7.310000000000001,63.666666666666664,0.6366666666666666,0.3333333333333333,0.3333333333333333,0.06269075622848584,3.778749641121729,0.27424821919419695,6.258946796487252,0.4327540139076791,2.991666666666663,56.333333333333336,0.5633333333333334,0.0,0.0,0.052535579174923436,2.3674394367801983,0.4120825159250102,5.736899626746903,0.45863180473610066,1.6735368117309721,54.0,0.54,0.3333333333333333,0.3333333333333333,0.04905901116427432,2.881838618109279,0.4400159048589606,3.724183037097077
703,6,6,7,18,64,13,93,0.2747483702376485,3.3741495395079255,0.5603316482156515,2.5057166521437466,0.6318728936370462,0.001677061048341064,0.15592590956948696,0.00012230441312886258,0.25410885823890567,41,64,7,0.12353532947599888,0.0982667597596636,5.3240262469992805,4,0.0,0.0,100.0,1.0,1.0,0.0,0.003333333333333333,5.369424444830252,0.0,0.0,0.0,0.0,100.0,1.0,1.0,0.0,0.0,6.385365334960322,0.0,0.0,0.0,0.0,100.0,1.0,1.0,0.0,0.006666666666666667,3.7949703416476646,0.0,0.0,0.0,0.0,100.0,1.0,1.0,0.0,0.0033333333333333335,5.92793765788277,0.0,0.0
704,6,11,2,8,32,9,79,0.23524171132594346,3.0352764781564474,0.03212328469380736,1.603457298828289,0.08194138053804637,0.009733537556037708,0.3351841746363789,2.2607865127172753e-06,0.02891695201396942,26,128,10,0.408766446262598,2.1714391907308053,9.647406286605632,4,0.009546040417031705,0.0,99.0,0.99,1.0,0.1111111111111111,0.004774114774114774,5.389704336850052,0.0,0.0,0.0,0.0,100.0,1.0,1.0,0.0,0.0,6.444958991681536,0.0,0.0,0.028638121251095116,0.0,97.0,0.9700000000000001,1.0,0.3333333333333333,0.014322344322344324,3.370041684008753,0.0,0.0,0.0,0.0,100.0,1.0,1.0,0.0,0.0,6.354112334859868,0.0,0.0
705,10,5,7,21,96,4,44,0.3016067464835942,9.933000916615129,0.530384072009474,2.2441534963436425,0.6772533075418323,0.0027550368517570843,0.7827097991015761,7.960989491824476e-05,0.681933680754155,34,512,8,0.3178208345547318,0.10962181319127677,2.862503758996563,1,0.24618895099497543,3.430368351423658,75.33333333333333,0.7533333333333334,0.4444444444444444,0.0,0.004061888408847531,4.846462244286103,0.0,7.246363444751502,0.41934223750861016,8.993333333333336,58.0,0.58,0.0,0.0,0.005649717514124294,3.7177259838617354,0.3794415331600005,7.246363444751502,0.162551722365967,0.9583333333333314,83.66666666666667,0.8366666666666666,0.6666666666666666,0.0,0.006535947712418301,4.644723004125837,0.0,3.107817780479608,0.15667289311034924,0.3394383876043072,84.33333333333333,0.8433333333333334,0.6666666666666666,0.0,0.0,6.1769377448707345,0.0,1.28622108194947
706,14,9,4,16,192,7,59,0.4187641082331538,6.98660662677139,0.43126009413972494,3.695402756333351,0.6980463990010322,0.03346852876029362,0.15545418220572174,0.001060330270513317,0.24791311411187053,48,256,5,0.7194553229957819,1.214022350229044,1.1914106385868866,5,0.19501338190071607,0.9798536541401202,80.33333333333333,0.8033333333333333,0.6666666666666666,0.3333333333333333,0.04395047316395631,5.150131472135818,0.0,2.7649490469115108,0.03579628868046718,0.0799999999999986,96.33333333333333,0.9633333333333334,1.0,0.3333333333333333,0.02247191011235955,7.238671806735102,0.0,0.12145691947357515,0.32294990918824024,2.081999999999995,67.33333333333333,0.6733333333333333,0.0,0.0,0.06897546897546898,2.9062669898597,0.3157341817109648,2.7649490469115108,0.22629394783344078,0.7775609624203668,77.33333333333333,0.7733333333333334,1.0,0.6666666666666666,0.04040404040404041,5.305455619812651,0.16910407959094859,0.834197817650451
707,6,7,6,30,96,12,25,0.14762764805927875,4.856946515850723,0.24046104392036793,1.1794886433053762,0.44296923005022104,0.0007899279857627127,0.5988195579964667,1.1910204202630814e-05,0.5555001512169838,12,1024,11,0.11035695057362319,0.19382311894901535,3.36753508273065,2,0.4521554450376785,5.468351720117372,54.666666666666664,0.5466666666666666,0.2222222222222222,0.1111111111111111,0.020398107084976785,4.403044682378445,0.4367370388373386,8.882583636000541,0.54082916026819,11.543333333333335,46.0,0.45999999999999996,0.0,0.0,0.02178588607160036,3.6215988172698554,0.5320043410261295,7.246363444751502,0.4959270714309243,3.314666666666662,50.0,0.5,0.0,0.0,0.02609558316080055,3.54568164136352,0.475217974506027,8.882583636000541,0.3197101034139213,1.5470551603521197,68.0,0.68,0.6666666666666666,0.3333333333333333,0.013312852022529442,6.041853588501958,0.18942072788367312,1.7706245473341062
708,3,10,6,26,64,11,67,0.4484545832965523,5.823403504677117,0.699852139968425,3.3319249898195267,0.2973926592152566,0.05702540123479723,0.8314506300259381,6.564187250884056e-05,0.38254875101149083,18,512,4,0.5353537405841052,3.6649968744658215,7.123171428580862,4,0.0552297182320246,0.17587979508517032,94.44444444444444,0.9444444444444444,0.8888888888888888,0.1111111111111111,0.012222222222222223,7.724786741676293,0.0,1.3177147389233481,0.0,0.0,100.0,1.0,1.0,0.0,0.01,9.576626672254255,0.0,0.0,0.08265895177535768,0.40633333333333077,91.66666666666667,0.9166666666666666,0.6666666666666666,0.0,0.013333333333333334,5.3820463409647346,0.0,1.3177147389233481,0.08303020292071613,0.12130605192218018,91.66666666666667,0.9166666666666666,1.0,0.3333333333333333,0.013333333333333334,8.215687211809888,0.0,0.4596604481053848
709,13,6,1,13,128,5,17,0.05866555809043348,3.7705787578597665,0.1468579622916877,0.3399330817628652,0.8998575203120709,0.0016555332670411716,0.3885523348581046,0.0021648567663851604,0.32825160479173066,44,128,10,0.27770813005045053,0.07259570844537568,2.1889305747253736,3,0.0,0.0,100.0,1.0,1.0,0.0,0.02333333333333333,7.224993107116057,0.0,0.0,0.0,0.0,100.0,1.0,1.0,0.0,0.01,8.281826993916184,0.0,0.0,0.0,0.0,100.0,1.0,1.0,0.0,0.013333333333333334,5.199304671647648,0.0,0.0,0.0,0.0,100.0,1.0,1.0,0.0,0.04666666666666667,8.193847655784339,0.0,0.0
710,11,10,5,18,128,8,87,0.20824288749136033,1.935999784618616,0.2897861803881824,1.7325350313913077,0.47564646010287104,0.01391041775952969,0.548220328008756,0.0004008502605681485,0.6232297170720994,40,256,9,0.5924406795762479,0.646509641474503,1.5571147706718402,3,0.008690504363353382,0.0,99.11111111111111,0.991111111111111,1.0,0.2222222222222222,0.007967488505122914,7.230313341294806,0.0,0.0,0.0,0.0,100.0,1.0,1.0,0.0,0.0,8.269341338115433,0.0,0.0,0.002883532582360614,0.0,99.66666666666667,0.9966666666666667,1.0,0.3333333333333333,0.010067340067340067,5.395588691648949,0.0,0.0,0.023187980507699532,0.0,97.66666666666667,0.9766666666666667,1.0,0.3333333333333333,0.013835125448028673,8.026009994120033,0.0,0.0
711,9,6,3,5,64,14,37,0.38095580018125474,8.78325604647398,0.4477321703918278,2.8493018713779747,0.22689215345308184,0.006743114527299934,0.10023393654264509,4.8071875643510804e-06,0.18014350421726705,23,64,7,0.1502133713103831,0.404989528391405,4.558525901710373,2,0.22539720026856302,3.259328886873857,77.44444444444444,0.7744444444444444,0.6666666666666666,0.1111111111111111,0.08471250971250971,4.640364296504216,0.0,6.258946796487252,0.36786536209681037,7.3033333333333355,63.333333333333336,0.6333333333333333,0.3333333333333333,0.0,0.065,4.05397932510823,0.2496882229108505,6.258946796487252,0.15803233662433894,1.8343333333333323,84.0,0.84,0.6666666666666666,0.0,0.07641025641025641,3.7590009305411236,0.0,1.5340015084317755,0.15029390208453985,0.6403199939549038,85.0,0.85,1.0,0.3333333333333333,0.11272727272727273,6.108112633863295,0.0,0.8544427041764607
712,8,8,5,11,128,13,75,0.4853240209631622,6.13184926006943,0.21251599211245775,2.816606281325221,0.15052119069732725,0.0013444544944913538,0.5271646101027727,0.0008391015649711724,0.4493826064653695,47,1024,5,0.6957325690425933,4.843956000108839,1.883361621129383,3,0.07788314661549228,0.2588318639607117,92.11111111111111,0.9211111111111112,1.0,0.5555555555555556,0.026607469840073394,7.4982653330448885,0.0,0.31499576676865415,0.06273799041936258,0.2066666666666661,93.66666666666667,0.9366666666666666,1.0,0.3333333333333333,0.008230452674897118,8.757111300827376,0.0,0.3137637086400738,0.08809376446393609,0.4126666666666649,91.0,0.91,1.0,0.6666666666666666,0.05272320629808552,5.370081113738878,0.03937976508707965,0.31499576676865415,0.08281768496317815,0.15716225854880417,91.66666666666667,0.9166666666666666,1.0,0.6666666666666666,0.018868750547237544,8.36760358456841,0.029551571167517193,0.20586404037296388
713,12,8,3,24,32,6,20,0.08145874775946141,4.0240826131775975,0.3718663841485977,2.0582543287891895,0.6184096389450133,0.07610843758519267,0.024920366797596214,1.4956486676852991e-05,0.3538951773568988,16,128,11,0.09069286501035094,0.053961292563574785,6.127108000741154,2,0.3560898652173059,4.0669208941932595,64.33333333333333,0.6433333333333333,0.3333333333333333,0.0,0.020201940629523005,3.40515409043274,0.0,12.039357013089377,0.3644451827992377,7.3033333333333355,63.666666666666664,0.6366666666666667,0.3333333333333333,0.0,0.014653784219001612,3.6932454560883343,0.2692919838877428,6.258946796487252,0.36729093289167114,2.9199999999999964,63.0,0.63,0.3333333333333333,0.0,0.03207482993197279,2.541809186226923,0.25208081623335354,12.039357013089377,0.3365334799610087,1.9774293492464474,66.33333333333333,0.6633333333333333,0.3333333333333333,0.0,0.013877207737594618,3.9804076289829626,0.20963690287438624,2.1857343826447497
714,12,12,7,7,64,3,96,0.188965308573097,1.0820807591080666,0.6007179640233516,0.6074607509654015,0.7570949019398541,0.004640812463879061,0.941539769526571,1.1323067674607663e-06,0.6019220916554332,31,512,8,0.47596166105940935,0.870251882246528,5.301035915781006,4,0.0,0.0,100.0,1.0,1.0,0.0,0.0,6.936892333906144,0.0,0.0,0.0,0.0,100.0,1.0,1.0,0.0,0.0,7.918479337046544,0.0,0.0,0.0,0.0,100.0,1.0,1.0,0.0,0.0,4.92543232627213,0.0,0.0,0.0,0.0,100.0,1.0,1.0,0.0,0.0,7.966765338399758,0.0,0.0
715,4,4,2,19,192,10,39,0.34760200008749964,7.9491268284618855,0.04912819359451532,3.2401227192021906,0.37376417610794305,0.02190659570458109,0.4342075360938906,0.00016061455064372645,0.10897372366860508,33,64,6,0.3808715927414596,0.3065890799542973,1.8112421013744986,3,0.01949109468931954,0.011999999999999665,98.0,0.98,1.0,0.2222222222222222,0.01097691894793344,7.940041135876104,0.0,0.11674585053627443,0.0,0.0,100.0,1.0,1.0,0.0,0.0,9.256701664223025,0.0,0.0,0.05847328406795862,0.03599999999999899,94.0,0.9400000000000001,1.0,0.6666666666666666,0.03293075684380032,5.350160406851441,0.03821742063263279,0.11674585053627443,0.0,0.0,100.0,1.0,1.0,0.0,0.0,9.213261336553842,0.0,0.0
716,5,11,4,23,192,14,81,0.26869852165691555,2.166525909677148,0.5084767501801252,0.7365653056185693,0.3599657501094043,0.002059606589722559,0.1941504696384072,0.00033904163055169283,0.09791877621784806,36,64,9,0.6586105024442077,1.6141222086855835,2.4615556275194876,5,0.0,0.0,100.0,1.0,1.0,0.0,0.0,6.274243779739158,0.0,0.0,0.0,0.0,100.0,1.0,1.0,0.0,0.0,7.824131001252681,0.0,0.0,0.0,0.0,100.0,1.0,1.0,0.0,0.0,4.458448005995403,0.0,0.0,0.0,0.0,100.0,1.0,1.0,0.0,0.0,6.540152331969391,0.0,0.0
717,15,5,6,10,64,8,53,0.3209873088169843,9.114801874384284,0.3163584133610129,3.845297916326672,0.8209087774623186,0.011958696133547816,0.701022049318999,5.648120606016596e-06,0.7054092845693231,25,256,7,0.21497311256825924,0.14487937869546594,8.293823321191788,2,0.17049120600274587,2.0587733313183016,82.88888888888889,0.8288888888888889,0.6666666666666666,0.1111111111111111,0.03058565045603929,3.988008169195142,0.0,3.94220401239626,0.2396078208179535,3.8466666666666685,76.0,0.7600000000000001,0.3333333333333333,0.0,0.01045751633986928,3.9228433459461516,0.1597670183080149,3.94220401239626,0.13499371160250176,1.6893333333333316,86.33333333333333,0.8633333333333333,0.6666666666666666,0.0,0.025649717514124298,3.239674727829689,0.0,1.4127420760916292,0.13687208558778233,0.6403199939549038,86.33333333333333,0.8633333333333333,1.0,0.3333333333333333,0.05564971751412429,4.801506433809586,0.0,0.8544427041764607
718,9,9,3,28,32,5,62,0.39586790832690893,7.275826307944953,0.13122595828026531,2.453158913180232,0.5543914832174778,0.0005004552515532664,0.26682951869443056,3.076011990476018e-05,0.22588283244520427,20,128,6,0.513339969702065,0.9190866088336282,3.913906903801481,4,0.16984555853325028,0.7556819040450141,82.88888888888889,0.8288888888888889,0.7777777777777778,0.3333333333333333,0.031861554166619226,4.1370792656210975,0.0,3.230702495990206,0.0,0.0,100.0,1.0,1.0,0.0,0.01,6.08257134212181,0.0,0.0,0.31955866073622186,1.6816666666666629,67.66666666666667,0.6766666666666667,0.3333333333333333,0.3333333333333333,0.04434349989184513,2.1059480129272212,0.3156767355771774,3.230702495990206,0.18997801486352897,0.5853790454683798,81.0,0.81,1.0,0.6666666666666666,0.04124116260801256,4.22271844181426,0.11966578304925526,0.6192587882376919
719,7,7,8,15,128,11,32,0.11065522697754204,5.130775078199804,0.6281674537807702,1.218729165615514,0.16494542094878853,0.04851942098863997,0.7695407293736934,0.004668146643132615,0.48505302691832186,41,1024,12,0.25701865255832673,0.26089038821237953,1.3850939853047204,1,0.012081278802348728,0.003455958787721178,98.77777777777777,0.9877777777777779,1.0,0.1111111111111111,0.0,6.771784568261867,0.0,0.03928660293099189,0.0,0.0,100.0,1.0,1.0,0.0,0.0,7.897360331068437,0.0,0.0,0.0,0.0,100.0,1.0,1.0,0.0,0.0,5.035186340877165,0.0,0.0,0.03624383640704618,0.010367876363163536,96.33333333333333,0.9633333333333334,1.0,0.3333333333333333,0.0,7.382807032839999,0.0,0.03928660293099189
720,7,9,3,18,96,8,47,0.4137045282870531,4.137028188444674,0.16283434284850953,1.3524248518515378,0.27088258690200745,0.005148378108716857,0.8697960522491485,2.097022832538016e-05,0.046982021257281306,50,512,5,0.4319044768810272,0.05981076339781406,1.48727550891916,1,0.0,0.0,100.0,1.0,1.0,0.0,0.0,5.868898888066825,0.0,0.0,0.0,0.0,100.0,1.0,1.0,0.0,0.0,6.6737226652912796,0.0,0.0,0.0,0.0,100.0,1.0,1.0,0.0,0.0,4.16932199926426,0.0,0.0,0.0,0.0,100.0,1.0,1.0,0.0,0.0,6.763651999644935,0.0,0.0
721,10,7,5,4,192,15,77,0.1214895430020988,6.582073164172471,0.6611466010101139,2.579416163265705,0.8732436945661902,0.01820170931857252,0.3668415795546025,0.0006023793824120986,0.6638628058694303,14,64,11,0.33826722521334884,4.025925369613449,4.839028133374883,4,0.0054884498283078375,0.0001593664121039377,99.44444444444444,0.9944444444444444,1.0,0.1111111111111111,0.02391812865497076,5.064897140820254,0.0,0.0018116434070652306,0.0,0.0,100.0,1.0,1.0,0.0,0.02666666666666667,5.8735943282954395,0.0,0.0,0.0,0.0,100.0,1.0,1.0,0.0,0.01,3.530779665646454,0.0,0.0,0.01646534948492351,0.00047809923631181306,98.33333333333333,0.9833333333333334,1.0,0.3333333333333333,0.03508771929824561,5.790317428518871,0.0,0.0018116434070652306
722,15,11,2,25,96,12,27,0.2578656800091267,8.122218526899815,0.47447481872513886,3.9425442260690033,0.502260988811031,0.0014906045862517422,0.5708730870392174,0.00013114538506625912,0.2645386930368841,28,1024,10,0.7398536380380392,0.3307483912225197,6.6842532868981985,2,0.4237228878602164,5.52422362567478,57.55555555555556,0.5755555555555555,0.3333333333333333,0.1111111111111111,0.020454959271969865,3.1566459693576063,0.2849923668857359,9.629267736904467,0.5840761653288564,12.526666666666669,41.666666666666664,0.4166666666666667,0.0,0.0,0.031920292385408666,2.1470595671351664,0.5619249213291204,8.032525516587752,0.48681860063622734,3.2719999999999994,51.0,0.51,0.3333333333333333,0.3333333333333333,0.02111125209716759,2.3433276778662786,0.4162316307394939,9.629267736904467,0.20027389761556533,0.7740042103576705,80.0,0.7999999999999999,0.6666666666666666,0.0,0.008333333333333333,4.979550663071374,0.0,2.9329049666598626
723,5,5,7,13,32,5,56,0.3031492128036916,1.4716092236340046,0.28372190920636053,0.8407927348744124,0.2534029160626233,0.06311217270420948,0.06465699509717523,1.3727342463348795e-06,0.5388804110139609,36,256,8,0.13353237565606832,0.7040665086819843,2.282991454232674,5,0.17095290349474376,0.8607425430290102,82.77777777777777,0.8277777777777778,0.7777777777777778,0.3333333333333333,0.06633246040653448,4.318937701151351,0.0,3.526418971595706,0.0,0.0,100.0,1.0,1.0,0.0,0.04,6.090981662273407,0.0,0.0,0.28656476265079045,1.8046666666666638,71.0,0.71,0.3333333333333333,0.3333333333333333,0.11859334081556304,2.4604879000342286,0.26172767619766046,3.526418971595706,0.22629394783344078,0.7775609624203668,77.33333333333333,0.7733333333333334,1.0,0.6666666666666666,0.04040404040404041,4.405343541146416,0.16910407959094859,0.834197817650451
724,4,12,5,17,32,7,14,0.17154096593149007,9.224052974954247,0.5680699677206575,3.139615122694522,0.05532714314758778,0.000874764772482106,0.29774563484825195,7.917323315284487e-06,0.4107340456545353,39,128,9,0.5561846631579102,0.13429748230936986,1.0978680931070648,3,0.25805548307549286,3.1390014034525557,74.22222222222223,0.7422222222222222,0.5555555555555556,0.0,0.03107497741644083,3.2539134509766123,0.0,8.921230467359159,0.39426955938912206,7.6,60.666666666666664,0.6066666666666666,0.3333333333333333,0.0,0.032520325203252036,2.8147851585645256,0.2940180429874607,8.921230467359159,0.18288701551649744,1.0429999999999975,81.66666666666667,0.8166666666666668,0.6666666666666666,0.0,0.044444444444444446,2.721114121205001,0.0,3.3823867252593707,0.19700987432085915,0.7740042103576705,80.33333333333333,0.8033333333333333,0.6666666666666666,0.0,0.016260162601626018,4.22584107316031,0.0,2.9329049666598626
725,12,4,4,29,128,13,70,0.33723442028276623,2.6196546461433172,0.015116433706134557,0.4992858364712447,0.6507428362499923,0.030115737419861538,0.8035009881015867,0.0002433223456777133,0.3000721378438175,22,1024,7,0.3011452642269432,1.9950984467434834,3.700746650598593,4,0.008926372767302898,0.0,99.11111111111111,0.991111111111111,1.0,0.1111111111111111,0.008454106280193238,6.45339459264066,0.0,0.0,0.0,0.0,100.0,1.0,1.0,0.0,0.0,7.309174005252619,0.0,0.0,0.0,0.0,100.0,1.0,1.0,0.0,0.0,5.1164063275791705,0.0,0.0,0.026779118301908697,0.0,97.33333333333333,0.9733333333333333,1.0,0.3333333333333333,0.025362318840579712,6.934603445090192,0.0,0.0
726,12,8,8,7,192,10,34,0.49568964359350504,5.297982546500862,0.24550500428304076,1.9209539212752134,0.7245575732551516,0.0036028031245701974,0.13189451242797076,0.003810784957121374,0.6528545020334423,18,64,4,0.6160006365738809,0.235375645729436,8.735678479451218,2,0.16468012477112193,1.1185596884086768,83.44444444444444,0.8344444444444444,0.6666666666666666,0.1111111111111111,0.015425915740056063,3.7571509671170507,0.0,1.7706245473341062,0.0,0.0,100.0,1.0,1.0,0.0,0.023333333333333334,5.432526661703984,0.0,0.0,0.15414724550709782,1.6893333333333316,84.33333333333333,0.8433333333333333,0.6666666666666666,0.3333333333333333,0.009195816804904436,2.8655221426280932,0.02873030085689409,1.4127420760916292,0.33989312880626793,1.6663457318926989,66.0,0.66,0.3333333333333333,0.0,0.013748597081930415,2.9734040970190745,0.22986022020951621,1.7706245473341062
727,8,8,2,22,64,4,90,0.09888504925183952,7.670449360273778,0.4034863078035414,2.686515875160694,0.46958415773697193,0.007436154231798498,0.6353160940576345,3.728059045970368e-05,0.1505129025876522,44,256,10,0.1709107899107039,1.105832750209563,3.0909415756980816,3,0.021727524166757446,0.011999999999999665,97.77777777777777,0.9777777777777779,1.0,0.3333333333333333,0.010547294033910368,5.166310339765535,0.0,0.11674585053627443,0.0,0.0,100.0,1.0,1.0,0.0,0.0,6.066506000546117,0.0,0.0,0.04525476518630963,0.03599999999999899,95.33333333333333,0.9533333333333335,1.0,0.6666666666666666,0.014336917562724016,3.6435744388773372,0.03349714565838896,0.11674585053627443,0.01992780731396271,0.0,98.0,0.98,1.0,0.3333333333333333,0.01730496453900709,5.7888505798731495,0.0,0.0
728,9,10,7,27,192,6,22,0.19094900833442807,9.47810990177095,0.34327253382652995,2.9463187963701785,0.3334548671729862,0.03708107583272188,0.23099579792469738,9.752087624929596e-05,0.4327628497220576,29,256,8,0.6754143313504756,0.09980108368925499,4.228426671281347,2,0.491421714243565,5.874970518215353,50.77777777777778,0.5077777777777778,0.1111111111111111,0.0,0.019993297885430493,2.313106994868087,0.523567395474304,8.505545129603506,0.5509093820115912,11.543333333333335,45.0,0.45,0.0,0.0,0.022355112587670728,2.0978845212620265,0.5370864282171146,7.246363444751502,0.5397823348759587,3.98066666666666,45.666666666666664,0.4566666666666666,0.0,0.0,0.021936335147616687,1.6211414287727293,0.5253587688667343,8.505545129603506,0.3835734258431452,2.1009115546460624,61.666666666666664,0.6166666666666667,0.3333333333333333,0.0,0.01568844592100406,3.2202950345695047,0.28521571152750896,2.9329049666598626
729,11,6,2,15,96,11,72,0.3706637488678098,2.9286459628492594,0.5025834713131189,1.836990839568898,0.794294141093269,0.0006554869798552582,0.6773473328910767,1.8653670427085188e-06,0.3705207397416234,31,1024,6,0.06776843657717109,2.636078209579518,1.2547551809846444,3,0.0,0.0,100.0,1.0,1.0,0.0,0.05,6.008483111185746,0.0,0.0,0.0,0.0,100.0,1.0,1.0,0.0,0.03666666666666667,6.7708479923506575,0.0,0.0,0.0,0.0,100.0,1.0,1.0,0.0,0.05666666666666667,4.676009668813397,0.0,0.0,0.0,0.0,100.0,1.0,1.0,0.0,0.05666666666666667,6.578591672393183,0.0,0.0
730,13,10,6,23,32,14,41,0.45874467575922606,4.464398889802396,0.6439728420227766,0.47339949500747025,0.5810052013024688,0.010805572129142226,0.28773575434461235,8.496582779412203e-06,0.5838512002304196,45,128,5,0.45291438894346353,0.17804433882563758,2.706695469399695,3,0.0,0.0,100.0,1.0,1.0,0.0,0.0,4.930001770456632,0.0,0.0,0.0,0.0,100.0,1.0,1.0,0.0,0.0,5.629909323373188,0.0,0.0,0.0,0.0,100.0,1.0,1.0,0.0,0.0,3.6223209936482212,0.0,0.0,0.0,0.0,100.0,1.0,1.0,0.0,0.0,5.537774994348486,0.0,0.0
731,3,6,4,9,96,9,93,0.07596139442175627,6.8170834062621,0.09234894718974829,3.458410730585456,0.19145537293516102,0.002287538696285219,0.731753397360444,0.001477449650049975,0.12703877637162805,15,512,11,0.3606868798844516,1.4872389293695407,7.647611658667801,4,0.0010622657018342294,0.0,99.88888888888889,0.9988888888888889,1.0,0.1111111111111111,0.0033670033670033673,5.9604407363862855,0.0,0.0,0.0,0.0,100.0,1.0,1.0,0.0,0.0,6.634439331634591,0.0,0.0,0.003186797105502688,0.0,99.66666666666667,0.9966666666666667,1.0,0.3333333333333333,0.010101010101010102,4.343984544799296,0.0,0.0,0.0,0.0,100.0,1.0,1.0,0.0,0.0,6.902898332724969,0.0,0.0
732,6,9,1,6,128,4,50,0.43652519970200954,3.3182760747149587,0.3767398737370968,1.0419589627999812,0.12390614268369973,0.024345957008781977,0.4912406601011753,0.0026513102187966414,0.06828816907480359,21,256,6,0.6353015629574656,0.07902908536400909,5.525981967368799,2,0.17443263423655456,1.1366448772292173,82.44444444444444,0.8244444444444444,0.6666666666666666,0.1111111111111111,0.04108228296907542,4.203499790983581,0.0,6.106545221253793,0.0,0.0,100.0,1.0,1.0,0.0,0.04666666666666667,5.791213987395167,0.0,0.0,0.3897045256710858,2.770999999999994,60.666666666666664,0.6066666666666667,0.0,0.0,0.06546907112944848,1.9207166204505144,0.352329146156378,6.106545221253793,0.13359337703857782,0.6389346316876581,86.66666666666667,0.8666666666666667,1.0,0.3333333333333333,0.011111111111111112,4.8985687651050585,0.0,0.8525940774069318
733,14,7,7,20,32,10,84,0.1583315005991608,5.712777034379542,0.1845715472474694,3.5655408408492804,0.5918983570300043,0.00419082061587427,0.047690012771636245,5.414509149776699e-05,0.7350340640172363,42,64,12,0.19435583390295502,2.9917138543298925,1.6988785185627873,5,0.01294550949476912,0.0,98.66666666666667,0.9866666666666666,1.0,0.2222222222222222,0.019456264775413713,4.82561316667565,0.0,0.0,0.0,0.0,100.0,1.0,1.0,0.0,0.01,5.778470996301621,0.0,0.0,0.018908721170344655,0.0,98.0,0.98,1.0,0.3333333333333333,0.0275177304964539,3.313251229990538,0.0,0.0,0.01992780731396271,0.0,98.0,0.98,1.0,0.3333333333333333,0.02085106382978723,5.38511727373479,0.0,0.0
734,10,11,4,12,64,13,29,0.2245393348392099,8.395501527935266,0.08698474783450365,2.143416515085846,0.7836052655708045,0.09962399753016404,0.9197121272794901,3.4286092535391895e-06,0.19770335998386146,37,512,9,0.4927707457914948,0.4448383386253428,1.9980894233102997,1,0.3351021538540542,2.2609030329219055,66.33333333333333,0.6633333333333333,0.3333333333333333,0.1111111111111111,0.038657097653494975,3.088453023684285,0.21282841120826893,6.106545221253793,0.17827674792950302,2.213333333333334,82.33333333333333,0.8233333333333333,0.6666666666666666,0.0,0.0033333333333333335,4.627955923722198,0.0,3.3603081054356387,0.39972400613959275,2.775333333333328,59.666666666666664,0.5966666666666667,0.0,0.0,0.10523055221974419,1.9888264758468448,0.37120693247936054,6.106545221253793,0.4273057074930667,1.7940424320990536,57.0,0.57,0.3333333333333333,0.3333333333333333,0.007407407407407408,2.6485766714838124,0.36596552398753335,1.9363613973365315
735,6,5,5,24,192,7,65,0.28384418063797057,1.7602758333086967,0.5838815838098526,1.4955107632558793,0.40037829317152496,0.001028115310784557,0.47289996687322855,0.0005583751811301382,0.5132383160479367,26,128,7,0.2336723394691944,0.5325578622123848,5.848493079787052,4,0.09266722498568986,0.3892131284185036,90.66666666666667,0.9066666666666667,0.8888888888888888,0.2222222222222222,0.014999999999999998,4.937616204124312,0.0,1.3177147389233481,0.09276634915105969,0.6399999999999999,90.66666666666667,0.9066666666666666,1.0,0.3333333333333333,0.017222222222222222,5.470924839006599,0.0,0.9716553557886181,0.09255048570158812,0.40633333333333077,90.66666666666667,0.9066666666666666,0.6666666666666666,0.0,0.013888888888888888,3.728749535382829,0.0,1.3177147389233481,0.09268484010442175,0.12130605192218018,90.66666666666667,0.9066666666666666,1.0,0.3333333333333333,0.013888888888888888,5.613174237983508,0.0,0.4596604481053848
736,6,9,7,21,64,9,27,0.3654457899276167,6.410494935698807,0.0024712068960070607,0.2973562825936824,0.8441561374347657,0.0829172337192387,0.4765616234391927,0.0029875261268746487,0.06198325835168362,22,64,10,0.33263268917798994,1.0195396063289335,1.9147038855870817,4,0.0,0.0,100.0,1.0,1.0,0.0,0.0,5.2775673374223215,0.0,0.0,0.0,0.0,100.0,1.0,1.0,0.0,0.0,6.092488336532067,0.0,0.0,0.0,0.0,100.0,1.0,1.0,0.0,0.0,3.786117002212753,0.0,0.0,0.0,0.0,100.0,1.0,1.0,0.0,0.0,5.954096673522145,0.0,0.0
737,10,7,2,8,128,14,55,0.19979331470094625,4.308298499323428,0.5540550578385591,3.4065466430038214,0.3499840356409549,0.001242079406026844,0.032732483092695476,3.583375491968126e-05,0.7471437009237707,39,512,4,0.415321903117001,0.2693025517049226,6.452395771654198,3,0.1307945222062556,1.6111603831323547,86.88888888888889,0.8688888888888889,0.7777777777777778,0.1111111111111111,0.031712124248397096,4.271248720962944,0.0,5.252474132123341,0.26283869755207967,4.613333333333336,73.66666666666667,0.7366666666666667,0.3333333333333333,0.0,0.028742930122240468,3.9548803351902264,0.18439972402784863,5.252474132123341,0.0,0.0,100.0,1.0,1.0,0.0,0.049999999999999996,3.913711668768277,0.0,0.0,0.12954486906668713,0.22014781606372788,87.0,0.87,1.0,0.3333333333333333,0.01639344262295082,4.94515415893033,0.0,0.834197817650451
738,14,11,5,29,128,11,48,0.07085306406952441,1.3619009740650654,0.41271874867379665,2.8927971036173403,0.1748981461394578,0.02016020838121991,0.9049678592942655,6.748229102013693e-06,0.2101640479825437,43,256,7,0.09575863294303417,1.806621542987961,5.011692918782433,3,0.18844055874269994,0.7872958254255293,81.0,0.81,0.7777777777777778,0.4444444444444444,0.06452852142647736,4.026587175759775,0.0,4.147423570367287,0.04913747884323813,0.10000000000000009,95.0,0.9500000000000001,1.0,0.3333333333333333,0.03529411764705882,5.516962278999535,0.0,0.15182114934197175,0.2764385021541491,1.5776666666666606,72.0,0.7200000000000001,0.3333333333333333,0.3333333333333333,0.12248686299319211,2.4782424724680423,0.23153355246694263,4.147423570367287,0.23974569523071262,0.6842208096099274,76.0,0.7600000000000001,1.0,0.6666666666666666,0.035804583639181146,4.084556775811747,0.1653012392460382,0.834197817650451
739,6,5,3,16,64,6,78,0.46769908010028305,8.232166029512882,0.2533624267205596,1.6588251057546586,0.5311670328490437,0.005036430981755534,0.4579061975702643,0.00022259090707965346,0.5065354239195585,17,1024,9,0.7130281260237098,0.15091525357803887,1.7737721080258355,2,0.1404435194522855,0.3405948666512745,85.77777777777777,0.8577777777777779,1.0,0.8888888888888888,0.011917749006934562,5.233846001698501,0.11782876798583562,0.5221133871205753,0.12199014565199683,0.30333333333333323,87.66666666666667,0.8766666666666666,1.0,1.0,0.011449204416107488,5.8896364678756825,0.08887823284895137,0.3137637086400738,0.17311340514871462,0.5443333333333318,82.33333333333333,0.8233333333333334,1.0,1.0,0.01607358992979908,3.907999347300654,0.1656978861633493,0.5221133871205753,0.12622700755614505,0.17411793328715824,87.33333333333333,0.8733333333333334,1.0,0.6666666666666666,0.008230452674897118,5.903902189919165,0.09466555505696757,0.20586404037296388
740,3,10,3,13,96,7,36,0.14970777910202743,2.4480796363204718,0.6690038748085498,2.318774870131165,0.6217509279027581,0.012985885620230354,0.21599773932248353,0.00014584575065862182,0.44812540873885154,13,512,8,0.28490424482151866,0.7770590812232596,2.592231448618151,4,0.24140597164850292,2.609445847897001,75.88888888888889,0.758888888888889,0.5555555555555556,0.0,0.02984638805225824,4.012364225374767,0.0,5.651251994648968,0.3313820055530814,5.686666666666666,67.0,0.6699999999999999,0.3333333333333333,0.0,0.04075867635189669,3.823637982186096,0.2046051389178902,5.651251994648968,0.19582603507156818,1.367666666666667,80.33333333333333,0.8033333333333333,0.6666666666666666,0.0,0.024390243902439022,3.24499360601819,0.0,4.435261340280995,0.19700987432085915,0.7740042103576705,80.33333333333333,0.8033333333333333,0.6666666666666666,0.0,0.024390243902439022,4.968461087920014,0.0,2.9329049666598626
741,13,6,8,26,192,13,91,0.4419637435115874,9.395317921414971,0.17206697408109903,1.5608806672971696,0.13391466154716908,0.0018942469942885012,0.662592405360192,1.6383738275607475e-06,0.36096114261075857,49,128,10,0.5508921247906983,0.29417144056019195,8.431817994492436,1,0.014034142344725362,0.011999999999999665,98.55555555555556,0.9855555555555555,1.0,0.3333333333333333,0.0056586483390607106,5.381528307653912,0.0,0.11674585053627443,0.0,0.0,100.0,1.0,1.0,0.0,0.0,6.22195966153716,0.0,0.0,0.0321785293762304,0.03599999999999899,96.66666666666667,0.9666666666666667,1.0,0.6666666666666666,0.0,3.9369579470361664,0.018887853269827868,0.11674585053627443,0.009923897657945692,0.0,99.0,0.9899999999999999,1.0,0.3333333333333333,0.016975945017182133,5.985667314388408,0.0,0.0
742,11,10,4,5,96,9,12,0.2751103611662984,7.560737892054021,0.26970685590058563,1.1057785500306636,0.3903482072986662,0.04479812648731176,0.2727884312160313,2.1446635885029173e-05,0.5746217472665012,35,256,11,0.14305972820147872,4.364081712896099,3.832934518138822,5,0.05506200218173488,0.13688042488487762,94.44444444444444,0.9444444444444444,0.8888888888888888,0.1111111111111111,0.13629563028232333,4.546151108362333,0.0,3.230702495990206,0.0,0.0,100.0,1.0,1.0,0.0,0.08333333333333333,5.654591340571642,0.0,0.0,0.1087136160357713,0.29133333333333233,89.0,0.89,0.6666666666666666,0.0,0.14318407960199006,2.988050955553905,0.0,3.230702495990206,0.05647239050943335,0.11930794132130051,94.33333333333333,0.9433333333333334,1.0,0.3333333333333333,0.1823694779116466,4.995811028961452,0.0,0.1592044617920802
743,9,6,6,18,32,4,69,0.22986825006082656,5.407935413531959,0.46182977706193923,3.738898267969489,0.7537830012384802,0.0005455629906775134,0.7170781970024108,0.0007552837908778471,0.14202778950333597,28,64,5,0.5772016205824911,0.05224813460259059,1.3094907175895527,2,0.08257519050367806,0.22376868397405836,91.66666666666667,0.9166666666666666,0.7777777777777778,0.1111111111111111,0.0044444444444444444,4.600906515390509,0.0,1.5931725123246676,0.0,0.0,100.0,1.0,1.0,0.0,0.0,5.977447007317096,0.0,0.0,0.16469536859031805,0.5499999999999949,83.33333333333333,0.8333333333333334,0.3333333333333333,0.0,0.008888888888888889,2.825414436196701,0.12305462522244057,1.5931725123246676,0.08303020292071613,0.12130605192218018,91.66666666666667,0.9166666666666666,1.0,0.3333333333333333,0.0044444444444444444,4.999858102657728,0.0,0.4596604481053848
744,8,12,4,24,128,5,43,0.13033407065086067,2.757069880142808,0.1938041458837688,3.771593634504825,0.8766365150921047,0.0029821873594113083,0.3125292143318802,3.13646745684771e-06,0.4246268470026553,43,1024,7,0.07271947273984551,0.5776322487590652,9.786379446276419,5,0.41394501915075543,4.9610883210615135,58.44444444444444,0.5844444444444444,0.2222222222222222,0.1111111111111111,0.11304471787210264,3.3317466947078582,0.4466558831590459,7.200788831891428,0.4727530382385218,10.756666666666666,52.666666666666664,0.5266666666666667,0.0,0.0,0.12367389060887513,3.1373913687201154,0.45944133444693214,7.200788831891428,0.4624543290267836,3.0643333333333285,53.333333333333336,0.5333333333333333,0.0,0.0,0.13575757575757577,2.5292796246481664,0.446735065120592,6.106545221253793,0.3066276901869608,1.0622649631845469,69.33333333333333,0.6933333333333334,0.6666666666666666,0.3333333333333333,0.07970268724985706,4.328569090755294,0.2246255260327458,1.28622108194947
745,11,4,6,12,32,12,94,0.4084863480646163,9.649378066882491,0.3845970992930233,0.7800594761501998,0.30734882955439385,0.008934484033996234,0.8184699417557567,0.00047594231029097833,0.29193711031228303,21,256,9,0.6913132592104375,0.3887983902807411,3.0078437730046628,2,0.0,0.0,100.0,1.0,1.0,0.0,0.0,5.154027218361282,0.0,0.0,0.0,0.0,100.0,1.0,1.0,0.0,0.0,5.8024583345589535,0.0,0.0,0.0,0.0,100.0,1.0,1.0,0.0,0.0,3.9015173244600496,0.0,0.0,0.0,0.0,100.0,1.0,1.0,0.0,0.0,5.758105996064842,0.0,0.0
746,13,8,2,20,64,15,21,0.31210339586250485,6.7073773024603724,0.5712365147657692,1.2933527745772153,0.21691307350993155,0.0007278887547671808,0.14659836473874746,0.0025483058359090935,0.64509107965976,26,512,12,0.3991443102248013,3.303831683635196,1.1288636362358588,4,0.09092442070336731,0.6264794625347693,90.88888888888889,0.9088888888888889,0.7777777777777778,0.0,0.014231950844854069,4.7304476362450885,0.0,2.3380456998663637,0.12640776441856572,1.5400000000000005,87.33333333333333,0.8733333333333334,0.6666666666666666,0.0,0.02150537634408602,5.234469628206865,0.0,2.3380456998663637,0.0,0.0,100.0,1.0,1.0,0.0,0.0033333333333333335,3.9755216621172926,0.0,0.0,0.14636549769153626,0.3394383876043072,85.33333333333333,0.8533333333333334,0.6666666666666666,0.0,0.017857142857142856,4.981351618411108,0.0,1.28622108194947
747,4,8,7,6,192,8,71,0.25275757093913853,4.574344246648252,0.07296964107081294,2.4105773642659187,0.49889645460061727,0.0363682895182362,0.6502343122381716,4.2448344522644345e-05,0.16408102909103037,38,64,6,0.48042344255372876,0.07032674172633319,3.3051396573478726,1,0.03718197240377051,0.08677777777777637,96.22222222222223,0.9622222222222222,0.8888888888888888,0.1111111111111111,0.0023737373737373734,4.926870191515981,0.0,1.4674930101923225,0.0,0.0,100.0,1.0,1.0,0.0,0.0033333333333333335,5.911888667227079,0.0,0.0,0.11154591721131153,0.2603333333333291,88.66666666666667,0.8866666666666667,0.6666666666666666,0.3333333333333333,0.003787878787878788,2.9772192385502123,0.059298212734436195,1.4674930101923225,0.0,0.0,100.0,1.0,1.0,0.0,0.0,5.891502668770651,0.0,0.0
748,5,9,5,9,192,4,28,0.3426731853745878,5.541204170323908,0.4885685131885111,2.1017482199240476,0.6739375563804061,0.0018000800486546468,0.8847249299753457,1.0653889391924604e-05,0.036316727865487335,32,64,11,0.21128033231943844,1.3475382637096507,7.484832414367349,3,0.0,0.0,100.0,1.0,1.0,0.0,0.0,5.139055660563624,0.0,0.0,0.0,0.0,100.0,1.0,1.0,0.0,0.0,6.014242660409461,0.0,0.0,0.0,0.0,100.0,1.0,1.0,0.0,0.0,3.5548523208126426,0.0,0.0,0.0,0.0,100.0,1.0,1.0,0.0,0.0,5.848072000468771,0.0,0.0
749,14,7,3,23,64,10,63,0.16291702315211298,3.4895388754084706,0.33062727442011236,2.7429021671414375,0.09852156126871706,0.052515420532131304,0.3815497211646288,0.0015109810642039328,0.6802876373752952,30,256,5,0.6412777680903673,0.20018162497309547,2.2204605471554943,2,0.295168985842172,3.107017510537382,70.33333333333333,0.7033333333333334,0.3333333333333333,0.2222222222222222,0.013345302987246722,3.0599932591855334,0.31792108601164193,3.9763849720413105,0.3392152984216621,6.556666666666667,66.0,0.66,0.0,0.0,0.015151515151515152,3.0447883823077486,0.33904828892763994,3.9763849720413105,0.32989031028152266,2.0856666666666617,66.66666666666667,0.6666666666666666,0.0,0.0,0.015002970885323827,2.1964092411746097,0.3267159976437588,3.526418971595706,0.21640134882333106,0.6787191982788192,78.33333333333333,0.7833333333333333,1.0,0.6666666666666666,0.009881422924901186,3.9387821540742425,0.154265181075784,0.743811845035123
750,10,11,6,15,32,13,51,0.10421374319121242,1.6505665108561516,0.10020631616935133,3.197541002649814,0.42635966106317935,0.006185737905853181,0.585838204389438,0.0001163953362018474,0.2813560366258025,16,128,6,0.2608396926894784,2.4318143793022884,1.528258613245977,4,0.1545674842636797,0.8066936012076809,84.44444444444444,0.8444444444444444,0.6666666666666666,0.1111111111111111,0.03176467175407853,3.8111009316423274,0.0,1.7410307501274278,0.0,0.0,100.0,1.0,1.0,0.0,0.01,5.47767899852867,0.0,0.0,0.20377348886080074,1.4973333333333303,79.33333333333333,0.7933333333333333,0.3333333333333333,0.0,0.04913851351351351,2.5166350279566054,0.12794188666133072,1.7410307501274278,0.2599289639302383,0.9227474702897124,74.0,0.7399999999999999,0.6666666666666666,0.3333333333333333,0.036155501748722084,3.4389887684417073,0.18528054517674947,1.28622108194947
751,7,5,1,27,96,7,86,0.48695604540407655,8.505452249199152,0.6532052555121481,0.6820846393238753,0.7013846481218934,0.01506629824093356,0.07943036803044379,2.0743377831241663e-06,0.527866007257253,46,1024,8,0.5308862410485744,0.11424705271452053,4.31919781388991,3,0.02184668053418191,0.0298514204078584,97.77777777777777,0.9777777777777779,1.0,0.2222222222222222,0.028660518225735614,6.550163960666243,0.0,0.13157832942970546,0.03933699647408471,0.08666666666666453,96.0,0.96,1.0,0.3333333333333333,0.014242424242424242,7.111619377304151,0.0,0.13157832942970546,0.0,0.0,100.0,1.0,1.0,0.0,0.049999999999999996,5.314658670686185,0.0,0.0,0.026203045128461017,0.0028875945569106776,97.33333333333333,0.9733333333333333,1.0,0.3333333333333333,0.021739130434782608,7.224213834008391,0.0,0.010941853163498598
752,7,11,6,6,64,10,57,0.08689752039499582,9.761776739731431,0.1335265027359128,0.5446121233981103,0.5952400449663401,0.0006043636394669637,0.17943517919629812,0.0003918129787994768,0.09016796857118606,45,512,7,0.35559449121356007,0.4981965102665271,4.015264995129415,3,0.0,0.0,100.0,1.0,1.0,0.0,0.0,5.321347556439125,0.0,0.0,0.0,0.0,100.0,1.0,1.0,0.0,0.0,6.1381693339596195,0.0,0.0,0.0,0.0,100.0,1.0,1.0,0.0,0.0,3.824021330413719,0.0,0.0,0.0,0.0,100.0,1.0,1.0,0.0,0.0,6.001852004944037,0.0,0.0
753,9,5,4,17,128,3,24,0.47670007231645284,3.2067420538514853,0.6851563170552253,3.067736251745373,0.10730002517811954,0.04037311086817298,0.6861152692697942,3.832706322293729e-06,0.7189644434861839,19,64,9,0.43559204433113335,0.5550089645341005,1.2342186101012658,4,0.23365510975078138,2.2761125145636685,76.66666666666667,0.7666666666666667,0.5555555555555556,0.0,0.029365368280548476,3.8129642917588904,0.0,4.435261340280995,0.3081294198599167,4.686666666666669,69.33333333333333,0.6933333333333334,0.3333333333333333,0.0,0.039315617036767385,3.833144024307058,0.16480783369365273,3.94220401239626,0.19582603507156818,1.367666666666667,80.33333333333333,0.8033333333333333,0.6666666666666666,0.0,0.024390243902439022,2.9303662353422397,0.0,4.435261340280995,0.19700987432085915,0.7740042103576705,80.33333333333333,0.8033333333333333,0.6666666666666666,0.0,0.024390243902439022,4.675382615627373,0.0,2.9329049666598626
754,15,9,8,12,128,6,81,0.3529306881595403,4.746888506226242,0.4562730379402637,2.6421080213040113,0.4169619253836572,0.0024745809076421356,0.25206349277868867,5.9015390772060716e-05,0.23978860137984156,23,1024,10,0.11599140055477619,0.08771139842042351,2.7638784728104215,2,0.0,0.0,100.0,1.0,1.0,0.0,0.01,5.740631772722635,0.0,0.0,0.0,0.0,100.0,1.0,1.0,0.0,0.0,6.31858232896775,0.0,0.0,0.0,0.0,100.0,1.0,1.0,0.0,0.01,4.504532322753221,0.0,0.0,0.0,0.0,100.0,1.0,1.0,0.0,0.02,6.398780666446934,0.0,0.0
755,5,7,2,27,64,13,45,0.1802317179273814,7.09635457303375,0.29696803037077185,1.993744519772008,0.7802929532248527,0.009898635784030892,0.754554222151637,0.0018135346318382943,0.4769053846597672,40,128,4,0.736037982814014,3.090188154246369,8.089154370289439,3,0.461370505961122,5.32439089105647,53.77777777777778,0.5377777777777778,0.2222222222222222,0.1111111111111111,0.037037037037037035,2.353334219013858,0.5171506207176321,8.505545129603506,0.5212104570329319,11.143333333333334,48.0,0.48,0.0,0.0,0.041666666666666664,2.078887500425076,0.5192273721812204,7.417268242976773,0.5163573780169832,3.5959999999999956,48.0,0.48,0.0,0.0,0.041666666666666664,1.4981909916969016,0.5154247654461737,8.505545129603506,0.346543682833451,1.2338393398360792,65.33333333333333,0.6533333333333333,0.6666666666666666,0.3333333333333333,0.027777777777777776,3.4829241649195963,0.2595513183833989,1.9363613973365315
756,4,8,3,30,32,11,88,0.3298318423330784,3.5993406334891915,0.5375657316297292,2.5075371246784925,0.8175410894211382,0.003841364551972555,0.5121882811188697,0.0012442568206998841,0.46619033463299275,34,128,11,0.30555893881246443,0.1605048519134079,5.43553168033463,1,0.03714365970042339,0.017406975963413847,96.22222222222223,0.9622222222222222,1.0,0.4444444444444444,0.0,5.286438756386669,0.0,0.11674585053627443,0.045418508294543414,0.013333333333331865,95.33333333333333,0.9533333333333333,1.0,0.6666666666666666,0.0,5.920662192317347,0.01933614870137598,0.02278730643003366,0.032995003646203426,0.03599999999999899,96.66666666666667,0.9666666666666667,1.0,0.3333333333333333,0.0,3.889034593270885,0.0,0.11674585053627443,0.033017467160523326,0.0028875945569106776,96.66666666666667,0.9666666666666667,1.0,0.3333333333333333,0.0,6.049619483571775,0.0,0.010941853163498598
757,12,8,5,16,96,5,38,0.2634803338907659,5.99488088209182,0.04066430088132619,1.3977514181751758,0.3234727537259459,0.026320386952790077,0.01015820549800992,1.3021835869735784e-05,0.3428907418809831,27,1024,5,0.5741530095227063,1.4407064383473878,1.6132338484909279,4,0.15413286939609572,1.9367456552849425,84.44444444444444,0.8444444444444444,0.7777777777777778,0.3333333333333333,0.03644192405620471,4.895801146540924,0.0,6.258946796487252,0.17300327082115044,4.923333333333336,82.66666666666667,0.8266666666666667,0.6666666666666666,0.0,0.020833333333333332,5.424760695831437,0.0,6.258946796487252,0.10535781680890004,0.24933333333333105,89.33333333333333,0.8933333333333334,0.6666666666666666,0.0,0.024705882352941178,4.136912707312434,0.0,2.7649490469115108,0.18403752055823666,0.6375702991881615,81.33333333333333,0.8133333333333334,1.0,1.0,0.06378655648233962,5.125730036478902,0.10061673256616,0.743811845035123
758,12,12,1,20,192,8,66,0.1196094024926424,8.673211984336376,0.22576503586024044,0.9135830539744347,0.20140850977040825,0.0011187233521327304,0.9266286718659102,2.8847705136788084e-06,0.5912468299828469,13,64,8,0.1664541377685964,0.08915924213742123,2.1134440699512504,2,0.002146752366433351,0.0,99.77777777777777,0.9977777777777779,1.0,0.1111111111111111,0.0022448979591836735,5.178803026881027,0.0,0.0,0.0,0.0,100.0,1.0,1.0,0.0,0.0,5.852707325636099,0.0,0.0,0.0,0.0,100.0,1.0,1.0,0.0,0.0,3.95391599352782,0.0,0.0,0.006440257099300053,0.0,99.33333333333333,0.9933333333333333,1.0,0.3333333333333333,0.0067346938775510205,5.729785761479161,0.0,0.0
759,8,4,7,9,96,14,15,0.390759805124253,2.04573592916131,0.4179287780076265,3.898136539850384,0.5577811499126256,0.09191065791094803,0.41948161441832776,8.285302596283925e-05,0.12540817059576512,49,512,10,0.597733470890671,2.5309593141022506,5.972032820169221,5,0.12313682194525105,0.8381111111111093,87.55555555555556,0.8755555555555555,0.6666666666666666,0.0,0.04231149500217297,5.082231257371769,0.0,3.526418971595706,0.0,0.0,100.0,1.0,1.0,0.0,0.02,6.352133340357493,0.0,0.0,0.36941046583575315,2.5143333333333278,62.666666666666664,0.6266666666666666,0.0,0.0,0.09026781833985224,2.499791764040041,0.3516251313498771,3.526418971595706,0.0,0.0,100.0,1.0,1.0,0.0,0.016666666666666666,6.394768667717774,0.0,0.0
760,8,10,1,14,192,12,97,0.2929830057080835,3.852856290526688,0.324899376090616,3.6383333951234818,0.6474274840671569,0.016717275390433776,0.8461834598798305,2.576682527276998e-05,0.3949968242831528,24,256,12,0.052235687617212534,0.21208037209195865,1.415413057186407,2,0.014014903777309247,0.04488888888888814,98.55555555555556,0.9855555555555555,1.0,0.2222222222222222,0.06244769821296931,5.3324960608470295,0.0,0.11261795555268532,0.0,0.0,100.0,1.0,1.0,0.0,0.08666666666666667,6.261244663813462,0.0,0.0,0.022116904017965035,0.13466666666666444,97.66666666666667,0.9766666666666667,1.0,0.3333333333333333,0.063584229390681,3.714076860283759,0.0,0.11261795555268532,0.01992780731396271,0.0,98.0,0.98,1.0,0.3333333333333333,0.037092198581560286,6.022166658443868,0.0,0.0
761,11,6,7,28,64,7,40,0.24068027609027925,6.30331698153168,0.5156583824194968,0.9975463591981679,0.07190773552283644,0.0055837939998097386,0.40355754229240115,0.004196995764212122,0.3215616802498698,36,1024,6,0.6682232624851168,1.0706133106775484,4.77032041706169,5,0.0,0.0,100.0,1.0,1.0,0.0,0.003333333333333333,6.3782380011657045,0.0,0.0,0.0,0.0,100.0,1.0,1.0,0.0,0.0,7.101187324927499,0.0,0.0,0.0,0.0,100.0,1.0,1.0,0.0,0.0,4.930355011019856,0.0,0.0,0.0,0.0,100.0,1.0,1.0,0.0,0.01,7.103171667549759,0.0,0.0
762,13,10,3,10,32,4,74,0.1388938495423645,7.839066673070192,0.6148360894061624,1.4236375361215323,0.4529741897713393,0.06889288555351569,0.5629169182386249,0.00027030621111800697,0.6169118387624621,41,128,7,0.37592080952599644,0.11991187743906671,6.810456136665289,1,0.025462075952260268,0.040435350640726724,97.44444444444444,0.9744444444444444,1.0,0.1111111111111111,0.006998556998556998,4.3995971322022,0.0,0.4596604481053848,0.0,0.0,100.0,1.0,1.0,0.0,0.01,5.40277533698827,0.0,0.0,0.0,0.0,100.0,1.0,1.0,0.0,0.006666666666666667,3.165880672944089,0.0,0.0,0.0763862278567808,0.12130605192218018,92.33333333333333,0.9233333333333333,1.0,0.3333333333333333,0.004329004329004329,4.630135386674241,0.0,0.4596604481053848
763,4,6,5,22,128,9,18,0.4240930041763932,1.191830851137638,0.11652991762384772,2.1887417403049767,0.7278954107314348,0.0013779011631811125,0.11517391265369951,5.521107087799762e-06,0.19226575585082173,20,512,9,0.4600624802522361,1.914361299848152,2.409490148148918,4,0.04054203617357735,0.07499999999999915,95.88888888888889,0.958888888888889,0.8888888888888888,0.1111111111111111,0.01528897028897029,5.894832605897177,0.0,2.095890520854048,0.0,0.0,100.0,1.0,1.0,0.0,0.0,6.929932661199321,0.0,0.0,0.12162610852073207,0.22499999999999742,87.66666666666667,0.8766666666666666,0.6666666666666666,0.3333333333333333,0.04253357753357753,3.872155159052577,0.04445475241368219,2.095890520854048,0.0,0.0,100.0,1.0,1.0,0.0,0.0033333333333333335,6.882409997439633,0.0,0.0
764,5,11,8,19,96,14,61,0.053447578195482494,8.943561604246497,0.35717053385451436,1.7925780683290213,0.8500222777016461,0.02785587261617307,0.35012028613127766,1.1784416572290477e-06,0.019697114471346137,16,256,6,0.18780584540218115,0.3702327304863781,1.08227649311354,2,0.0,0.0,100.0,1.0,1.0,0.0,0.0,5.436874442837304,0.0,0.0,0.0,0.0,100.0,1.0,1.0,0.0,0.0,6.348812006569157,0.0,0.0,0.0,0.0,100.0,1.0,1.0,0.0,0.0,3.847467665715764,0.0,0.0,0.0,0.0,100.0,1.0,1.0,0.0,0.0,6.114343656226993,0.0,0.0
765,14,5,2,7,32,8,31,0.45729890894144776,2.338005432859063,0.19918447909876702,3.0191116300411522,0.2808383582625538,0.0009543188836227664,0.7973962110932916,0.00020493675786953584,0.6969127256050706,47,64,8,0.6204949211329222,0.7333224224331011,3.521921464814928,3,0.26375116170375484,3.2554216543948495,73.55555555555556,0.7355555555555555,0.5555555555555556,0.2222222222222222,0.16823712059866963,2.850090164037904,0.0,5.252474132123341,0.3928113058802413,7.906666666666669,60.666666666666664,0.6066666666666666,0.0,0.0,0.20338929761680183,2.5428997103541304,0.37410139630756795,5.252474132123341,0.07496645776874933,0.7973333333333313,92.33333333333333,0.9233333333333333,1.0,0.3333333333333333,0.15922077922077923,2.8877276409058568,0.0,0.6667874992129385,0.3234757214622738,1.0622649631845469,67.66666666666667,0.6766666666666667,0.6666666666666666,0.3333333333333333,0.1421012849584278,3.119643140853725,0.22986022020951621,1.28622108194947
766,10,9,6,25,96,6,83,0.3758474891074002,5.020728870294988,0.056310010980814694,3.503735676407814,0.24342424776405097,0.008060083706058561,0.1704700208734721,0.0009174576932501822,0.26328564140945676,32,512,11,0.2400942401960492,0.06634561767214152,9.219706627239397,3,0.04659777636349608,0.01296253151896989,95.22222222222223,0.9522222222222223,1.0,0.7777777777777778,0.01659061755593987,5.245122479539929,0.019942939880218346,0.11674585053627443,0.016017613760584953,0.0,98.33333333333333,0.9833333333333334,1.0,0.3333333333333333,0.007017543859649123,6.237058849482421,0.0,0.0,0.07429006810975629,0.03599999999999899,92.33333333333333,0.9233333333333333,1.0,1.0,0.02168766704849179,3.619825720185014,0.0619425966953293,0.11674585053627443,0.049485647220147005,0.0028875945569106776,95.0,0.9500000000000001,1.0,1.0,0.021066641759678695,5.878482868952354,0.03492390313752898,0.010941853163498598
767,7,7,4,11,192,11,54,0.21719727087765933,7.3855645982548594,0.6092587833292782,0.4015264355111867,0.5255113822873682,0.0033109508031135696,0.613556705461815,1.7550683536711004e-05,0.5459309386648238,30,128,5,0.5073636785149575,4.1558885241774535,3.1492966630413552,4,0.0,0.0,100.0,1.0,1.0,0.0,0.0,5.0374587832225695,0.0,0.0,0.0,0.0,100.0,1.0,1.0,0.0,0.0,5.77027700530986,0.0,0.0,0.0,0.0,100.0,1.0,1.0,0.0,0.0,3.5537383410458765,0.0,0.0,0.0,0.0,100.0,1.0,1.0,0.0,0.0,5.788361003311972,0.0,0.0
768,7,9,2,18,96,7,90,0.10897820554673672,5.566141011193395,0.6802843275479972,1.9019187134690583,0.3352238305844366,0.002623935420349983,0.41703362693078816,8.989348823005274e-06,0.33229710791260003,32,64,9,0.4551120119169354,0.1492452244552568,3.3267084708775156,2,0.007546089157279378,0.0,99.22222222222223,0.9922222222222222,1.0,0.2222222222222222,0.0034371643394199786,4.898786479735325,0.0,0.0,0.0,0.0,100.0,1.0,1.0,0.0,0.0,5.740143673804899,0.0,0.0,0.01619801037253808,0.0,98.33333333333333,0.9833333333333334,1.0,0.3333333333333333,0.0035087719298245615,3.4030635498480444,0.0,0.0,0.006440257099300053,0.0,99.33333333333333,0.9933333333333333,1.0,0.3333333333333333,0.006802721088435374,5.5531522155530295,0.0,0.0
769,10,7,7,5,32,12,34,0.4012223447673023,3.4650322776287794,0.13822757424786686,2.6598051979672164,0.7956221255008131,0.00927523196323176,0.9234522714745252,0.0013697739151289575,0.38442494148388506,29,256,7,0.3750610843300819,1.7866883848285475,1.1363475180182234,5,0.04562402852926078,0.21343999798496796,95.44444444444444,0.9544444444444444,1.0,0.1111111111111111,0.03941619585687382,4.416987648713463,0.0,0.8544427041764607,0.0,0.0,100.0,1.0,1.0,0.0,0.013333333333333334,5.368653339489053,0.0,0.0,0.0,0.0,100.0,1.0,1.0,0.0,0.03,3.3630623326947293,0.0,0.0,0.13687208558778233,0.6403199939549038,86.33333333333333,0.8633333333333333,1.0,0.3333333333333333,0.07491525423728813,4.519247273956609,0.0,0.8544427041764607
770,14,11,3,26,96,9,70,0.31920449435710907,1.643362189643085,0.30285996692255135,3.17356341262348,0.579025843180716,0.0007635134147096651,0.014262338494881987,0.00010507811747351713,0.18264842415228486,14,128,6,0.6728321334347129,0.2626835641527582,3.0010931679224577,1,0.1793092244264858,0.8197491275269118,81.88888888888889,0.8188888888888889,0.7777777777777778,0.4444444444444444,0.0,3.5881568166886604,0.0,2.095890520854048,0.08241776976375424,0.6399999999999999,91.66666666666667,0.9166666666666666,1.0,0.3333333333333333,0.0,4.693054446640114,0.0,0.9716553557886181,0.2694180790716683,1.5436666666666619,72.66666666666667,0.7266666666666666,0.3333333333333333,0.3333333333333333,0.0,2.181990234926156,0.26530139005512027,2.095890520854048,0.1860918244440349,0.2755807159140736,81.33333333333333,0.8133333333333334,1.0,0.6666666666666666,0.0,3.889425768499711,0.13902726015663264,0.4596604481053848
771,5,5,5,13,192,4,14,0.2739467493258417,8.512535384856164,0.44986838651821015,0.5404375270009041,0.18991699381731453,0.032332363451648236,0.5174194770399481,1.7576275782524493e-06,0.6264559466019273,46,512,12,0.05275345556437969,0.9945181986621564,9.76609878958348,4,0.02843778242932786,0.04788888888888805,97.11111111111111,0.9711111111111111,0.8888888888888888,0.1111111111111111,0.12347510450603233,5.529239122354166,0.0,1.5931725123246676,0.0,0.0,100.0,1.0,1.0,0.0,0.006666666666666667,6.497350996360183,0.0,0.0,0.0753894496300379,0.14366666666666417,92.33333333333333,0.9233333333333333,0.6666666666666666,0.0,0.14056277056277056,3.7666437263677133,0.0,1.5931725123246676,0.009923897657945692,0.0,99.0,0.9899999999999999,1.0,0.3333333333333333,0.22319587628865978,6.323722644334602,0.0,0.0
772,4,10,8,16,128,8,57,0.3492792428005487,2.7302105659618974,0.03425950342789292,3.9819588579703122,0.126313877152279,0.0017205443966366973,0.7505116982851177,3.6940642687781674e-06,0.6837611586973071,42,1024,5,0.5054786813445389,0.05356264821593321,4.310124816710451,2,0.3467637496451037,3.393233525533564,65.11111111111111,0.6511111111111112,0.3333333333333333,0.3333333333333333,0.015358715358715358,3.6217385703879676,0.34622316792528407,4.625823205297346,0.3489548713659234,7.06666666666667,65.0,0.65,0.0,0.0,0.015384615384615385,3.9169656423230967,0.34881270430232114,4.625823205297346,0.346352643479966,2.1653333333333284,65.0,0.65,0.0,0.0,0.015384615384615385,2.9787799844948144,0.3460088975021004,3.526418971595706,0.3449837340894215,0.9477005766006935,65.33333333333333,0.6533333333333333,1.0,1.0,0.015306915306915308,3.9694700843459914,0.34203605286293726,0.9133046481594184
773,13,6,3,29,64,14,27,0.1836115091573447,9.676356454379857,0.5434578559361398,0.8727623298764229,0.5930350343696773,0.059224040387893244,0.24688665806315838,0.0005260904650062249,0.03291096659377217,21,256,11,0.23685259846970436,4.474044701826368,1.5248915782604517,3,0.0,0.0,100.0,1.0,1.0,0.0,0.0,5.2812015526514084,0.0,0.0,0.0,0.0,100.0,1.0,1.0,0.0,0.0,5.953269991247605,0.0,0.0,0.0,0.0,100.0,1.0,1.0,0.0,0.0,3.8477446620042124,0.0,0.0,0.0,0.0,100.0,1.0,1.0,0.0,0.0,6.042590004702409,0.0,0.0
774,11,10,6,8,64,11,76,0.08324305755086243,6.716503828763962,0.4226297034882009,1.3278660816140473,0.7814086604397744,0.007048466989857963,0.6885088990908116,0.002805257425116285,0.5586875510402024,25,512,8,0.622721875552088,0.2974534433640637,2.2352728315493025,3,0.0,0.0,100.0,1.0,1.0,0.0,0.0022222222222222222,5.16503199805609,0.0,0.0,0.0,0.0,100.0,1.0,1.0,0.0,0.0,5.640188997300963,0.0,0.0,0.0,0.0,100.0,1.0,1.0,0.0,0.0,3.714178674854338,0.0,0.0,0.0,0.0,100.0,1.0,1.0,0.0,0.006666666666666667,6.140728322012971,0.0,0.0
775,8,6,4,21,128,5,47,0.48007687288336454,4.564789589494467,0.22089323410764336,2.561830361140892,0.39945274516940116,0.014550321711849874,0.1825499739963561,5.020229006852019e-05,0.25037642281502487,37,128,6,0.19138908451423048,0.785754451436902,7.533465720019826,4,0.34093119584916576,3.385475016075292,65.77777777777777,0.6577777777777778,0.3333333333333333,0.1111111111111111,0.04564952294507382,3.1501219775190132,0.386315280007917,5.970789462593457,0.2932300987135335,6.236666666666668,70.66666666666667,0.7066666666666667,0.3333333333333333,0.0,0.03581707707067477,3.8212957431229366,0.20497894882518686,5.970789462593457,0.42935843948093394,2.9399999999999964,56.666666666666664,0.5666666666666668,0.0,0.0,0.05858299088271251,1.9068610132027342,0.4105921877126152,4.609480563500889,0.3002050493530298,0.9797583815592111,70.0,0.7000000000000001,0.6666666666666666,0.3333333333333333,0.04254850088183421,3.72220917623137,0.2204473538200285,1.28622108194947
776,8,12,6,27,32,3,64,0.3862516638822854,2.4761579977348447,0.521721320413053,2.177559768082574,0.26996975555084646,0.07276783228535513,0.6094851845875382,0.0001239580028684759,0.7094033322297036,14,1024,4,0.7368869199417531,0.0707947835378269,1.7698599414343892,3,0.14346556938125693,1.2403242395296146,85.55555555555556,0.8555555555555556,0.7777777777777778,0.3333333333333333,0.01768752047166721,4.847596476589555,0.0,3.076503300101383,0.23857622256697872,3.1933333333333334,76.0,0.7599999999999999,0.6666666666666666,0.6666666666666666,0.03428321869199694,4.5371927506886145,0.21344960777535715,3.076503300101383,0.0959737652765903,0.40633333333333077,90.33333333333333,0.9033333333333333,0.6666666666666666,0.0,0.009389671361502348,4.245234506517352,0.0,1.3177147389233481,0.09584672030020179,0.12130605192218018,90.33333333333333,0.9033333333333333,1.0,0.3333333333333333,0.009389671361502348,5.760362172562698,0.0,0.4596604481053848
777,12,4,4,15,128,10,31,0.20650770906358956,9.367360779084265,0.31866555921733375,1.5364139582961798,0.871059806086123,0.0012861187792079685,0.16520621282979844,1.4806358761652652e-06,0.09974619902670383,50,128,10,0.12095269868150353,3.3256952032653984,5.001155678208126,4,0.0,0.0,100.0,1.0,1.0,0.0,0.02333333333333333,5.307354225466649,0.0,0.0,0.0,0.0,100.0,1.0,1.0,0.0,0.02,5.975449671968818,0.0,0.0,0.0,0.0,100.0,1.0,1.0,0.0,0.0033333333333333335,3.9276040081555643,0.0,0.0,0.0,0.0,100.0,1.0,1.0,0.0,0.04666666666666667,6.019008996275564,0.0,0.0
778,12,8,7,23,192,13,85,0.06386249521747232,7.550083260983229,0.11148713268339633,1.0231150300242007,0.5033844428602606,0.02109226228413408,0.7998768177814781,1.9462272774155088e-05,0.487516368702054,35,512,9,0.43508476717397565,0.4003906795862605,6.494308740650907,2,0.0,0.0,100.0,1.0,1.0,0.0,0.0,5.335087445823269,0.0,0.0,0.0,0.0,100.0,1.0,1.0,0.0,0.0,6.0870403369578225,0.0,0.0,0.0,0.0,100.0,1.0,1.0,0.0,0.0,4.095814338264366,0.0,0.0,0.0,0.0,100.0,1.0,1.0,0.0,0.0,5.822407662247618,0.0,0.0
779,4,8,2,9,96,6,49,0.4466200625523925,5.418159767985344,0.6193661985918879,3.5385779801290482,0.25579742724075916,0.004465950938448402,0.35326406732201576,0.0006393019224504551,0.22907017713412642,28,64,7,0.3509751711972057,0.594835170268784,1.9274717979814382,3,0.10293720083141221,0.36036835142365786,89.66666666666667,0.8966666666666667,0.7777777777777778,0.0,0.03275835275835276,4.007614201536111,0.0,2.405180717066831,0.0,0.0,100.0,1.0,1.0,0.0,0.07333333333333333,5.335553675734748,0.0,0.0,0.15906125180573943,0.7416666666666665,84.0,0.84,0.6666666666666666,0.0,0.012820512820512822,2.508208513116607,0.0,2.405180717066831,0.1497503506884972,0.3394383876043072,85.0,0.85,0.6666666666666666,0.0,0.012121212121212121,4.179080415756978,0.0,1.28622108194947
780,5,9,3,6,64,5,92,0.14233200564049187,6.3848889004439116,0.20371473431587217,0.44909279653802514,0.05377554073929787,0.012380040184495412,0.11275491155683993,0.0035369835935591216,0.3557713126949966,23,64,10,0.6009856451302766,0.11094288025156725,1.3181752226100694,1,0.02930346782487866,0.0031847537411922033,97.0,0.9700000000000001,1.0,0.6666666666666666,0.003401360544217687,4.207573975396449,0.0,0.01139365321501683,0.016274894547916485,0.0066666666666659324,98.33333333333333,0.9833333333333334,1.0,0.6666666666666666,0.01020408163265306,5.014730123350879,0.0098603628507302,0.01139365321501683,0.032006654167745334,0.0,96.66666666666667,0.9666666666666667,1.0,0.6666666666666666,0.0,2.8346995176133993,0.019279680394723903,0.0,0.03962885475897417,0.0028875945569106776,96.0,0.96,1.0,0.6666666666666666,0.0,4.773292285225071,0.029551571167517193,0.010941853163498598
781,15,7,5,20,192,11,42,0.4204999236855656,4.334332631900907,0.3521275611594319,3.440633541671559,0.6487502548377961,0.0021307093304989435,0.5598274947144091,3.956825527187592e-05,0.4534281426668167,39,512,8,0.16832856070250274,2.3614054818762513,3.8579550218996723,4,0.23798828406427194,2.8091416827419597,76.11111111111111,0.7611111111111111,0.6666666666666666,0.3333333333333333,0.19029099394472915,3.5406828570498363,0.0,6.258946796487252,0.2993327672712034,6.4633333333333365,70.0,0.7000000000000001,0.3333333333333333,0.0,0.10570870971339356,3.6519068654686744,0.19448081638697653,6.258946796487252,0.11791683168642958,0.9843333333333315,88.0,0.88,1.0,0.6666666666666666,0.35109500805152977,3.3969275277233932,0.03937976508707965,0.7930645632361258,0.2967152532351829,0.9797583815592111,70.33333333333333,0.7033333333333335,0.6666666666666666,0.3333333333333333,0.11406926406926406,3.5732141779574413,0.2204473538200285,1.28622108194947
782,9,11,1,12,128,14,73,0.29641130468808113,1.3700835471972823,0.6030251124873757,2.985982035519555,0.7258982743136585,0.05091426651643035,0.4075747019611299,7.4829308370045e-06,0.1121998980641365,44,128,5,0.5705588571727276,0.19886576898566238,8.414359985304666,2,0.04195878527459236,0.08310201730739289,95.77777777777777,0.9577777777777777,1.0,0.2222222222222222,0.015289380289380289,4.108216689876109,0.0,0.4596604481053848,0.0,0.0,100.0,1.0,1.0,0.0,0.03,5.095903659239411,0.0,0.0,0.039532141822957466,0.1279999999999985,96.0,0.96,1.0,0.3333333333333333,0.011363636363636362,2.8635920988833248,0.0,0.4150963574623157,0.08634421400081961,0.12130605192218018,91.33333333333333,0.9133333333333334,1.0,0.3333333333333333,0.0045045045045045045,4.365154311505591,0.0,0.4596604481053848
783,7,5,6,24,32,8,22,0.2370773116592318,8.223864416591823,0.06237276121973991,1.8687655832618475,0.4713658377993852,0.0005255177889056525,0.8513856587931513,0.0002624312730629623,0.6044270446710288,18,1024,11,0.3033428559079766,1.338630468995066,2.586419957245809,5,0.5464628468308457,6.3046476323009815,45.22222222222222,0.45222222222222225,0.0,0.0,0.09292929292929293,2.372184947175397,0.5573996232058976,9.629267736904467,0.5605622991769155,12.01666666666667,44.0,0.44,0.0,0.0,0.0909090909090909,2.446337879959945,0.558504014707414,8.055312823017784,0.5564309449099304,4.370333333333331,44.0,0.44,0.0,0.0,0.0909090909090909,2.0260015259158206,0.5553951769916667,9.629267736904467,0.522395296405691,2.526942896902946,47.666666666666664,0.47666666666666674,0.0,0.0,0.09696969696969697,2.6442154356504255,0.5033811704151228,3.6986548860326622
784,7,11,4,9,192,12,36,0.28558020982891325,8.918785427697003,0.5495274676941335,1.7717483788728714,0.15292881117202342,0.019002696410134183,0.713673490518704,1.0669077469253452e-06,0.3026667213067412,16,256,6,0.4785491148009896,3.055134102509163,2.4149800046901824,5,0.14077437252187064,0.8310042547519461,85.88888888888889,0.8588888888888889,0.6666666666666666,0.0,0.03440476016788005,3.733199244770362,0.0,2.3380456998663637,0.12640776441856572,1.5400000000000005,87.33333333333333,0.8733333333333334,0.6666666666666666,0.0,0.05301075268817204,4.331300597267366,0.0,2.3380456998663637,0.10910750368477025,0.44199999999999795,89.0,0.89,0.6666666666666666,0.0,0.01990049751243781,2.8223737098730695,0.0,1.4333796093620694,0.18680784946227594,0.5110127642558397,81.33333333333333,0.8133333333333334,0.6666666666666666,0.0,0.030303030303030304,4.04592342717065,0.0,1.9363613973365315
785,10,5,6,20,96,5,87,0.2192443353123963,2.36266250256449,0.007511514518409967,2.8815263949800283,0.6195462022908033,0.005377762169090169,0.2705687498208135,0.00017306105283525005,0.41404985325410965,48,64,12,0.39589199647307394,0.08671929000875928,6.825266679748177,2,0.02959589436933753,0.0568888888888878,97.0,0.9700000000000001,1.0,0.4444444444444444,0.014837184473423323,4.5456009482657675,0.0,0.11674585053627443,0.0,0.0,100.0,1.0,1.0,0.0,0.006666666666666667,5.411786336141328,0.0,0.0,0.045040238765348684,0.1706666666666634,95.33333333333333,0.9533333333333335,1.0,0.6666666666666666,0.02050179211469534,3.208721934018263,0.03317535602694755,0.11674585053627443,0.0437474443426639,0.0,95.66666666666667,0.9566666666666667,1.0,0.6666666666666666,0.017343094638907954,5.016294574637712,0.029891710970944063,0.0
786,14,9,2,15,32,8,17,0.1601668855175376,5.028081517666578,0.2596041136421263,3.3071669607888907,0.7548981828149408,0.06566812389679609,0.667595288110897,0.0007779479245011521,0.15446881936863066,33,1024,9,0.6935295207425952,0.5415198500400386,4.739193105158381,4,0.37448861775065173,3.9251943675346026,62.44444444444444,0.6244444444444445,0.3333333333333333,0.1111111111111111,0.09264015331791081,3.094632547759608,0.3187034673719107,6.3436989535148385,0.3911880129166166,7.370000000000003,61.0,0.61,0.3333333333333333,0.0,0.05158914728682171,3.2835488971828144,0.28751460511419996,6.3436989535148385,0.4492584862818825,3.121666666666663,54.666666666666664,0.5466666666666667,0.0,0.0,0.13423702814459118,2.1566737100235174,0.4201596416790059,3.526418971595706,0.28301935405345613,1.2839164359371416,71.66666666666667,0.7166666666666667,0.6666666666666666,0.3333333333333333,0.09209428452231956,3.843675036072493,0.15935173368595534,1.5513867594322515
787,5,7,8,30,96,15,67,0.4313291133381426,7.378639981150627,0.40664798235520716,0.3226073351688683,0.3728385141119361,0.0015501575130030662,0.22033018548972905,1.582390849549433e-05,0.6546410151943565,31,128,7,0.07631340213119983,0.4861063175220282,1.4059356858632845,1,0.0,0.0,100.0,1.0,1.0,0.0,0.0,5.113851447693175,0.0,0.0,0.0,0.0,100.0,1.0,1.0,0.0,0.0,5.805237675085664,0.0,0.0,0.0,0.0,100.0,1.0,1.0,0.0,0.0,3.624135327991098,0.0,0.0,0.0,0.0,100.0,1.0,1.0,0.0,0.0,5.912181340002765,0.0,0.0
788,4,8,5,27,128,10,24,0.07422643140889705,3.8795554768294096,0.16599602000787853,3.6761074929963797,0.36173459952697157,0.029148431905413077,0.45296492394991217,2.8520177662247938e-05,0.6671411814168096,25,256,8,0.5259250824339687,2.5939059521633743,3.128336827608457,3,0.5234980641996548,6.5806650573332695,47.55555555555556,0.4755555555555555,0.1111111111111111,0.0,0.04336043360433604,1.9701668799307126,0.5874781052147046,11.09676074709681,0.5904771192346009,12.536666666666665,41.0,0.41,0.0,0.0,0.04878048780487806,1.641833336978424,0.588329382755679,8.921230467359159,0.5862316543320863,4.79333333333333,41.0,0.41,0.0,0.0,0.04878048780487806,1.2535569030882383,0.5855268571811613,11.09676074709681,0.393785419032277,2.4119951719998105,60.666666666666664,0.6066666666666666,0.3333333333333333,0.0,0.032520325203252036,3.015110399725476,0.2951633170671268,2.9329049666598626
789,13,8,3,12,64,4,59,0.4640411840286106,6.276187585666776,0.6752457077614963,1.1529772249050438,0.8222366478759796,0.0008460857532526653,0.900689774332568,0.004939202954026541,0.04953639665618539,37,1024,6,0.25999066038057206,0.0913800989577042,9.159291462231199,2,0.0,0.0,100.0,1.0,1.0,0.0,0.02666666666666667,5.244244783599344,0.0,0.0,0.0,0.0,100.0,1.0,1.0,0.0,0.04,5.832265003894766,0.0,0.0,0.0,0.0,100.0,1.0,1.0,0.0,0.0033333333333333335,3.9620663373110196,0.0,0.0,0.0,0.0,100.0,1.0,1.0,0.0,0.03666666666666667,5.938403009592245,0.0,0.0
790,11,12,7,17,64,7,45,0.36882901438511906,7.8297912841662765,0.4668698969297111,1.6371506601572037,0.5524120111018419,0.007072355086715902,0.03608283190988004,0.00031943874174736,0.5406167919375002,42,64,5,0.645897311065346,1.4571899925694165,3.5294833069916822,4,0.11343882679639991,0.6248127958681016,88.55555555555556,0.8855555555555555,0.8888888888888888,0.3333333333333333,0.02796213365178882,3.5239631819288886,0.0,1.28622108194947,0.07566149203472315,0.5866666666666649,92.33333333333333,0.9233333333333333,1.0,0.3333333333333333,0.03164502164502164,4.3146802643031785,0.0,0.8906840761395641,0.0916636549617098,0.9483333333333325,90.66666666666667,0.9066666666666666,1.0,0.3333333333333333,0.023888888888888887,2.625069675915357,0.0,0.7930645632361258,0.17299133339276676,0.3394383876043072,82.66666666666667,0.8266666666666667,0.6666666666666666,0.3333333333333333,0.028352490421455937,3.6321396055681294,0.04985009721476392,1.28622108194947
791,8,4,1,6,128,13,79,0.19614530256949364,1.2012275261804461,0.2651794117875397,2.285506471293047,0.1634069278370589,0.00342889981850591,0.47871969924308355,6.085415118313519e-06,0.2684416960552335,20,512,11,0.21178743084892632,0.16234658761870271,1.0847862480021617,3,0.0,0.0,100.0,1.0,1.0,0.0,0.08555555555555555,5.107350336749935,0.0,0.0,0.0,0.0,100.0,1.0,1.0,0.0,0.04666666666666667,5.860947004208962,0.0,0.0,0.0,0.0,100.0,1.0,1.0,0.0,0.11333333333333333,3.6097209993749857,0.0,0.0,0.0,0.0,100.0,1.0,1.0,0.0,0.09666666666666668,5.851383006665856,0.0,0.0
792,9,10,7,11,96,14,33,0.09353146357461811,3.571113945916295,0.39100991282612085,2.4281343955080956,0.08038966413587331,0.0006887659120597209,0.07440211400389671,0.0011253232145497008,0.7375884063355624,34,128,9,0.7162696099840105,1.927643058017348,8.036128359419408,4,0.15259770464144082,0.9875409207895585,84.66666666666667,0.8466666666666667,0.7777777777777778,0.1111111111111111,0.023268713678549744,3.475571342227851,0.0,1.6664112334008998,0.0,0.0,100.0,1.0,1.0,0.0,0.01,5.009742992309232,0.0,0.0,0.18117831557020814,1.9926666666666648,81.66666666666667,0.8166666666666668,0.6666666666666666,0.0,0.025555555555555554,2.3657091066275755,0.0,1.6664112334008998,0.2766147983541143,0.9699560957020107,72.33333333333333,0.7233333333333333,0.6666666666666666,0.3333333333333333,0.03425058548009368,3.0512619277467454,0.1953739509938671,1.28622108194947
793,11,6,1,25,192,9,61,0.49736752919852734,6.022679505869746,0.187904005497694,1.2016089991666377,0.6752606121357531,0.03898414398977915,0.5815311294980346,1.105374316195715e-05,0.07156659975647926,27,1024,7,0.09764374876394868,0.1207393084698473,2.745478494719842,3,0.02061794161586846,0.0186666666666656,97.88888888888889,0.9788888888888889,1.0,0.2222222222222222,0.04116129384170621,5.722589852975287,0.0,0.6210045987715395,0.0,0.0,100.0,1.0,1.0,0.0,0.0,6.529089333489537,0.0,0.0,0.05192992718965969,0.055999999999996795,94.66666666666667,0.9466666666666667,1.0,0.3333333333333333,0.06317460317460317,4.313949104324575,0.0,0.6210045987715395,0.009923897657945692,0.0,99.0,0.9899999999999999,1.0,0.3333333333333333,0.060309278350515465,6.324731121111751,0.0,0.0
794,13,10,5,7,96,6,52,0.33198705678805707,8.683705951087177,0.06827138066291809,0.775515852496028,0.699386986065656,0.002364859843834589,0.38492906345054506,2.438490942344484e-06,0.5171412859857082,12,64,4,0.41173842279240486,1.1022248258076206,1.237078427494598,3,0.06598457881876836,0.6145359991084083,93.33333333333333,0.9333333333333333,0.8888888888888888,0.2222222222222222,0.02024745642080629,3.714208369105749,0.0,1.4127420760916292,0.0,0.0,100.0,1.0,1.0,0.0,0.0033333333333333335,4.624654339471211,0.0,0.0,0.13818050870800444,1.6893333333333316,86.0,0.86,0.6666666666666666,0.3333333333333333,0.030417166010386354,2.308698090244742,0.004780195658254032,1.4127420760916292,0.05977322774830065,0.1542746639918935,94.0,0.94,1.0,0.3333333333333333,0.026991869918699188,4.209272677601292,0.0,0.20586404037296388
795,3,6,3,19,32,11,82,0.17332463115453722,2.03536110278219,0.5761056514456868,3.8777317081112415,0.4447507961187511,0.011164945902461825,0.8869699755683541,7.524693987925268e-05,0.19943979604169726,48,256,10,0.33040593685582276,0.2183351871567275,4.023876219514936,2,0.016416468569070482,0.053666666666666675,98.33333333333333,0.9833333333333333,1.0,0.1111111111111111,0.00130718954248366,4.962310108274002,0.0,0.5221133871205753,0.0,0.0,100.0,1.0,1.0,0.0,0.0,5.831730323843658,0.0,0.0,0.049249405707211445,0.16100000000000003,95.0,0.9500000000000001,1.0,0.3333333333333333,0.00392156862745098,3.27036832682971,0.0,0.5221133871205753,0.0,0.0,100.0,1.0,1.0,0.0,0.0,5.784831674148639,0.0,0.0
796,6,11,2,22,32,13,40,0.3085038646589965,9.787531637586653,0.335496598854661,0.6409449558705091,0.29647971387021244,0.004030023111570191,0.6469165755435824,0.0004323301551023354,0.37383660247549416,44,512,5,0.5780612271279096,4.036830464972414,5.985034334406067,4,0.046585978416530276,0.11314612920143574,95.33333333333333,0.9533333333333334,0.8888888888888888,0.0,0.020191570881226053,4.619252097639487,0.0,1.28622108194947,0.0,0.0,100.0,1.0,1.0,0.0,0.023333333333333334,5.692817341381063,0.0,0.0,0.0,0.0,100.0,1.0,1.0,0.0,0.006666666666666667,3.5890933188299337,0.0,0.0,0.13975793524959082,0.3394383876043072,86.0,0.86,0.6666666666666666,0.0,0.03057471264367816,4.575845632707465,0.0,1.28622108194947
797,14,5,8,10,128,7,95,0.25618930314667526,3.1808659033849835,0.48387010674923653,3.281738606514409,0.8976735178381204,0.02339573635414196,0.14440767681226133,4.5434381990413206e-06,0.4353574001044035,18,64,11,0.14801035430282355,0.06444282585000893,2.118263460974696,1,0.013896128459740328,0.0001593664121039377,98.55555555555556,0.9855555555555555,1.0,0.3333333333333333,0.004582388510959939,4.388491065946631,0.0,0.0018116434070652306,0.0,0.0,100.0,1.0,1.0,0.0,0.0,5.149215999990702,0.0,0.0,0.02865587360699746,0.0,97.0,0.9700000000000001,1.0,0.6666666666666666,0.006802721088435374,3.0414371714650947,0.009486664752107231,0.0,0.013032511772223523,0.00047809923631181306,98.66666666666667,0.9866666666666667,1.0,0.3333333333333333,0.006944444444444444,4.974820026384098,0.0,0.0018116434070652306
798,10,9,4,28,192,4,19,0.12673755693249406,4.738866060972214,0.6473053028807043,2.79710532608442,0.4767698001582175,0.0009841713642270858,0.8234438345767557,6.966992037710075e-05,0.12882534466683865,23,1024,10,0.5503741547465325,0.7282971299010004,1.6024348618254662,5,0.020831782874368772,0.0428260330787701,97.88888888888889,0.9788888888888889,1.0,0.2222222222222222,0.014891880864953081,5.683019092149691,0.0,0.4150963574623157,0.0,0.0,100.0,1.0,1.0,0.0,0.0,6.414469998174657,0.0,0.0,0.046029999138182794,0.1279999999999985,95.33333333333333,0.9533333333333333,1.0,0.3333333333333333,0.027131782945736437,4.3375959581435595,0.0,0.4150963574623157,0.01646534948492351,0.00047809923631181306,98.33333333333333,0.9833333333333334,1.0,0.3333333333333333,0.017543859649122806,6.296991320130856,0.0,0.0018116434070652306
799,6,7,6,14,64,10,76,0.41192107093520464,7.104807194322348,0.10661898367106915,2.0320092872716486,0.2292865506373346,0.09543143608599564,0.3167746800929308,0.002009312859949071,0.5878070839308203,39,256,8,0.2802956150844693,0.367681873912811,5.400076968558104,2,0.11719122509971155,0.28926153331794036,88.11111111111111,0.8811111111111111,1.0,0.7777777777777778,0.024768088342595248,4.129904388318838,0.02987385993927648,0.6210045987715395,0.05580415569201811,0.10000000000000009,94.33333333333333,0.9433333333333334,1.0,0.6666666666666666,0.05397906177575323,5.15978005930129,0.01493692996963824,0.13157832942970546,0.17627354160595696,0.5936666666666628,82.0,0.82,1.0,1.0,0.012195121951219514,2.6165353658616666,0.17557347056323686,0.6210045987715395,0.11949597800115963,0.17411793328715824,88.0,0.8799999999999999,1.0,0.6666666666666666,0.008130081300813009,4.61339773979356,0.08958412537928848,0.20586404037296388
800,6,11,7,5,128,11,16,0.4922583405394107,2.1914608562365174,0.6660130882635712,0.9473819714039564,0.6454772577155382,0.0011829507749486498,0.6321396918967366,0.00028600098227161166,0.3570525034889579,36,64,11,0.35710325483232735,0.19254556454315166,1.79931103810091,2,0.0,0.0,100.0,1.0,1.0,0.0,0.01111111111111111,4.296376216484027,0.0,0.0,0.0,0.0,100.0,1.0,1.0,0.0,0.02333333333333333,4.965320656386514,0.0,0.0,0.0,0.0,100.0,1.0,1.0,0.0,0.0,2.9222979939853153,0.0,0.0,0.0,0.0,100.0,1.0,1.0,0.0,0.01,5.001509999080251,0.0,0.0
801,10,5,2,18,64,6,65,0.10248500960879028,9.090294991619885,0.1581387735903263,3.939380494179204,0.07034660829231143,0.07901148380691723,0.12944652317091823,5.119030623645188e-06,0.4463833503611386,24,256,5,0.4506871528923511,1.2060600912656032,5.266662157939461,3,0.22388964351345708,0.9796046728581939,77.44444444444444,0.7744444444444445,0.6666666666666666,0.4444444444444444,0.02654916648307263,3.4321460356177917,0.10818849477882017,2.7649490469115108,0.1422213090160609,0.6666666666666636,85.66666666666667,0.8566666666666668,1.0,0.6666666666666666,0.030627891606080634,4.355158125138902,0.054094247389410086,0.9918981757008787,0.31631839350782354,1.901333333333327,68.0,0.68,0.0,0.0,0.02941176470588235,2.1136323521918086,0.31551704725591434,2.7649490469115108,0.2131292280164868,0.37081401857459084,78.66666666666667,0.7866666666666667,1.0,0.6666666666666666,0.0196078431372549,3.8276476295226636,0.15935173368595534,0.4596604481053848
802,14,9,6,13,64,9,37,0.16810581390745938,7.268623813986778,0.2778244599699974,2.488122000126168,0.45472040507011113,0.0048679204127596845,0.8087321822531521,2.7761601384627068e-05,0.1394790722616017,19,128,6,0.07101044338196516,0.1064458606703764,6.139840140229173,3,0.08724972520697268,0.7732836804770117,91.22222222222223,0.9122222222222223,0.8888888888888888,0.2222222222222222,0.014719140402200511,3.7054437332382153,0.0,1.4127420760916292,0.0,0.0,100.0,1.0,1.0,0.0,0.0,4.798628003336489,0.0,0.0,0.12833395486229282,1.6893333333333316,87.0,0.87,0.6666666666666666,0.0,0.01639344262295082,2.4576027895568213,0.0,1.4127420760916292,0.1334152207586252,0.6305177080977036,86.66666666666667,0.8666666666666667,1.0,0.6666666666666666,0.027763978583650716,3.8601004068213367,0.004748880144070718,0.8413625384561836
803,6,7,4,26,128,14,89,0.34083050484769045,5.137858431786299,0.4808849828317761,1.371363325510174,0.7292525269091129,0.019475449856854146,0.3018497660756111,0.003954323607376973,0.5713489830121398,41,512,8,0.6772996310144663,2.1086071252651877,1.887599510686412,4,0.0312231939557744,0.004603810856549126,96.77777777777777,0.9677777777777776,1.0,0.6666666666666666,0.02212719298245614,5.155979934670771,0.0,0.016950431405520102,0.029274683743196413,0.013333333333335565,97.0,0.9700000000000001,1.0,0.6666666666666666,0.024276315789473684,5.846244711018703,0.01988560497391719,0.016950431405520102,0.04792954863920326,0.0,95.0,0.9499999999999998,1.0,1.0,0.031578947368421054,3.681127365939973,0.047597307399997776,0.0,0.01646534948492351,0.00047809923631181306,98.33333333333333,0.9833333333333334,1.0,0.3333333333333333,0.010526315789473684,5.940567727053636,0.0,0.0018116434070652306
804,3,10,1,30,192,10,46,0.2474546253681183,6.104991303756833,0.021526410058140752,2.617226554779336,0.8478483193553984,0.0019685941711337245,0.05948015861213207,0.000988548213298545,0.7453628431633115,47,1024,7,0.23315418558195233,0.41705748414674404,1.3881541818745446,2,0.5201420863637201,5.897995156874862,47.888888888888886,0.47888888888888886,0.0,0.0,0.038257865066375706,2.617584677548765,0.523567395474304,8.032525516587752,0.5310171198769168,11.83666666666667,47.0,0.47,0.0,0.0,0.02127659574468085,2.7508971641328954,0.5291105579211208,8.032525516587752,0.4992229742291318,3.390666666666662,49.666666666666664,0.49666666666666665,0.0,0.0,0.07222040370976542,2.363972462090296,0.48705076360654564,7.2783217558406355,0.5301861649851114,2.4666521372912587,47.0,0.47,0.0,0.0,0.02127659574468085,2.737884406423104,0.5298615233490458,4.256957236484063
805,13,6,6,16,96,4,80,0.3138319215737283,4.051061822101474,0.562172664515674,1.9765385226346552,0.27988357716239987,0.0134862921710453,0.5668305614031851,1.6536969258965497e-05,0.058032955620437865,16,256,9,0.48816159320995206,0.6657992856023047,3.9221490725090065,5,0.0,0.0,100.0,1.0,1.0,0.0,0.003333333333333333,4.594978226038317,0.0,0.0,0.0,0.0,100.0,1.0,1.0,0.0,0.0,5.227202332268159,0.0,0.0,0.0,0.0,100.0,1.0,1.0,0.0,0.0,3.368169000993172,0.0,0.0,0.0,0.0,100.0,1.0,1.0,0.0,0.01,5.18956334485362,0.0,0.0
806,11,10,3,21,32,7,23,0.4032964911311865,1.0912059945985675,0.3987905507907271,0.5839346032589674,0.24580274913460015,0.0005702567205691145,0.3699563725851476,1.2467844546261759e-06,0.5032139829732477,30,512,12,0.1952159241773188,0.07307495686667445,8.240270216246591,1,0.0,0.0,100.0,1.0,1.0,0.0,0.0,4.787741005679385,0.0,0.0,0.0,0.0,100.0,1.0,1.0,0.0,0.0,5.465585670123498,0.0,0.0,0.0,0.0,100.0,1.0,1.0,0.0,0.0,3.474009671869377,0.0,0.0,0.0,0.0,100.0,1.0,1.0,0.0,0.0,5.423627675045282,0.0,0.0
807,9,6,5,8,96,12,58,0.1321752424351871,7.939571416936815,0.2503716375678778,3.0998553310055286,0.5266707064118237,0.04685802283006843,0.8721896803006529,0.00018999982940478484,0.20756378430873157,33,128,6,0.6402523337863386,3.6893133620232472,2.445241925120049,4,0.07786403012752305,0.2503224691934036,92.11111111111111,0.9211111111111112,1.0,0.4444444444444444,0.03407644660462696,3.9796470345786354,0.0,0.743811845035123,0.0,0.0,100.0,1.0,1.0,0.0,0.013333333333333334,5.092289665869127,0.0,0.0,0.0904293464066448,0.1906666666666612,90.66666666666667,0.9066666666666667,1.0,0.6666666666666666,0.051772260661149545,2.711579535039173,0.04275553576065102,0.6210045987715395,0.14316274397592435,0.5603007409135496,85.66666666666667,0.8566666666666668,1.0,0.6666666666666666,0.037123745819397994,4.135071902827608,0.03930456769269153,0.743811845035123
808,8,8,3,15,32,15,54,0.22819766006432474,5.851480005308986,0.4965153544209897,3.4841257005464286,0.5963862471282483,0.00854216112901099,0.46763616059906776,5.5777134493627333e-05,0.6763373897783458,19,1024,8,0.13574882363900542,0.31001491002668513,3.374634711590592,1,0.29070183848662645,3.481923906979212,70.77777777777777,0.7077777777777778,0.3333333333333333,0.1111111111111111,0.0,3.6320247457770205,0.17530074234278153,5.651251994648968,0.4396910072266759,8.906666666666666,56.0,0.56,0.0,0.0,0.0,2.971233926170195,0.4392635089625103,5.651251994648968,0.2860490105416671,1.199666666666662,71.0,0.71,0.3333333333333333,0.3333333333333333,0.0,2.841819340846834,0.21070499639383133,2.2030374388234573,0.14636549769153626,0.3394383876043072,85.33333333333333,0.8533333333333334,0.6666666666666666,0.0,0.0,5.083020970314031,0.0,1.28622108194947
809,12,8,5,28,128,8,83,0.2804712424520403,3.742621364071965,0.34951152959838505,0.3753869500942528,0.10966540458612145,0.0028527341966119724,0.9156406081747264,0.0019559526178889535,0.0345358370244503,45,128,10,0.7434480928815901,0.8799432001198864,1.1940452011320706,4,0.0,0.0,100.0,1.0,1.0,0.0,0.0,4.747489772271365,0.0,0.0,0.0,0.0,100.0,1.0,1.0,0.0,0.0,5.330909979529679,0.0,0.0,0.0,0.0,100.0,1.0,1.0,0.0,0.0,3.4585583357450864,0.0,0.0,0.0,0.0,100.0,1.0,1.0,0.0,0.0,5.45300100153933,0.0,0.0
810,12,12,2,10,192,5,31,0.44017278268001975,1.9253470813855529,0.09738656366243958,1.8261855989694595,0.4160199622623622,0.03501567380883594,0.05083379573188722,0.0003636606682425751,0.5252657987177372,40,256,11,0.3363924163393676,0.05532185157543153,2.8435380671784225,2,0.11277148520475716,0.32011171668617866,88.55555555555556,0.8855555555555555,0.8888888888888888,0.4444444444444444,0.19051366777859002,3.794661428709171,0.0,3.230702495990206,0.0,0.0,100.0,1.0,1.0,0.0,0.13,5.074624998960644,0.0,0.0,0.15362459943672932,0.6679999999999982,84.33333333333333,0.8433333333333334,0.6666666666666666,0.3333333333333333,0.17674997107485826,2.636444528187824,0.06736647510143699,3.230702495990206,0.18468985617754216,0.29233515005853783,81.33333333333333,0.8133333333333334,1.0,1.0,0.2647910322609118,3.6729147589790436,0.12897750917729423,0.9133046481594184
811,4,4,7,22,64,12,60,0.15494784698821606,8.793480719439685,0.6394479013048112,3.0606076561380178,0.778131812857464,0.0007004490024944151,0.4937212685588747,4.067871731833461e-06,0.2780345625989139,24,64,5,0.42865202100947497,4.9659261736219324,9.585136614082574,5,0.03310828893739149,0.14733333333333265,96.66666666666667,0.9666666666666666,0.8888888888888888,0.0,0.00857142857142857,4.802996046722881,0.0,1.4333796093620694,0.0,0.0,100.0,1.0,1.0,0.0,0.0,5.642391995837291,0.0,0.0,0.09932486681217446,0.44199999999999795,90.0,0.9,0.6666666666666666,0.0,0.019047619047619046,3.122455470064389,0.0,1.4333796093620694,0.0,0.0,100.0,1.0,1.0,0.0,0.006666666666666667,5.644140674266964,0.0,0.0
812,5,11,6,19,64,13,18,0.46936901966109873,3.009671767242253,0.1800467942841351,1.462707832455635,0.8189110235776752,0.05436467002338952,0.7286639756057411,2.6773216516146393e-06,0.29019501885399224,27,64,10,0.17553047500550745,0.2544827584986335,4.528956037464278,3,0.34968364109194966,3.322088321061515,64.88888888888889,0.6488888888888888,0.4444444444444444,0.1111111111111111,0.07621325962006859,2.671536938991311,0.0,10.265058159456318,0.19285176320018152,4.923333333333336,80.66666666666667,0.8066666666666666,0.6666666666666666,0.0,0.019206349206349206,4.000399714771895,0.0,6.258946796487252,0.5359442865127342,3.9806666666666635,46.0,0.45999999999999996,0.0,0.0,0.12088983611581243,1.0415219691016702,0.5151380989843812,10.265058159456318,0.32025487356293314,1.0622649631845469,68.0,0.68,0.6666666666666666,0.3333333333333333,0.08854359353804415,2.9726891331003675,0.23500933966552384,1.28622108194947
813,15,5,4,7,192,7,74,0.06549197491258384,9.959035837091506,0.38177734417840836,2.221052094595507,0.32523178700357674,0.0018621863116044318,0.28531675501726567,8.793096652290146e-05,0.42071826301515103,34,512,4,0.6165082162246108,0.8964837807056165,1.5468547407260547,4,0.0,0.0,100.0,1.0,1.0,0.0,0.02333333333333333,4.997698668545733,0.0,0.0,0.0,0.0,100.0,1.0,1.0,0.0,0.016666666666666666,5.613049341676136,0.0,0.0,0.0,0.0,100.0,1.0,1.0,0.0,0.01,3.6991783316868045,0.0,0.0,0.0,0.0,100.0,1.0,1.0,0.0,0.043333333333333335,5.680868332274258,0.0,0.0
814,9,9,8,24,128,4,41,0.20158320935443047,6.994787808507681,0.5901207673363387,3.6132034331094474,0.19983426057733594,0.015809631606741967,0.6825495335739106,0.001176059180952059,0.16080823175609113,48,256,7,0.29618358016014096,0.14328361999456504,2.193851994974558,2,0.08173694871809849,0.2628270497990205,91.77777777777777,0.9177777777777778,0.8888888888888888,0.1111111111111111,0.01019400352733686,4.335817792050449,0.0,1.843071066336607,0.0,0.0,100.0,1.0,1.0,0.0,0.02,5.491094338552405,0.0,0.0,0.12238447709056138,0.5683333333333336,87.66666666666667,0.8766666666666666,0.6666666666666666,0.0,0.005291005291005291,2.9765475014589295,0.0,1.843071066336607,0.12282636906373405,0.22014781606372788,87.66666666666667,0.8766666666666666,1.0,0.3333333333333333,0.005291005291005291,4.539811536140011,0.0,0.834197817650451
815,7,7,3,11,32,10,96,0.3602042132988572,4.84864404797554,0.08091648491099476,0.9805353251285851,0.5558178015984595,0.006495391040936462,0.23501295936293898,1.4045361718924888e-05,0.6425424175523221,13,1024,9,0.5553354443982244,1.5962839967453177,7.1379558895984925,3,0.009881221907460038,0.0001593664121039377,99.0,0.99,1.0,0.3333333333333333,0.01131729667812142,5.380945930149158,0.0,0.0018116434070652306,0.0,0.0,100.0,1.0,1.0,0.0,0.0033333333333333335,6.163728988418977,0.0,0.0,0.00955252556929182,0.0,99.0,0.9899999999999999,1.0,0.3333333333333333,0.010206185567010308,3.9605494273852084,0.0,0.0,0.020091140153088296,0.00047809923631181306,98.0,0.98,1.0,0.6666666666666666,0.020412371134020616,6.018559374643291,0.01473095227908718,0.0018116434070652306
816,7,9,5,22,192,6,68,0.2118355388287455,3.2934980373829603,0.5349168306216597,1.08109991857782,0.8744624427519739,0.0421506461311451,0.09801425337791442,0.002400960367009723,0.3404331106320024,21,256,6,0.38036412913352247,0.6992290087476242,7.631023196568606,3,0.02878140466693987,0.040435350640726724,97.11111111111111,0.9711111111111111,1.0,0.1111111111111111,0.003003003003003003,4.796287430640501,0.0,0.4596604481053848,0.0,0.0,100.0,1.0,1.0,0.0,0.0,5.77882699513187,0.0,0.0,0.0,0.0,100.0,1.0,1.0,0.0,0.0,3.636219991991917,0.0,0.0,0.08634421400081961,0.12130605192218018,91.33333333333333,0.9133333333333334,1.0,0.3333333333333333,0.009009009009009009,4.973815304797713,0.0,0.4596604481053848
817,9,7,3,8,64,13,13,0.377517214929685,5.737433852627873,0.02707780860364437,3.7214357915800065,0.3063939344603568,0.0006313042177769277,0.5448156197555363,4.573456638364974e-05,0.4630085709132254,43,64,8,0.4713418155908584,0.32848671913553734,2.700545962063487,2,0.4084263222772837,5.09064763230098,59.0,0.59,0.2222222222222222,0.1111111111111111,0.1674340302005117,1.8156594652770721,0.43023112502558813,7.200788831891428,0.4992686863556533,10.769999999999998,50.0,0.5,0.0,0.0,0.18546679393919444,1.6809136985981759,0.45459168976526165,7.200788831891428,0.20402962053792786,1.974999999999999,79.33333333333333,0.7933333333333333,0.6666666666666666,0.3333333333333333,0.1957848324514991,2.1913688168023273,0.07885733543501774,1.5169973121725826,0.5219806599382698,2.526942896902946,47.666666666666664,0.4766666666666666,0.0,0.0,0.12105046421084158,1.5746958804307125,0.492826562670196,3.6986548860326622
818,15,11,7,29,64,10,92,0.4520579768810421,8.402856103144586,0.23422453589737413,2.3582950581330806,0.21929146088659762,0.010299732843759707,0.3928847792558372,2.908054737332222e-06,0.12140854472294449,38,1024,11,0.09154228325933218,3.910386690430623,1.2632124944088226,4,0.0,0.0,100.0,1.0,1.0,0.0,0.007777777777777778,5.3528542229388325,0.0,0.0,0.0,0.0,100.0,1.0,1.0,0.0,0.0,5.998797667368005,0.0,0.0,0.0,0.0,100.0,1.0,1.0,0.0,0.023333333333333334,4.107593332106869,0.0,0.0,0.0,0.0,100.0,1.0,1.0,0.0,0.0,5.952171669341624,0.0,0.0
819,5,5,2,17,128,3,35,0.05523768826387823,1.753351534716785,0.4373256815597415,1.5927412416785955,0.5000556647311896,0.00257349857415081,0.8364535110071301,0.0005035766766163494,0.589413693882525,26,128,5,0.7006940092891455,0.05809644163798267,4.256193305778494,3,0.4703094587203457,5.443532765505958,52.888888888888886,0.5288888888888889,0.2222222222222222,0.1111111111111111,0.043365359718872155,2.233553146287773,0.4802010143499649,12.675147435641229,0.510758662224302,10.623333333333333,49.0,0.49,0.0,0.0,0.05635678095911394,2.102243385413321,0.4718266535682346,6.275897227892767,0.5765207287008294,4.644999999999997,42.0,0.42,0.0,0.0,0.04784688995215311,1.2591843344003817,0.5559466057619469,12.675147435641229,0.3236489852359055,1.0622649631845469,67.66666666666667,0.6766666666666667,0.6666666666666666,0.3333333333333333,0.025892408245349424,3.339231719049616,0.24010050717498246,1.28622108194947
820,4,12,4,13,96,8,77,0.4294532408937812,9.504810412414372,0.15292340368032453,2.9268545259255916,0.6719872160349042,0.02547551052986997,0.5945414712652564,0.0001079118493779321,0.7157325999066234,29,128,12,0.25342435808852315,1.1384648379092999,5.887065004031603,5,0.1403447476432699,0.5169182999129027,85.77777777777777,0.8577777777777778,1.0,0.8888888888888888,0.042328042328042326,3.5573435336518933,0.15578978156897907,0.7373437661400044,0.15854111652314096,0.833333333333334,84.0,0.84,1.0,1.0,0.047619047619047616,3.895696037308505,0.15800629791195758,0.7373437661400044,0.1561491210062579,0.5936666666666628,84.0,0.84,1.0,1.0,0.047619047619047616,2.403278166191682,0.1553663460743691,0.6210045987715395,0.10634400540041089,0.1237548997387113,89.33333333333333,0.8933333333333332,1.0,0.6666666666666666,0.031746031746031744,4.3730563974554935,0.07975222213243162,0.13865963166806336
821,12,4,5,25,32,14,49,0.13722304413095116,2.9015173548832536,0.6936158197000623,1.69987135194242,0.0969603200443089,0.003715505101902969,0.1505129068158567,2.194636188199177e-06,0.08765739323571324,32,1024,6,0.5111234056763351,0.2423303961331934,2.011474008016414,2,0.0,0.0,100.0,1.0,1.0,0.0,0.0,5.691140330293113,0.0,0.0,0.0,0.0,100.0,1.0,1.0,0.0,0.0,6.380512334872037,0.0,0.0,0.0,0.0,100.0,1.0,1.0,0.0,0.0,4.331304331620534,0.0,0.0,0.0,0.0,100.0,1.0,1.0,0.0,0.0,6.361604324386765,0.0,0.0
822,12,8,2,4,96,11,56,0.2459209868684411,4.455122109502554,0.4426865482702851,0.2781976372934878,0.4281057623680681,0.08741595682730087,0.7848678731359541,1.0038523977852504e-05,0.4750348743982613,46,64,7,0.2182258122600615,2.0088333117429467,1.6949492842960883,4,0.037310706167283166,0.08311111111111034,96.22222222222223,0.9622222222222222,0.8888888888888888,0.1111111111111111,0.16609160482759766,4.0744335703591865,0.0,2.7649490469115108,0.0,0.0,100.0,1.0,1.0,0.0,0.10333333333333333,4.8731510116097825,0.0,0.0,0.1020082208439038,0.24933333333333105,89.66666666666667,0.8966666666666666,0.6666666666666666,0.0,0.17830917874396135,2.53718073717161,0.0,2.7649490469115108,0.009923897657945692,0.0,99.0,0.9899999999999999,1.0,0.3333333333333333,0.21663230240549827,4.812968962296165,0.0,0.0
823,8,8,8,18,192,5,26,0.2911922586150468,6.826479226350784,0.29431912675499916,3.3799557152669877,0.7027416503056884,0.0010647455482349008,0.33853452168405057,0.0016280624687282771,0.2357487316057086,15,512,9,0.6604851118288935,0.13522648465359224,5.514150354995716,1,0.41273578216558915,4.215663623659746,58.666666666666664,0.5866666666666667,0.3333333333333333,0.1111111111111111,0.0,2.9456847690991763,0.4348690954173134,10.265058159456318,0.36135529308935227,7.3033333333333355,64.0,0.64,0.3333333333333333,0.0,0.0,3.5019863753308016,0.2545183345198285,6.258946796487252,0.5299519492512407,3.929333333333329,46.666666666666664,0.4666666666666666,0.0,0.0,0.0,1.785469262690712,0.5061495930921408,10.265058159456318,0.34690010415617456,1.4143242043125746,65.33333333333333,0.6533333333333333,0.6666666666666666,0.3333333333333333,0.0,3.549598669276016,0.23034678549666837,2.9329049666598626
824,8,10,2,24,64,4,86,0.39248768794350325,9.195824393071234,0.36545908330008386,3.2373275675345212,0.8455259575974197,0.005867402222532108,0.765233656251803,7.162279937155563e-06,0.6944020951353014,38,128,11,0.11496596625074744,1.5042805275387998,2.298289989971202,4,0.08697661173776253,0.1045180870745245,91.11111111111111,0.911111111111111,1.0,0.8888888888888888,0.02962962962962963,4.076792419180964,0.0955422434669415,0.16102909835241508,0.09812245907894286,0.1399999999999994,90.0,0.9,1.0,1.0,0.03333333333333333,4.508211843117519,0.09747295368748031,0.16102909835241508,0.09655651083064543,0.1706666666666634,90.0,0.9,1.0,1.0,0.03333333333333333,2.8628307472293577,0.095342260776663,0.11674585053627443,0.06625086530369927,0.0028875945569106776,93.33333333333333,0.9333333333333332,1.0,0.6666666666666666,0.022222222222222223,4.8593346671960145,0.04952620074078499,0.010941853163498598
825,11,6,7,12,192,9,51,0.1143062431830913,2.6474529849365354,0.21841061981394885,0.7137395218014717,0.35174295492470264,0.017575606119789807,0.2618012664373964,0.00020659753739434283,0.01646530397236347,22,512,5,0.7199735746718943,0.1800777381145965,6.72835008871969,1,0.0063845113015320205,0.0,99.33333333333333,0.9933333333333333,1.0,0.1111111111111111,0.0,5.143130983508921,0.0,0.0,0.0,0.0,100.0,1.0,1.0,0.0,0.0,5.824837337713689,0.0,0.0,0.01915353390459606,0.0,98.0,0.98,1.0,0.3333333333333333,0.0,3.7237209484397256,0.0,0.0,0.0,0.0,100.0,1.0,1.0,0.0,0.0,5.8808346643733485,0.0,0.0
826,13,10,4,20,128,12,63,0.26532215024344624,5.308478340506554,0.053831956256181,2.077332500834018,0.17332378295250236,0.0014245058286408104,0.7032670966815203,0.0032221401225035365,0.5418910137563944,17,64,8,0.31286984337493773,2.701783000380478,4.828676268629201,5,0.12688121685627707,0.6035269053046904,87.22222222222223,0.8722222222222222,1.0,0.5555555555555556,0.039596785111659254,3.613705113569561,0.0,0.8906840761395641,0.07566149203472315,0.5866666666666649,92.33333333333333,0.9233333333333333,1.0,0.3333333333333333,0.02064935064935065,4.554426760031757,0.0,0.8906840761395641,0.09829403576748269,0.9483333333333325,90.0,0.9,1.0,0.3333333333333333,0.039047619047619046,2.784996145914885,0.0,0.7930645632361258,0.2066881227666253,0.2755807159140736,79.33333333333333,0.7933333333333333,1.0,1.0,0.05909338563800806,3.5016924347620413,0.1598344605021183,0.4596604481053848
827,3,6,6,6,32,7,29,0.3246422008145601,7.6600747518241405,0.5958433250896632,2.7252305343281478,0.5292035705409944,0.07118560790822331,0.19752981369383632,3.3867491008115446e-05,0.26141516422852873,43,256,10,0.40790653722360726,0.10228527962657946,1.4838393164074692,2,0.015350973036750518,0.042666666666666166,98.44444444444444,0.9844444444444443,1.0,0.2222222222222222,0.016906227021169548,4.717347877711819,0.0,0.4150963574623157,0.003309822186292,0.0,99.66666666666667,0.9966666666666667,1.0,0.3333333333333333,0.006734006734006735,5.56076391913649,0.0,0.0,0.042743096923959556,0.1279999999999985,95.66666666666667,0.9566666666666667,1.0,0.3333333333333333,0.03065134099616858,3.0324630506989685,0.0,0.4150963574623157,0.0,0.0,100.0,1.0,1.0,0.0,0.013333333333333334,5.558816663299997,0.0,0.0
828,6,9,7,9,32,5,71,0.1785023397766054,4.16278444416821,0.3114839204587042,1.2744033974595368,0.6228970160707832,0.0009177213727564664,0.4320168499369174,2.313236820342553e-05,0.31837994961068034,49,512,7,0.15244050957262517,0.5196238022053451,3.0839117225610737,4,0.0,0.0,100.0,1.0,1.0,0.0,0.005555555555555556,4.861268557142466,0.0,0.0,0.0,0.0,100.0,1.0,1.0,0.0,0.0,5.601589004509151,0.0,0.0,0.0,0.0,100.0,1.0,1.0,0.0,0.006666666666666667,3.4172873369728527,0.0,0.0,0.0,0.0,100.0,1.0,1.0,0.0,0.01,5.564929329945396,0.0,0.0
829,14,7,1,23,96,11,21,0.35823276787996294,6.55619783513248,0.5131803250871598,2.38372363592498,0.13627992696128785,0.026769225594941996,0.9382220346014947,0.0007138863477284509,0.39253913789987566,14,128,9,0.5960244415327907,0.4340204165188674,8.716713201281383,3,0.26676192929273396,3.0783347367858904,73.33333333333333,0.7333333333333333,0.5555555555555556,0.0,0.03700484456582018,3.023728733738611,0.0,8.055312823017784,0.3941874420829625,7.093333333333334,60.666666666666664,0.6066666666666667,0.3333333333333333,0.0,0.06047619047619048,2.600983087683008,0.2891713428900788,8.055312823017784,0.19582603507156818,1.367666666666667,80.33333333333333,0.8033333333333333,0.6666666666666666,0.0,0.032520325203252036,2.596255199514269,0.0,4.435261340280995,0.21027231072367122,0.7740042103576705,79.0,0.79,0.6666666666666666,0.0,0.018018018018018018,3.8739479140185558,0.0,2.9329049666598626
830,10,11,5,15,192,14,94,0.4748580346815288,8.114194790832698,0.634062227513641,3.8058566369581968,0.38940613018348813,0.003169500802482603,0.02916583432815969,0.00015478434934724052,0.19043265283107758,28,1024,10,0.2758226491510868,2.957931224306697,3.7250413098956865,3,0.0075579183719580185,0.0001593664121039377,99.22222222222223,0.9922222222222222,1.0,0.2222222222222222,0.015751240931653303,5.419397059377406,0.0,0.0018116434070652306,0.0,0.0,100.0,1.0,1.0,0.0,0.03,6.1311990092508495,0.0,0.0,0.012853120263149269,0.0,98.66666666666667,0.9866666666666667,1.0,0.3333333333333333,0.006944444444444444,4.131274474655381,0.0,0.0,0.009820634852724787,0.00047809923631181306,99.0,0.9899999999999999,1.0,0.3333333333333333,0.010309278350515464,5.995717694225987,0.0,0.0018116434070652306
831,6,5,4,27,96,9,43,0.0920865248888731,1.4800610905513167,0.12481846967712044,0.8208392336964607,0.7516217468772084,0.007721043141442439,0.5321385046932846,1.5205563379104488e-06,0.6129121577553451,35,256,4,0.5321119541302323,0.07813376487971889,1.1052652448919427,2,0.03599333623142232,0.30799999999999966,96.33333333333333,0.9633333333333334,1.0,0.2222222222222222,0.004911433172302738,4.976617754245816,0.0,0.6667874992129385,0.026458032125852984,0.12666666666666754,97.33333333333333,0.9733333333333333,1.0,0.3333333333333333,0.006956521739130435,5.6674328285431415,0.0,0.16102909835241508,0.08152197656841398,0.7973333333333313,91.66666666666667,0.9166666666666666,1.0,0.3333333333333333,0.0044444444444444444,3.3596421079710126,0.0,0.6667874992129385,0.0,0.0,100.0,1.0,1.0,0.0,0.0033333333333333335,5.902778326223294,0.0,0.0
832,6,10,5,12,64,5,44,0.05227854661643505,5.211589239537716,0.6424230931326746,3.58073218469508,0.4415698387660086,0.001384559297517213,0.9470413328614086,8.191659602182989e-05,0.38698560908436774,21,128,11,0.16348297875374557,3.5518228946375063,1.9506298224847542,2,0.17021112501607963,1.1201153658630578,83.0,0.83,0.6666666666666666,0.0,0.009024943310657597,3.5397564690737497,0.0,3.143490123699032,0.17170586739325655,1.8800000000000001,83.0,0.8300000000000001,0.6666666666666666,0.0,0.013469387755102041,4.086489935332694,0.0,2.8542376076290665,0.16915205849587855,0.9693333333333332,83.0,0.8300000000000001,0.6666666666666666,0.0,0.006802721088435374,2.467401387521579,0.0,3.143490123699032,0.1697754491591038,0.5110127642558397,83.0,0.8300000000000001,0.6666666666666666,0.0,0.006802721088435374,4.0653780843669765,0.0,1.9363613973365315
833,10,6,3,24,128,11,79,0.4561161260120571,7.1951333321630955,0.08944494761526584,1.0579513721168041,0.6894875886384398,0.06638123266189914,0.44360657543875276,2.8517088141495595e-06,0.32383733524009584,42,1024,5,0.6058259073644876,0.07560558626703646,6.347533869234057,5,0.08941546509123663,0.20758909555575097,90.88888888888889,0.9088888888888889,1.0,0.6666666666666666,0.03645661715932327,5.1952259060604,0.0,0.42771491142751156,0.0,0.0,100.0,1.0,1.0,0.0,0.016666666666666666,6.524721995616953,0.0,0.0,0.12319554360130718,0.41933333333333084,87.33333333333333,0.8733333333333334,1.0,1.0,0.04582675982270303,3.8726449844306856,0.11185631084743594,0.31499576676865415,0.14505085167240275,0.20343395333392209,85.33333333333333,0.8533333333333334,1.0,1.0,0.04687642498860009,5.188310738133562,0.14275711166467053,0.42771491142751156
834,14,10,6,6,128,15,25,0.3767555937170982,9.029713378287852,0.3417304646223783,1.4832953442819417,0.6853977913036943,0.005673264890790796,0.5214617912191898,1.3200201220036944e-05,0.6305797831527888,37,64,8,0.30806153658777474,0.6211647055793662,5.118217303720623,1,0.0,0.0,100.0,1.0,1.0,0.0,0.035555555555555556,4.1345371130026045,0.0,0.0,0.0,0.0,100.0,1.0,1.0,0.0,0.02333333333333333,4.735389332442234,0.0,0.0,0.0,0.0,100.0,1.0,1.0,0.0,0.03666666666666667,2.875313334322224,0.0,0.0,0.0,0.0,100.0,1.0,1.0,0.0,0.04666666666666667,4.792908672243357,0.0,0.0
835,5,6,1,20,64,8,59,0.21809166437014937,2.251733479090035,0.4996924867853522,2.131773293716833,0.0837565170135349,0.01630565065325104,0.015722133545204995,0.0012610923037255143,0.17286119267344474,25,512,10,0.565845537930727,0.41809964410280476,1.7483706063417883,4,0.06034385557022702,0.23199999999999887,93.88888888888889,0.9388888888888888,0.8888888888888888,0.1111111111111111,0.01828129723193851,5.0046278830005875,0.0,2.0754817873116025,0.0,0.0,100.0,1.0,1.0,0.0,0.006666666666666667,5.94880767321835,0.0,0.0,0.18103156671068107,0.6959999999999966,81.66666666666667,0.8166666666666668,0.6666666666666666,0.3333333333333333,0.04817722502914885,3.073951313678419,0.08294763137220154,2.0754817873116025,0.0,0.0,100.0,1.0,1.0,0.0,0.0,5.991124662104994,0.0,0.0
836,4,9,4,23,96,3,16,0.2935065553057939,8.000114339403808,0.08404118940234184,1.8522394527681172,0.23244263832457362,0.0032609094249102816,0.25763421575538814,0.0017929830995847924,0.02156548552215099,29,512,7,0.12438423791900277,2.261389702590229,2.5493937697015583,2,0.0,0.0,100.0,1.0,1.0,0.0,0.0,5.343343226446046,0.0,0.0,0.0,0.0,100.0,1.0,1.0,0.0,0.0,6.112072008351485,0.0,0.0,0.0,0.0,100.0,1.0,1.0,0.0,0.0,3.877762337991347,0.0,0.0,0.0,0.0,100.0,1.0,1.0,0.0,0.0,6.040195332995306,0.0,0.0
837,13,7,6,9,192,10,67,0.2411900743376464,1.0309033980593085,0.58237139377743,2.962139607174322,0.48669622046872973,0.008279771250642902,0.7638336211908608,5.8340797480414584e-05,0.6892174147628247,31,64,9,0.7334500192664564,0.10624047244676009,8.59236165051348,3,0.0,0.0,100.0,1.0,1.0,0.0,0.005555555555555556,4.510036555067119,0.0,0.0,0.0,0.0,100.0,1.0,1.0,0.0,0.0,5.110264662653208,0.0,0.0,0.0,0.0,100.0,1.0,1.0,0.0,0.0,3.2474710047245026,0.0,0.0,0.0,0.0,100.0,1.0,1.0,0.0,0.016666666666666666,5.172373997823645,0.0,0.0
838,11,11,2,27,96,13,37,0.13821923625655474,3.9773009065538645,0.3738040002062917,3.4461380422580987,0.8875633615534753,0.0009491348000425634,0.20355425127781926,3.8850698993207515e-06,0.2434748556278646,45,1024,10,0.34758742051199076,1.2534536623326367,3.779063808430238,3,0.3696046859246562,3.8406986719710363,62.888888888888886,0.6288888888888889,0.2222222222222222,0.0,0.07105517374543598,3.2816607698072624,0.4267528672521807,6.258946796487252,0.3165275575982213,6.543333333333335,68.33333333333333,0.6833333333333332,0.3333333333333333,0.0,0.07051020408163265,3.8252064548702087,0.22027300187750348,6.258946796487252,0.4524609209762287,3.001333333333328,54.333333333333336,0.5433333333333333,0.0,0.0,0.0854594820384294,2.304116995024254,0.4317449530447597,5.407915047635769,0.3398255791995184,1.9774293492464474,66.0,0.66,0.3333333333333333,0.0,0.057195835116245895,3.7156588595273248,0.21457505173215077,2.1857343826447497
839,9,5,7,15,32,6,87,0.42340467977337537,6.178443228825927,0.18307436704635618,0.4619278721511364,0.2930879913270473,0.02885439434902258,0.7065211353357881,0.0003971281909216302,0.5599158432334661,15,128,4,0.4384778375737369,0.18620502119432905,1.3369491053680689,4,0.008647891608567815,0.0,99.11111111111111,0.991111111111111,1.0,0.2222222222222222,0.010277777777777778,4.607611607956373,0.0,0.0,0.0,0.0,100.0,1.0,1.0,0.0,0.0,5.39507265901193,0.0,0.0,0.012734554469617264,0.0,98.66666666666667,0.9866666666666667,1.0,0.3333333333333333,0.010416666666666666,3.178995151312039,0.0,0.0,0.013209120356086181,0.0,98.66666666666667,0.9866666666666667,1.0,0.3333333333333333,0.020416666666666666,5.248767013545148,0.0,0.0
840,8,9,3,7,128,8,20,0.3304583770222962,8.869408859871328,0.47294405652210114,0.487297008279711,0.3760977060999721,0.010167612291580131,0.16118971938267349,1.7899793639345065e-05,0.09348191814497113,39,256,6,0.24298135815188288,1.6804835783169565,9.991942314638292,3,0.005322833837950277,0.0,99.44444444444444,0.9944444444444444,1.0,0.1111111111111111,0.032690058479532165,4.599251288849839,0.0,0.0,0.0,0.0,100.0,1.0,1.0,0.0,0.04666666666666667,5.270113001267116,0.0,0.0,0.01596850151385083,0.0,98.33333333333333,0.9833333333333334,1.0,0.3333333333333333,0.028070175438596492,3.1635315208123966,0.0,0.0,0.0,0.0,100.0,1.0,1.0,0.0,0.023333333333333334,5.3641093444700045,0.0,0.0
841,12,7,8,22,32,14,74,0.2641206065192819,1.8496592668816447,0.2807990063913166,3.127740728436038,0.7647201815620065,0.00243737714359242,0.6079850729554891,0.0009357967663225523,0.7098235541209579,22,64,8,0.4993552831001579,0.14037837993229532,2.9654705613023142,4,0.08834807040441653,0.2362664083334508,91.0,0.9099999999999999,1.0,0.7777777777777778,0.03354130005865728,4.296102542110777,0.04980739822960382,0.6210045987715395,0.0690108244340258,0.13333333333333347,93.0,0.93,1.0,0.6666666666666666,0.02944862155388471,5.132743160330995,0.02490369911480191,0.1821853792103627,0.12316419124592455,0.4686666666666617,87.33333333333333,0.8733333333333334,1.0,1.0,0.041540020263424515,2.789065161726523,0.10685139608439731,0.6210045987715395,0.07286919553329921,0.10679922500035725,92.66666666666667,0.9266666666666666,1.0,0.6666666666666666,0.029635258358662615,4.966499304274812,0.029551571167517193,0.13865963166806336
842,12,11,4,17,64,11,39,0.11880434164777398,3.6886316146701574,0.16131659569218754,2.701937497826293,0.6095383333507925,0.04182370919404702,0.3297153225168586,0.00020050199974428644,0.21853276636451482,17,512,11,0.18521920656785368,0.9480892858555678,1.1503166884730904,2,0.3594428067730765,3.665324797214655,63.888888888888886,0.6388888888888888,0.4444444444444444,0.2222222222222222,0.01848391290486033,2.7581732351203976,0.356210127264057,6.258946796487252,0.3194937277751006,6.4633333333333365,68.0,0.68,0.3333333333333333,0.0,0.018706842435655995,3.3544464728854044,0.20497894882518686,6.258946796487252,0.46908351643771634,3.5896666666666612,52.666666666666664,0.5266666666666667,0.0,0.0,0.019496219030247758,1.629190650022301,0.421932647180979,3.526418971595706,0.28975117610641254,0.9429743916439673,71.0,0.71,1.0,0.6666666666666666,0.01724867724867725,3.2908825824534884,0.18423955359560107,0.9645394485884001
843,4,5,6,29,192,6,95,0.3899684688076377,5.905160764232278,0.6582313778810203,1.9367188457399607,0.14943186277523637,0.000601032037344404,0.7732780485413968,1.1530551808381243e-06,0.4923353384621441,44,128,5,0.6288864337839186,0.250429568738723,3.250629065675592,3,0.0,0.0,100.0,1.0,1.0,0.0,0.0044444444444444444,5.30213088159346,0.0,0.0,0.0,0.0,100.0,1.0,1.0,0.0,0.006666666666666667,6.053883332448701,0.0,0.0,0.0,0.0,100.0,1.0,1.0,0.0,0.0033333333333333335,3.82476532443737,0.0,0.0,0.0,0.0,100.0,1.0,1.0,0.0,0.0033333333333333335,6.027743987894307,0.0,0.0
844,5,12,7,25,192,7,53,0.08559801443479956,4.902595240622759,0.24262299546971916,2.567370177479461,0.16012073829770088,0.08855267309761923,0.5387910547666251,5.630736824691655e-06,0.4567340729571879,50,256,12,0.3676146626472473,4.692976315383473,7.377383145001507,1,0.3175655054087179,2.9683639049641806,68.11111111111111,0.6811111111111111,0.3333333333333333,0.1111111111111111,0.0,3.0284437594238995,0.4049811348075053,4.724070697798037,0.273130000168774,5.17,72.66666666666667,0.7266666666666666,0.3333333333333333,0.0,0.0,3.650257189437158,0.20471605142797408,4.614754950152075,0.4062858299905255,2.75533333333333,59.0,0.59,0.0,0.0,0.0,1.819137291782825,0.405737300051193,4.724070697798037,0.27328068606685435,0.9797583815592111,72.66666666666667,0.7266666666666666,0.6666666666666666,0.3333333333333333,0.0,3.6159367970517167,0.20461290071860802,1.28622108194947
845,15,4,2,14,64,12,81,0.47541430429555476,6.941076941788197,0.4019146515987813,1.3407221678644419,0.5426149073522538,0.0011242199358257536,0.09476034212857484,0.0002757188526395503,0.3466114433482289,14,1024,6,0.46256375331431626,0.05618576239953255,2.2677324390588667,4,0.02211493112695975,0.03479657655991946,97.77777777777777,0.9777777777777779,1.0,0.2222222222222222,0.010763673890608874,5.303811931732426,0.0,0.13865963166806336,0.0,0.0,100.0,1.0,1.0,0.0,0.0,6.161249343616267,0.0,0.0,0.0,0.0,100.0,1.0,1.0,0.0,0.01,4.134964336796354,0.0,0.0,0.06634479338087924,0.10438972967975839,93.33333333333333,0.9333333333333332,1.0,0.6666666666666666,0.022291021671826627,5.615222114784657,0.02469802422738527,0.13865963166806336
846,9,8,5,19,32,9,32,0.3539418046828359,9.883077722974122,0.5652009687386452,0.856271515134722,0.8322694118134678,0.02567438563811589,0.8406204342842102,0.004106048619489378,0.6063603501394391,28,128,7,0.060329448804259306,0.8353862821333513,1.5034751998020672,2,0.0,0.0,100.0,1.0,1.0,0.0,0.027777777777777776,4.580906555832674,0.0,0.0,0.0,0.0,100.0,1.0,1.0,0.0,0.006666666666666667,5.244697997501741,0.0,0.0,0.0,0.0,100.0,1.0,1.0,0.0,0.01,3.24140332872048,0.0,0.0,0.0,0.0,100.0,1.0,1.0,0.0,0.06666666666666667,5.256618341275801,0.0,0.0
847,7,8,3,4,128,4,62,0.18125655897893012,3.085320890881121,0.01355246240273118,3.9581374402623624,0.3652045503724366,0.0039026008099052687,0.3942849417217076,2.521251644940125e-05,0.10455803165212273,36,512,9,0.6652507787570358,0.31625238283366064,4.400093261330357,5,0.041236704526775095,0.09156464927338197,95.77777777777777,0.9577777777777778,1.0,0.2222222222222222,0.07064471879286695,4.522597245295214,0.0,0.6464073177679052,0.0,0.0,100.0,1.0,1.0,0.0,0.05333333333333334,5.600662003271282,0.0,0.0,0.0,0.0,100.0,1.0,1.0,0.0,0.09333333333333334,3.4584756661206484,0.0,0.0,0.12371011358032528,0.27469394782014595,87.33333333333333,0.8733333333333334,1.0,0.6666666666666666,0.06526748971193415,4.508654066493712,0.0908902140932379,0.6464073177679052
848,7,8,8,28,64,13,76,0.3431314969435334,1.8114183088764548,0.5981766255572438,3.8283331922721118,0.2590568630490452,0.03621388766468615,0.2931965622585267,0.0007655280824828954,0.4036083982139826,37,1024,8,0.14056389089673757,0.12894872892489756,4.082597781818897,5,0.04273257713136918,0.0750115143432755,95.66666666666667,0.9566666666666666,1.0,0.3333333333333333,0.01754789272030651,5.544259256691022,0.0,0.4150963574623157,0.042618190370931404,0.08666666666666453,95.66666666666667,0.9566666666666667,1.0,0.3333333333333333,0.02199233716475096,6.220644782324075,0.0,0.13157832942970546,0.042743096923959556,0.1279999999999985,95.66666666666667,0.9566666666666667,1.0,0.3333333333333333,0.01532567049808429,4.224392444794548,0.0,0.4150963574623157,0.04283644409921658,0.010367876363163536,95.66666666666667,0.9566666666666667,1.0,0.3333333333333333,0.01532567049808429,6.18774054295444,0.0,0.03928660293099189
849,9,8,2,14,192,7,47,0.16338906260207298,8.3444803385064,0.04516433477401733,0.7187995021231472,0.5132066790945828,0.000755002322398334,0.7411950041074306,2.173969312670111e-05,0.30722036277875303,25,128,10,0.5855130102485419,2.0586322355254025,1.2112008636924179,2,0.08284887245867546,0.7575474720062456,91.66666666666667,0.9166666666666666,0.8888888888888888,0.1111111111111111,0.00466689423678671,4.263923870252136,0.0,1.4127420760916292,0.0,0.0,100.0,1.0,1.0,0.0,0.0,5.426364334610601,0.0,0.0,0.12502625392486005,1.6893333333333316,87.33333333333333,0.8733333333333334,0.6666666666666666,0.0,0.00870967741935484,2.8368211275978035,0.0,1.4127420760916292,0.1235203634511663,0.5833090826854053,87.66666666666667,0.8766666666666666,1.0,0.3333333333333333,0.005291005291005291,4.528586148548004,0.0,0.7783673705111724
850,15,12,5,22,128,4,56,0.10346703883260489,5.666149219498038,0.2099883310496807,1.2327188588678837,0.8610521746333689,0.008788606461875834,0.22527940333820878,1.619649394001101e-06,0.648642062600702,20,256,11,0.2878714831545949,0.22799923427396293,2.803371091546706,4,0.0,0.0,100.0,1.0,1.0,0.0,0.0,4.509025114950621,0.0,0.0,0.0,0.0,100.0,1.0,1.0,0.0,0.0,5.076861343501757,0.0,0.0,0.0,0.0,100.0,1.0,1.0,0.0,0.0,3.3332433357524374,0.0,0.0,0.0,0.0,100.0,1.0,1.0,0.0,0.0,5.116970665597667,0.0,0.0
851,5,4,4,10,32,9,27,0.4862230823375285,3.36502299644053,0.3679108778014779,2.466576422797516,0.26647305097430946,0.0030592013090386884,0.66816086336039,0.00014419267064646785,0.15479308553040028,41,64,5,0.5427929252386093,1.1509740983109529,7.922737498710637,1,0.2031729283702972,1.5598468009984847,79.55555555555556,0.7955555555555556,0.5555555555555556,0.0,0.02129943502824859,3.682842155353212,0.0,4.147423570367287,0.0,0.0,100.0,1.0,1.0,0.0,0.013333333333333334,5.418817999307066,0.0,0.0,0.4027877470633137,2.796666666666664,59.333333333333336,0.5933333333333333,0.0,0.0,0.03389830508474576,1.6188331862553988,0.39182997237438116,4.147423570367287,0.2067310380475779,1.8828737363287902,79.33333333333333,0.7933333333333333,0.6666666666666666,0.0,0.016666666666666666,4.010875280497171,0.0,2.5125058440778787
852,4,11,2,7,32,14,70,0.1292027978692204,6.897742468863726,0.12730132453143597,2.0411178804934025,0.4680798984132707,0.01528637685427815,0.9105304283555596,0.00022560317193000967,0.05119303822517395,47,128,10,0.10377229982987046,0.06171332449923374,5.335599984421098,3,0.0,0.0,100.0,1.0,1.0,0.0,0.0,4.398721997988307,0.0,0.0,0.0,0.0,100.0,1.0,1.0,0.0,0.0,5.085264996159822,0.0,0.0,0.0,0.0,100.0,1.0,1.0,0.0,0.0,2.97952033036078,0.0,0.0,0.0,0.0,100.0,1.0,1.0,0.0,0.0,5.1313806674443185,0.0,0.0
853,12,5,7,19,96,9,14,0.4073688031639904,4.383549876511097,0.6255868902429937,2.7988976493943483,0.7161014017183334,0.006025994559654512,0.4671810666564852,6.840647564945905e-06,0.6595840233378112,17,512,4,0.7101464203558863,3.8657217473294825,1.6398264640222775,2,0.2478808762720893,2.9455569590081123,75.22222222222223,0.7522222222222221,0.5555555555555556,0.0,0.010083831512402941,3.6163689834620576,0.0,8.055312823017784,0.3811549898286603,7.093333333333334,62.0,0.62,0.3333333333333333,0.0,0.015512265512265512,3.215877522101618,0.27926461533125857,8.055312823017784,0.16915205849587855,0.9693333333333332,83.0,0.8300000000000001,0.6666666666666666,0.0,0.006802721088435374,3.1694845311330995,0.0,3.143490123699032,0.19333558049172897,0.7740042103576705,80.66666666666667,0.8066666666666666,0.6666666666666666,0.0,0.007936507936507936,4.463744897151455,0.0,2.9329049666598626
854,12,9,3,11,192,6,89,0.31305613913573327,2.843403440900147,0.5045657990500331,3.2542841366957873,0.6587832499295473,0.0528406893800795,0.5006852254737169,3.542299596704709e-05,0.27166291801258924,31,256,7,0.3242357668466866,0.34428596695339786,2.069388439889037,4,0.008637666486498627,0.0001593664121039377,99.11111111111111,0.991111111111111,1.0,0.2222222222222222,0.02379755229999397,4.598080959347529,0.0,0.0018116434070652306,0.0,0.0,100.0,1.0,1.0,0.0,0.02,5.363629328397413,0.0,0.0,0.009447649974572366,0.0,99.0,0.9899999999999999,1.0,0.3333333333333333,0.033848797250859104,3.3317831326260063,0.0,0.0,0.01646534948492351,0.00047809923631181306,98.33333333333333,0.9833333333333334,1.0,0.3333333333333333,0.017543859649122806,5.098830417019168,0.0,0.0018116434070652306
855,8,7,5,25,96,11,34,0.2537240555044264,9.563164652325213,0.3137861970812082,0.6208210890181363,0.05724574173800648,0.0017365233740659848,0.05314650307409465,0.00295376657659661,0.5317335864901542,33,1024,9,0.4179032730869949,0.681929495980306,6.059013450650672,3,0.0,0.0,100.0,1.0,1.0,0.0,0.0022222222222222222,5.751303219391654,0.0,0.0,0.0,0.0,100.0,1.0,1.0,0.0,0.0,6.441977000019203,0.0,0.0,0.0,0.0,100.0,1.0,1.0,0.0,0.006666666666666667,4.37200832956781,0.0,0.0,0.0,0.0,100.0,1.0,1.0,0.0,0.0,6.439924328587949,0.0,0.0
856,9,11,4,18,192,10,72,0.14847349775955082,7.715944193303585,0.42865745639428493,0.35369529016315937,0.18673577364534139,0.004905971513961356,0.5765642448328435,2.0297174560450465e-06,0.0754138165153563,18,64,11,0.263422408234328,0.08156440933670868,1.4359771883961598,4,0.0,0.0,100.0,1.0,1.0,0.0,0.0,4.641586887494971,0.0,0.0,0.0,0.0,100.0,1.0,1.0,0.0,0.0,5.341610331864406,0.0,0.0,0.0,0.0,100.0,1.0,1.0,0.0,0.0,3.3026406657882035,0.0,0.0,0.0,0.0,100.0,1.0,1.0,0.0,0.0,5.280509664832304,0.0,0.0
857,11,5,5,5,64,4,22,0.4407157476991415,5.2522999085485935,0.2365585678257048,3.34557277825661,0.5691261766012758,0.02045635045293887,0.0738687014207244,0.00011387288111116837,0.7278858390823006,45,256,5,0.5224879731424152,2.873621628197754,4.671036541081502,3,0.13437208294114805,1.5068469739483825,86.44444444444444,0.8644444444444445,0.8888888888888888,0.4444444444444444,0.12181062625082067,3.705683116910401,0.0,5.252474132123341,0.12293314935189908,3.073333333333335,87.66666666666667,0.8766666666666666,0.6666666666666666,0.0,0.12312169312169312,4.310702689708994,0.0,5.252474132123341,0.11018814994199377,0.8039999999999973,88.66666666666667,0.8866666666666667,1.0,0.6666666666666666,0.12290335133031761,2.7546915993206973,0.052832538259866675,0.6667874992129385,0.16999494952955133,0.6432075885118145,83.0,0.8300000000000001,1.0,0.6666666666666666,0.11940683430045133,4.051655061701511,0.029551571167517193,0.8544427041764607
858,13,9,1,26,32,6,93,0.27619358217343687,2.569576487876475,0.029528999421745538,2.8321059744339436,0.8057590355165303,0.001198321204284334,0.8643100004643202,0.0015412341823377623,0.20191579941660168,40,128,6,0.20839997222647072,0.4634120180316658,6.922965736206277,3,0.0478432713939546,0.015184753741191869,95.11111111111111,0.9511111111111111,1.0,0.6666666666666666,0.03816007319003993,4.144029537017514,0.0,0.11674585053627443,0.01923248060925517,0.0,98.0,0.98,1.0,0.3333333333333333,0.014184397163120567,4.866549869972869,0.0,0.0,0.07475897449088194,0.042666666666664924,92.33333333333333,0.9233333333333333,1.0,1.0,0.03181629024325653,2.869029349887718,0.057639289769339956,0.11674585053627443,0.04953835908172669,0.0028875945569106776,95.0,0.9500000000000001,1.0,0.6666666666666666,0.0684795321637427,4.696509391191955,0.02478133788180505,0.010941853163498598
859,3,7,7,13,128,13,41,0.23093771636486055,9.273941216059029,0.5264952733181416,1.7149958186782897,0.33859042064286765,0.08342405164454264,0.35742521667852994,1.0865458788503326e-05,0.5089581331051886,23,1024,8,0.6492900894023478,0.5162577797721146,2.3651130417269077,2,0.23354280705055247,2.5763375880852797,76.66666666666667,0.7666666666666667,0.5555555555555556,0.1111111111111111,0.01039304610733182,4.200472710574946,0.0,7.417268242976773,0.3548533411765242,6.223333333333333,64.66666666666667,0.6466666666666666,0.3333333333333333,0.3333333333333333,0.017290249433106575,3.8902200235446167,0.26969169839660867,7.417268242976773,0.17274086771953404,0.9946666666666659,82.66666666666667,0.8266666666666667,0.6666666666666666,0.0,0.006944444444444444,3.5719419906510868,0.0,3.225644611113448,0.17303421225559926,0.5110127642558397,82.66666666666667,0.8266666666666667,0.6666666666666666,0.0,0.006944444444444444,5.139256117529132,0.0,1.9363613973365315
860,6,10,6,16,96,12,84,0.3660345524083823,1.5579160628840327,0.28584314407780764,2.2580873172264546,0.40260857637040315,0.0005658393040629533,0.12248246716335415,4.153382570153628e-05,0.4285518327541649,26,1024,7,0.3910464562475681,0.09585156113385322,1.0600485511464104,4,0.03884916453853836,0.0568888888888878,96.0,0.9600000000000001,1.0,0.5555555555555556,0.031483494363929145,5.370895071019364,0.0,0.11674585053627443,0.012890765800917319,0.0,98.66666666666667,0.9866666666666667,1.0,0.3333333333333333,0.030972222222222224,6.204262401669339,0.0,0.0,0.07713643636230215,0.1706666666666634,92.0,0.92,1.0,1.0,0.03260869565217391,3.828690935641635,0.07632488945637356,0.11674585053627443,0.026520291452395622,0.0,97.33333333333333,0.9733333333333333,1.0,0.3333333333333333,0.030869565217391304,6.079731875747118,0.0,0.0
861,14,6,4,29,32,5,50,0.20036836271174252,8.036030828021467,0.44517009286209935,1.6170478039421141,0.791334805265069,0.04461154661338575,0.6298270836472512,0.0024931661556012227,0.3747995222732425,34,256,9,0.4833893353119492,2.7209338662732576,3.57212674981894,1,0.2433561105276875,2.7898742541228914,75.55555555555556,0.7555555555555555,0.5555555555555556,0.2222222222222222,0.0,3.170387957852883,0.0,5.970789462593457,0.27627939630400905,6.003333333333335,72.33333333333333,0.7233333333333333,0.3333333333333333,0.0,0.0,3.434222798402613,0.1795528952109002,5.970789462593457,0.18378169936688452,1.3963333333333292,81.33333333333333,0.8133333333333334,0.6666666666666666,0.3333333333333333,0.0,2.703778660943499,0.09795420242045635,1.1208831665281063,0.27000723591216885,0.9699560957020107,73.0,0.73,0.6666666666666666,0.3333333333333333,0.0,3.373162414212537,0.1953739509938671,1.28622108194947
862,10,10,7,8,96,8,65,0.07000337797217071,6.500281119719148,0.695917450916022,1.162121133878827,0.5829246025998146,0.001943322251239665,0.30695984680205585,0.00048545685114655053,0.5767269752547145,48,512,12,0.08103220798075199,0.17260094816197918,9.047441139858924,5,0.0,0.0,100.0,1.0,1.0,0.0,0.0,4.794827553754051,0.0,0.0,0.0,0.0,100.0,1.0,1.0,0.0,0.0,5.493349332051973,0.0,0.0,0.0,0.0,100.0,1.0,1.0,0.0,0.0,3.4178643339934447,0.0,0.0,0.0,0.0,100.0,1.0,1.0,0.0,0.0,5.4732689952167375,0.0,0.0
863,6,6,2,21,192,15,29,0.46683563929982486,4.218941485509276,0.14430956738069653,3.6779208269435912,0.12292189812287688,0.012772825457846566,0.8091873752884566,3.1988505311890766e-06,0.13418560089543463,12,64,6,0.6888160763308406,1.5492821202438334,3.2022146416197175,2,0.22768698595159093,1.6181125145636663,77.11111111111111,0.7711111111111111,0.5555555555555556,0.0,0.011417550467505864,3.865372330309244,0.0,5.407915047635769,0.0,0.0,100.0,1.0,1.0,0.0,0.0,5.716418334438155,0.0,0.0,0.4827870602392075,4.0803333333333285,51.333333333333336,0.5133333333333333,0.0,0.0,0.025919318069184256,1.5889346424857795,0.4170678785606855,5.407915047635769,0.20027389761556533,0.7740042103576705,80.0,0.7999999999999999,0.6666666666666666,0.0,0.008333333333333333,4.290764014003798,0.0,2.9329049666598626
864,6,10,4,25,32,13,55,0.43560677361674605,8.586291673593223,0.6170432246290147,3.0074679057579488,0.5393127277959138,0.0022514626650068825,0.13745844224467874,3.685527188094774e-05,0.4409997612982988,16,128,9,0.6130331596359611,0.8092626234818645,9.446619377876571,2,0.1750296476546439,1.7420350180903252,82.44444444444444,0.8244444444444444,0.5555555555555556,0.0,0.007359119223526004,3.5010746652825717,0.0,4.625823205297346,0.25288604586179625,4.246666666666669,74.66666666666667,0.7466666666666667,0.3333333333333333,0.0,0.010777922642329421,3.4599029094250753,0.1743501199675075,4.625823205297346,0.13579429662306344,0.6399999999999999,86.33333333333333,0.8633333333333333,0.6666666666666666,0.0,0.005649717514124294,2.738475726646408,0.0,2.0754817873116025,0.13640860047907202,0.3394383876043072,86.33333333333333,0.8633333333333333,0.6666666666666666,0.0,0.005649717514124294,4.304845359776232,0.0,1.28622108194947
865,10,6,6,11,96,7,26,0.1574268292170018,1.569914891384542,0.12012235606089233,1.7803621464408934,0.17671450329944494,0.011078349703271364,0.6445895988494158,0.003767668408425477,0.3681093675456941,47,1024,7,0.17901089303195478,0.2851026102169579,2.904091354682244,3,0.0,0.0,100.0,1.0,1.0,0.0,0.03666666666666667,5.511598549524529,0.0,0.0,0.0,0.0,100.0,1.0,1.0,0.0,0.0033333333333333335,6.1632343218661845,0.0,0.0,0.0,0.0,100.0,1.0,1.0,0.0,0.03333333333333333,4.211341319605708,0.0,0.0,0.0,0.0,100.0,1.0,1.0,0.0,0.07333333333333335,6.160220007101695,0.0,0.0
866,14,10,3,19,192,3,78,0.22571868454106153,3.404493847861886,0.32712020436301825,0.41751845367252827,0.34858181509189307,0.0006523348558919248,0.3218705905601382,0.00024661963955312314,0.570409307833761,32,64,4,0.5586809294298292,4.5057479149862605,1.1694673893733505,3,0.0,0.0,100.0,1.0,1.0,0.0,0.0,4.60493799764663,0.0,0.0,0.0,0.0,100.0,1.0,1.0,0.0,0.0,5.2380933294383185,0.0,0.0,0.0,0.0,100.0,1.0,1.0,0.0,0.0,3.3733873309878013,0.0,0.0,0.0,0.0,100.0,1.0,1.0,0.0,0.0,5.203333332513769,0.0,0.0
867,6,6,8,7,96,10,48,0.2850372448097915,5.626439115032554,0.5192591576837003,3.5189266290981323,0.8355944819748402,0.03848410858335831,0.8239136508665978,8.025411554598715e-06,0.14630797244608404,30,256,10,0.29283277541399,0.05019368083707357,3.4231680230867725,4,0.0,0.0,100.0,1.0,1.0,0.0,0.0022222222222222222,4.757254555717939,0.0,0.0,0.0,0.0,100.0,1.0,1.0,0.0,0.0,5.500286660778026,0.0,0.0,0.0,0.0,100.0,1.0,1.0,0.0,0.006666666666666667,3.3284066671816013,0.0,0.0,0.0,0.0,100.0,1.0,1.0,0.0,0.0,5.443070339194189,0.0,0.0
868,3,11,5,10,64,15,90,0.19163389950990678,4.625375159084797,0.05985754998400807,0.9860743451863527,0.7414859973825515,0.0010337306763494984,0.5912789548747241,1.3570262578940955e-06,0.06619427531957627,24,512,5,0.7482514926232398,0.9880737240250534,7.2247105885933935,2,0.0,0.0,100.0,1.0,1.0,0.0,0.0,4.914993892113368,0.0,0.0,0.0,0.0,100.0,1.0,1.0,0.0,0.0,5.6181426664503915,0.0,0.0,0.0,0.0,100.0,1.0,1.0,0.0,0.0,3.447698342303435,0.0,0.0,0.0,0.0,100.0,1.0,1.0,0.0,0.0,5.679140667586277,0.0,0.0
869,13,5,3,22,128,8,36,0.371362394746393,6.656227249652147,0.6115108179859816,3.6260603156406432,0.3860407101456076,0.096176453969953,0.08877606187015771,0.00012966605103383782,0.7428649183921516,36,64,11,0.130950743611902,0.28047295539479505,2.143974686592661,5,0.194610463739769,2.300479462534768,80.55555555555556,0.8055555555555556,0.5555555555555556,0.0,0.14896710374971245,3.4634374587277943,0.0,7.246363444751502,0.3348249668798879,6.12,66.66666666666667,0.6666666666666666,0.3333333333333333,0.0,0.18999999999999997,3.0337756631585457,0.24957182310291467,7.246363444751502,0.10264092664788288,0.44199999999999795,89.66666666666667,0.8966666666666666,0.6666666666666666,0.0,0.1497584541062802,3.033404673577921,0.0,1.4333796093620694,0.14636549769153626,0.3394383876043072,85.33333333333333,0.8533333333333334,0.6666666666666666,0.0,0.10714285714285715,4.323132039446915,0.0,1.28622108194947
870,11,9,7,14,128,5,69,0.4582108449190855,9.602621556259692,0.36073176069185137,2.20456204819493,0.13946636710315943,0.004255132845748903,0.8790754459798336,0.0006105237969709813,0.21728827295824887,41,1024,10,0.42388973953202363,1.7357663943275359,1.5832795271126079,1,0.017605472998520093,0.034637210147815525,98.22222222222223,0.9822222222222222,1.0,0.2222222222222222,0.012222222222222223,5.330455402289983,0.0,0.13865963166806336,0.0,0.0,100.0,1.0,1.0,0.0,0.0,6.155068329535425,0.0,0.0,0.006324443168071487,0.0,99.33333333333333,0.9933333333333333,1.0,0.3333333333333333,0.02,4.109433075701374,0.0,0.0,0.04649197582748879,0.10391163044344658,95.33333333333333,0.9533333333333333,1.0,0.3333333333333333,0.016666666666666666,5.726864801633151,0.0,0.13865963166806336
871,9,7,2,28,64,12,12,0.07544127805158496,2.803705138154328,0.20144485579803584,1.4388856464065611,0.6328018994536251,0.023699986035134013,0.37241230430081484,2.1257161495613516e-05,0.499388599395752,20,256,8,0.3411493363790214,0.15579784195858745,4.473351095179008,4,0.22988759211756968,2.608874254122891,76.88888888888889,0.7688888888888888,0.6666666666666666,0.3333333333333333,0.04402180758354825,3.3562696831799945,0.0,5.970789462593457,0.2828364364767722,6.003333333333335,71.66666666666667,0.7166666666666667,0.3333333333333333,0.0,0.0489828431372549,3.5490788165904092,0.1795528952109002,5.970789462593457,0.14016843873428675,0.8533333333333282,85.66666666666667,0.8566666666666668,1.0,0.6666666666666666,0.04427550357374919,2.9448354454405075,0.09288848384931618,0.6667874992129385,0.26665790114165006,0.9699560957020107,73.33333333333333,0.7333333333333334,0.6666666666666666,0.3333333333333333,0.03880707603964064,3.574894787509067,0.1953739509938671,1.28622108194947
872,8,11,6,20,128,10,94,0.1723426019307226,5.494113389402628,0.45850425530225036,1.4135167337954044,0.49002473577857014,0.06092321906120269,0.8955939629580825,0.0005695666201309319,0.04344237530604005,34,256,6,0.4956515322439372,1.3055144828420178,1.848237009916132,1,0.0,0.0,100.0,1.0,1.0,0.0,0.0,4.769235775133388,0.0,0.0,0.0,0.0,100.0,1.0,1.0,0.0,0.0,5.446385668280224,0.0,0.0,0.0,0.0,100.0,1.0,1.0,0.0,0.0,3.4076433310595653,0.0,0.0,0.0,0.0,100.0,1.0,1.0,0.0,0.0,5.453678326060374,0.0,0.0
873,11,5,1,9,32,4,43,0.33802231498993934,7.47443863004446,0.3005363032221794,2.522959138499573,0.2158233481924981,0.001498867239281864,0.4524950085673481,3.4967669628874817e-06,0.6731394124403596,27,64,12,0.22565892683342098,0.20843017334055752,6.229856643081387,4,0.23598489339206793,2.6636521605347117,76.33333333333333,0.7633333333333333,0.5555555555555556,0.1111111111111111,0.15217424952271816,2.781909931641361,0.0,5.059703774546906,0.28645712500423015,5.520000000000003,71.33333333333333,0.7133333333333334,0.3333333333333333,0.0,0.16124794745484403,2.98447104945109,0.20985832230027088,5.059703774546906,0.07162940216292782,0.7973333333333313,92.66666666666667,0.9266666666666667,1.0,0.3333333333333333,0.2463247863247863,2.6895642661863666,0.0,0.6667874992129385,0.3498681530090459,1.6736231482708013,65.0,0.65,0.3333333333333333,0.0,0.0489500147885241,2.671694479286627,0.2546631737386557,1.9363613973365315
874,13,9,5,30,64,7,71,0.4950665371026844,9.313414213247597,0.13576605692505836,3.88626264850609,0.30968439085409044,0.017720194390888247,0.48566903290338814,5.2979751423266595e-05,0.28556847605854274,13,512,9,0.6327186062000691,2.3344280564652915,5.191979820819403,2,0.1440200780243096,0.49426153331794,85.44444444444444,0.8544444444444445,0.8888888888888888,0.5555555555555556,0.010976309085470877,4.072580939438419,0.0,1.5931725123246676,0.06273799041936258,0.2066666666666661,93.66666666666667,0.9366666666666666,1.0,0.3333333333333333,0.007448559670781893,5.055796280417039,0.0,0.3137637086400738,0.23620251813019913,1.1019999999999954,76.0,0.7600000000000001,0.6666666666666666,0.6666666666666666,0.013157894736842105,2.6636438601519585,0.23546156854350425,1.5931725123246676,0.1331197255233671,0.17411793328715824,86.66666666666667,0.8666666666666667,1.0,0.6666666666666666,0.012322472848788638,4.498302677746259,0.07976378596818473,0.20586404037296388
875,4,7,3,16,192,12,21,0.09824821488000453,2.5298642376437783,0.6887382829561829,0.9015947286970913,0.8842638165224344,0.0052269618808330354,0.03840970951132476,0.0025938209340261205,0.5235858243145048,49,128,7,0.20275501320138573,0.11785005880279245,1.8371222036062576,5,0.0,0.0,100.0,1.0,1.0,0.0,0.015555555555555557,4.9795688924172685,0.0,0.0,0.0,0.0,100.0,1.0,1.0,0.0,0.01,5.7210016692988575,0.0,0.0,0.0,0.0,100.0,1.0,1.0,0.0,0.0033333333333333335,3.516457671454797,0.0,0.0,0.0,0.0,100.0,1.0,1.0,0.0,0.03333333333333333,5.7012473364981515,0.0,0.0
876,5,8,2,12,192,11,63,0.4126968533731997,8.277858256362379,0.2293795432895422,3.0833299688529223,0.7127473042812199,0.007623258105166565,0.27846315200440586,0.001507015904037907,0.4204158300347626,45,256,8,0.44460057541728015,0.6013698037996027,2.502132792716826,3,0.230769117470884,1.7560758763623434,76.77777777777777,0.7677777777777778,0.5555555555555556,0.3333333333333333,0.03944178628389155,3.5836039533306874,0.04980739822960382,3.9763849720413105,0.12963633492063883,2.3400000000000016,87.0,0.87,0.6666666666666666,0.3333333333333333,0.06782030834662413,4.682889790103386,0.02490369911480191,3.9763849720413105,0.3363770696585724,2.1506666666666616,66.0,0.66,0.0,0.0,0.030303030303030304,2.0934959516079736,0.33587492241646305,3.526418971595706,0.22629394783344078,0.7775609624203668,77.33333333333333,0.7733333333333334,1.0,0.6666666666666666,0.020202020202020204,3.9744261182807015,0.16910407959094859,0.834197817650451
877,14,8,7,26,64,6,28,0.12046812679618597,1.3163986979052424,0.4201137607917189,0.5600914065726101,0.4316004926338792,0.003546271524231809,0.7261903770733624,8.665752495860893e-06,0.2962158928439021,19,1024,6,0.36318447086960076,0.3767128246907018,8.141339695663216,4,0.0,0.0,100.0,1.0,1.0,0.0,0.0,5.39956155879837,0.0,0.0,0.0,0.0,100.0,1.0,1.0,0.0,0.0,5.999259662348777,0.0,0.0,0.0,0.0,100.0,1.0,1.0,0.0,0.0,4.216752341793229,0.0,0.0,0.0,0.0,100.0,1.0,1.0,0.0,0.0,5.982672672253102,0.0,0.0
878,10,12,4,5,32,9,85,0.25916174771264194,4.258400535210967,0.5411885811015963,1.9820422269403934,0.09369648122228683,0.031257748504646146,0.21058223270811138,1.8251567948781969e-06,0.6379668546840549,23,128,5,0.6835131097584963,3.408146611160196,3.970910662200304,2,0.012081278802348728,0.003455958787721178,98.77777777777777,0.9877777777777779,1.0,0.1111111111111111,0.009026217228464419,3.9500815922059536,0.0,0.03928660293099189,0.0,0.0,100.0,1.0,1.0,0.0,0.02333333333333333,4.719405002736797,0.0,0.0,0.0,0.0,100.0,1.0,1.0,0.0,0.0,2.7498353365808725,0.0,0.0,0.03624383640704618,0.010367876363163536,96.33333333333333,0.9633333333333334,1.0,0.3333333333333333,0.003745318352059925,4.3810044373001915,0.0,0.03928660293099189
879,7,4,6,17,128,14,51,0.3044315526261926,6.460580671206117,0.04286297149956226,2.6300624266732484,0.6621605672873557,0.0008704877496244905,0.6532214676495641,9.540957702647595e-05,0.17122785361483694,40,512,11,0.06480228435248137,0.06750805694996458,1.3562214491517426,3,0.06942548842031579,0.121271494243464,93.0,0.9299999999999999,0.8888888888888888,0.1111111111111111,0.0732595149074873,4.974105158551468,0.0,1.5931725123246676,0.0,0.0,100.0,1.0,1.0,0.0,0.0,6.140133999288082,0.0,0.0,0.07873159619426022,0.14366666666666417,92.0,0.9199999999999999,0.6666666666666666,0.0,0.1524561403508772,3.607402635215406,0.0,1.5931725123246676,0.12954486906668713,0.22014781606372788,87.0,0.87,1.0,0.3333333333333333,0.0673224043715847,5.174778841150914,0.0,0.834197817650451
880,7,12,1,15,96,5,24,0.269448650861159,7.436749402433634,0.5731414954178035,2.75631928560324,0.7681010327301919,0.022270212493184376,0.553788787778467,4.872974260750252e-06,0.47062719270586967,32,512,4,0.5899378223344683,0.16561335181994802,1.4663238409844428,3,0.2947081943079035,4.025001403452556,70.55555555555556,0.7055555555555555,0.4444444444444444,0.0,0.06552991120654306,3.096269172179686,0.0,9.023773346294323,0.48739332898805215,10.08,51.333333333333336,0.5133333333333333,0.0,0.0,0.09948651044541455,2.2268156847706453,0.42695010510840953,9.023773346294323,0.1895431556314692,1.2209999999999979,81.0,0.81,0.6666666666666666,0.0,0.06201550387596899,2.825108895460938,0.0,3.9596300973554115,0.20718809830418913,0.7740042103576705,79.33333333333333,0.7933333333333333,0.6666666666666666,0.0,0.03508771929824561,4.236882936307475,0.0,2.9329049666598626
881,9,4,7,28,192,11,57,0.32172371349297463,4.969731770455837,0.07618130790069699,2.115737522020936,0.41255197939462956,0.004523982646097534,0.10951559524983168,0.0004062690427742918,0.33847647232934835,30,128,10,0.1585217673331499,1.3834004814453191,4.940670451666811,2,0.24411409726086106,1.4349300773608207,75.44444444444444,0.7544444444444445,0.5555555555555556,0.3333333333333333,0.015095029239766081,3.6243473800111627,0.04990486639483962,3.526418971595706,0.11970193014060014,1.306666666666667,88.0,0.88,0.6666666666666666,0.0,0.005208333333333333,4.899326028341117,0.0,1.983796351401763,0.3562805078109323,2.194666666666661,64.0,0.64,0.0,0.0,0.015625,2.171038546900187,0.3558234102618989,3.526418971595706,0.2563598538310507,0.8034568987491331,74.33333333333333,0.7433333333333333,1.0,1.0,0.02445175438596491,3.8026775647921838,0.2041500719498982,0.834197817650451
882,15,8,4,10,96,14,45,0.3954061685595661,2.291403886862099,0.19571680100634692,0.664318332914263,0.11295599080622196,0.07643292967077725,0.8555674318224191,0.002140432331346662,0.5985968960635364,15,256,9,0.5383253077045083,0.09280689549462214,6.574010584645234,4,0.12116496882018025,0.8215957273072375,87.77777777777777,0.8777777777777778,0.7777777777777778,0.2222222222222222,0.027837953647812805,3.7185204769689886,0.0,2.125462168414588,0.0,0.0,100.0,1.0,1.0,0.0,0.006666666666666667,4.93470134291177,0.0,0.0,0.22694203123715093,1.8809999999999956,77.0,0.77,0.3333333333333333,0.0,0.04014084507042254,2.258478083792806,0.14297072877491507,2.125462168414588,0.13655287522338985,0.5837871819217171,86.33333333333333,0.8633333333333333,1.0,0.6666666666666666,0.03670634920634921,3.9623820042023907,0.019548767658335284,0.7783673705111724
883,5,8,5,23,32,9,81,0.11017974927090109,8.99035303387791,0.3878217863850295,3.1805757756810635,0.6061877697240562,0.0012961724005275807,0.40896046767011285,6.489088258825408e-05,0.11812585905194282,46,64,7,0.26961461529135705,2.4513384611517677,2.3263782094489485,3,0.0010622657018342294,0.0,99.88888888888889,0.9988888888888889,1.0,0.1111111111111111,0.002244668911335578,4.730038968501267,0.0,0.0,0.0,0.0,100.0,1.0,1.0,0.0,0.0,5.456876003493865,0.0,0.0,0.003186797105502688,0.0,99.66666666666667,0.9966666666666667,1.0,0.3333333333333333,0.006734006734006735,3.2957492347082327,0.0,0.0,0.0,0.0,100.0,1.0,1.0,0.0,0.0,5.437491667301704,0.0,0.0
884,4,9,7,20,64,4,38,0.48436783608049155,1.272516249679029,0.10346254864707588,0.7934193112887442,0.5658235980663449,0.04822075902363003,0.1758682039566338,1.2072777678665662e-05,0.08281650207936764,42,128,10,0.7274633050896228,0.47836296577319337,1.121240528284913,5,0.0,0.0,100.0,1.0,1.0,0.0,0.0,4.877975777102013,0.0,0.0,0.0,0.0,100.0,1.0,1.0,0.0,0.0,5.640831999480724,0.0,0.0,0.0,0.0,100.0,1.0,1.0,0.0,0.0,3.4187486728963754,0.0,0.0,0.0,0.0,100.0,1.0,1.0,0.0,0.0,5.574346658928941,0.0,0.0
885,12,7,2,6,128,9,88,0.08048883834853769,7.758262234739959,0.6550656705163419,3.7857545490842313,0.20332912700250744,0.00051877192116282,0.6229431547224521,0.001074701267551805,0.7262481774948537,21,512,8,0.10747091611847281,0.5726933501303083,3.6476212793481566,2,0.0,0.0,100.0,1.0,1.0,0.0,0.025555555555555557,4.828725439599818,0.0,0.0,0.0,0.0,100.0,1.0,1.0,0.0,0.04,5.533684995801498,0.0,0.0,0.0,0.0,100.0,1.0,1.0,0.0,0.01,3.462670997250825,0.0,0.0,0.0,0.0,100.0,1.0,1.0,0.0,0.02666666666666667,5.489820325747132,0.0,0.0
886,12,11,6,24,128,12,15,0.19010001961141826,6.218116855248809,0.4918324149213731,2.3928683411795646,0.32196808434091506,0.011786525116918887,0.34445903841406106,7.870933065172598e-05,0.23535034289583565,26,256,5,0.4003725175745785,0.08496114258136145,8.899293429107649,4,0.1890233006651396,2.010226476974168,81.0,0.81,0.5555555555555556,0.1111111111111111,0.03071809338392567,3.541564396130765,0.0,5.970789462593457,0.16313450633617207,4.696666666666668,83.66666666666667,0.8366666666666666,0.6666666666666666,0.0,0.0296078431372549,4.133176138210628,0.0,5.970789462593457,0.22747924502270203,0.822999999999996,77.0,0.77,0.3333333333333333,0.3333333333333333,0.04126984126984127,2.470519867675946,0.11789092595453012,2.2030374388234573,0.17645615063654463,0.5110127642558397,82.33333333333333,0.8233333333333333,0.6666666666666666,0.0,0.02127659574468085,4.02099718250572,0.0,1.9363613973365315
887,8,5,4,11,64,7,66,0.34872297318652273,3.937935197725892,0.3325007149018347,1.276215935125947,0.8090845173224807,0.0021142047467197513,0.7882723699323833,2.2349893279756813e-06,0.4813210766762495,38,1024,11,0.32040922446176406,3.216276971568156,3.0408158078371232,1,0.033912513671893435,0.31611111111111084,96.55555555555556,0.9655555555555555,1.0,0.1111111111111111,0.026666666666666665,5.516445982875827,0.0,0.7930645632361258,0.0,0.0,100.0,1.0,1.0,0.0,0.0,6.311209672906746,0.0,0.0,0.10173754101568029,0.9483333333333325,89.66666666666667,0.8966666666666666,1.0,0.3333333333333333,0.016666666666666666,3.8332406073979635,0.0,0.7930645632361258,0.0,0.0,100.0,1.0,1.0,0.0,0.06333333333333334,6.404887668322772,0.0,0.0
888,8,9,5,5,192,8,40,0.4473816837649792,2.091273191384971,0.41455717813223597,1.5433419574983418,0.7393615290056914,0.0008187730837873832,0.2427050124388188,0.004567073902019645,0.015260256398469209,13,64,9,0.5159270140342415,0.35557485336894534,4.159706653484905,4,0.004244851489872421,0.0,99.55555555555556,0.9955555555555556,1.0,0.1111111111111111,0.020138888888888887,4.548799901525921,0.0,0.0,0.0,0.0,100.0,1.0,1.0,0.0,0.016666666666666666,5.251252987266828,0.0,0.0,0.012734554469617264,0.0,98.66666666666667,0.9866666666666667,1.0,0.3333333333333333,0.037083333333333336,3.0797080515508743,0.0,0.0,0.0,0.0,100.0,1.0,1.0,0.0,0.006666666666666667,5.31543866576006,0.0,0.0
889,11,7,4,18,96,14,96,0.05760636967606843,8.627553536556661,0.2566405612975359,2.301579476101324,0.4581109512597322,0.03326519873377499,0.7491258051712065,3.0097105529393746e-05,0.7013269951567054,49,512,7,0.24862606944516302,0.7569147794226254,1.278298756071009,1,0.0,0.0,100.0,1.0,1.0,0.0,0.0,5.141267555041446,0.0,0.0,0.0,0.0,100.0,1.0,1.0,0.0,0.0,5.853446326218545,0.0,0.0,0.0,0.0,100.0,1.0,1.0,0.0,0.0,3.722176006219039,0.0,0.0,0.0,0.0,100.0,1.0,1.0,0.0,0.0,5.848180332686752,0.0,0.0
890,13,11,8,13,32,12,18,0.20946685071103277,5.94482902623713,0.004322656616568565,3.752546447562054,0.06718529430218041,0.0028282989996870496,0.1885888083372265,5.760587484207488e-06,0.2559355753287673,35,128,6,0.6557231224142015,0.06431834106164656,2.6679345392713567,5,0.2886661988159044,3.2871925993249165,71.11111111111111,0.7111111111111111,0.5555555555555556,0.2222222222222222,0.05777193308180639,2.4341086011518014,0.0,6.258946796487252,0.34470913821440696,6.803333333333335,65.66666666666667,0.6566666666666666,0.3333333333333333,0.0,0.05498866213151927,2.5532947672790236,0.2575588010898848,6.258946796487252,0.17786925668379971,1.9926666666666648,82.0,0.82,0.6666666666666666,0.0,0.052318840579710146,2.268817508829407,0.0,1.6664112334008998,0.3434202015495064,1.0655777979747503,65.66666666666667,0.6566666666666666,0.6666666666666666,0.6666666666666666,0.06600829653418976,2.4802135273469736,0.26541043623410515,1.298774281893203
891,4,5,2,26,96,5,73,0.3821935147512704,3.6492734160274267,0.5573408668860793,1.1195411495864391,0.6355456269346178,0.009592627469926063,0.6917480879928917,0.00034582576580961447,0.5532132502086461,27,1024,12,0.22298244023695585,4.329335161453513,7.810161173998508,2,0.13816509305470062,1.449213128418504,86.11111111111111,0.8611111111111112,0.6666666666666666,0.2222222222222222,0.007407407407407408,5.18346322113993,0.0,2.9917511430737966,0.24880612446802808,3.820000000000001,75.0,0.75,0.3333333333333333,0.3333333333333333,0.013333333333333334,4.777216005863415,0.2481743626520534,2.9917511430737966,0.08265895177535768,0.40633333333333077,91.66666666666667,0.9166666666666666,0.6666666666666666,0.0,0.0044444444444444444,4.278499440083073,0.0,1.3177147389233481,0.08303020292071613,0.12130605192218018,91.66666666666667,0.9166666666666666,1.0,0.3333333333333333,0.0044444444444444444,6.494674217473302,0.0,0.4596604481053848
892,5,10,3,29,128,6,31,0.23608111953362826,7.182687647640705,0.2729390896856785,3.389065104769543,0.5165347954258322,0.006572828652180525,0.9322572012897581,0.00015713218842701104,0.40234829077497125,22,1024,5,0.46786680072546,0.2188802931069429,5.631199525626377,4,0.5002404857671857,6.072887279555491,49.888888888888886,0.49888888888888894,0.1111111111111111,0.0,0.06817719687383512,2.9815090104515853,0.5271501422591646,8.505545129603506,0.5805647032100406,12.01666666666667,42.0,0.42,0.0,0.0,0.0714555816654512,2.6250173548204256,0.5734607587188386,8.055312823017784,0.5299380851574432,3.789999999999997,46.666666666666664,0.4666666666666666,0.0,0.0,0.08482019500256582,2.284964037435875,0.5156558873629358,8.505545129603506,0.39021866893407325,2.4119951719998105,61.0,0.61,0.3333333333333333,0.0,0.04825581395348837,4.034545639098456,0.28521571152750896,2.9329049666598626
893,14,6,5,17,32,13,60,0.30245986580848694,4.660745281726122,0.46371410731226204,0.27998916432261467,0.24243716127239168,0.014142452406005437,0.42863817387260494,1.1079345368432106e-06,0.3142779462412,38,256,11,0.38384450543671844,1.0283349228550025,1.6708033691461348,3,0.0,0.0,100.0,1.0,1.0,0.0,0.003333333333333333,5.388383664863391,0.0,0.0,0.0,0.0,100.0,1.0,1.0,0.0,0.0,6.450076334488888,0.0,0.0,0.0,0.0,100.0,1.0,1.0,0.0,0.0,3.5923783287095525,0.0,0.0,0.0,0.0,100.0,1.0,1.0,0.0,0.01,6.122696331391732,0.0,0.0
894,10,10,2,21,64,10,54,0.4181856269948184,3.1249923715367913,0.6722491340711713,1.672416113782674,0.2830698494799435,0.001596208901235915,0.5067573868203908,1.5253779320049236e-05,0.6213500972464681,43,512,8,0.7040396194905043,0.12492085822078113,2.039986405006564,3,0.18170665029930128,1.9243683514236567,81.77777777777777,0.8177777777777777,0.5555555555555556,0.0,0.023661718398560502,4.204386559916985,0.0,5.651251994648968,0.28638987126457094,4.926666666666665,71.33333333333333,0.7133333333333333,0.3333333333333333,0.0,0.023391812865497075,3.954811984202035,0.2144692443840623,5.651251994648968,0.1156800451452324,0.5069999999999981,88.33333333333333,0.8833333333333333,0.6666666666666666,0.0,0.0358974358974359,3.552325617713042,0.0,1.6441707283859048,0.14305003448810052,0.3394383876043072,85.66666666666667,0.8566666666666666,0.6666666666666666,0.0,0.011695906432748537,5.1060220778358785,0.0,1.28622108194947
895,7,6,7,8,192,3,83,0.14706291817128658,9.843714159913361,0.1739589735865593,2.9067314274143428,0.857753041246906,0.057263907763706906,0.0008044674526900053,0.0008559211947507277,0.1878500638343394,17,64,6,0.08819135334342718,1.8558010613185922,5.7662956247795325,2,0.017217436654685045,0.014222222222221644,98.22222222222223,0.9822222222222222,1.0,0.3333333333333333,0.009361495098251177,5.040473992984878,0.0,0.11674585053627443,0.00973425232878401,0.0066666666666659324,99.0,0.9899999999999999,1.0,0.3333333333333333,0.003436426116838488,5.795382553730736,0.0,0.01139365321501683,0.04191805763527112,0.03599999999999899,95.66666666666667,0.9566666666666667,1.0,0.6666666666666666,0.021314725844581713,3.4406380997683415,0.02937994079451773,0.11674585053627443,0.0,0.0,100.0,1.0,1.0,0.0,0.0033333333333333335,5.885401325455557,0.0,0.0
896,7,12,3,23,64,14,18,0.06880801632069052,6.2423619125038385,0.32094589462503786,2.33016604417935,0.7043240690603852,0.049527721125056004,0.6837808694690466,1.050031483881915e-05,0.6322412289865315,29,128,10,0.38642235957086085,1.416092933885256,3.6157221591850597,3,0.534637394043445,6.745959315562152,46.44444444444444,0.46444444444444444,0.1111111111111111,0.0,0.04477604704490694,1.7682630342119805,0.5886226795364368,12.675147435641229,0.5902729340109442,12.030000000000001,41.0,0.41,0.0,0.0,0.04885805566463536,1.463023532655263,0.5784944536867846,8.055312823017784,0.6064823486565448,5.550999999999997,39.0,0.38999999999999996,0.0,0.0,0.05128205128205129,0.987900005112219,0.605750433010485,12.675147435641229,0.407156899462846,2.6568779466864605,59.333333333333336,0.5933333333333334,0.3333333333333333,0.0,0.034188034188034185,2.853865564868459,0.3051014854913699,2.9329049666598626
897,10,4,5,9,128,9,74,0.46649323687888683,3.91384463571012,0.5225294874049723,1.572404945967719,0.4232031957712024,0.000532424187717227,0.18177025848999617,0.0015985650445471992,0.17688501354306937,35,1024,8,0.4705627446994185,0.16951594933405317,1.1114450301953538,2,0.0,0.0,100.0,1.0,1.0,0.0,0.014444444444444446,6.367440891141693,0.0,0.0,0.0,0.0,100.0,1.0,1.0,0.0,0.0033333333333333335,7.140133015345782,0.0,0.0,0.0,0.0,100.0,1.0,1.0,0.0,0.0033333333333333335,4.7525193231801195,0.0,0.0,0.0,0.0,100.0,1.0,1.0,0.0,0.03666666666666667,7.209670334899177,0.0,0.0
898,14,8,2,27,128,6,41,0.36308246455155313,1.2352421609684825,0.6216368594206869,1.0895491179544479,0.10191493118181824,0.012206642742572306,0.7568575917743146,0.00011761760828872649,0.3901883479580283,50,64,5,0.08529311418533325,2.486976821761128,3.0676094276145864,4,0.0,0.0,100.0,1.0,1.0,0.0,0.003333333333333333,5.203391110731496,0.0,0.0,0.0,0.0,100.0,1.0,1.0,0.0,0.006666666666666667,5.886875334351013,0.0,0.0,0.0,0.0,100.0,1.0,1.0,0.0,0.0,3.825298991675178,0.0,0.0,0.0,0.0,100.0,1.0,1.0,0.0,0.0033333333333333335,5.897999006168296,0.0,0.0
899,5,8,7,15,64,11,96,0.19826620318926874,7.7956908186897635,0.1122802740894258,3.7230006475001574,0.670353082055226,0.002191242686978633,0.24975899066776036,1.9696974600576817e-06,0.32651181863620876,14,256,11,0.701279497332871,0.09413671835685433,8.977784966268633,3,0.0,0.0,100.0,1.0,1.0,0.0,0.0,5.33662256008635,0.0,0.0,0.0,0.0,100.0,1.0,1.0,0.0,0.0,6.081988679555555,0.0,0.0,0.0,0.0,100.0,1.0,1.0,0.0,0.0,3.8563053348722556,0.0,0.0,0.0,0.0,100.0,1.0,1.0,0.0,0.0,6.071573665831238,0.0,0.0
900,4,9,6,12,32,13,53,0.2776366558857262,2.328682334162295,0.3529325728304684,0.25002216664142907,0.49510121825151143,0.02145408400564344,0.007854835875332354,3.3031864277933056e-06,0.24461406389251353,18,512,4,0.25162126040086147,0.5647965185574165,4.897264488230242,5,0.08446841072127066,0.5714444444444435,91.44444444444444,0.9144444444444445,0.7777777777777778,0.1111111111111111,0.02834507757702842,5.698633260455489,0.0,4.147423570367287,0.0,0.0,100.0,1.0,1.0,0.0,0.0,6.502396006447573,0.0,0.0,0.253405232163812,1.7143333333333306,74.33333333333333,0.7433333333333333,0.3333333333333333,0.3333333333333333,0.0683685660644186,3.5113401066812657,0.19196932080593196,4.147423570367287,0.0,0.0,100.0,1.0,1.0,0.0,0.016666666666666666,7.0821636682376266,0.0,0.0
901,13,7,4,24,96,7,84,0.23147250358015298,8.952920091338456,0.2059955964796245,3.359551491215825,0.22092575952410698,0.004360842580982732,0.5144927832297981,0.00047097914320291557,0.5644731821492315,44,64,10,0.5188892566598952,0.4718683888717305,1.4534289107612113,2,0.0783855579902121,0.12212262545438562,92.0,0.9199999999999999,1.0,0.6666666666666666,0.007575757575757575,4.787000430362167,0.0,0.4150963574623157,0.03933699647408471,0.08666666666666453,96.0,0.96,1.0,0.3333333333333333,0.003787878787878788,5.769094293619591,0.0,0.13157832942970546,0.11646146709748202,0.2693333333333289,88.0,0.88,1.0,1.0,0.011363636363636362,3.438274224401649,0.11539398791178684,0.4150963574623157,0.07935821039906955,0.010367876363163536,92.0,0.9199999999999999,1.0,0.6666666666666666,0.007575757575757576,5.1536327730652625,0.05924300291204078,0.03928660293099189
902,11,11,8,6,192,4,32,0.1516720370389521,7.412500120699406,0.06317076859995722,2.9353430294431746,0.30481168036349116,0.07453997650082622,0.42181601421907544,0.002408754866452848,0.027125320322811605,39,1024,9,0.22052156506106257,3.1437443500945306,2.3470226026959655,4,0.04724383676557182,0.10696253151896953,95.22222222222223,0.9522222222222223,0.8888888888888888,0.1111111111111111,0.017681451612903226,5.6568790299402325,0.0,3.526418971595706,0.0,0.0,100.0,1.0,1.0,0.0,0.006666666666666667,6.5634723372447,0.0,0.0,0.11873670908801899,0.31799999999999795,88.0,0.88,0.6666666666666666,0.0,0.025625,3.947714699509864,0.0,3.526418971595706,0.022994801208696458,0.0028875945569106776,97.66666666666667,0.9766666666666667,1.0,0.3333333333333333,0.02075268817204301,6.459450053066135,0.0,0.010941853163498598
903,8,5,3,20,96,10,60,0.4430098360404372,4.993826556950808,0.6052936193533242,1.70151128876023,0.8793651740066707,0.0012633033605507662,0.9242935925722122,4.3067607444246595e-05,0.6895234997011721,23,256,7,0.6532092717476189,0.08305132271518723,6.632293601242883,1,0.18932012645042126,2.104493716465688,81.0,0.81,0.5555555555555556,0.1111111111111111,0.0,4.10824787179949,0.0,5.252474132123341,0.3159467482996017,5.453333333333336,68.33333333333333,0.6833333333333332,0.0,0.0,0.0,3.612164570885065,0.28430847582155394,5.252474132123341,0.12573314579588005,0.6399999999999999,87.33333333333333,0.8733333333333334,0.6666666666666666,0.0,0.0,3.419508233976861,0.0,2.0754817873116025,0.1262804852557821,0.22014781606372788,87.33333333333333,0.8733333333333334,1.0,0.3333333333333333,0.0,5.293070810536544,0.0,0.834197817650451
904,8,9,8,26,192,12,46,0.31095613543875517,3.144688335247338,0.1404036158695817,2.0857668921817094,0.7498838024679572,0.006885454048313736,0.40122518450953065,0.0001396370012116047,0.2232848919928074,46,256,5,0.10497839646413923,0.7461724402111338,1.685525645561935,4,0.14657351891808376,0.6595551747204758,85.22222222222223,0.8522222222222222,0.8888888888888888,0.4444444444444444,0.09516013379577631,4.662033091473309,0.0,1.5931725123246676,0.0,0.0,100.0,1.0,1.0,0.0,0.02,6.616546330818285,0.0,0.0,0.1831907708358911,1.1279999999999957,81.33333333333333,0.8133333333333334,0.6666666666666666,0.6666666666666666,0.2329579265063136,3.1833478641331374,0.14746917656613232,1.5931725123246676,0.2565297859183601,0.8506655241614314,74.33333333333333,0.7433333333333333,1.0,0.6666666666666666,0.03252247488101533,4.186205079468506,0.18942072788367312,0.8413625384561836
905,12,7,2,13,64,5,80,0.25077067012898624,9.823863700963557,0.6811968274414539,2.7268091924488544,0.3944644504226744,0.01480375916946085,0.8485169501509517,1.66945029360814e-06,0.49327978206798434,15,64,11,0.7250237817876041,0.350502272032252,5.680865605410638,1,0.057090318912423506,0.12823373656549855,94.22222222222223,0.9422222222222223,1.0,0.4444444444444444,0.0,4.407796958658477,0.0,0.5221133871205753,0.07247224274814658,0.21333333333333204,92.66666666666667,0.9266666666666667,1.0,0.6666666666666666,0.0,4.957013612239976,0.014601378493176014,0.3137637086400738,0.0525715569566785,0.16100000000000003,94.66666666666667,0.9466666666666667,1.0,0.3333333333333333,0.0,3.1677215712677156,0.0,0.5221133871205753,0.04622715703244542,0.010367876363163536,95.33333333333333,0.9533333333333333,1.0,0.3333333333333333,0.0,5.09865569246774,0.0,0.03928660293099189
906,12,11,6,18,32,8,23,0.12885823291726411,7.140864465385675,0.4520294025540352,3.2092124675400555,0.13127354993484913,0.0016904093671551912,0.11747931721620261,2.250134644304155e-05,0.09398279530927538,29,1024,8,0.3233927980996668,4.229975135196709,5.715869266912626,5,0.0,0.0,100.0,1.0,1.0,0.0,0.021111111111111112,6.014481447895782,0.0,0.0,0.0,0.0,100.0,1.0,1.0,0.0,0.0,6.770606006029993,0.0,0.0,0.0,0.0,100.0,1.0,1.0,0.0,0.03333333333333333,4.551172338736554,0.0,0.0,0.0,0.0,100.0,1.0,1.0,0.0,0.03,6.721665998920798,0.0,0.0
907,4,5,4,5,128,15,58,0.4061747457366437,4.702413968741894,0.30376279223710295,0.6933885298203677,0.624583143927157,0.060689859478895936,0.5606108341831714,0.0007382710719557466,0.7151886187493801,31,128,6,0.4033890604041516,0.06282868698960581,2.0221641240943233,2,0.24966498958910532,2.2400411884719325,74.88888888888889,0.7488888888888889,0.5555555555555556,0.2222222222222222,0.03403001792114695,3.8252894053751803,0.0,4.147423570367287,0.11967139104462336,3.2133333333333347,88.0,0.88,0.6666666666666666,0.0,0.07520833333333334,5.280848019271313,0.0,4.085053968729662,0.3761850846805974,2.7033333333333296,62.0,0.62,0.0,0.0,0.016129032258064516,2.0395521430038315,0.37567790832707604,4.147423570367287,0.25313849304209524,0.8034568987491331,74.66666666666667,0.7466666666666667,1.0,0.6666666666666666,0.01075268817204301,4.155468053850395,0.18942072788367312,0.834197817650451
908,5,10,1,8,128,10,15,0.10575984977185726,5.986656432971358,0.5443721760064363,3.8143590544350445,0.5342100108973682,0.0007738630142367494,0.7950908065307885,0.0030564575717245916,0.6101894008368254,37,256,9,0.15578301791101695,1.051911427370552,1.2896425712673254,4,0.2511110184371741,3.613559810307502,74.88888888888889,0.7488888888888889,0.4444444444444444,0.0,0.14653827211008064,3.5325442357962196,0.0,8.032525516587752,0.46123394208625657,9.793333333333337,54.0,0.54,0.0,0.0,0.20176759410801962,2.562585168422098,0.4271282115517308,8.032525516587752,0.11906490096966633,0.5363333333333313,88.0,0.88,0.6666666666666666,0.0,0.140625,3.16230429278221,0.0,1.7392969769710191,0.17303421225559926,0.5110127642558397,82.66666666666667,0.8266666666666667,0.6666666666666666,0.0,0.09722222222222222,4.872743246184352,0.0,1.9363613973365315
909,15,6,6,21,32,3,66,0.48942375732585786,3.6076005045324564,0.03643101286143064,0.8224644742440432,0.17163771842606365,0.03145969581776188,0.35242637018673123,3.4152863076063635e-05,0.10641426971182226,25,1024,7,0.5870609767735004,0.22394475297899186,4.196584822329565,3,0.030564694227559266,0.041991535995988816,96.88888888888889,0.9688888888888889,1.0,0.2222222222222222,0.00850758840605869,5.989989218188715,0.0,0.1592044617920802,0.0,0.0,100.0,1.0,1.0,0.0,0.0,6.955344996725519,0.0,0.0,0.03522169217324445,0.0066666666666659324,96.33333333333333,0.9633333333333334,1.0,0.3333333333333333,0.00749063670411985,4.307871124496132,0.0,0.07392911890136983,0.05647239050943335,0.11930794132130051,94.33333333333333,0.9433333333333334,1.0,0.3333333333333333,0.018032128514056226,6.706751533344492,0.0,0.1592044617920802
910,9,10,3,16,64,7,38,0.34366755485534667,2.0715728690847754,0.221795198880136,1.2462131187785417,0.3534809626638889,0.002699126494424313,0.6158890632446855,6.6228005150066685e-06,0.4592137916944921,20,64,6,0.27233193200081585,1.881482378765845,7.74154625218888,3,0.2424749553275952,2.8982075874562265,75.66666666666667,0.7566666666666666,0.5555555555555556,0.2222222222222222,0.047359808746085794,3.18095905745025,0.0,6.258946796487252,0.32250564079149924,6.4633333333333365,67.66666666666667,0.6766666666666666,0.3333333333333333,0.0,0.03226645849596669,3.0762173123944883,0.19448081638697653,6.258946796487252,0.11460291974538661,1.261333333333333,88.33333333333333,0.8833333333333333,0.6666666666666666,0.3333333333333333,0.0751345314245101,2.885901025884687,0.009362757321270771,1.0548176827014064,0.2903163054458997,0.9699560957020107,71.0,0.71,0.6666666666666666,0.3333333333333333,0.03467843631778058,3.5807588340715752,0.1953739509938671,1.28622108194947
911,7,6,5,29,192,13,89,0.1648300073109567,8.647408354096115,0.42479420863091943,2.3633332140743732,0.8404677006881685,0.009148957998182494,0.16813653060235081,0.00023247957959967832,0.3500089689344168,42,512,12,0.5409245554357767,0.12665790557133666,2.6444723139118276,2,0.032425912343420016,0.01296253151896989,96.66666666666667,0.9666666666666666,1.0,0.5555555555555556,0.007021276595744681,6.203877157718824,0.0,0.11674585053627443,0.0,0.0,100.0,1.0,1.0,0.0,0.0033333333333333335,7.379971325863153,0.0,0.0,0.05764888227128587,0.03599999999999899,94.0,0.94,1.0,1.0,0.010638297872340425,4.580961702992571,0.05709338261241108,0.11674585053627443,0.03962885475897417,0.0028875945569106776,96.0,0.96,1.0,0.6666666666666666,0.0070921985815602835,6.6506984443007475,0.029551571167517193,0.010941853163498598
912,7,10,2,7,32,3,72,0.3545038297306746,9.640058723278344,0.18984289346262812,2.493424067273736,0.5216123861726374,0.0010072304557480448,0.03135571535676718,1.1956369512324986e-06,0.6488663172163069,48,512,5,0.3660614285618066,0.28902800086749614,2.1250793318284953,2,0.04821287136219356,0.31720266577507494,95.11111111111111,0.9511111111111111,1.0,0.2222222222222222,0.08330589849108368,5.323087094177265,0.0,0.6667874992129385,0.0,0.0,100.0,1.0,1.0,0.0,0.06,6.508198002508531,0.0,0.0,0.08152197656841398,0.7973333333333313,91.66666666666667,0.9166666666666666,1.0,0.3333333333333333,0.0911111111111111,3.6040172275776663,0.0,0.6667874992129385,0.0631166375181667,0.1542746639918935,93.66666666666667,0.9366666666666666,1.0,0.3333333333333333,0.09880658436213992,5.8570460524456,0.0,0.20586404037296388
913,10,6,7,19,128,10,20,0.18267153655178847,2.7664224663749337,0.39147263737395405,1.3835139733273536,0.2475406935438514,0.09363885310115075,0.4779372586868703,0.0001937133876319129,0.16026540014892818,13,128,11,0.44733925443142647,0.8205741844370044,7.16109985880458,3,0.15887010152771483,0.9279063994262716,84.0,0.84,0.7777777777777778,0.2222222222222222,0.019105899092006343,4.521630176923572,0.0,4.609480563500889,0.0,0.0,100.0,1.0,1.0,0.0,0.006666666666666667,6.423503659510364,0.0,0.0,0.26376547160514074,2.104999999999996,73.33333333333333,0.7333333333333334,0.3333333333333333,0.0,0.031026210984532742,2.756807138867798,0.1931576400039585,4.609480563500889,0.21284483297800363,0.6787191982788192,78.66666666666667,0.7866666666666666,1.0,0.6666666666666666,0.019624819624819625,4.384579732392553,0.1489304073077929,0.743811845035123
914,14,10,4,11,128,13,93,0.08791979658417404,4.601276014000177,0.5780328516848385,0.9306398357730359,0.2781974493060261,0.004105508229644818,0.4593135424889624,0.0009078877446296707,0.4082532793655992,27,256,10,0.06220314875245095,0.05134813296864374,4.513078295169998,3,0.0,0.0,100.0,1.0,1.0,0.0,0.0,5.07520188499863,0.0,0.0,0.0,0.0,100.0,1.0,1.0,0.0,0.0,5.637240328360349,0.0,0.0,0.0,0.0,100.0,1.0,1.0,0.0,0.0,3.6161030014045537,0.0,0.0,0.0,0.0,100.0,1.0,1.0,0.0,0.0,5.972262325230986,0.0,0.0
915,5,6,6,25,64,6,44,0.47858600807376206,6.680480889976025,0.06872776849195361,3.914867097977549,0.8528546963818372,0.022884214684632264,0.9035611938685179,1.8483644903701478e-05,0.30844142341986297,33,64,8,0.6807957226410508,4.609683514957258,1.5973536462712346,4,0.28741674293050523,2.868124339763987,71.11111111111111,0.7111111111111111,0.4444444444444444,0.1111111111111111,0.047234812207026716,3.653901831587455,0.0,5.970789462593457,0.1598651417011084,4.696666666666668,84.0,0.84,0.6666666666666666,0.0,0.02923076923076923,5.039748365286356,0.0,5.970789462593457,0.43238310957275744,2.9293333333333282,56.333333333333336,0.5633333333333334,0.0,0.0,0.06987479733381373,1.861329592659392,0.4115261594226278,4.609480563500889,0.2700019775176498,0.9783730192919652,73.0,0.73,0.6666666666666666,0.3333333333333333,0.04259887005649718,4.060627536816617,0.20039006555786673,1.28622108194947
916,4,11,6,28,96,5,86,0.11848917705938221,3.4285800512880087,0.4843363204039633,0.5891615475993603,0.7309385914355516,0.0023356814271270265,0.6611850604414939,2.4466941182485625e-05,0.27423863383010033,40,128,9,0.22809868743643164,0.27401704949059197,2.878776041870932,2,0.0,0.0,100.0,1.0,1.0,0.0,0.0,5.673312667705533,0.0,0.0,0.0,0.0,100.0,1.0,1.0,0.0,0.0,6.633068996015936,0.0,0.0,0.0,0.0,100.0,1.0,1.0,0.0,0.0,3.8745853460083404,0.0,0.0,0.0,0.0,100.0,1.0,1.0,0.0,0.0,6.512283661092321,0.0,0.0
917,13,5,1,14,192,12,51,0.3887450110167265,5.602198416367173,0.3374346262775361,3.11196660483256,0.44971396471373737,0.011499705760345197,0.21740440474823117,0.0042410808302412615,0.534843159429729,23,512,7,0.49814377287402745,0.9652582538530885,9.364188015822338,5,0.3564106153842061,4.090363904964182,64.22222222222223,0.6422222222222222,0.2222222222222222,0.1111111111111111,0.09240543445775738,3.3626091535126403,0.36715343127168415,5.309722637778286,0.4231616719274028,8.870000000000005,57.666666666666664,0.5766666666666667,0.0,0.0,0.08568635665409859,3.147530724514309,0.409858630609479,5.309722637778286,0.3460259214521784,2.421333333333331,65.0,0.65,0.0,0.0,0.14304509823432507,2.723355593695867,0.316548314774515,1.843071066336607,0.3000442527730371,0.9797583815592111,70.0,0.7000000000000001,0.6666666666666666,0.3333333333333333,0.048484848484848485,4.2169411423277445,0.2246255260327458,1.28622108194947
918,11,9,5,22,96,14,63,0.3283839113079011,8.548867314122617,0.10707083931192755,2.600552389398217,0.07540486520156264,0.0006693100803762903,0.7184549647383391,0.00028597534787302726,0.05531004708260298,18,256,4,0.1997387076728046,0.15359768885677655,3.4533082893985116,1,0.0,0.0,100.0,1.0,1.0,0.0,0.0,5.3572259988221855,0.0,0.0,0.0,0.0,100.0,1.0,1.0,0.0,0.0,6.064151998143643,0.0,0.0,0.0,0.0,100.0,1.0,1.0,0.0,0.0,3.927270658314228,0.0,0.0,0.0,0.0,100.0,1.0,1.0,0.0,0.0,6.080255340008686,0.0,0.0
919,8,7,3,10,32,8,29,0.2611416831612587,1.60718475561589,0.649234323296696,1.9520716529805213,0.6437392499763519,0.039461665609417794,0.2714127959683537,5.441505271875236e-06,0.6613442588038743,44,1024,10,0.6297347535379231,1.7108859616962806,1.179754207475811,4,0.09985879533534885,0.6275837407981705,90.0,0.8999999999999999,0.7777777777777778,0.0,0.054814814814814816,5.3226629273827974,0.0,2.3380456998663637,0.1330964752792769,1.5400000000000005,86.66666666666667,0.8666666666666667,0.6666666666666666,0.0,0.07444444444444444,5.739591450482194,0.0,2.3380456998663637,0.0,0.0,100.0,1.0,1.0,0.0,0.03666666666666667,4.638674998811136,0.0,0.0,0.16647991072676963,0.3427512223945106,83.33333333333333,0.8333333333333334,0.6666666666666666,0.0,0.05333333333333334,5.589722332855065,0.0,1.298774281893203
920,9,11,5,15,128,7,78,0.14139224425889552,4.300077805295587,0.00934073682874441,1.8094573772978038,0.5607203681953251,0.007282761689253147,0.8170915920753031,0.0012995318038681765,0.20521449126303196,31,64,8,0.1279882845468819,0.20371560584165907,8.213640957402863,1,0.015497325275829596,0.034637210147815525,98.44444444444444,0.9844444444444443,1.0,0.1111111111111111,0.020000000000000004,4.790300097399528,0.0,0.13865963166806336,0.0,0.0,100.0,1.0,1.0,0.0,0.0033333333333333335,5.6905196645917995,0.0,0.0,0.0,0.0,100.0,1.0,1.0,0.0,0.006666666666666667,3.4221346590978405,0.0,0.0,0.04649197582748879,0.10391163044344658,95.33333333333333,0.9533333333333333,1.0,0.3333333333333333,0.05000000000000001,5.2582459685089455,0.0,0.13865963166806336
921,11,5,3,30,32,12,49,0.4257242993917316,6.418748905882239,0.5500998135656118,3.036079563666135,0.1982518418226391,0.003385270213479577,0.3139068845193833,1.2779814640664263e-05,0.5113447079621255,33,512,6,0.7452565598301589,1.2762591478964624,2.5243750545278303,4,0.22723970144236535,2.7884794625347675,77.22222222222223,0.7722222222222223,0.4444444444444444,0.0,0.03419583967529173,4.093249165117927,0.0,5.651251994648968,0.376229954236113,7.346666666666664,62.333333333333336,0.6233333333333334,0.0,0.0,0.06555048198883816,3.3447952239989007,0.3338890184896782,5.651251994648968,0.15224900328463883,0.6793333333333318,84.66666666666667,0.8466666666666667,0.6666666666666666,0.0,0.018518518518518517,3.648285813813592,0.0,2.2030374388234573,0.15324014680634415,0.3394383876043072,84.66666666666667,0.8466666666666667,0.6666666666666666,0.0,0.018518518518518517,5.286666457541287,0.0,1.28622108194947
922,13,9,7,8,64,9,55,0.29492023536004125,8.257999214343727,0.4084708679467439,3.48941295966506,0.3268659209832549,0.029493056444624296,0.651640068134293,2.749454759738283e-06,0.07736317640170455,47,128,5,0.3436629706062376,0.11623331894651528,1.3442686140939077,2,0.0,0.0,100.0,1.0,1.0,0.0,0.03777777777777778,4.659719554862629,0.0,0.0,0.0,0.0,100.0,1.0,1.0,0.0,0.0033333333333333335,5.350621994584799,0.0,0.0,0.0,0.0,100.0,1.0,1.0,0.0,0.04,3.2991313305683434,0.0,0.0,0.0,0.0,100.0,1.0,1.0,0.0,0.07,5.329405339434743,0.0,0.0
923,3,7,2,20,192,4,26,0.24175425521098076,1.3361032446846366,0.2601647717878222,0.3875514001119882,0.8139564124401659,0.0008219754992954296,0.14519374133087695,8.476460675713613e-05,0.7318137014657259,16,1024,11,0.42635087287053464,2.3025748575546463,3.9359487551391545,5,0.0,0.0,100.0,1.0,1.0,0.0,0.0,6.696364885816972,0.0,0.0,0.0,0.0,100.0,1.0,1.0,0.0,0.0,7.443697328368823,0.0,0.0,0.0,0.0,100.0,1.0,1.0,0.0,0.0,5.0659709990335005,0.0,0.0,0.0,0.0,100.0,1.0,1.0,0.0,0.0,7.579426330048591,0.0,0.0
924,6,8,4,17,192,8,68,0.3737745413556695,9.333260447718203,0.675815899670124,3.5965144596993923,0.7764975142199546,0.06441941591327066,0.3801439652685076,0.0003829878419088417,0.5820101433992386,20,1024,6,0.17631485778838396,0.38216313710803623,6.284708150356721,3,0.1001929995304177,0.39365757286294756,89.88888888888889,0.8988888888888888,0.8888888888888888,0.3333333333333333,0.014070691696262473,5.688722947332914,0.0,1.3177147389233481,0.12177708600655758,0.6533333333333318,87.66666666666667,0.8766666666666666,1.0,0.6666666666666666,0.02394723490613902,6.138682039532544,0.04879161374043914,0.9716553557886181,0.0893295040408783,0.40633333333333077,91.0,0.91,0.6666666666666666,0.0,0.0091324200913242,4.567495453007706,0.0,1.3177147389233481,0.08947240854381722,0.12130605192218018,91.0,0.91,1.0,0.3333333333333333,0.0091324200913242,6.35999134945849,0.0,0.4596604481053848
925,14,8,6,5,96,14,13,0.21601846935227514,2.5101724984124303,0.16783010829240083,0.956082257675007,0.4209744087420404,0.0015858419723941714,0.8861295533832162,4.021187844565617e-06,0.13459897993132472,42,128,12,0.6104553550481796,0.6100302782196296,1.8644947048715856,4,0.0,0.0,100.0,1.0,1.0,0.0,0.003333333333333333,4.811602215955241,0.0,0.0,0.0,0.0,100.0,1.0,1.0,0.0,0.006666666666666667,5.600632326677442,0.0,0.0,0.0,0.0,100.0,1.0,1.0,0.0,0.0033333333333333335,3.353787662150959,0.0,0.0,0.0,0.0,100.0,1.0,1.0,0.0,0.0,5.480386659037322,0.0,0.0
926,10,12,3,27,32,11,91,0.05105722453445197,5.452449060976505,0.26574059668928385,1.4679486907552928,0.1047626733314246,0.018579588452466773,0.08080871771089733,6.0134720405624183e-05,0.4295837524347007,37,512,9,0.295592806302011,0.06910833120180064,1.8211074831125422,2,0.005348991202064314,0.0,99.44444444444444,0.9944444444444444,1.0,0.2222222222222222,0.0022797418630751964,5.434528805189607,0.0,0.0,0.0,0.0,100.0,1.0,1.0,0.0,0.0,6.143175657683362,0.0,0.0,0.012734554469617264,0.0,98.66666666666667,0.9866666666666667,1.0,0.3333333333333333,0.003472222222222222,4.020457519897415,0.0,0.0,0.0033124191365756783,0.0,99.66666666666667,0.9966666666666667,1.0,0.3333333333333333,0.0033670033670033673,6.139953237988042,0.0,0.0
927,6,4,8,12,96,5,35,0.45579968402162196,7.516257453709841,0.46868962720036506,2.2331486721523106,0.5979685012251139,0.0054771437646631916,0.5844605342019349,0.0017363333092181089,0.37963352233171466,25,64,7,0.561579218134284,3.4882163842464693,5.146675380449692,3,0.3045692268190039,3.1604486991963907,69.44444444444444,0.6944444444444444,0.4444444444444444,0.2222222222222222,0.030898594277630444,3.456529276333682,0.039627361068258544,6.258946796487252,0.36121847516288863,6.803333333333335,64.0,0.64,0.3333333333333333,0.0,0.03904040404040404,3.4029906115734554,0.26258831336817756,6.258946796487252,0.3628239343014921,2.1669999999999967,63.333333333333336,0.6333333333333333,0.3333333333333333,0.3333333333333333,0.03252653718492227,2.2109956768827286,0.2905078137084204,3.143490123699032,0.18966527099263084,0.5110127642558397,81.0,0.8099999999999999,0.6666666666666666,0.3333333333333333,0.02112884160756501,4.755601540544862,0.019813680534129272,1.9363613973365315
928,6,8,6,10,96,4,92,0.41677012303844096,2.8676570812240243,0.3446164866909385,3.3169853650033474,0.16830960842780768,0.016034114543406242,0.3654650418553501,0.0003341171096987081,0.5655862381495536,24,128,10,0.48579696901142594,2.104649799564757,1.6542934688349118,5,0.0,0.0,100.0,1.0,1.0,0.0,0.031111111111111114,5.224511886481196,0.0,0.0,0.0,0.0,100.0,1.0,1.0,0.0,0.02666666666666667,6.104646655730903,0.0,0.0,0.0,0.0,100.0,1.0,1.0,0.0,0.04,3.7055440021989248,0.0,0.0,0.0,0.0,100.0,1.0,1.0,0.0,0.02666666666666667,5.86334500151376,0.0,0.0
929,10,8,4,23,192,9,42,0.14650034662336112,9.539065507240593,0.4928771775215864,0.3246330351103097,0.5508297063410282,0.006315896948956513,0.8711719104554504,5.973317130213455e-06,0.14526511136442424,40,1024,4,0.3935708237811923,0.13185839360914187,5.382624542216386,2,0.0,0.0,100.0,1.0,1.0,0.0,0.0,6.523075774829421,0.0,0.0,0.0,0.0,100.0,1.0,1.0,0.0,0.0,7.318047329317778,0.0,0.0,0.0,0.0,100.0,1.0,1.0,0.0,0.0,5.002012331193934,0.0,0.0,0.0,0.0,100.0,1.0,1.0,0.0,0.0,7.24916766397655,0.0,0.0
930,14,12,7,14,96,12,73,0.23290972085669637,6.8604597970843315,0.6345385108143091,1.7449886954855174,0.8238708958495409,0.055886960574014856,0.06606456297449767,3.107877429270958e-05,0.4405973181501031,45,64,7,0.685746281594038,1.1662469839046596,6.006090556213784,4,0.02198819615567983,0.0066144230984215785,97.77777777777777,0.9777777777777779,1.0,0.2222222222222222,0.007466401194624191,4.5909546818860285,0.0,0.07519135205215145,0.0,0.0,100.0,1.0,1.0,0.0,0.0,5.454796662864585,0.0,0.0,0.006241838214180514,0.0,99.33333333333333,0.9933333333333333,1.0,0.3333333333333333,0.01020408163265306,3.2637176504770458,0.0,0.0,0.05972275025285898,0.019843269295264733,94.0,0.94,1.0,0.3333333333333333,0.012195121951219511,5.054349732316455,0.0,0.07519135205215145
931,6,4,2,28,32,7,22,0.3001384222880006,4.420987043529749,0.09373936932533979,2.8616510410793126,0.35678010238334534,0.0018380476633127107,0.5694666516501456,0.004430870872429548,0.3628152524866164,19,512,9,0.07810184452682734,0.2310398948508937,2.0512964924116805,1,0.5664132572766856,7.131407888982778,43.22222222222222,0.43222222222222223,0.1111111111111111,0.1111111111111111,0.0,2.356818449912552,0.6082797767473376,12.675147435641229,0.6234772418501726,13.10666666666667,37.666666666666664,0.37666666666666665,0.0,0.0,0.0,2.053066361748944,0.6160107158408337,9.023773346294323,0.6199502810953906,5.550999999999997,37.666666666666664,0.37666666666666665,0.0,0.0,0.0,1.6366970387545372,0.6128075772636296,12.675147435641229,0.4558122488844936,2.7365570002816715,54.333333333333336,0.5433333333333333,0.3333333333333333,0.3333333333333333,0.0,3.380691949234175,0.3736218162553736,2.9329049666598626
932,3,11,4,24,64,5,64,0.21068978211842476,5.703419083729386,0.37814131081104274,1.6470156467985362,0.37120432946830983,0.03418350841740738,0.8020934202242642,0.0008840682665939121,0.21334876896813512,13,512,8,0.5253116085194051,3.817294081093582,1.221935853491789,3,0.07208299576891412,0.4138888888888877,92.66666666666667,0.9266666666666666,0.8888888888888888,0.2222222222222222,0.010005426672093339,5.445351147511665,0.0,1.4674930101923225,0.0,0.0,100.0,1.0,1.0,0.0,0.0,6.681045666337013,0.0,0.0,0.21624898730674236,1.2416666666666631,78.0,0.7799999999999999,0.6666666666666666,0.6666666666666666,0.030016280016280015,3.1036467822414537,0.18687799851754885,1.4674930101923225,0.0,0.0,100.0,1.0,1.0,0.0,0.0,6.551360993956526,0.0,0.0
933,13,5,5,11,128,11,30,0.3825081328395754,3.327598636969924,0.17514689583331344,2.287600197363645,0.7598527432885022,0.0007131035071331424,0.29915207023732365,1.4802715195747768e-05,0.4974508921429515,48,64,10,0.2662144095636904,0.060935664253943755,4.118819759853058,2,0.0138586234173624,0.12555555555555528,98.55555555555556,0.9855555555555555,1.0,0.1111111111111111,0.1189272030651341,5.014861829627644,0.0,0.31499576676865415,0.0,0.0,100.0,1.0,1.0,0.0,0.05333333333333334,5.798218673250328,0.0,0.0,0.0415758702520872,0.37666666666666593,95.66666666666667,0.9566666666666667,1.0,0.3333333333333333,0.1267816091954023,3.461968820377956,0.0,0.31499576676865415,0.0,0.0,100.0,1.0,1.0,0.0,0.17666666666666667,5.784397995254646,0.0,0.0
934,11,9,1,19,128,14,85,0.4503609122242779,1.7871776102110744,0.0772687742486596,3.649308379739523,0.6146435850299895,0.008398021560436114,0.6366926317568868,1.0707013899025734e-06,0.06379606436938047,34,1024,11,0.6466589937917888,0.6674044980350377,7.853048697428115,4,0.012710929456007738,0.0,98.66666666666667,0.9866666666666668,1.0,0.3333333333333333,0.028449000186636524,6.121318645243665,0.0,0.0,0.0,0.0,100.0,1.0,1.0,0.0,0.01,6.861006676529844,0.0,0.0,0.034966868271976065,0.0,96.33333333333333,0.9633333333333334,1.0,0.6666666666666666,0.03511131032421933,4.613985551922139,0.014232881775331312,0.0,0.003165920096047145,0.0,99.66666666666667,0.9966666666666667,1.0,0.3333333333333333,0.040235690235690236,6.8889637072790135,0.0,0.0
935,9,7,7,7,64,8,50,0.05968117401935161,8.368566541932523,0.5852145217359066,1.1330266923177987,0.1545111792627722,0.0029214753292742526,0.13051865422166883,0.00016297720011731608,0.7395778736658394,27,256,5,0.20571454511955378,0.3368802250395587,2.7787358973674334,3,0.0,0.0,100.0,1.0,1.0,0.0,0.0,5.0764117780555456,0.0,0.0,0.0,0.0,100.0,1.0,1.0,0.0,0.0,5.83445433449621,0.0,0.0,0.0,0.0,100.0,1.0,1.0,0.0,0.0,3.537930333210776,0.0,0.0,0.0,0.0,100.0,1.0,1.0,0.0,0.0,5.85685066645965,0.0,0.0
936,8,11,2,13,192,6,57,0.1877798467874527,6.519985666498542,0.15313405720517037,0.7487708653789014,0.22422834439203143,0.0005804221944454617,0.6759687531739473,6.282436756296805e-05,0.28379730470478537,41,256,7,0.707482345122844,2.835593178297593,3.540926105219022,4,0.04228600259543772,0.19443636089513508,95.77777777777777,0.9577777777777777,1.0,0.1111111111111111,0.02093189964157706,5.043261401675721,0.0,0.7783673705111724,0.0,0.0,100.0,1.0,1.0,0.0,0.0,6.129822339086483,0.0,0.0,0.0,0.0,100.0,1.0,1.0,0.0,0.03,4.094699008855969,0.0,0.0,0.12685800778631318,0.5833090826854053,87.33333333333333,0.8733333333333334,1.0,0.3333333333333333,0.032795698924731186,4.905262857084714,0.0,0.7783673705111724
937,12,5,7,26,64,13,27,0.34554944550618527,4.199082443490624,0.6624845457263291,3.857842440251261,0.47850785856135186,0.04572608929642789,0.23237324515357613,0.002205672856934975,0.5194797623716295,19,64,9,0.10116253523156046,0.08050233890748465,1.0507808073894909,3,0.19045445557531393,1.4583347367858899,81.0,0.81,0.6666666666666666,0.0,0.01661498708010336,3.9665305551601144,0.0,3.9596300973554115,0.19167640340946665,2.3800000000000003,81.0,0.81,0.6666666666666666,0.0,0.018837209302325582,4.560100343421303,0.0,3.6133433543389253,0.1895431556314692,1.2209999999999979,81.0,0.81,0.6666666666666666,0.0,0.015503875968992248,2.894977451782212,0.0,3.9596300973554115,0.19014380768500597,0.7740042103576705,81.0,0.81,0.6666666666666666,0.0,0.015503875968992248,4.444513870276828,0.0,2.9329049666598626
938,13,9,3,5,32,10,76,0.48380398713052275,1.5160842975601554,0.47587124900892375,2.4379389975219965,0.8959875039756299,0.0020152024154771724,0.7331589302979409,0.0004203934532886718,0.040321871992200616,24,512,12,0.42071662629023193,0.5048996816766003,3.2304657946376314,3,0.0,0.0,100.0,1.0,1.0,0.0,0.003333333333333333,5.056637889291677,0.0,0.0,0.0,0.0,100.0,1.0,1.0,0.0,0.0,5.630704006180167,0.0,0.0,0.0,0.0,100.0,1.0,1.0,0.0,0.006666666666666667,3.7282649970923862,0.0,0.0,0.0,0.0,100.0,1.0,1.0,0.0,0.0033333333333333335,5.810944664602478,0.0,0.0
939,4,7,5,17,96,3,48,0.07907547010108829,8.077708098106086,0.2742815698496997,1.2036495071370155,0.30148620489053424,0.013255464433298149,0.2863309009000659,4.698248226545857e-06,0.6705746380239725,36,128,6,0.3270807332359254,0.45325041322021326,9.127178566480136,2,0.2872760988600988,2.5819158234299016,71.11111111111111,0.7111111111111111,0.3333333333333333,0.2222222222222222,0.01780760932943385,3.501523540347344,0.25993411085859885,4.085053968729662,0.24229008965016008,4.353333333333332,75.66666666666667,0.7566666666666667,0.3333333333333333,0.3333333333333333,0.020996345996345995,4.289445979462738,0.1889725501404265,4.085053968729662,0.339440052337479,2.4696666666666607,65.66666666666667,0.6566666666666666,0.0,0.0,0.0155009543137397,2.266141033337933,0.28197298313434443,2.7649490469115108,0.2800981545926573,0.9227474702897124,72.0,0.7200000000000001,0.6666666666666666,0.3333333333333333,0.01692552767821585,3.94898360824136,0.19028701167946976,1.28622108194947
940,5,10,8,21,128,8,90,0.3974788103718311,2.6113953115418553,0.5586406433023512,2.7702924106270075,0.446436974639073,0.004732331276874203,0.046284479834139344,2.3132924313385643e-06,0.6367574301362038,33,256,11,0.5826040403917432,2.780545228682665,4.62995064397879,4,0.0,0.0,100.0,1.0,1.0,0.0,0.017777777777777778,5.461823113728315,0.0,0.0,0.0,0.0,100.0,1.0,1.0,0.0,0.03333333333333333,6.235863336672385,0.0,0.0,0.0,0.0,100.0,1.0,1.0,0.0,0.01,3.909341333589206,0.0,0.0,0.0,0.0,100.0,1.0,1.0,0.0,0.01,6.240264670923352,0.0,0.0
941,14,6,2,8,32,15,33,0.1131602819543332,9.232276887632906,0.016522543784230945,2.01207356271334,0.6943806597031653,0.019744269600696553,0.4926455135457217,7.590684313103758e-05,0.16657132534310223,30,1024,5,0.1375154688954353,0.09794506398204088,1.423358007504412,1,0.02546939440441573,0.05142488799729783,97.44444444444444,0.9744444444444444,1.0,0.2222222222222222,0.009005847953216373,5.5171915573022,0.0,0.20586404037296388,0.0,0.0,100.0,1.0,1.0,0.0,0.02,6.501927654414128,0.0,0.0,0.0,0.0,100.0,1.0,1.0,0.0,0.0,4.191672995996972,0.0,0.0,0.07640818321324719,0.1542746639918935,92.33333333333333,0.9233333333333333,1.0,0.6666666666666666,0.007017543859649123,5.857974021495501,0.02495243319741981,0.20586404037296388
942,9,10,5,29,64,11,69,0.2697654247749597,7.696252454072237,0.24683326920494436,0.6508246387820691,0.6803189830388874,0.00116712531367577,0.474278546590358,0.0010407468443988667,0.41495515702292324,16,128,6,0.5453386863693594,1.5691587151719368,2.386075666863937,5,0.0,0.0,100.0,1.0,1.0,0.0,0.0,5.293337441204737,0.0,0.0,0.0,0.0,100.0,1.0,1.0,0.0,0.0,5.968863335438073,0.0,0.0,0.0,0.0,100.0,1.0,1.0,0.0,0.0,3.9239673231107495,0.0,0.0,0.0,0.0,100.0,1.0,1.0,0.0,0.0,5.987181665065388,0.0,0.0
943,7,6,4,16,192,5,15,0.32294534738175573,5.272146143019199,0.3937750072218478,3.283818418625742,0.07865177039057017,0.08120312112888094,0.9183346800506115,1.2443991245549619e-05,0.2959799855947495,47,512,8,0.29030048958957194,0.17477925845406087,6.984387100264246,2,0.32515275713521696,3.262303710436027,67.33333333333333,0.6733333333333333,0.4444444444444444,0.1111111111111111,0.16589883642867548,3.920100898233187,0.0,6.258946796487252,0.19285176320018152,4.923333333333336,80.66666666666667,0.8066666666666666,0.6666666666666666,0.0,0.11174603174603175,5.298664809892043,0.0,6.258946796487252,0.44908882829623753,3.7979999999999956,54.666666666666664,0.5466666666666667,0.0,0.0,0.2737722729248153,2.3821695084251124,0.376766800365289,4.724070697798037,0.3335176799092318,1.0655777979747503,66.66666666666667,0.6666666666666666,0.6666666666666666,0.3333333333333333,0.1121782046151794,4.079468376382406,0.24492315787995317,1.298774281893203
944,7,10,7,20,32,15,40,0.2595044887624681,4.014729490503669,0.2138530084863305,3.1572750662453473,0.3977146867662668,0.0031112125047371335,0.7803756293375045,0.002690308672372815,0.5952110175974668,43,512,7,0.4656122665852308,0.0765701124976895,8.668763164862739,2,0.4623468505044751,5.609096604979155,53.666666666666664,0.5366666666666666,0.1111111111111111,0.0,0.03440713401199723,2.4766039258822135,0.507057985271637,8.032525516587752,0.5277992475261989,11.503333333333336,47.333333333333336,0.47333333333333333,0.0,0.0,0.028073286052009455,2.1184175398768237,0.5269761697116443,8.032525516587752,0.5094222268021413,3.650333333333328,48.666666666666664,0.48666666666666664,0.0,0.0,0.054167028513533076,1.7385440892831756,0.5023496424660601,7.755164572754529,0.34981907718508515,1.6736231482708013,65.0,0.65,0.3333333333333333,0.0,0.02098108747044917,3.5728501484866406,0.2595513183833989,1.9363613973365315
945,9,6,2,6,96,8,95,0.3056272193789482,6.14116914011538,0.36216502413153645,0.5173006139229983,0.7864668666850776,0.00789362135411928,0.3375194768887013,5.1199265122995026e-05,0.11563450422137975,17,128,9,0.37052358295768495,3.596897716531304,2.5720390678548024,5,0.005300158188554803,0.0,99.44444444444444,0.9944444444444444,1.0,0.2222222222222222,0.03470819304152637,4.96078240196312,0.0,0.0,0.0,0.0,100.0,1.0,1.0,0.0,0.04,5.684871671255678,0.0,0.0,0.012734554469617264,0.0,98.66666666666667,0.9866666666666667,1.0,0.3333333333333333,0.013888888888888888,3.4593018869377876,0.0,0.0,0.003165920096047145,0.0,99.66666666666667,0.9966666666666667,1.0,0.3333333333333333,0.05023569023569024,5.738173647695895,0.0,0.0
946,15,10,5,24,192,5,19,0.4147984663955867,7.976023777388036,0.5912786990404129,1.9076744720805436,0.5880285433493555,0.0008967151796706713,0.6011231505777687,3.393361963535413e-06,0.46878260727971793,22,256,10,0.662821863591671,0.42728913124931933,1.3251804656305097,1,0.24248995958203123,2.8444458478970014,75.77777777777777,0.7577777777777778,0.5555555555555556,0.0,0.0,3.6621618777030633,0.0,8.032525516587752,0.37146496632618886,7.080000000000002,63.0,0.63,0.3333333333333333,0.0,0.0,3.2251371723029387,0.2696828443750833,8.032525516587752,0.15224900328463883,0.6793333333333318,84.66666666666667,0.8466666666666667,0.6666666666666666,0.0,0.0,3.2950234044929623,0.0,2.2030374388234573,0.20375590913526606,0.7740042103576705,79.66666666666667,0.7966666666666667,0.6666666666666666,0.0,0.0,4.46632505631329,0.0,2.9329049666598626
947,5,6,3,12,96,12,75,0.12341968826949597,1.0551484553143382,0.05052555222064256,2.673332203179598,0.12799989101476966,0.027281709208004084,0.15314991013146936,0.0005882975031910168,0.33463578002527355,38,64,4,0.05778363812714815,0.6346863677013467,3.745766581734458,4,0.07834283446199267,0.21055122052772465,92.0,0.9199999999999999,1.0,0.4444444444444444,0.05535593353807386,4.662433506576005,0.0,0.6210045987715395,0.0,0.0,100.0,1.0,1.0,0.0,0.016666666666666666,5.996827995404601,0.0,0.0,0.13036956283549453,0.4326666666666627,86.66666666666667,0.8666666666666667,1.0,0.6666666666666666,0.06166666666666667,2.9609867585046836,0.09760014183278547,0.6210045987715395,0.10465894055048346,0.19898699491651128,89.33333333333333,0.8933333333333332,1.0,0.6666666666666666,0.08773446728088825,5.029485765818731,0.07227982506157515,0.42771491142751156
948,4,9,3,15,64,13,33,0.49453208851628006,9.053808164782822,0.5098844561725855,1.3116527602542192,0.19492332017980518,0.001465915505162796,0.3862487422768026,9.256409732492742e-05,0.22997433135285975,35,128,11,0.5019652641378343,0.10389568630611576,6.403353146622309,2,0.11528309153954873,0.5180042547519458,88.44444444444444,0.8844444444444445,0.7777777777777778,0.0,0.028662613981762914,4.628652327396836,0.0,3.3823867252593707,0.0,0.0,100.0,1.0,1.0,0.0,0.01,6.173015340852241,0.0,0.0,0.17607382545954234,1.0429999999999975,82.33333333333333,0.8233333333333333,0.6666666666666666,0.0,0.028368794326241134,2.9265437763785376,0.0,3.3823867252593707,0.1697754491591038,0.5110127642558397,83.0,0.8300000000000001,0.6666666666666666,0.0,0.047619047619047616,4.786397864959729,0.0,1.9363613973365315
949,12,7,8,27,128,6,62,0.09680544626899064,2.227484197355807,0.30693083088845013,2.538732696324587,0.5773396646603942,0.07032448401261532,0.8337549021001904,1.884689270694021e-06,0.4808311353996396,28,512,5,0.24564517522230744,2.2119555579757115,1.967800737938998,3,0.1640247468557067,0.6263726444290506,83.44444444444444,0.8344444444444444,0.7777777777777778,0.4444444444444444,0.017782170620400186,4.594989474565303,0.0,1.5931725123246676,0.06273799041936258,0.2066666666666661,93.66666666666667,0.9366666666666666,1.0,0.3333333333333333,0.008230452674897118,5.838011096685803,0.0,0.3137637086400738,0.26288816855002023,1.4983333333333273,73.33333333333333,0.7333333333333334,0.3333333333333333,0.3333333333333333,0.027287569259400245,3.0356783531850025,0.25037160491014493,1.5931725123246676,0.16644808159773736,0.17411793328715824,83.33333333333333,0.8333333333333334,1.0,0.6666666666666666,0.017828489926903193,4.911278973825101,0.10460538190021114,0.20586404037296388
950,12,11,4,9,128,4,53,0.1700479670893401,5.174156296998262,0.12151291575282812,3.987646744120866,0.7973600192461163,0.005940694672180455,0.1025681063067168,8.985774831264079e-06,0.08186111707240343,14,256,8,0.6260416838340461,0.18375357520156918,1.733111267898714,3,0.18216846918093432,1.4904962976370777,81.66666666666667,0.8166666666666667,0.6666666666666666,0.3333333333333333,0.02385506241007062,3.7384380678869675,0.0,2.3380456998663637,0.12300042276309468,1.5400000000000005,87.66666666666667,0.8766666666666666,0.6666666666666666,0.0,0.01724867724867725,4.506439392432748,0.0,2.3380456998663637,0.2603989921323677,2.2896666666666636,73.66666666666667,0.7366666666666667,0.3333333333333333,0.3333333333333333,0.028553384218408848,2.3983596090658788,0.18305281124634637,1.6441707283859048,0.1631059926473406,0.6418222262445687,83.66666666666667,0.8366666666666666,1.0,0.6666666666666666,0.025763125763125765,4.310515202162276,0.04426892341314419,0.8525940774069318
951,8,5,6,23,64,10,82,0.33482324932701885,7.232411779463291,0.62949412278831,0.8862429342698306,0.3301654596813023,0.017063905612134687,0.5458850257564336,0.0014559912899686494,0.7215069822408259,49,1024,10,0.18240559520199895,1.2370439282056191,5.073588239506213,4,0.0,0.0,100.0,1.0,1.0,0.0,0.0,6.5609877745413945,0.0,0.0,0.0,0.0,100.0,1.0,1.0,0.0,0.0,7.14210466016084,0.0,0.0,0.0,0.0,100.0,1.0,1.0,0.0,0.0,5.237524334030847,0.0,0.0,0.0,0.0,100.0,1.0,1.0,0.0,0.0,7.303334329432498,0.0,0.0
952,9,9,4,29,96,11,24,0.4611645421013236,9.924746409989893,0.02241591652855277,1.0288569864351302,0.4729481425601989,0.08639371214618126,0.022587778978049755,8.272184911857993e-06,0.2556178377568722,26,64,12,0.730657780636102,0.13737852698151037,2.2477701004647734,3,0.35799083447198643,3.7253602678743483,64.11111111111111,0.6411111111111111,0.3333333333333333,0.2222222222222222,0.04388480151124918,3.067200284427049,0.37056109035349893,6.258946796487252,0.36135529308935227,7.3033333333333355,64.0,0.64,0.3333333333333333,0.0,0.03910931814586299,3.4436239492555694,0.2545183345198285,6.258946796487252,0.44585665546358166,2.949999999999997,55.0,0.5499999999999999,0.0,0.0,0.04202144050341394,1.7599672649423013,0.4267304051483951,4.147423570367287,0.26676055486302536,0.9227474702897124,73.33333333333333,0.7333333333333334,0.6666666666666666,0.6666666666666666,0.05052364588447062,3.9980096390832767,0.20068630312729474,1.28622108194947
953,11,7,6,17,32,6,60,0.07754161367192865,3.0434977086260915,0.5317270965315402,3.552119793370366,0.7209955937229097,0.0010959702206460968,0.5294978774152695,0.0002388276171570211,0.5476650570146739,38,256,6,0.12156088156625629,1.6444492726788484,7.31238245405358,4,0.06296116599733563,0.25376868397406,93.66666666666667,0.9366666666666666,1.0,0.2222222222222222,0.027969918275082592,4.824937320906606,0.0,0.9716553557886181,0.0961986578875851,0.6399999999999999,90.33333333333333,0.9033333333333333,1.0,0.3333333333333333,0.028169014084507043,5.307356085499285,0.0,0.9716553557886181,0.0,0.0,100.0,1.0,1.0,0.0,0.023333333333333334,3.896776338418325,0.0,0.0,0.09268484010442175,0.12130605192218018,90.66666666666667,0.9066666666666666,1.0,0.3333333333333333,0.032407407407407406,5.270679538802209,0.0,0.4596604481053848
954,13,11,2,22,96,9,45,0.19282743725925683,4.882744781672955,0.4326514446176588,2.1612861179746687,0.6537047519814223,0.024739723934806074,0.4365127176977694,0.0036335149997946373,0.010691270362585784,43,128,7,0.4411630273796618,0.24730941204036205,4.439217241098966,2,0.000961177527453538,0.0,99.88888888888889,0.9988888888888889,1.0,0.1111111111111111,0.004478114478114479,5.371155268256579,0.0,0.0,0.0,0.0,100.0,1.0,1.0,0.0,0.0,6.074230661615729,0.0,0.0,0.002883532582360614,0.0,99.66666666666667,0.9966666666666667,1.0,0.3333333333333333,0.010101010101010102,3.9181481426039255,0.0,0.0,0.0,0.0,100.0,1.0,1.0,0.0,0.0033333333333333335,6.121087000550081,0.0,0.0
955,4,5,7,8,192,14,79,0.3717064064927399,6.960772905498743,0.23102778708562252,1.5132631312590092,0.052141292765736584,0.0037634132307404326,0.9392334554344415,3.8146540432655364e-05,0.7001994229853153,21,1024,9,0.3502187951467931,0.9360753774775544,1.5168302546074368,3,0.010605369881225452,0.04488888888888814,98.88888888888889,0.9888888888888889,1.0,0.2222222222222222,0.024709118042451378,6.460879850733958,0.0,0.11261795555268532,0.0,0.0,100.0,1.0,1.0,0.0,0.0,7.463866670926412,0.0,0.0,0.02850369050710068,0.13466666666666444,97.0,0.9700000000000001,1.0,0.3333333333333333,0.027326007326007328,4.683273264365578,0.0,0.11261795555268532,0.0033124191365756783,0.0,99.66666666666667,0.9966666666666667,1.0,0.3333333333333333,0.04680134680134681,7.235499616909885,0.0,0.0
956,5,12,5,4,192,10,36,0.2225183213595301,3.708486432209611,0.6904292305000126,2.9916846179403365,0.25084286676719786,0.01053434950711738,0.6987168677151203,2.0494940334799963e-05,0.6186865552514792,15,1024,6,0.6033014276996255,0.05692725427734175,2.939588384725934,1,0.18240299779677427,1.2668902923414458,81.77777777777777,0.8177777777777778,0.6666666666666666,0.1111111111111111,0.002290950744558992,4.85600074030738,0.0,3.6133433543389253,0.211140799151694,2.3866666666666663,79.0,0.79,0.6666666666666666,0.3333333333333333,0.006872852233676976,5.348875853633092,0.014601378493176014,3.6133433543389253,0.13579429662306344,0.6399999999999999,86.33333333333333,0.8633333333333333,0.6666666666666666,0.0,0.0,3.8642373561232986,0.0,2.0754817873116025,0.20027389761556533,0.7740042103576705,80.0,0.7999999999999999,0.6666666666666666,0.0,0.0,5.354889011165748,0.0,2.9329049666598626
957,14,4,3,18,64,4,88,0.2827447657939047,5.885460441932082,0.1482609952799976,1.8822322736959904,0.5050186275038868,0.002526826037679117,0.19645678373053668,0.0006317499803132132,0.1846363945864141,46,256,8,0.16107541546225546,4.755891773720608,9.904817071398826,4,0.0,0.0,100.0,1.0,1.0,0.0,0.01888888888888889,5.289904994941834,0.0,0.0,0.0,0.0,100.0,1.0,1.0,0.0,0.0,5.994763661486407,0.0,0.0,0.0,0.0,100.0,1.0,1.0,0.0,0.023333333333333334,3.828823661121229,0.0,0.0,0.0,0.0,100.0,1.0,1.0,0.0,0.03333333333333333,6.046127662217866,0.0,0.0
958,10,8,6,13,32,7,17,0.4341653092298657,8.827735948376358,0.29111752239987254,0.4328656729776412,0.8694774379953742,0.04296743606735668,0.7718733171932399,0.00013361842114900893,0.39833541681990026,32,512,11,0.5687757892534137,0.32334406265688076,3.279214288233808,2,0.058310736747157886,0.14079657655991878,94.11111111111111,0.9411111111111112,0.8888888888888888,0.2222222222222222,0.010303286291658385,5.08439898459893,0.0,3.526418971595706,0.0,0.0,100.0,1.0,1.0,0.0,0.0,6.2046326720155776,0.0,0.0,0.11540772264176136,0.31799999999999795,88.33333333333333,0.8833333333333333,0.6666666666666666,0.0,0.008461538461538463,3.446607716047229,0.0,3.526418971595706,0.059524487599712315,0.10438972967975839,94.0,0.94,1.0,0.6666666666666666,0.022448320413436692,5.601956565733981,0.019548767658335284,0.13865963166806336
959,6,8,1,25,128,13,67,0.1568902180995792,1.8914866736158729,0.4380144548602402,3.4175506848841906,0.27487237281166016,0.0006170930454330999,0.26449625138193367,1.313809107874657e-06,0.312605564519763,29,64,5,0.31113140173256393,0.8541753419960882,1.1604427608003094,5,0.15961430690652578,0.607304683082467,83.88888888888889,0.8388888888888889,0.7777777777777778,0.3333333333333333,0.04018779342723005,4.51686981292252,0.0,2.125462168414588,0.0,0.0,100.0,1.0,1.0,0.0,0.02666666666666667,6.383023001253605,0.0,0.0,0.28628504008844563,1.5463333333333273,71.0,0.71,0.3333333333333333,0.3333333333333333,0.056338028169014086,2.4473727757259853,0.28546691221778303,2.125462168414588,0.1925578806311317,0.2755807159140736,80.66666666666667,0.8066666666666666,1.0,0.6666666666666666,0.03755868544600939,4.72021366178797,0.14377008045030268,0.4596604481053848
960,7,9,7,17,192,10,64,0.12463560863398015,4.488151803612709,0.28271453846246003,0.6841937426943332,0.8106668347492815,0.02612163975127619,0.20433373851701617,7.256706835188033e-05,0.17863836204633118,44,64,12,0.5932856790721417,0.336040510654139,1.9938026755016087,3,0.039503299454668746,0.06299999999999947,96.0,0.9600000000000001,0.8888888888888888,0.1111111111111111,0.0055018786902844875,5.160421353816197,0.0,2.095890520854048,0.0,0.0,100.0,1.0,1.0,0.0,0.0,6.107349661954989,0.0,0.0,0.09198960691161061,0.18899999999999845,90.66666666666667,0.9066666666666666,0.6666666666666666,0.0,0.009259259259259259,3.4170929069579064,0.0,2.095890520854048,0.026520291452395622,0.0,97.33333333333333,0.9733333333333333,1.0,0.3333333333333333,0.007246376811594203,5.956821492535696,0.0,0.0
961,10,7,1,28,96,3,28,0.4089696301613003,6.793604027479887,0.4734301343560218,3.207335514947772,0.31706541641615327,0.003812354510363428,0.7112489366903901,2.5239467713061957e-06,0.6247807309776544,18,256,6,0.14956363532692193,0.7153617032967848,5.835292810899718,2,0.45138890867279663,5.821668070119222,54.77777777777778,0.5477777777777777,0.3333333333333333,0.1111111111111111,0.019542967301646102,2.6907882141506607,0.3052126230470409,10.209611320280269,0.6369342569422254,13.10666666666667,36.333333333333336,0.3633333333333333,0.0,0.0,0.027527527527527528,1.5383913649947152,0.6360829881336267,9.023773346294323,0.5035449823168204,3.584333333333328,49.333333333333336,0.49333333333333335,0.3333333333333333,0.3333333333333333,0.021842115118151515,1.695034273603933,0.4363369288932065,10.209611320280269,0.21368748675934404,0.7740042103576705,78.66666666666667,0.7866666666666666,0.6666666666666666,0.0,0.009259259259259259,4.838939003853334,0.0,2.9329049666598626
962,14,11,5,7,32,7,85,0.308161244308576,9.458751418627799,0.6601405628025532,2.7542935297824442,0.2082836368121207,0.09074418717654238,0.2547616548836231,1.1393542675644818e-05,0.3296363777667284,22,128,7,0.5348292578011751,0.0588960580647556,5.5630833332491525,4,0.00969552590360721,0.0009625315189702258,99.0,0.99,1.0,0.2222222222222222,0.018123749573024938,4.410242565724232,0.0,0.010941853163498598,0.0,0.0,100.0,1.0,1.0,0.0,0.02666666666666667,5.27453234186396,0.0,0.0,0.002883532582360614,0.0,99.66666666666667,0.9966666666666667,1.0,0.3333333333333333,0.016835016835016835,3.028466381729966,0.0,0.0,0.026203045128461017,0.0028875945569106776,97.33333333333333,0.9733333333333333,1.0,0.3333333333333333,0.010869565217391304,4.92772897357877,0.0,0.010941853163498598
963,6,5,3,22,96,13,52,0.2549933011177927,2.947730843909085,0.16179099623113868,2.105919061927125,0.5641893627587706,0.0011045262840163501,0.7574874994345009,0.0010897771895741666,0.3812084383331239,39,512,9,0.2784218681976199,3.9650609275074538,1.709976104354724,3,0.33875154975159155,3.1863639049641805,66.0,0.66,0.3333333333333333,0.1111111111111111,0.03480569239189928,3.8459211175157173,0.4169308729728852,5.736899626746903,0.2934002447223852,5.600000000000001,70.66666666666667,0.7066666666666667,0.3333333333333333,0.0,0.03380952380952381,4.5748152798374315,0.21982736520607435,5.059703774546906,0.42952400429416754,2.9793333333333285,56.666666666666664,0.5666666666666668,0.0,0.0,0.046798029556650245,2.5057329267033257,0.42589998419509933,5.736899626746903,0.29333040023822193,0.9797583815592111,70.66666666666667,0.7066666666666667,0.6666666666666666,0.3333333333333333,0.023809523809523808,4.457215146006395,0.21954824653730437,1.28622108194947
964,3,12,2,18,128,12,94,0.33428135635331274,8.448927770368755,0.40240021310746665,2.4128188178874552,0.6012332219164819,0.040694749441395534,0.524388709757477,0.0020705420404145297,0.5541157311014832,36,1024,6,0.717481083702296,0.23890713087279497,2.6769294372805983,5,0.008561968235972998,0.0011111111111109886,99.11111111111111,0.991111111111111,1.0,0.8888888888888888,0.03591470258136925,6.384865763509911,0.009497760288141435,0.004237607851378849,0.009932734781117345,0.0033333333333329662,99.0,0.9899999999999999,1.0,1.0,0.04040404040404041,7.21526566441312,0.009918292251523419,0.004237607851378849,0.009274830694178822,0.0,99.0,0.9899999999999999,1.0,1.0,0.04040404040404041,4.709120539584595,0.009105494531794954,0.0,0.006478339232622823,0.0,99.33333333333333,0.9933333333333333,1.0,0.6666666666666666,0.02693602693602694,7.2302110865320195,0.004748880144070718,0.0
965,13,4,8,4,64,5,43,0.17652381751686336,1.7071253722533584,0.2445416724309325,1.3030149925034493,0.11459018811583518,0.0006091778178509958,0.022129860892891883,6.745168830341267e-05,0.24925166249275207,28,256,8,0.11252645598724484,1.1221507216816438,7.564355559629529,2,0.0,0.0,100.0,1.0,1.0,0.0,0.012222222222222225,5.059064111361901,0.0,0.0,0.0,0.0,100.0,1.0,1.0,0.0,0.0033333333333333335,5.881310664893438,0.0,0.0,0.0,0.0,100.0,1.0,1.0,0.0,0.006666666666666667,3.562517997343093,0.0,0.0,0.0,0.0,100.0,1.0,1.0,0.0,0.02666666666666667,5.733363671849172,0.0,0.0
966,11,8,4,25,64,8,71,0.0940660328604281,3.2604552675038576,0.014029006473720072,0.7913256410975009,0.4109696239698678,0.01002921787404978,0.9462002364918589,4.380488234703348e-06,0.6834405872225762,14,512,11,0.4108901395462453,0.1321133085300251,4.293697058510161,4,0.0,0.0,100.0,1.0,1.0,0.0,0.0,5.6929391125837965,0.0,0.0,0.0,0.0,100.0,1.0,1.0,0.0,0.0,6.333294336218387,0.0,0.0,0.0,0.0,100.0,1.0,1.0,0.0,0.0,4.360802338924259,0.0,0.0,0.0,0.0,100.0,1.0,1.0,0.0,0.0,6.384720662608743,0.0,0.0
967,8,8,6,14,128,15,21,0.49880996253341436,5.770322127267718,0.5671052981168031,3.7758896183222532,0.7730036626569927,0.0025072277760493623,0.43882441287860274,0.0004473647194315272,0.027365585248917343,50,64,5,0.3158863992430269,1.962456767358474,1.2743536855503927,1,0.0,0.0,100.0,1.0,1.0,0.0,0.0,5.346328114521587,0.0,0.0,0.0,0.0,100.0,1.0,1.0,0.0,0.0,6.102939669508487,0.0,0.0,0.0,0.0,100.0,1.0,1.0,0.0,0.0,3.8317656672249236,0.0,0.0,0.0,0.0,100.0,1.0,1.0,0.0,0.0,6.104279006831348,0.0,0.0
968,8,10,4,6,96,12,91,0.3676351681817323,8.142675659619272,0.09129886096343398,3.7505059954710305,0.8560149955097586,0.000961605675989699,0.8434893711935728,1.5355844230048514e-05,0.48655817184597255,26,1024,7,0.5141185888089239,0.1776080533352108,8.794065073172952,4,0.009846263375886889,0.0001593664121039377,99.0,0.99,1.0,0.3333333333333333,0.04030927835051547,5.83524522953,0.0,0.0018116434070652306,0.0,0.0,100.0,1.0,1.0,0.0,0.03,6.661274340003729,0.0,0.0,0.009447649974572366,0.0,99.0,0.9899999999999999,1.0,0.3333333333333333,0.046975945017182136,4.264871733322343,0.0,0.0,0.020091140153088296,0.00047809923631181306,98.0,0.98,1.0,0.6666666666666666,0.04395189003436426,6.579589615263928,0.01473095227908718,0.0018116434070652306
969,12,6,6,20,192,7,35,0.1958013847004622,1.4514257265254855,0.6429707505740225,1.1097366034518927,0.28812806839123367,0.02806854218155505,0.4006346874404698,0.0008035381403573021,0.22433181578293443,37,128,9,0.25638656681403516,1.4837477296966326,3.111252905138471,1,0.0,0.0,100.0,1.0,1.0,0.0,0.0,5.405012327763769,0.0,0.0,0.0,0.0,100.0,1.0,1.0,0.0,0.0,6.110630328767002,0.0,0.0,0.0,0.0,100.0,1.0,1.0,0.0,0.0,3.986178985796869,0.0,0.0,0.0,0.0,100.0,1.0,1.0,0.0,0.0,6.118227668727438,0.0,0.0
970,12,10,2,12,128,4,69,0.07127282810397446,4.112176625058055,0.5015347228385508,1.5632311694789678,0.23743068291805686,0.0033535612469716004,0.5380079435650259,0.000179497320087222,0.7040245088376105,42,256,10,0.6580242288298905,0.09997211433195656,1.0955550862679648,5,0.0,0.0,100.0,1.0,1.0,0.0,0.012222222222222223,5.173872335193058,0.0,0.0,0.0,0.0,100.0,1.0,1.0,0.0,0.0033333333333333335,5.848836674510191,0.0,0.0,0.0,0.0,100.0,1.0,1.0,0.0,0.02,3.798623005859554,0.0,0.0,0.0,0.0,100.0,1.0,1.0,0.0,0.013333333333333334,5.874157325209429,0.0,0.0
971,4,6,8,24,32,10,12,0.4619405399542302,6.606651159003377,0.34227177491411565,2.328324407339096,0.51822082195431,0.008163821083398946,0.09003616473637521,1.031060719645905e-06,0.09925909165292977,21,64,4,0.2157119276933372,2.6412277215735083,3.692282818531861,2,0.0,0.0,100.0,1.0,1.0,0.0,0.0,5.60526933779733,0.0,0.0,0.0,0.0,100.0,1.0,1.0,0.0,0.0,6.289823007925103,0.0,0.0,0.0,0.0,100.0,1.0,1.0,0.0,0.0,4.010281337735553,0.0,0.0,0.0,0.0,100.0,1.0,1.0,0.0,0.0,6.5157036677313345,0.0,0.0
972,5,9,5,27,32,14,55,0.16160804145038127,5.359099235385656,0.5829235729761422,1.6703362457919866,0.6405519659630955,0.005539754050473116,0.33055279492400585,6.310095201820578e-06,0.11035814654082059,15,64,11,0.4739197036251425,0.4443109127263861,6.787636288556898,4,0.0,0.0,100.0,1.0,1.0,0.0,0.0,5.508881991263479,0.0,0.0,0.0,0.0,100.0,1.0,1.0,0.0,0.0,6.199649330228567,0.0,0.0,0.0,0.0,100.0,1.0,1.0,0.0,0.0,3.865068982510517,0.0,0.0,0.0,0.0,100.0,1.0,1.0,0.0,0.0,6.4619276610513525,0.0,0.0
973,15,7,3,15,128,9,26,0.43186581833288074,7.609608352184296,0.08589329300448298,2.8968516886234283,0.06549912844784558,0.016585408831467682,0.7780638350639492,0.0003086256622312929,0.6005835405178368,45,512,5,0.3830600809305906,0.531829472122059,2.318560672855221,3,0.2227406434281481,2.3660305716308483,77.66666666666667,0.7766666666666667,0.6666666666666666,0.2222222222222222,0.24748051165152496,3.85571631500864,0.0,4.614754950152075,0.27638291581882996,5.17,72.33333333333333,0.7233333333333333,0.3333333333333333,0.0,0.22021819598675238,4.025480356019791,0.20471605142797408,4.614754950152075,0.09829403576748269,0.9483333333333325,90.0,0.9,1.0,0.3333333333333333,0.2938095238095238,3.6637870492857125,0.0,0.7930645632361258,0.29354497869813156,0.9797583815592111,70.66666666666667,0.7066666666666667,0.6666666666666666,0.3333333333333333,0.2284138151582987,3.8778815397204167,0.2053081283816735,1.28622108194947
974,9,11,7,23,192,6,78,0.28878066688776016,9.167330850847065,0.1836121986620128,3.409000885207206,0.4598488576710224,0.0013599945627592984,0.15825917688198388,0.004791858274183607,0.35238826813176277,31,256,8,0.6977958040311932,0.07926453635432833,1.4708627570428825,3,0.07832520161444838,0.12787094671331298,92.0,0.9199999999999999,1.0,0.6666666666666666,0.015169119308984062,5.179234689765477,0.0,0.4150963574623157,0.01923248060925517,0.0,98.0,0.98,1.0,0.3333333333333333,0.0070921985815602835,6.47197233015962,0.0,0.0,0.12302399137415572,0.2693333333333289,87.33333333333333,0.8733333333333334,1.0,1.0,0.022911283376399656,3.464412383340511,0.11549098835395939,0.4150963574623157,0.0927191328599342,0.1142795068066101,90.66666666666667,0.9066666666666666,1.0,0.6666666666666666,0.015503875968992248,5.6013193557963,0.06934073554866813,0.13865963166806336
975,7,5,1,9,64,11,48,0.2215365058742464,2.676101022399962,0.37564708637073635,0.30680213565938175,0.7343031707685441,0.06799764818847921,0.6015809695702046,2.945068180117803e-05,0.45093397598713636,29,1024,10,0.0887821689248085,3.0005151435519575,4.786491846614646,2,0.1535777136836101,0.7688148558831955,84.55555555555556,0.8455555555555556,0.8888888888888888,0.3333333333333333,0.13652683295540438,5.344350641985436,0.0,7.755164572754529,0.0,0.0,100.0,1.0,1.0,0.0,0.07666666666666667,7.104333005845547,0.0,0.0,0.2606829833855888,1.647666666666664,73.66666666666667,0.7366666666666667,0.6666666666666666,0.3333333333333333,0.17735827664399095,3.5922753426316034,0.1374954824425647,7.755164572754529,0.20005015766524145,0.6587779009829227,80.0,0.7999999999999999,1.0,0.6666666666666666,0.15555555555555556,5.336443577479158,0.09968517093999543,0.8525940774069318
976,7,11,6,26,96,9,31,0.29958236808888616,1.1374280666932464,0.23881953191012142,0.4039913925807923,0.627743680542335,0.0019185910168081914,0.501467437762767,0.0006615333309166248,0.14900533450767398,23,512,7,0.6138121888041497,1.2235992149585568,3.8879588040459363,2,0.0,0.0,100.0,1.0,1.0,0.0,0.0,5.8871607798048196,0.0,0.0,0.0,0.0,100.0,1.0,1.0,0.0,0.0,6.55626933167999,0.0,0.0,0.0,0.0,100.0,1.0,1.0,0.0,0.0,4.268329337549706,0.0,0.0,0.0,0.0,100.0,1.0,1.0,0.0,0.0,6.836883670184761,0.0,0.0
977,10,5,4,13,32,14,61,0.23939887587912384,7.893503840081394,0.4294849921017885,3.5131708146072924,0.14120441284030677,0.013152786925794009,0.05787339136004448,1.876427754025103e-05,0.6544079418480396,40,64,9,0.17295270431786774,0.1953036254408744,1.376041274964552,3,0.18571142695408213,2.637693271007769,81.33333333333333,0.8133333333333334,0.6666666666666666,0.3333333333333333,0.11523484141131199,3.718089153911516,0.0,3.94220401239626,0.31900486186119553,6.030000000000002,68.0,0.68,0.3333333333333333,0.3333333333333333,0.05828028180969358,3.2125280009701296,0.3090098071303097,3.94220401239626,0.12457152422824247,1.3256666666666659,87.33333333333333,0.8733333333333334,0.6666666666666666,0.3333333333333333,0.19398989898989902,3.027838427244775,0.019101831704425896,1.1086178446362294,0.11355789477280841,0.557413146356639,88.66666666666667,0.8866666666666667,1.0,0.3333333333333333,0.09343434343434343,4.913901033519645,0.0,0.743811845035123
978,15,9,8,18,96,11,54,0.14374763029627502,6.072107521817088,0.5287412222474813,3.030604874715209,0.3843546836171299,0.0005497162325080164,0.9076587805524468,1.4334952584727455e-06,0.3014544849097729,44,1024,12,0.558095483109355,2.1584476790763434,2.4667712009507934,3,0.0,0.0,100.0,1.0,1.0,0.0,0.0044444444444444444,6.2391983301171825,0.0,0.0,0.0,0.0,100.0,1.0,1.0,0.0,0.0033333333333333335,6.907522672942529,0.0,0.0,0.0,0.0,100.0,1.0,1.0,0.0,0.0033333333333333335,4.681195660183827,0.0,0.0,0.0,0.0,100.0,1.0,1.0,0.0,0.006666666666666667,7.128876657225192,0.0,0.0
979,5,7,3,5,192,5,82,0.4210621599573642,4.084100099280477,0.030346850119531154,1.7966505486983806,0.7464924757368863,0.04513912124833768,0.4608322198502719,0.00012773521990391563,0.40939615888521075,18,128,6,0.2990819027647376,0.10895375757092123,8.312754806578537,4,0.06493243208500814,0.07023612754125849,93.33333333333333,0.9333333333333333,1.0,0.6666666666666666,0.05830722817422455,4.835065445914531,0.0,0.31674883929215086,0.0,0.0,100.0,1.0,1.0,0.0,0.07333333333333333,6.109753660081576,0.0,0.0,0.08646304785480509,0.14133333333333037,91.0,0.91,1.0,1.0,0.057094469098127876,3.274778453035339,0.06678470371529248,0.11261795555268532,0.10833424840021928,0.0693750492904451,89.0,0.89,1.0,1.0,0.04449388209121246,5.120664224626679,0.09824670645150407,0.31674883929215086
980,4,10,3,8,128,7,40,0.06088293148204685,7.3015035055577755,0.445998478680849,2.1910814996808767,0.837280647829175,0.0012259099139760585,0.2282054088078439,0.00025414198753754517,0.5374991225264967,12,128,11,0.7404855999164284,0.6507873998355539,5.220244988962324,2,0.4216083657804275,5.459165817534858,57.77777777777778,0.5777777777777778,0.3333333333333333,0.2222222222222222,0.01917655013369822,2.547223212511886,0.4841091560939547,8.032525516587752,0.5576872635323146,12.003333333333337,44.333333333333336,0.44333333333333336,0.0,0.0,0.02259607455055253,2.095537087635071,0.5490162901842719,8.032525516587752,0.35341204567137807,2.87733333333333,64.33333333333333,0.6433333333333333,0.3333333333333333,0.3333333333333333,0.020645690153627706,2.107877890658957,0.2660073303177536,3.3823867252593707,0.35372578813758987,1.4968307859379102,64.66666666666667,0.6466666666666666,0.6666666666666666,0.3333333333333333,0.014287885696914424,3.4382546592416303,0.24537297067887587,2.9329049666598626
981,12,6,5,21,64,12,97,0.444545378908515,5.104824244976044,0.28810062948614357,1.4331978161353618,0.3435754760634154,0.0818378878728229,0.6745713157579303,7.712952608167526e-06,0.26587410978972914,48,1024,5,0.132753883022815,0.4076808732125647,1.783469097948008,5,0.004244851489872421,0.0,99.55555555555556,0.9955555555555556,1.0,0.1111111111111111,0.03240740740740741,6.502683287070357,0.0,0.0,0.0,0.0,100.0,1.0,1.0,0.0,0.0,7.0932786717700465,0.0,0.0,0.012734554469617264,0.0,98.66666666666667,0.9866666666666667,1.0,0.3333333333333333,0.04055555555555556,4.999041185397396,0.0,0.0,0.0,0.0,100.0,1.0,1.0,0.0,0.056666666666666664,7.4157300040436285,0.0,0.0
982,11,10,2,16,64,9,18,0.385028853174299,2.1452432768419385,0.14512560833245514,1.0091719541233033,0.18177286153659222,0.004996620168307267,0.2923527408391237,4.0954869469741486e-05,0.665372843965888,34,64,6,0.4311656213365495,3.6384566705893477,1.904362935699099,1,0.09788679394063315,0.3261243397639884,90.22222222222223,0.9022222222222221,0.8888888888888888,0.1111111111111111,0.02279202279202279,4.1970873971077,0.0,1.28622108194947,0.0,0.0,100.0,1.0,1.0,0.0,0.03333333333333333,5.829660335245232,0.0,0.0,0.0,0.0,100.0,1.0,1.0,0.0,0.016666666666666666,3.4562533309993646,0.0,0.0,0.29366038182189946,0.9783730192919652,70.66666666666667,0.7066666666666667,0.6666666666666666,0.3333333333333333,0.018376068376068377,3.3053485250785055,0.20039006555786673,1.28622108194947
983,8,6,7,29,128,4,73,0.20619275569915774,9.136358075775206,0.6981679216027259,3.642273581121117,0.5375748213846236,0.02000083168501074,0.7364137546159326,0.003411019978217328,0.04542752286419272,26,512,8,0.33885354185476896,0.07208250519437025,6.194418786633303,4,0.0,0.0,100.0,1.0,1.0,0.0,0.0,6.048786556606905,0.0,0.0,0.0,0.0,100.0,1.0,1.0,0.0,0.0,6.6543126773710055,0.0,0.0,0.0,0.0,100.0,1.0,1.0,0.0,0.0,4.578659668720017,0.0,0.0,0.0,0.0,100.0,1.0,1.0,0.0,0.0,6.913387323729694,0.0,0.0
984,9,8,1,22,32,5,38,0.08380659804679454,7.045249715447426,0.04735841257497668,3.909413419663906,0.6670632352121174,0.051848277850687616,0.30982787064276635,1.8149702172666575e-06,0.5147458868846297,41,128,10,0.49060136685147876,0.8597446085194801,1.5604743759787905,1,0.580215419762266,6.995216877113165,41.888888888888886,0.41888888888888887,0.0,0.0,0.0868517082537979,1.3457680826045146,0.5503843456318835,8.882583636000541,0.5806756714088562,12.540000000000001,42.0,0.42,0.0,0.0,0.09276124392403462,1.479899650876748,0.5667792204454585,8.055312823017784,0.5633048892326099,4.79666666666666,43.333333333333336,0.43333333333333335,0.0,0.0,0.11594202898550725,1.1865164662628207,0.5378446220507891,8.882583636000541,0.5966656986453318,3.6489839646728326,40.333333333333336,0.4033333333333333,0.0,0.0,0.05185185185185185,1.3708881306739753,0.5849019908966309,6.7373277726487295
985,11,8,6,10,96,12,88,0.4814903350081295,4.798027645796537,0.5990710918791592,0.9178683229256421,0.09211416379548609,0.0017772139686496697,0.8155398460570722,0.00010194355539692528,0.19614991741254925,20,512,4,0.23564645489677788,0.30283617620780445,4.568793711775096,4,0.0,0.0,100.0,1.0,1.0,0.0,0.0011111111111111111,5.364960893315987,0.0,0.0,0.0,0.0,100.0,1.0,1.0,0.0,0.0,6.138237998820841,0.0,0.0,0.0,0.0,100.0,1.0,1.0,0.0,0.0,3.850485016591847,0.0,0.0,0.0,0.0,100.0,1.0,1.0,0.0,0.0033333333333333335,6.106159664535274,0.0,0.0
986,13,12,3,28,192,14,15,0.3515995095018297,2.981027820147574,0.3700952705927193,1.399974976433441,0.43323472794145346,0.014952114783950896,0.12169663091190158,0.0013234082028346912,0.733651714194566,25,64,7,0.6372360412962734,4.895425604937191,7.0757338874564395,2,0.392053937379529,4.737115243964231,60.666666666666664,0.6066666666666667,0.2222222222222222,0.1111111111111111,0.018762563430854286,2.344104732585889,0.2578440452306179,6.258946796487252,0.5138541853565469,10.090000000000003,48.666666666666664,0.48666666666666664,0.0,0.0,0.026686507936507935,1.7765375595315291,0.4686714578004554,6.258946796487252,0.3291200733743099,2.454999999999992,66.66666666666667,0.6666666666666666,0.3333333333333333,0.3333333333333333,0.015917547982765373,2.170762320125167,0.2268762250357653,1.6664112334008998,0.33318755340773004,1.6663457318926989,66.66666666666667,0.6666666666666666,0.3333333333333333,0.0,0.013683634373289545,3.085014318100972,0.20963690287438624,1.7706245473341062
987,3,4,5,14,96,8,66,0.1867847283836454,9.987525288946927,0.2108677822165191,2.517217237967998,0.7077927944716066,0.00613885203164324,0.6251038193237036,9.32123669116262e-06,0.06962605860084295,36,256,9,0.192232100199908,0.05453286180788198,2.174708277179448,5,0.0,0.0,100.0,1.0,1.0,0.0,0.0,5.581656003940022,0.0,0.0,0.0,0.0,100.0,1.0,1.0,0.0,0.0,6.312887006594489,0.0,0.0,0.0,0.0,100.0,1.0,1.0,0.0,0.0,3.9399723374905684,0.0,0.0,0.0,0.0,100.0,1.0,1.0,0.0,0.0,6.49210866773501,0.0,0.0
988,6,11,7,11,64,3,23,0.3188874119892716,1.9539865357801318,0.6264765010215342,2.0051251396071166,0.8826296192128211,0.009052096249976927,0.8651501979213208,4.851558825317024e-05,0.12842006761580704,33,512,8,0.4535640818998217,0.9088854329176868,1.2046494189114463,3,0.0,0.0,100.0,1.0,1.0,0.0,0.003333333333333333,5.359209775407281,0.0,0.0,0.0,0.0,100.0,1.0,1.0,0.0,0.0,6.092080666373174,0.0,0.0,0.0,0.0,100.0,1.0,1.0,0.0,0.006666666666666667,3.885458326743295,0.0,0.0,0.0,0.0,100.0,1.0,1.0,0.0,0.0033333333333333335,6.100090333105375,0.0,0.0
989,14,5,2,25,192,10,58,0.2727252093143761,8.764995760284364,0.12949754586443304,2.646289606112987,0.3146389386616647,0.003021447291819847,0.36221009013243016,0.0029095837713296675,0.5825157807208597,31,128,10,0.3598419208079576,0.258022452315247,3.404632379989221,4,0.328346688877141,3.758485632916378,67.0,0.67,0.3333333333333333,0.2222222222222222,0.042465326476546675,3.15010697497531,0.37507876177458016,5.252474132123341,0.37913395302468395,7.893333333333337,62.0,0.62,0.0,0.0,0.04838709677419354,2.9956043049472796,0.3790892829091773,5.252474132123341,0.3527676205646439,2.5786666666666624,64.33333333333333,0.6433333333333333,0.0,0.0,0.04675081813931744,2.348627350321401,0.3405517121531458,2.7649490469115108,0.25313849304209524,0.8034568987491331,74.66666666666667,0.7466666666666667,1.0,0.6666666666666666,0.03225806451612903,4.106089269657249,0.18942072788367312,0.834197817650451
990,10,9,6,7,128,13,46,0.10690565761178733,5.8010221887379885,0.3146687931381166,3.069863222539425,0.21092071826569736,0.03665755710688538,0.5736346154008061,0.0005433954531174971,0.36901069888845084,17,1024,11,0.6747004667297005,1.6328750606079137,9.500659985201823,2,0.2444161537520021,2.993513640615049,75.44444444444444,0.7544444444444445,0.5555555555555556,0.2222222222222222,0.016695196859670542,4.2782491545323,0.0,5.970789462593457,0.2929616169803853,6.236666666666668,70.66666666666667,0.7066666666666667,0.3333333333333333,0.0,0.018632478632478633,4.345203565680382,0.19964471291891533,5.970789462593457,0.26030447456841194,2.1006666666666636,73.66666666666667,0.7366666666666667,0.3333333333333333,0.0,0.014389619883040937,3.3170700589928788,0.1781050636320285,3.526418971595706,0.17998236970720902,0.6432075885118145,82.0,0.82,1.0,0.6666666666666666,0.017063492063492062,5.172473838923637,0.04952620074078499,0.8544427041764607
991,6,7,4,19,32,6,81,0.39824150362983346,3.7932336758822203,0.5067496755160391,0.5543887682724744,0.4916070912033319,0.0007336775710198396,0.06746187298558652,3.5847994506450807e-06,0.43431735087186096,47,256,5,0.06829304322600364,0.14659960673882044,2.8185020006612023,3,0.0,0.0,100.0,1.0,1.0,0.0,0.0011111111111111111,5.465342446696013,0.0,0.0,0.0,0.0,100.0,1.0,1.0,0.0,0.0,6.158159667781244,0.0,0.0,0.0,0.0,100.0,1.0,1.0,0.0,0.0,3.912488001709183,0.0,0.0,0.0,0.0,100.0,1.0,1.0,0.0,0.0033333333333333335,6.325379670597613,0.0,0.0
992,6,11,2,30,128,8,53,0.4725359440781176,7.862829561345279,0.2959606791846454,1.2311540588270873,0.062148321000859146,0.030502598132953095,0.8800934440921991,3.2652833664534356e-05,0.1405081800930202,49,64,8,0.1451013505458832,0.08862567299543314,9.240473393706504,5,0.0,0.0,100.0,1.0,1.0,0.0,0.03888888888888889,5.383246663647394,0.0,0.0,0.0,0.0,100.0,1.0,1.0,0.0,0.0,6.143807996219645,0.0,0.0,0.0,0.0,100.0,1.0,1.0,0.0,0.11666666666666665,3.8750716617020466,0.0,0.0,0.0,0.0,100.0,1.0,1.0,0.0,0.0,6.130860333020489,0.0,0.0
993,10,5,8,16,64,15,81,0.08891491498798132,1.1683437442407012,0.4552282114513218,2.4581272793002427,0.6572008438408375,0.0008860026644321931,0.37690386329777537,0.003334191838462458,0.5761858169734478,13,256,6,0.5750127973034977,3.121624453801428,3.156091560400927,2,0.0,0.0,100.0,1.0,1.0,0.0,0.0022222222222222222,5.485590115293032,0.0,0.0,0.0,0.0,100.0,1.0,1.0,0.0,0.0,6.16640767082572,0.0,0.0,0.0,0.0,100.0,1.0,1.0,0.0,0.0,3.996472673024982,0.0,0.0,0.0,0.0,100.0,1.0,1.0,0.0,0.006666666666666667,6.293890002028395,0.0,0.0
994,14,9,4,21,64,11,32,0.17794040860608223,3.8334878999739885,0.6841503036208451,3.848669432103634,0.7177355483639986,0.007492797040234049,0.5886430928949267,0.0002128931416633657,0.3623328597843647,27,128,5,0.2828413423150778,0.49231003453026495,1.075244512395005,4,0.1970311467077474,1.5072236256747795,80.33333333333333,0.8033333333333332,0.6666666666666666,0.0,0.024390243902439022,3.6250819283762192,0.0,4.435261340280995,0.1982575307308149,2.3800000000000003,80.33333333333333,0.8033333333333333,0.6666666666666666,0.0,0.024390243902439022,4.089819019569493,0.0,3.6133433543389253,0.19582603507156818,1.367666666666667,80.33333333333333,0.8033333333333333,0.6666666666666666,0.0,0.024390243902439022,2.653308366803922,0.0,4.435261340280995,0.19700987432085915,0.7740042103576705,80.33333333333333,0.8033333333333333,0.6666666666666666,0.0,0.024390243902439022,4.132118398755243,0.0,2.9329049666598626
995,6,7,5,9,128,5,62,0.3568174818530679,6.322409657761455,0.13248300878331065,0.7469284601975232,0.46312529994174834,0.0036302430223164846,0.08219188577495515,6.934239586230502e-06,0.44679956329986453,34,512,11,0.5528031533583999,0.5483898175228809,3.498466930790758,1,0.022042796700210827,0.05142488799729783,97.77777777777777,0.9777777777777779,1.0,0.2222222222222222,0.01804435595376362,5.537966092257594,0.0,0.20586404037296388,0.0,0.0,100.0,1.0,1.0,0.0,0.0033333333333333335,6.574714664990704,0.0,0.0,0.006355162352331838,0.0,99.33333333333333,0.9933333333333333,1.0,0.3333333333333333,0.010068027210884354,4.028344324609379,0.0,0.0,0.05977322774830065,0.1542746639918935,94.0,0.94,1.0,0.3333333333333333,0.04073170731707317,6.0108392871727006,0.0,0.20586404037296388
996,3,8,7,5,96,6,19,0.26739630750380455,5.074144601821899,0.4168425829149782,3.252644143998623,0.26483876500278714,0.0179648373939554,0.32456806167028845,1.5672991152227236e-06,0.5051661767624318,40,1024,6,0.09497968135401606,0.09017747360645657,6.885481252734246,3,0.19772404400843857,1.2375380208700537,80.11111111111111,0.8011111111111111,0.6666666666666666,0.1111111111111111,0.09300259009344665,4.769822664165198,0.0,2.7649490469115108,0.0,0.0,100.0,1.0,1.0,0.0,0.07,6.679570327978581,0.0,0.0,0.28980330582763414,2.5626666666666633,70.66666666666667,0.7066666666666667,0.3333333333333333,0.0,0.14347489046174586,3.197213053061814,0.1530123312658557,2.7649490469115108,0.30336882619768163,1.1499473959434978,69.66666666666667,0.6966666666666667,0.6666666666666666,0.3333333333333333,0.0655328798185941,4.432684611455198,0.20039006555786673,1.9363613973365315
997,13,8,2,17,32,13,75,0.32762121804989874,7.332422401756048,0.2248017652891576,0.6123325296211988,0.8660066337790341,0.005081383378503837,0.8305521881673484,0.00014989510123365334,0.2114888348430395,23,256,12,0.7136598792858422,2.559936969159291,2.4362640289270003,2,0.0,0.0,100.0,1.0,1.0,0.0,0.0,4.840315447137174,0.0,0.0,0.0,0.0,100.0,1.0,1.0,0.0,0.0,5.4919630056247115,0.0,0.0,0.0,0.0,100.0,1.0,1.0,0.0,0.0,3.496395996771753,0.0,0.0,0.0,0.0,100.0,1.0,1.0,0.0,0.0,5.532587339015056,0.0,0.0
998,11,12,5,12,96,10,39,0.39280294640921054,8.885751240886748,0.03957676803693175,2.0615221604239196,0.508303960505873,0.06261294229202989,0.13638608646579087,0.000688461808617675,0.7486643689125776,19,512,9,0.3332192978821695,0.15876416345058786,1.3936556839053433,4,0.33942663294639475,3.0488611902689358,65.88888888888889,0.6588888888888889,0.3333333333333333,0.1111111111111111,0.09822949619811178,3.023262586874387,0.2578440452306179,6.258946796487252,0.1795279892584952,4.923333333333336,82.0,0.82,0.6666666666666666,0.0,0.10507246376811595,4.6277109528149385,0.0,6.258946796487252,0.3598270252010038,2.521666666666661,63.666666666666664,0.6366666666666666,0.0,0.0,0.11101721241990091,2.1425328909941466,0.3314125900190616,4.724070697798037,0.47892488437968533,1.7015835708068114,52.0,0.52,0.3333333333333333,0.3333333333333333,0.07859881240631846,2.2995439168140765,0.4581231207027504,2.510837833701394
999,9,4,3,27,192,3,95,0.11552939251996577,2.395542194135487,0.5366011285223067,2.8270731759257615,0.26063912981189785,0.0014788121929115645,0.6400364342611283,2.3943034022940187e-05,0.06041671862825752,45,128,7,0.4145834230817854,1.4253290492620079,4.697759150491788,3,0.0031628626167402914,0.0,99.66666666666667,0.9966666666666667,1.0,0.1111111111111111,0.002290950744558992,5.788145979457266,0.0,0.0,0.0,0.0,100.0,1.0,1.0,0.0,0.0,6.611815329330663,0.0,0.0,0.009488587850220874,0.0,99.0,0.9899999999999999,1.0,0.3333333333333333,0.006872852233676976,4.114723606515176,0.0,0.0,0.0,0.0,100.0,1.0,1.0,0.0,0.0,6.637899002525955,0.0,0.0
1000,8,10,5,19,64,6,16,0.2445069715380669,4.767355512827635,0.11547981183975935,2.852457022294402,0.11786359054967761,0.004137557965904973,0.21322171865031123,0.0004885540961360846,0.5293856194242835,30,1024,5,0.2628142670728266,0.11923450114490393,2.0996309493687124,4,0.5034131113512366,6.104970518215353,49.55555555555556,0.4955555555555555,0.1111111111111111,0.0,0.08468975468975469,2.8757928967457524,0.5533907307774358,10.265058159456318,0.5806112380680553,12.01666666666667,42.0,0.42,0.0,0.0,0.07142857142857142,2.42567379471092,0.5784489876903511,8.055312823017784,0.5428628973357864,4.1973333333333285,45.333333333333336,0.4533333333333333,0.0,0.0,0.13502164502164501,2.22129050199101,0.5255160152189595,10.265058159456318,0.38676519864986814,2.1009115546460624,61.333333333333336,0.6133333333333333,0.3333333333333333,0.0,0.047619047619047616,3.980414393535327,0.29000337073759347,2.9329049666598626
1001,11,6,4,7,192,11,68,0.29062819844111804,7.076163247227669,0.6138341400772332,1.7431109745521098,0.5846625596750528,0.024036558237142812,0.6598020197823643,3.0029331370795926e-06,0.2797919641621411,32,128,11,0.5287170707248151,1.9032253972683655,5.932440075035914,3,0.0,0.0,100.0,1.0,1.0,0.0,0.025555555555555557,5.2552601069005,0.0,0.0,0.0,0.0,100.0,1.0,1.0,0.0,0.02666666666666667,6.088071334330986,0.0,0.0,0.0,0.0,100.0,1.0,1.0,0.0,0.0033333333333333335,3.6796583250785866,0.0,0.0,0.0,0.0,100.0,1.0,1.0,0.0,0.04666666666666667,5.998050661291927,0.0,0.0
1002,13,10,7,25,128,14,37,0.42628035359084604,9.73691523540765,0.5146096091717481,0.3521165761630982,0.7896486900746823,0.0010203280101141305,0.2774487778544426,4.742314036988382e-05,0.6789159174449741,46,256,10,0.209156306553632,0.21366842036213637,5.44793878200797,3,0.0,0.0,100.0,1.0,1.0,0.0,0.0022222222222222222,5.249625330066515,0.0,0.0,0.0,0.0,100.0,1.0,1.0,0.0,0.006666666666666667,5.917579658174266,0.0,0.0,0.0,0.0,100.0,1.0,1.0,0.0,0.0,3.91288666985929,0.0,0.0,0.0,0.0,100.0,1.0,1.0,0.0,0.0,5.918409662165989,0.0,0.0
1003,4,6,1,11,32,8,87,0.1349030892364681,3.2313278103247285,0.32389876451343297,3.337138331029564,0.4076149660628289,0.09886931727367823,0.7216951941139995,0.002319687492317153,0.037642576061189176,16,64,8,0.643211870919913,1.0785944497669246,1.6166520011893564,2,0.009546040417031705,0.0,99.0,0.99,1.0,0.1111111111111111,0.001221001221001221,5.229245271523493,0.0,0.0,0.0,0.0,100.0,1.0,1.0,0.0,0.0,6.065066008207698,0.0,0.0,0.028638121251095116,0.0,97.0,0.9700000000000001,1.0,0.3333333333333333,0.0036630036630036634,3.5160218098204266,0.0,0.0,0.0,0.0,100.0,1.0,1.0,0.0,0.0,6.106647996542354,0.0,0.0
1004,5,11,4,14,32,4,44,0.45327896368689835,8.734318262897432,0.6083008728921413,1.1825114998500794,0.3402764978352934,0.0006641186489812355,0.48674501264467834,0.0016886111431017863,0.16545027900487186,19,64,9,0.3982996432110667,0.06588759117357176,2.7214981184238303,4,0.03199125509219677,0.1354444444444436,96.77777777777777,0.9677777777777778,0.8888888888888888,0.0,0.018982785602503913,4.969923473735732,0.0,1.3177147389233481,0.0,0.0,100.0,1.0,1.0,0.0,0.006666666666666667,5.983828661652903,0.0,0.0,0.0959737652765903,0.40633333333333077,90.33333333333333,0.9033333333333333,0.6666666666666666,0.0,0.04694835680751174,3.013067756147679,0.0,1.3177147389233481,0.0,0.0,100.0,1.0,1.0,0.0,0.0033333333333333335,5.912874003406614,0.0,0.0
1005,14,5,6,28,128,9,80,0.05555425095371902,1.9849032862111926,0.05521849486976862,3.706111049745232,0.8007526078261435,0.037569407284734305,0.042959250137209894,9.70123874477255e-06,0.6437662900425494,41,512,7,0.4810735110193491,4.127641719302626,7.965870666355731,1,0.12871024903213457,0.3099861868006068,86.88888888888889,0.8688888888888889,1.0,1.0,0.0,4.746012745703657,0.10873150922113856,0.42771491142751156,0.12194027531456254,0.31666666666666876,87.66666666666667,0.8766666666666666,1.0,1.0,0.0,5.359957392227149,0.10853280912410543,0.22787306430036192,0.12988064143778918,0.41933333333333084,86.66666666666667,0.8666666666666667,1.0,1.0,0.0,3.704302304136224,0.12188395760215895,0.31499576676865415,0.134309830344052,0.19395856040182086,86.33333333333333,0.8633333333333333,1.0,1.0,0.0,5.173778540747599,0.12664557967214443,0.42771491142751156
1006,10,9,2,10,192,12,25,0.2148167118895799,3.542628986760974,0.1982252361252904,2.2564621325582266,0.5741844461765141,0.002305720308275818,0.8929001158103347,2.1297200160794855e-06,0.2904164395667613,36,128,4,0.0732436204329133,0.37253268934222183,4.059375667110874,5,0.0,0.0,100.0,1.0,1.0,0.0,0.1622222222222222,5.228682552567786,0.0,0.0,0.0,0.0,100.0,1.0,1.0,0.0,0.10000000000000002,6.070855667348951,0.0,0.0,0.0,0.0,100.0,1.0,1.0,0.0,0.15666666666666665,3.6594259894142547,0.0,0.0,0.0,0.0,100.0,1.0,1.0,0.0,0.22999999999999998,5.955766000940154,0.0,0.0
1007,7,7,7,22,64,7,59,0.37959007467143235,6.051318960264325,0.3560776799917221,1.6085454423446208,0.1849977785721421,0.010891445699577427,0.44585284730419517,0.00011146156740639864,0.42619338948279617,24,1024,10,0.6905991859734059,0.7380643516281744,1.2479813380095344,2,0.2562541362651661,2.343075876362343,74.22222222222223,0.7422222222222222,0.4444444444444444,0.2222222222222222,0.011644219977553312,4.625839855256422,0.2759688207348318,3.919787262525868,0.22618142957755785,4.23,77.33333333333333,0.7733333333333334,0.3333333333333333,0.0,0.010101010101010102,5.169743137584642,0.1694974856614836,3.919787262525868,0.3162870313844995,2.021666666666662,68.0,0.68,0.0,0.0,0.014730639730639731,3.243871473178882,0.3057398650053537,2.095890520854048,0.22629394783344078,0.7775609624203668,77.33333333333333,0.7733333333333334,1.0,0.6666666666666666,0.010101010101010102,5.463904955005744,0.16910407959094859,0.834197817650451
1008,7,9,3,13,128,9,84,0.20453498875722292,6.762717317789793,0.2517208090983331,1.5078086846042424,0.2913500342518091,0.0016430228723285675,0.3454743114765733,4.210424209864593e-06,0.12389107530936598,28,256,5,0.16580410972237586,1.8103894308272628,1.5383011854929876,2,0.0,0.0,100.0,1.0,1.0,0.0,0.008888888888888889,5.306989442194915,0.0,0.0,0.0,0.0,100.0,1.0,1.0,0.0,0.0,6.1511479946784675,0.0,0.0,0.0,0.0,100.0,1.0,1.0,0.0,0.023333333333333334,3.659268329696109,0.0,0.0,0.0,0.0,100.0,1.0,1.0,0.0,0.0033333333333333335,6.11055200221017,0.0,0.0
1009,9,7,5,26,32,4,50,0.3623064666986465,4.518730595707893,0.410943713132292,2.148515373468399,0.8926216691266745,0.056594422855079936,0.7927648419979959,0.00035070948274994277,0.592808385565877,35,64,11,0.5985780948773026,0.15123630688213513,4.348065969883427,5,0.3619546964456315,3.7814750160752917,63.666666666666664,0.6366666666666666,0.2222222222222222,0.1111111111111111,0.06027334591410763,2.5888076110393827,0.4150913539044104,4.724070697798037,0.38961734452336855,7.476666666666669,61.0,0.61,0.0,0.0,0.06587750900669069,2.568669481727658,0.3745676944847819,4.614754950152075,0.4162260408140612,2.8879999999999963,58.0,0.58,0.0,0.0,0.06896551724137931,1.6592086236602785,0.4158736247346492,4.724070697798037,0.28002070399946466,0.9797583815592111,72.0,0.7200000000000001,0.6666666666666666,0.3333333333333333,0.04597701149425287,3.5385447277302116,0.20963690287438624,1.28622108194947
1010,15,11,1,4,64,7,65,0.4705644751898944,2.697335367091,0.5524121076799928,3.568581592757255,0.481689830776304,0.006657564705711031,0.17323142890818416,0.001894171099939012,0.3442649731785059,49,1024,8,0.30627313591539856,1.0167443734188981,7.467714336724642,1,0.0,0.0,100.0,1.0,1.0,0.0,0.09222222222222222,5.449307887401018,0.0,0.0,0.0,0.0,100.0,1.0,1.0,0.0,0.11,6.097171666721503,0.0,0.0,0.0,0.0,100.0,1.0,1.0,0.0,0.06666666666666667,4.150857658435901,0.0,0.0,0.0,0.0,100.0,1.0,1.0,0.0,0.09999999999999999,6.09989433704565,0.0,0.0
1011,5,5,6,18,192,13,30,0.06583406887948513,9.709386148490012,0.0006948336027562617,1.0526493608485907,0.23412875351496043,0.01373394945052381,0.6163617036771029,5.7491702822022906e-05,0.4648619750700891,13,128,6,0.5736287353560329,0.2686119979269337,2.2157823879692318,4,0.0489403045338557,0.17436005549116038,95.11111111111111,0.9511111111111111,1.0,0.2222222222222222,0.012053776063502712,5.302481932890449,0.0,0.6192587882376919,0.0,0.0,100.0,1.0,1.0,0.0,0.006666666666666667,6.55837567600732,0.0,0.0,0.0,0.0,100.0,1.0,1.0,0.0,0.0,4.008758335839957,0.0,0.0,0.1468209136015671,0.5230801664734812,85.33333333333333,0.8533333333333334,1.0,0.6666666666666666,0.029494661523841465,5.34031178682407,0.05493013115631245,0.6192587882376919
1012,4,10,6,21,192,11,72,0.4369739349465817,1.67625046428293,0.4600961101241409,3.470604967791587,0.08876294470392168,0.0027769975527333845,0.8582658160012215,1.3598182939661501e-05,0.4755329176597297,17,256,9,0.11816044701263308,4.378727812815373,1.1464514267738353,2,0.126337725455819,0.42603931109571735,87.22222222222223,0.8722222222222222,0.8888888888888888,0.5555555555555556,0.008292097765781976,4.9236991553070055,0.0,1.4674930101923225,0.016284081352033616,0.013333333333331865,98.33333333333333,0.9833333333333334,1.0,0.3333333333333333,0.0035087719298245615,6.623647993945173,0.0,0.02278730643003366,0.2163021564319023,1.090666666666662,78.0,0.7799999999999999,0.6666666666666666,0.6666666666666666,0.012820512820512822,2.923896583991173,0.21546476632692285,1.4674930101923225,0.14642693858352104,0.17411793328715824,85.33333333333333,0.8533333333333334,1.0,0.6666666666666666,0.008547008547008546,5.22355288798467,0.10970785900053995,0.20586404037296388
1013,12,6,4,8,96,6,22,0.15265385252423586,8.479492614977062,0.2680211576633155,0.47860209341160953,0.6837117141112685,0.009811115356495603,0.4155962799210101,0.0012118956446799782,0.24111660808324814,43,1024,7,0.7340635349042713,0.052410707540286296,3.3562591216125015,3,0.0011041397121918928,0.0,99.88888888888889,0.9988888888888889,1.0,0.1111111111111111,0.032289562289562285,5.933072512319225,0.0,0.0,0.0,0.0,100.0,1.0,1.0,0.0,0.02666666666666667,6.604270333579431,0.0,0.0,0.0,0.0,100.0,1.0,1.0,0.0,0.02333333333333333,4.507006673763196,0.0,0.0,0.0033124191365756783,0.0,99.66666666666667,0.9966666666666667,1.0,0.3333333333333333,0.04686868686868687,6.687940529615051,0.0,0.0
1014,12,10,7,29,32,9,92,0.2267546802293509,5.519914848729968,0.17033463967964052,1.8401281230617315,0.6912255837116391,0.0008003441092815205,0.5527191570494324,9.098873109689784e-05,0.7204818916320801,39,64,6,0.3536603479646146,0.7759077576394989,9.680130587489948,3,0.00861632405416557,0.004444444444445189,99.11111111111111,0.991111111111111,1.0,0.2222222222222222,0.014629629629629628,5.051477604062745,0.0,0.016950431405520102,0.01325706998261146,0.013333333333335565,98.66666666666667,0.9866666666666667,1.0,0.3333333333333333,0.006944444444444444,5.745358444756776,0.0,0.016950431405520102,0.012591902179885246,0.0,98.66666666666667,0.9866666666666667,1.0,0.3333333333333333,0.01361111111111111,3.5914563683521314,0.0,0.0,0.0,0.0,100.0,1.0,1.0,0.0,0.02333333333333333,5.817617999079327,0.0,0.0
1015,8,6,2,16,96,14,42,0.27993614678271117,3.511103944852948,0.6673195143230259,2.9569126069545746,0.4365115691907704,0.03390988254643815,0.10496151759289205,2.5813023946587436e-06,0.08860464869067072,22,512,12,0.43771611312404274,0.29370654923128064,2.97465094370204,4,0.0407948256968538,0.18944444444444455,95.88888888888889,0.958888888888889,0.8888888888888888,0.0,0.014832451499118167,5.6980994979915005,0.0,1.843071066336607,0.0,0.0,100.0,1.0,1.0,0.0,0.01,6.565488994431992,0.0,0.0,0.12238447709056138,0.5683333333333336,87.66666666666667,0.8766666666666666,0.6666666666666666,0.0,0.021164021164021163,3.7059234958955103,0.0,1.843071066336607,0.0,0.0,100.0,1.0,1.0,0.0,0.013333333333333334,6.822886003647,0.0,0.0
1016,8,12,8,10,32,13,70,0.4036407208070159,1.4205368710681796,0.07119996566325426,2.6897729919292033,0.36678695646114645,0.012049939394523668,0.5093977858312427,0.00408439499819511,0.5474480367079377,46,128,10,0.23946261340752245,3.2525405781707413,3.824283537072112,3,0.0437734447254964,0.30554709155154397,95.55555555555556,0.9555555555555555,1.0,0.3333333333333333,0.04320334467984743,4.6581720135362366,0.0,0.6667874992129385,0.0,0.0,100.0,1.0,1.0,0.0,0.0,5.811566329405953,0.0,0.0,0.0684076865677558,0.7973333333333313,93.0,0.93,1.0,0.3333333333333333,0.04510548523206751,3.1029316127390643,0.0,0.6667874992129385,0.0629126476087334,0.11930794132130051,93.66666666666667,0.9366666666666666,1.0,0.6666666666666666,0.08450454880747478,5.060018098463693,0.00966038564895008,0.1592044617920802
1017,11,4,3,23,128,6,13,0.13336942056193948,8.173256597481668,0.5695895761251449,1.9314315307419747,0.827366832550615,0.002075319147886401,0.007382294535636901,2.6940452758436238e-05,0.26172408306971195,15,512,8,0.5081425062380731,0.06924208617184807,1.3066812726460735,4,0.13578378390114657,1.041923906979213,86.44444444444444,0.8644444444444445,0.6666666666666666,0.0,0.022028514417042695,4.979730450416941,0.0,3.6133433543389253,0.1816132471834894,2.3800000000000003,82.0,0.82,0.6666666666666666,0.0,0.021739130434782608,5.27438013770523,0.0,3.6133433543389253,0.0893295040408783,0.40633333333333077,91.0,0.91,0.6666666666666666,0.0,0.0273972602739726,4.0282875643596565,0.0,1.3177147389233481,0.13640860047907202,0.3394383876043072,86.33333333333333,0.8633333333333333,0.6666666666666666,0.0,0.01694915254237288,5.636523649185938,0.0,1.28622108194947
1018,13,8,6,15,192,4,89,0.24955474976450204,6.35625353641808,0.3828260861337185,0.5118251566309482,0.5475695058237762,0.049144061336545315,0.9312455521896481,4.947041365904565e-06,0.695538491550833,30,64,5,0.18854436846449968,0.5869660847816139,2.609164706526829,2,0.0,0.0,100.0,1.0,1.0,0.0,0.0022222222222222222,5.074240439830141,0.0,0.0,0.0,0.0,100.0,1.0,1.0,0.0,0.0,5.733608326409012,0.0,0.0,0.0,0.0,100.0,1.0,1.0,0.0,0.0,3.6612219898961484,0.0,0.0,0.0,0.0,100.0,1.0,1.0,0.0,0.006666666666666667,5.827891003185262,0.0,0.0
1019,4,8,4,27,64,10,34,0.3167849716730416,4.36281350068748,0.19215587470680473,3.144469005987048,0.1584865916520357,0.0005068986063406729,0.4241420778445899,0.0002966372669975735,0.021025476790964604,32,256,11,0.619908272009343,0.3951754626505562,8.48842903167374,3,0.0,0.0,100.0,1.0,1.0,0.0,0.0,5.722522440418187,0.0,0.0,0.0,0.0,100.0,1.0,1.0,0.0,0.0,6.468351325796296,0.0,0.0,0.0,0.0,100.0,1.0,1.0,0.0,0.0,4.053065336775035,0.0,0.0,0.0,0.0,100.0,1.0,1.0,0.0,0.0,6.64615065868323,0.0,0.0
1020,5,9,2,24,96,15,77,0.16756942071951925,7.578731298446655,0.6515142779797315,0.8441749934572726,0.1444774036295712,0.07550849646442254,0.1896620630286634,0.0001835684751036325,0.193638225607574,38,512,4,0.37810958977788683,2.3917123953490385,4.957132753399294,1,0.024219659626873464,0.053666666666666675,97.55555555555556,0.9755555555555555,1.0,0.1111111111111111,0.0,5.728564509157453,0.0,0.5221133871205753,0.0,0.0,100.0,1.0,1.0,0.0,0.0,6.652299663983285,0.0,0.0,0.0726589788806204,0.16100000000000003,92.66666666666667,0.9266666666666667,1.0,0.3333333333333333,0.0,3.88655352861915,0.0,0.5221133871205753,0.0,0.0,100.0,1.0,1.0,0.0,0.0,6.646840334869921,0.0,0.0
1021,14,7,7,11,192,8,47,0.33938968083821236,5.389666225761175,0.09847805108875035,3.952896637842059,0.6111726193223149,0.0013338552792003752,0.6962985416874289,1.2928157675301124e-06,0.6155838293023408,26,128,10,0.45802089832723136,0.11234257329816412,1.7542656513385062,4,0.2248193700765082,1.5503639049641804,77.44444444444444,0.7744444444444445,0.5555555555555556,0.2222222222222222,0.051373439439822,3.628892941843414,0.0,2.3380456998663637,0.12300042276309468,1.5400000000000005,87.66666666666667,0.8766666666666666,0.6666666666666666,0.0,0.019206349206349206,4.822304738653459,0.0,2.3380456998663637,0.2343076501995068,2.1313333333333295,76.33333333333333,0.7633333333333333,0.3333333333333333,0.0,0.031099324975892,2.7214539873873864,0.15896054300582096,1.4333796093620694,0.3171500372669231,0.9797583815592111,68.33333333333333,0.6833333333333335,0.6666666666666666,0.6666666666666666,0.10381464413722478,3.3429200994893975,0.25527770208035616,1.28622108194947
1022,10,11,3,19,96,5,56,0.489965650299564,2.425691598095,0.3289376346394419,2.5918231890536845,0.7631379147991538,0.021621784266220433,0.24001025222241879,1.7076489876014046e-05,0.3200442293472588,21,1024,9,0.05032453257590533,1.3679633683969648,1.9446103668879724,2,0.24321563113053912,1.6215861271864016,75.55555555555556,0.7555555555555555,0.4444444444444444,0.1111111111111111,0.0498975925368687,4.51033706355171,0.0,2.7649490469115108,0.13665263255012458,1.5400000000000005,86.33333333333333,0.8633333333333333,0.6666666666666666,0.0,0.01898305084745763,5.728907487605103,0.0,2.3380456998663637,0.3197135747746384,2.344999999999993,67.66666666666667,0.6766666666666667,0.0,0.0,0.11941029173489988,3.1474833490414666,0.29203098127466753,2.7649490469115108,0.27328068606685435,0.9797583815592111,72.66666666666667,0.7266666666666666,0.6666666666666666,0.3333333333333333,0.011299435028248588,4.654620354008561,0.20461290071860802,1.28622108194947
1023,7,5,5,6,32,12,28,0.09928399934433402,9.417981673963368,0.48684158064424987,1.3574110853951424,0.38100042468868195,0.004580480798254109,0.7424863689579069,0.0009590591415278491,0.396560146920383,42,256,7,0.67028628885746,0.20320826821982926,6.551995607697003,5,0.0,0.0,100.0,1.0,1.0,0.0,0.0022222222222222222,5.2756626673767135,0.0,0.0,0.0,0.0,100.0,1.0,1.0,0.0,0.0,6.002349330422779,0.0,0.0,0.0,0.0,100.0,1.0,1.0,0.0,0.0,3.716217005470147,0.0,0.0,0.0,0.0,100.0,1.0,1.0,0.0,0.006666666666666667,6.1084216662372155,0.0,0.0
