rank,output,parameter,s1,s1_conf,st,st_conf,interaction_gap,status
1,image_classification__bayesian_veto_rate,min_epochs_floor,0.354424268708138,0.059687957134635254,0.49510005725907297,0.06456258662845304,0.140675788550935,estimated
2,image_classification__bayesian_veto_rate,utility_quantile,0.2305489529122897,0.04487780003465289,0.40078575523655563,0.07098184882250472,0.17023680232426594,estimated
3,image_classification__bayesian_veto_rate,noise_multiplier,0.1358985621883072,0.044592887069537124,0.295276810125203,0.05580881199963553,0.1593782479368958,estimated
4,image_classification__bayesian_veto_rate,minimum_quality_floor,0.01548744089555313,0.016164800667148933,0.03261571262070761,0.007900795990514927,0.01712827172515448,estimated
5,image_classification__bayesian_veto_rate,trend_window,0.012273214920063696,0.013935950664860614,0.021616407403998505,0.004525143039355413,0.009343192483934809,estimated
6,image_classification__bayesian_veto_rate,bayesian_window,6.687739597870014e-05,0.010049991276652515,0.015085357332634669,0.004065242261544401,0.01501847993665597,estimated
7,image_classification__bayesian_veto_rate,patience,0.014997932066277146,0.009223455418758415,0.01265627878975104,0.0020760035797190964,0.0,estimated
8,image_classification__bayesian_veto_rate,horizon_epochs,0.005015200047179446,0.008959282241923326,0.011680910552074644,0.002422547092841606,0.006665710504895198,estimated
9,image_classification__bayesian_veto_rate,remaining_room_fraction,-0.0003873510763608882,0.007291556904791727,0.006356722743264421,0.001528182678620003,0.006744073819625309,estimated
10,image_classification__bayesian_veto_rate,bayesian_confirmation_patience,-0.0009105189687616971,0.005780109137257839,0.003659854129457951,0.0008310194296339844,0.0045703730982196485,estimated
11,image_classification__bayesian_veto_rate,max_probability_gain_gt_threshold,0.004112532498565473,0.004450416771354118,0.00240541110144224,0.0004806424028160861,0.0,estimated
12,image_classification__bayesian_veto_rate,min_fit_points,-0.00113731717820439,0.0032359832666553727,0.0012655947112633365,0.0003813300708214517,0.0024029118894677267,estimated
13,image_classification__bayesian_veto_rate,bayesian_probability_limit,-0.00013021206354528507,0.0025335494189524057,0.0011075118490273229,0.00024480761606471334,0.001237723912572608,estimated
14,image_classification__bayesian_veto_rate,bayesian_samples,0.00011620114516977942,0.0024285666508295353,0.0006697480434089535,0.00011852416165540519,0.000553546898239174,estimated
15,image_classification__bayesian_veto_rate,late_stage_relaxation,4.658894347872128e-05,0.0019255793645933772,0.0004701599112604338,7.239535444369138e-05,0.00042357096778171253,estimated
16,image_classification__bayesian_veto_rate,recent_gain_fraction,-0.00013813966786646497,0.0015281010540933169,0.0004082025993756468,9.244031711033725e-05,0.0005463422672421118,estimated
17,image_classification__bayesian_veto_rate,min_meaningful_gain,-0.0012643190231912671,0.0018500047408580135,0.000382446500827194,9.135426363212647e-05,0.0016467655240184611,estimated
18,image_classification__bayesian_veto_rate,bayesian_prior_strength,8.526992043284397e-05,0.0016240454968837646,0.00038005185163610773,6.45543434047624e-05,0.00029478193120326373,estimated
19,image_classification__bayesian_veto_rate,bayesian_min_observations,7.359511210493348e-05,0.0016547858144384,0.0003686758155696667,6.571347648900246e-05,0.0002950807034647332,estimated
20,image_classification__bayesian_veto_rate,knn_neighbors,-0.0012832570946918781,0.0015544853443444652,0.00036790042895769646,5.703977442911014e-05,0.0016511575236495745,estimated
21,image_classification__bayesian_veto_rate,bootstrap_samples,0.00013202689994547628,0.0015166551822574648,0.00032457596436370295,5.5659972148636985e-05,0.00019254906441822667,estimated
22,image_classification__bayesian_veto_rate,max_uncertainty_to_gain_ratio,-0.0011618861080601027,0.0016094977827200267,0.00030059967898621185,4.6780711995866103e-05,0.0014624857870463145,estimated
23,image_classification__bayesian_veto_rate,bayesian_prior_alpha,0.0010620296379053483,0.0014773821289327774,0.0002630067203017776,4.510727927330315e-05,0.0,estimated
1,image_classification__controller_runtime_ms_per_epoch,min_epochs_floor,0.34826918862436157,0.05867222624191543,0.5397022917325449,0.06941666255841339,0.19143310310818334,estimated
2,image_classification__controller_runtime_ms_per_epoch,utility_quantile,0.20062803502472493,0.04782060566364023,0.36646232777171256,0.05453834238478081,0.16583429274698763,estimated
3,image_classification__controller_runtime_ms_per_epoch,noise_multiplier,0.16323973934182226,0.04833457615093996,0.3475029489293936,0.05415912054013814,0.18426320958757134,estimated
4,image_classification__controller_runtime_ms_per_epoch,minimum_quality_floor,0.014921820085047596,0.017603976857039565,0.037192516476272336,0.00814079980960809,0.02227069639122474,estimated
5,image_classification__controller_runtime_ms_per_epoch,trend_window,0.003853094052596212,0.0191011526880574,0.03683634524948195,0.006479246605586603,0.032983251196885735,estimated
6,image_classification__controller_runtime_ms_per_epoch,horizon_epochs,0.0009556639479405663,0.010602254045309302,0.015098420543194786,0.003024859146035171,0.014142756595254219,estimated
7,image_classification__controller_runtime_ms_per_epoch,bayesian_window,0.00041168103243261573,0.007365586088449881,0.005976152227810244,0.0013203943790883678,0.005564471195377629,estimated
8,image_classification__controller_runtime_ms_per_epoch,bayesian_samples,0.0011193879780070225,0.006475519823526344,0.0048660535051001435,0.0008050126179645188,0.003746665527093121,estimated
9,image_classification__controller_runtime_ms_per_epoch,patience,0.003701518299934379,0.005867925321258427,0.004502688103805588,0.0008593699107474431,0.0008011698038712088,estimated
10,image_classification__controller_runtime_ms_per_epoch,min_fit_points,-0.000779439472601717,0.004316800536212978,0.0026613319644745747,0.0005300279676613825,0.003440771437076292,estimated
11,image_classification__controller_runtime_ms_per_epoch,bayesian_confirmation_patience,-0.0001091412691568383,0.003718408418936501,0.0016918816498128887,0.00030491485119821525,0.001801022918969727,estimated
12,image_classification__controller_runtime_ms_per_epoch,max_probability_gain_gt_threshold,-0.0014648122825971258,0.003460559087845176,0.00133208874556158,0.00024911527009379575,0.002796901028158706,estimated
13,image_classification__controller_runtime_ms_per_epoch,bayesian_probability_limit,-7.223671412478656e-05,0.0029066040383106087,0.001064997713627837,0.00016777171608362235,0.0011372344277526235,estimated
14,image_classification__controller_runtime_ms_per_epoch,remaining_room_fraction,0.0010612440514170616,0.00266501896707803,0.0007858773991986807,0.00014017424180974987,0.0,estimated
15,image_classification__controller_runtime_ms_per_epoch,bayesian_prior_strength,-0.0020026163076435257,0.0018334891349987956,0.0005115247660799054,9.932453550940356e-05,0.002514141073723431,estimated
16,image_classification__controller_runtime_ms_per_epoch,min_meaningful_gain,0.0009939540932726956,0.0017684169826634071,0.00044584208984277596,0.0001443876403439663,0.0,estimated
17,image_classification__controller_runtime_ms_per_epoch,knn_neighbors,-0.0013405593074077356,0.0017019123519667761,0.0003874368336002918,7.734328071637787e-05,0.0017279961410080274,estimated
18,image_classification__controller_runtime_ms_per_epoch,bootstrap_samples,-0.00033797656763213886,0.0016887131691928942,0.0003664885526341258,6.995538036560337e-05,0.0007044651202662647,estimated
19,image_classification__controller_runtime_ms_per_epoch,bayesian_min_observations,-0.0009227845862396785,0.0015947453196093022,0.0002964868887058084,5.846414438792959e-05,0.0012192714749454869,estimated
20,image_classification__controller_runtime_ms_per_epoch,recent_gain_fraction,0.0009786576425883217,0.001546265138700725,0.0002918313226936922,5.566736863471722e-05,0.0,estimated
21,image_classification__controller_runtime_ms_per_epoch,late_stage_relaxation,-0.0006944977624355098,0.0014174067103207583,0.0002591057637527495,3.786272103565148e-05,0.0009536035261882593,estimated
22,image_classification__controller_runtime_ms_per_epoch,max_uncertainty_to_gain_ratio,-0.0006820078707125499,0.0012458103740528195,0.000244181929324823,4.4301263706859316e-05,0.0009261898000373729,estimated
23,image_classification__controller_runtime_ms_per_epoch,bayesian_prior_alpha,0.0007719972322487486,0.0013207922625521457,0.00020715680611291465,2.468885060208547e-05,0.0,estimated
1,image_classification__energy_saving_q25,min_epochs_floor,0.2772341823640595,0.06519385679601339,0.5107048143496811,0.07362606914544911,0.23347063198562157,estimated
2,image_classification__energy_saving_q25,utility_quantile,0.19975618739225762,0.052676492689755654,0.40297634016643136,0.06580996010372747,0.20322015277417374,estimated
3,image_classification__energy_saving_q25,noise_multiplier,0.13168957575523124,0.04557691431820884,0.3490749381235005,0.06429699156055431,0.21738536236826925,estimated
4,image_classification__energy_saving_q25,minimum_quality_floor,0.027085581110969002,0.02466666101048411,0.07734812981198103,0.018867023225926267,0.05026254870101202,estimated
5,image_classification__energy_saving_q25,trend_window,0.018300033307113685,0.02146788056874068,0.06196097618212626,0.010927990128454768,0.04366094287501257,estimated
6,image_classification__energy_saving_q25,horizon_epochs,0.008406372307141802,0.01492774159473132,0.031994320972089686,0.0067884644412173605,0.023587948664947886,estimated
7,image_classification__energy_saving_q25,bayesian_window,0.0009943296578459795,0.007368220394814625,0.007530836954457474,0.0017652039244787764,0.0065365072966114945,estimated
8,image_classification__energy_saving_q25,patience,0.003427313824561104,0.006072318825379493,0.005546038589157024,0.0009580933397953701,0.00211872476459592,estimated
9,image_classification__energy_saving_q25,min_fit_points,-0.0008718690541741808,0.004499507288788862,0.0028969921103277796,0.0008757627640506307,0.0037688611645019603,estimated
10,image_classification__energy_saving_q25,bayesian_confirmation_patience,0.0014087736003871,0.004304170008608369,0.0019134308929695458,0.0004207192510846198,0.0005046572925824458,estimated
11,image_classification__energy_saving_q25,max_probability_gain_gt_threshold,-0.0019873565187961463,0.004552959235116252,0.001289901338408301,0.0003220281669039773,0.003277257857204447,estimated
12,image_classification__energy_saving_q25,bayesian_probability_limit,-0.00018299490875785287,0.00247642203359127,0.0006802971210642009,0.00015729167597749365,0.0008632920298220538,estimated
13,image_classification__energy_saving_q25,bayesian_prior_strength,-0.0014134823931901037,0.001964155141449715,0.0006160281056619791,0.00014017244870804534,0.002029510498852083,estimated
14,image_classification__energy_saving_q25,remaining_room_fraction,0.00041748519023762653,0.0019254124305625054,0.0004752683813070544,0.0001008478730940689,5.7783191069427857e-05,estimated
15,image_classification__energy_saving_q25,min_meaningful_gain,-0.0005827961392701117,0.0016657783721584227,0.00045276297721916323,0.00015748344845867377,0.001035559116489275,estimated
16,image_classification__energy_saving_q25,bayesian_samples,6.089076683041177e-05,0.0017064989194148386,0.0004178969840690103,8.972257099859525e-05,0.0003570062172385985,estimated
17,image_classification__energy_saving_q25,knn_neighbors,-0.0015660435506301897,0.0014473524899879426,0.00028109273026012156,6.276548062282664e-05,0.0018471362808903113,estimated
18,image_classification__energy_saving_q25,recent_gain_fraction,0.0014863688505082526,0.0012964512637906663,0.0002481943290793308,5.448918766987691e-05,0.0,estimated
19,image_classification__energy_saving_q25,max_uncertainty_to_gain_ratio,-0.0006067165079742484,0.0012220434198203132,0.00024252493333811517,5.624849400154743e-05,0.0008492414413123635,estimated
20,image_classification__energy_saving_q25,bootstrap_samples,0.00011355854212690663,0.0014418394437019093,0.0002385548807869388,6.508553731635602e-05,0.0001249963386600322,estimated
21,image_classification__energy_saving_q25,bayesian_min_observations,-0.0008211742485902517,0.001340703188038507,0.00023241465535364918,4.81635030961526e-05,0.001053588903943901,estimated
22,image_classification__energy_saving_q25,late_stage_relaxation,-3.522680091705922e-05,0.0011802992320163474,0.00017983610876319033,3.5623422292904503e-05,0.00021506290968024955,estimated
23,image_classification__energy_saving_q25,bayesian_prior_alpha,0.0003222178458368754,0.0009611166163108401,0.00012439349400277,2.3166246396788516e-05,0.0,estimated
1,image_classification__joint_success_fraction,min_epochs_floor,0.3726851955540018,0.06991857612212331,0.724810045442161,0.10991645047358851,0.3521248498881592,estimated
2,image_classification__joint_success_fraction,utility_quantile,0.11987978640452406,0.057777918418612816,0.35810187540152405,0.07826863569828499,0.23822208899699998,estimated
3,image_classification__joint_success_fraction,noise_multiplier,0.07422473379822382,0.03521928429875426,0.27937061739445507,0.06237966721041725,0.20514588359623126,estimated
4,image_classification__joint_success_fraction,trend_window,0.020621972290264447,0.02498406760562662,0.07504247619107812,0.018507620842432532,0.054420503900813676,estimated
5,image_classification__joint_success_fraction,patience,0.005008361312642999,0.011779137742649447,0.021358535435108433,0.005309864473785773,0.016350174122465436,estimated
6,image_classification__joint_success_fraction,minimum_quality_floor,0.0029409045359618633,0.008232081652518819,0.010235038957054066,0.0020943413754567403,0.0072941344210922035,estimated
7,image_classification__joint_success_fraction,horizon_epochs,0.006694767973195113,0.008229678412904238,0.009249825076539,0.002268805109019193,0.0025550571033438876,estimated
8,image_classification__joint_success_fraction,bayesian_confirmation_patience,-0.0031185580661644745,0.007569600384393131,0.007231605972232777,0.0025529912207967343,0.010350164038397253,estimated
9,image_classification__joint_success_fraction,recent_gain_fraction,0.0006309201535410524,0.003745392121771707,0.003440692658615509,0.001397991448693025,0.0028097725050744565,estimated
10,image_classification__joint_success_fraction,remaining_room_fraction,-0.0003210123213321612,0.00475358029141281,0.0033397412897987373,0.0007845859721119778,0.0036607536111308986,estimated
11,image_classification__joint_success_fraction,bayesian_window,0.0031883896416847173,0.004177710859579857,0.0028622216636974996,0.0007840501589582781,0.0,estimated
12,image_classification__joint_success_fraction,bayesian_min_observations,0.0007036902316524295,0.0032836931787092747,0.0024496078309486544,0.0007298815513746926,0.0017459175992962249,estimated
13,image_classification__joint_success_fraction,bayesian_probability_limit,0.0014939538862943158,0.0027488180471542173,0.0019830734738967735,0.0005189231937620355,0.0004891195876024577,estimated
14,image_classification__joint_success_fraction,max_probability_gain_gt_threshold,0.005490966022401302,0.005228376441525708,0.001934949008921728,0.0005940299414144362,0.0,estimated
15,image_classification__joint_success_fraction,late_stage_relaxation,-0.00156719816148985,0.002419501076712431,0.001371553707635631,0.0003429846890639554,0.002938751869125481,estimated
16,image_classification__joint_success_fraction,knn_neighbors,0.0010183667735093349,0.002052857652010665,0.000847705633161093,0.00021197021080205395,0.0,estimated
17,image_classification__joint_success_fraction,min_fit_points,0.00013279376902636296,0.0020092675584464535,0.0007902744193252402,0.00019615351080545587,0.0006574806502988772,estimated
18,image_classification__joint_success_fraction,bayesian_samples,0.0006762071124165867,0.002101338190233363,0.0007585645906248201,0.00025631450931928195,8.235747820823335e-05,estimated
19,image_classification__joint_success_fraction,min_meaningful_gain,-0.0012536585506939626,0.0021011970672994147,0.0007371285966476861,0.0002158575739386634,0.001990787147341649,estimated
20,image_classification__joint_success_fraction,bayesian_prior_strength,0.0009848736309054891,0.0020250962485826875,0.0006428938909238558,0.00012606254647460382,0.0,estimated
21,image_classification__joint_success_fraction,bayesian_prior_alpha,-0.0008717429986595021,0.0017610732325532255,0.0006292591423153451,0.00018551203643992297,0.0015010021409748472,estimated
22,image_classification__joint_success_fraction,bootstrap_samples,0.0006478929075504048,0.00185826318307226,0.00047096565034964843,0.00013198304197820389,0.0,estimated
23,image_classification__joint_success_fraction,max_uncertainty_to_gain_ratio,0.0005129687698927553,0.0013381320155482646,0.00032844895698692515,0.0001000503887884839,0.0,estimated
1,image_classification__mean_energy_saving_fraction,min_epochs_floor,0.33981856986224096,0.06104751495011805,0.5385343056407128,0.07938019392914702,0.19871573577847185,estimated
2,image_classification__mean_energy_saving_fraction,utility_quantile,0.18633737744034207,0.045211848628027705,0.3507382522780636,0.05419621371960015,0.16440087483772153,estimated
3,image_classification__mean_energy_saving_fraction,noise_multiplier,0.1572549097239514,0.04602108153571423,0.34914197513159295,0.052702056564006436,0.19188706540764155,estimated
4,image_classification__mean_energy_saving_fraction,trend_window,0.01626873161260417,0.02225646157647175,0.05264319114111619,0.008838467401452325,0.03637445952851202,estimated
5,image_classification__mean_energy_saving_fraction,minimum_quality_floor,0.013669062321913382,0.016877415168818487,0.037348723080311515,0.00875667615739101,0.023679660758398134,estimated
6,image_classification__mean_energy_saving_fraction,horizon_epochs,0.005842039862256113,0.01356117096459519,0.023239807112652836,0.004690059979151669,0.017397767250396722,estimated
7,image_classification__mean_energy_saving_fraction,bayesian_window,0.0009114902029037648,0.008277698952722021,0.007369670933485891,0.001750789563129389,0.006458180730582126,estimated
8,image_classification__mean_energy_saving_fraction,patience,0.003109230989093584,0.005780134262247648,0.004690770707575198,0.0009257968517152079,0.0015815397184816135,estimated
9,image_classification__mean_energy_saving_fraction,min_fit_points,-0.001225315352899485,0.003596003989848123,0.002248958031238224,0.0005569810897001998,0.003474273384137709,estimated
10,image_classification__mean_energy_saving_fraction,bayesian_confirmation_patience,0.0008760785432204569,0.003975752344745771,0.0016943951775365681,0.00033894470852293275,0.0008183166343161113,estimated
11,image_classification__mean_energy_saving_fraction,max_probability_gain_gt_threshold,-0.0013287255862476568,0.0034682120751476555,0.0009704509562794721,0.00020856558221219322,0.002299176542527129,estimated
12,image_classification__mean_energy_saving_fraction,bayesian_probability_limit,0.0004942500215891294,0.002625457292518426,0.0007592793962944658,0.00013897259345040761,0.0002650293747053365,estimated
13,image_classification__mean_energy_saving_fraction,remaining_room_fraction,0.0003850214798918622,0.0021095679172530766,0.0005982997163424717,0.00014301248801360094,0.00021327823645060954,estimated
14,image_classification__mean_energy_saving_fraction,bayesian_prior_strength,-0.0013918322209233802,0.0017768202112855133,0.0004037155338210778,8.568420500173792e-05,0.001795547754744458,estimated
15,image_classification__mean_energy_saving_fraction,bayesian_samples,0.00040286791274685147,0.001576422156707765,0.00036386875494231737,7.611043903664363e-05,0.0,estimated
16,image_classification__mean_energy_saving_fraction,min_meaningful_gain,-0.00018203303602079467,0.0015801976390200625,0.000335490860170695,0.00010493338636595071,0.0005175238961914897,estimated
17,image_classification__mean_energy_saving_fraction,knn_neighbors,-0.0012904759660336473,0.0014649704415350307,0.00025505133843895753,4.872819202205436e-05,0.0015455273044726048,estimated
18,image_classification__mean_energy_saving_fraction,bayesian_min_observations,-0.0007074482054213655,0.0012833589969966754,0.00021088506757677584,4.4325435812705165e-05,0.0009183332729981414,estimated
19,image_classification__mean_energy_saving_fraction,recent_gain_fraction,0.000961128726332911,0.0013375883719377113,0.00020626034642639822,4.3982132425408895e-05,0.0,estimated
20,image_classification__mean_energy_saving_fraction,bootstrap_samples,-2.5273262269694145e-05,0.0013757671232330914,0.00018970115237944174,4.784126739579292e-05,0.00021497441464913587,estimated
21,image_classification__mean_energy_saving_fraction,max_uncertainty_to_gain_ratio,-0.0005482488365513461,0.0010099916280942322,0.00018328098251302032,3.8638646208768e-05,0.0007315298190643664,estimated
22,image_classification__mean_energy_saving_fraction,late_stage_relaxation,6.785555894410195e-05,0.0011154501254905958,0.00016810895041307993,2.431792125062318e-05,0.00010025339146897798,estimated
23,image_classification__mean_energy_saving_fraction,bayesian_prior_alpha,-0.00015461970113808424,0.0008783915332056992,0.0001104570007445027,1.6224499943407818e-05,0.00026507670188258693,estimated
1,image_classification__mean_quality_regret_pp,min_epochs_floor,0.36404958055709813,0.06405620008198695,0.5945190594554772,0.08271772259148455,0.2304694788983791,estimated
2,image_classification__mean_quality_regret_pp,utility_quantile,0.16001791839862486,0.04664080806961617,0.3348878167855622,0.05456566564215069,0.1748698983869373,estimated
3,image_classification__mean_quality_regret_pp,noise_multiplier,0.12784457857524267,0.048341588283198685,0.3260555388330949,0.05669982037188532,0.19821096025785223,estimated
4,image_classification__mean_quality_regret_pp,minimum_quality_floor,0.021481780360097444,0.020241191055044634,0.056354296707958135,0.012483374304270519,0.03487251634786069,estimated
5,image_classification__mean_quality_regret_pp,trend_window,0.013286594311936299,0.020147502784400622,0.048240026063015036,0.008950780976834648,0.034953431751078734,estimated
6,image_classification__mean_quality_regret_pp,horizon_epochs,0.00561806657414915,0.013475713838865307,0.024668585047820657,0.004835331362726723,0.019050518473671507,estimated
7,image_classification__mean_quality_regret_pp,bayesian_window,0.0011114576312832973,0.008419351860169585,0.007110685817190733,0.0016981806989832598,0.005999228185907436,estimated
8,image_classification__mean_quality_regret_pp,patience,0.0024874789902554276,0.00545535648483393,0.004341429185040046,0.0008854425430999482,0.0018539501947846182,estimated
9,image_classification__mean_quality_regret_pp,min_fit_points,-0.0008078280790807065,0.004104153362852342,0.002208403778635146,0.0005797872419485333,0.003016231857715852,estimated
10,image_classification__mean_quality_regret_pp,bayesian_confirmation_patience,0.0006583010462849351,0.003972955319824957,0.0016508197496746767,0.0003108246690605107,0.0009925187033897416,estimated
11,image_classification__mean_quality_regret_pp,max_probability_gain_gt_threshold,-0.001460482953990628,0.003598727333216448,0.0009506499134534936,0.0002284813183530681,0.0024111328674441216,estimated
12,image_classification__mean_quality_regret_pp,remaining_room_fraction,2.5087158695795368e-05,0.0022758087826894795,0.0007200023582690568,0.0001757104108175313,0.0006949151995732614,estimated
13,image_classification__mean_quality_regret_pp,bayesian_probability_limit,0.00023847923046927476,0.0026839327361741863,0.0007020062882657995,0.0001316425339077373,0.00046352705779652476,estimated
14,image_classification__mean_quality_regret_pp,bayesian_prior_strength,-0.0011894808286157502,0.0019302774220311097,0.0004071246109400704,8.498534631649272e-05,0.0015966054395558206,estimated
15,image_classification__mean_quality_regret_pp,bayesian_samples,0.0003026897942757352,0.001734539625627664,0.0003785426782245305,8.603977703382554e-05,7.58528839487953e-05,estimated
16,image_classification__mean_quality_regret_pp,min_meaningful_gain,-0.00027766876339396047,0.0014273973926818358,0.0003386658762738279,9.93722095925949e-05,0.0006163346396677884,estimated
17,image_classification__mean_quality_regret_pp,knn_neighbors,-0.001347025505388334,0.0013979256390467636,0.00025132504626904886,4.658669835511834e-05,0.0015983505516573829,estimated
18,image_classification__mean_quality_regret_pp,recent_gain_fraction,0.0010326220510260473,0.0012516947237384668,0.0001902232218939917,4.210956510745238e-05,0.0,estimated
19,image_classification__mean_quality_regret_pp,max_uncertainty_to_gain_ratio,-0.0005117067356462427,0.0010369077249405007,0.00018692971674288784,3.712794689609867e-05,0.0006986364523891306,estimated
20,image_classification__mean_quality_regret_pp,bootstrap_samples,8.217618813508769e-06,0.001185954225138221,0.00018232971401062133,4.199974843302803e-05,0.00017411209519711257,estimated
21,image_classification__mean_quality_regret_pp,bayesian_min_observations,-0.0006674136734167905,0.0011817907804123533,0.00017829012675221365,3.790686450404589e-05,0.0008457038001690041,estimated
22,image_classification__mean_quality_regret_pp,late_stage_relaxation,1.7068187938370365e-05,0.001180552167687084,0.00016402501318987317,2.8495637110404914e-05,0.0001469568252515028,estimated
23,image_classification__mean_quality_regret_pp,bayesian_prior_alpha,-7.671930739405045e-05,0.0009047765956200111,0.00010615959278645114,1.9132388618906968e-05,0.00018287890018050157,estimated
1,image_classification__mean_stop_epoch,min_epochs_floor,0.33889795942320505,0.06268635806736637,0.5371006719137047,0.0701692342137936,0.19820271249049964,estimated
2,image_classification__mean_stop_epoch,utility_quantile,0.18704121405033097,0.04766159646505572,0.35144258900485703,0.05264347083400472,0.16440137495452606,estimated
3,image_classification__mean_stop_epoch,noise_multiplier,0.1576093081230064,0.04900335057069111,0.3493659253292919,0.05773108768102197,0.1917566172062855,estimated
4,image_classification__mean_stop_epoch,trend_window,0.0163410520639328,0.021699834213214374,0.052706374219122644,0.008726079299363549,0.036365322155189846,estimated
5,image_classification__mean_stop_epoch,minimum_quality_floor,0.013790197975223297,0.017218404025692496,0.03754036181677485,0.008423930225769137,0.023750163841551555,estimated
6,image_classification__mean_stop_epoch,horizon_epochs,0.005855349477493438,0.013157689391920266,0.02326376747099759,0.004766981126323981,0.01740841799350415,estimated
7,image_classification__mean_stop_epoch,bayesian_window,0.0009183478909470448,0.00819893756716576,0.007352215628233385,0.0016788685587588057,0.006433867737286341,estimated
8,image_classification__mean_stop_epoch,patience,0.0031225871155452054,0.006124243463087059,0.004701715937388214,0.0008791153322830113,0.001579128821843009,estimated
9,image_classification__mean_stop_epoch,min_fit_points,-0.0012292517256108251,0.003874885782601568,0.0022477525779334697,0.0005507045265272178,0.003477004303544295,estimated
10,image_classification__mean_stop_epoch,bayesian_confirmation_patience,0.000876424770716033,0.003732391717109962,0.00169432359982044,0.00031353116696849234,0.000817898829104407,estimated
11,image_classification__mean_stop_epoch,max_probability_gain_gt_threshold,-0.0013158363965760963,0.0033792253551965697,0.0009706256392247775,0.00020016959333901614,0.002286462035800874,estimated
12,image_classification__mean_stop_epoch,bayesian_probability_limit,0.0004930412759069375,0.002847486585532027,0.0007591859685620845,0.00013709135186539865,0.00026614469265514695,estimated
13,image_classification__mean_stop_epoch,remaining_room_fraction,0.00038965644728893045,0.002073447984258581,0.0005994056205388279,0.00014547014267866226,0.00020974917324989746,estimated
14,image_classification__mean_stop_epoch,bayesian_prior_strength,-0.0013906613983376583,0.0017056569820929636,0.00040449584487266076,8.260895922036861e-05,0.001795157243210319,estimated
15,image_classification__mean_stop_epoch,bayesian_samples,0.00040088658379622646,0.0016146904390221648,0.0003638827686133193,8.169900699990266e-05,0.0,estimated
16,image_classification__mean_stop_epoch,min_meaningful_gain,-0.00018835734096283322,0.001298845134057669,0.0003350388262347055,9.965028543759042e-05,0.0005233961671975388,estimated
17,image_classification__mean_stop_epoch,knn_neighbors,-0.0012909740952450567,0.001489583072277292,0.0002552953367103603,5.040924933338092e-05,0.001546269431955417,estimated
18,image_classification__mean_stop_epoch,bayesian_min_observations,-0.0007085486843270154,0.0012464859883355897,0.00021176385028853832,4.914731970932696e-05,0.0009203125346155538,estimated
19,image_classification__mean_stop_epoch,recent_gain_fraction,0.000962992298135008,0.001361783193315603,0.0002074157716147304,4.136301503681443e-05,0.0,estimated
20,image_classification__mean_stop_epoch,bootstrap_samples,-2.2604197687916085e-05,0.0012548513899525696,0.00018982560396968242,4.6382624638906555e-05,0.0002124298016575985,estimated
21,image_classification__mean_stop_epoch,max_uncertainty_to_gain_ratio,-0.0005462931336621485,0.0010601346531685083,0.0001831243397309538,3.7988734055425436e-05,0.0007294174733931023,estimated
22,image_classification__mean_stop_epoch,late_stage_relaxation,6.955583791243457e-05,0.0010504147245861393,0.0001686353167381348,2.3877287417502764e-05,9.907947882570025e-05,estimated
23,image_classification__mean_stop_epoch,bayesian_prior_alpha,-0.00015284575746801103,0.0009079446258073216,0.00011052505666405828,1.8518431855589427e-05,0.00026337081413206934,estimated
1,image_classification__mean_stop_epoch_fraction,min_epochs_floor,0.3388979594232059,0.06039921180125729,0.5371006719137054,0.07267606799423942,0.19820271249049948,estimated
2,image_classification__mean_stop_epoch_fraction,utility_quantile,0.18704121405033075,0.052575931871792166,0.35144258900485653,0.057174884138266865,0.16440137495452578,estimated
3,image_classification__mean_stop_epoch_fraction,noise_multiplier,0.1576093081230065,0.04733950848731642,0.3493659253292921,0.058741499351967714,0.19175661720628562,estimated
4,image_classification__mean_stop_epoch_fraction,trend_window,0.01634105206393273,0.02230774962905842,0.052706374219122394,0.009248981119206802,0.036365322155189665,estimated
5,image_classification__mean_stop_epoch_fraction,minimum_quality_floor,0.013790197975223533,0.016954908531528586,0.03754036181677482,0.008573464683682773,0.02375016384155129,estimated
6,image_classification__mean_stop_epoch_fraction,horizon_epochs,0.005855349477493489,0.01371851797466687,0.023263767470997433,0.005047340800030906,0.017408417993503945,estimated
7,image_classification__mean_stop_epoch_fraction,bayesian_window,0.0009183478909470706,0.009260415570176936,0.007352215628233385,0.0018137019150448904,0.006433867737286315,estimated
8,image_classification__mean_stop_epoch_fraction,patience,0.0031225871155453467,0.00592271884074509,0.004701715937388215,0.0008462958379926379,0.0015791288218428685,estimated
9,image_classification__mean_stop_epoch_fraction,min_fit_points,-0.0012292517256108448,0.004028108096057491,0.002247752577933465,0.0006044720698756759,0.00347700430354431,estimated
10,image_classification__mean_stop_epoch_fraction,bayesian_confirmation_patience,0.0008764247707159465,0.003889643234682377,0.0016943235998204385,0.0003170394660354988,0.000817898829104492,estimated
11,image_classification__mean_stop_epoch_fraction,max_probability_gain_gt_threshold,-0.0013158363965761121,0.0033200780251605656,0.0009706256392247751,0.00020015399808330918,0.0022864620358008874,estimated
12,image_classification__mean_stop_epoch_fraction,bayesian_probability_limit,0.0004930412759070012,0.0026423863654838503,0.0007591859685620766,0.00014575163782710543,0.0002661446926550754,estimated
13,image_classification__mean_stop_epoch_fraction,remaining_room_fraction,0.00038965644728890643,0.002395286328497502,0.0005994056205388293,0.00013807531202863308,0.00020974917324992289,estimated
14,image_classification__mean_stop_epoch_fraction,bayesian_prior_strength,-0.0013906613983376188,0.0017577285251267729,0.00040449584487265897,8.13102911661572e-05,0.0017951572432102778,estimated
15,image_classification__mean_stop_epoch_fraction,bayesian_samples,0.00040088658379624326,0.0014866990146666088,0.0003638827686133205,7.704245295234683e-05,0.0,estimated
16,image_classification__mean_stop_epoch_fraction,min_meaningful_gain,-0.00018835734096281037,0.0015007515269256332,0.0003350388262347036,0.00010313676876532308,0.000523396167197514,estimated
17,image_classification__mean_stop_epoch_fraction,knn_neighbors,-0.0012909740952449964,0.0015618583615813304,0.00025529533671035627,4.816926316286319e-05,0.0015462694319553526,estimated
18,image_classification__mean_stop_epoch_fraction,bayesian_min_observations,-0.0007085486843270349,0.0013527083700225337,0.00021176385028853867,4.412046309488588e-05,0.0009203125346155736,estimated
19,image_classification__mean_stop_epoch_fraction,recent_gain_fraction,0.0009629922981350035,0.001307697703785181,0.00020741577161473428,4.5988859047625793e-05,0.0,estimated
20,image_classification__mean_stop_epoch_fraction,bootstrap_samples,-2.260419768800006e-05,0.0013140791695172736,0.00018982560396968285,4.4176909600403806e-05,0.00021242980165768293,estimated
21,image_classification__mean_stop_epoch_fraction,max_uncertainty_to_gain_ratio,-0.0005462931336621506,0.0009426018020717167,0.00018312433973095501,3.70357354607258e-05,0.0007294174733931055,estimated
22,image_classification__mean_stop_epoch_fraction,late_stage_relaxation,6.955583791237991e-05,0.0011179583988534779,0.0001686353167381322,2.551205532362813e-05,9.90794788257523e-05,estimated
23,image_classification__mean_stop_epoch_fraction,bayesian_prior_alpha,-0.00015284575746803128,0.0009137330779120237,0.00011052505666405683,1.799256724935499e-05,0.0002633708141320881,estimated
1,image_classification__noninferiority_success_fraction,min_epochs_floor,0.36655857904518396,0.062216819342770326,0.5773035393740049,0.06968569334540681,0.21074496032882095,estimated
2,image_classification__noninferiority_success_fraction,utility_quantile,0.17865598478478878,0.04827911336592835,0.34742061808302876,0.053157812116887415,0.16876463329823999,estimated
3,image_classification__noninferiority_success_fraction,noise_multiplier,0.14339152821265874,0.04687647587733792,0.32696618992465865,0.05416061636172752,0.1835746617119999,estimated
4,image_classification__noninferiority_success_fraction,trend_window,0.0115002405614616,0.01844930312928349,0.0450117770597105,0.0075435606802941625,0.0335115364982489,estimated
5,image_classification__noninferiority_success_fraction,minimum_quality_floor,0.01482449817773262,0.0157548101151914,0.03200630225032286,0.006859131648751271,0.01718180407259024,estimated
6,image_classification__noninferiority_success_fraction,horizon_epochs,0.003965559600887283,0.012363702458710012,0.021063969478262466,0.004408360326439914,0.01709840987737518,estimated
7,image_classification__noninferiority_success_fraction,bayesian_window,0.0003480250426543642,0.007345434450012005,0.005056612550526767,0.0013182284685954503,0.004708587507872402,estimated
8,image_classification__noninferiority_success_fraction,patience,0.0038559360168170203,0.00605757768055448,0.00449819502143559,0.0008868674273909181,0.0006422590046185699,estimated
9,image_classification__noninferiority_success_fraction,min_fit_points,-0.0015201222737394567,0.0034138817932979583,0.002076994501448827,0.0004579794854052109,0.0035971167751882834,estimated
10,image_classification__noninferiority_success_fraction,bayesian_confirmation_patience,0.000515900758689578,0.0033203594944385783,0.0013838377634493595,0.00027173775596275293,0.0008679370047597815,estimated
11,image_classification__noninferiority_success_fraction,max_probability_gain_gt_threshold,-0.0008857234809557991,0.003004832946027383,0.0008399592125120277,0.0001855282342328655,0.0017256826934678266,estimated
12,image_classification__noninferiority_success_fraction,bayesian_probability_limit,-2.368287850424067e-05,0.002441351576424857,0.0007759349154182449,0.00015883542810632417,0.0007996177939224856,estimated
13,image_classification__noninferiority_success_fraction,remaining_room_fraction,0.0006464434762783489,0.00214479344406732,0.0006415307583340182,0.00015865028458745696,0.0,estimated
14,image_classification__noninferiority_success_fraction,bayesian_prior_strength,-0.0014222124823868561,0.0018521463197981125,0.000525773308544714,0.00012971631833918438,0.00194798579093157,estimated
15,image_classification__noninferiority_success_fraction,knn_neighbors,-0.0015705573998656271,0.0016152766863523928,0.0003534661416531438,9.684858697845729e-05,0.001924023541518771,estimated
16,image_classification__noninferiority_success_fraction,bayesian_samples,0.00047895059810946117,0.0015165445390265201,0.0003203762741819139,6.517155688541016e-05,0.0,estimated
17,image_classification__noninferiority_success_fraction,min_meaningful_gain,-0.0004953131159143098,0.0013829114632883488,0.00031985098634075234,9.6919371170134e-05,0.0008151641022550621,estimated
18,image_classification__noninferiority_success_fraction,bayesian_min_observations,-0.000686230770487217,0.001427590228334605,0.0002530537620860517,5.938627731572321e-05,0.0009392845325732688,estimated
19,image_classification__noninferiority_success_fraction,recent_gain_fraction,0.0014052684445187047,0.0014839777408369602,0.0002172607310300809,5.493777461367941e-05,0.0,estimated
20,image_classification__noninferiority_success_fraction,bootstrap_samples,-8.140330717599251e-05,0.0013379593044014985,0.00018989069906231646,4.03102644127947e-05,0.00027129400623830896,estimated
21,image_classification__noninferiority_success_fraction,late_stage_relaxation,3.408204221874897e-05,0.001183731806717712,0.00017471552686927578,2.6277379873066613e-05,0.00014063348465052683,estimated
22,image_classification__noninferiority_success_fraction,max_uncertainty_to_gain_ratio,-0.0005380179699182375,0.0010798074001181618,0.00016637640739858547,3.2771729837113395e-05,0.000704394377316823,estimated
23,image_classification__noninferiority_success_fraction,bayesian_prior_alpha,-1.893997516270775e-05,0.0009243539521151149,0.00011245110736948365,1.6325267341039426e-05,0.0001313910825321914,estimated
1,image_classification__quality_cvar90_normalized,min_epochs_floor,0.41418410718234083,0.06223325355199953,0.6190728842433985,0.0755610753881606,0.20488877706105763,estimated
2,image_classification__quality_cvar90_normalized,noise_multiplier,0.13750021123487505,0.04261211311089079,0.3196097559779267,0.05067473329677423,0.18210954474305163,estimated
3,image_classification__quality_cvar90_normalized,utility_quantile,0.15301588911051597,0.04247321454465161,0.3061359871768609,0.046699423247546744,0.15312009806634494,estimated
4,image_classification__quality_cvar90_normalized,trend_window,0.011284177274060328,0.019400658287143366,0.04095815047643725,0.00770330697868743,0.02967397320237692,estimated
5,image_classification__quality_cvar90_normalized,minimum_quality_floor,0.0067614938110531105,0.012797051460410795,0.020085172230154567,0.004729330454320942,0.013323678419101457,estimated
6,image_classification__quality_cvar90_normalized,horizon_epochs,0.004975151204122416,0.011551795259763138,0.019068700739055783,0.0035580918655905985,0.014093549534933367,estimated
7,image_classification__quality_cvar90_normalized,bayesian_window,0.0011787943983595378,0.008116104718908865,0.0063534419151716785,0.0016158137388529801,0.005174647516812141,estimated
8,image_classification__quality_cvar90_normalized,patience,0.0027389976003377625,0.00541816386805309,0.0036672746453284594,0.0007594187403576026,0.0009282770449906969,estimated
9,image_classification__quality_cvar90_normalized,min_fit_points,-0.0011155927988219351,0.0033612351500247866,0.0015887184185304057,0.00031681582237843626,0.002704311217352341,estimated
10,image_classification__quality_cvar90_normalized,bayesian_confirmation_patience,0.00018594159421640328,0.0036547873276964998,0.0014664117447518647,0.00025205208179411256,0.0012804701505354614,estimated
11,image_classification__quality_cvar90_normalized,remaining_room_fraction,0.00025789097848970694,0.0027513648532820644,0.001058284841951992,0.0003000843689568956,0.0008003938634622849,estimated
12,image_classification__quality_cvar90_normalized,bayesian_probability_limit,0.0006520784194287046,0.0027015504508667177,0.0008993795376710336,0.0001877200761951816,0.000247301118242329,estimated
13,image_classification__quality_cvar90_normalized,max_probability_gain_gt_threshold,-0.0013120394206494828,0.002605888254901201,0.0008919740546641117,0.000221546843499596,0.0022040134753135944,estimated
14,image_classification__quality_cvar90_normalized,bayesian_samples,0.000556133243248532,0.0016364411225043352,0.00039475620647279417,8.436459496278582e-05,0.0,estimated
15,image_classification__quality_cvar90_normalized,bayesian_prior_strength,-0.0012545886367504595,0.0015685798407751024,0.0003709669957832658,8.223482466009786e-05,0.0016255556325337254,estimated
16,image_classification__quality_cvar90_normalized,knn_neighbors,-0.001423098655838372,0.0015578148180790488,0.00029468541118340757,5.933569718638175e-05,0.0017177840670217796,estimated
17,image_classification__quality_cvar90_normalized,min_meaningful_gain,-0.00024488051114988533,0.0014038138475123284,0.00028883159941626155,7.326832831940003e-05,0.0005337121105661469,estimated
18,image_classification__quality_cvar90_normalized,bayesian_min_observations,-0.000662407772938092,0.0012199705493378728,0.00019987754716266706,5.3270030775400975e-05,0.000862285320100759,estimated
19,image_classification__quality_cvar90_normalized,recent_gain_fraction,0.0007619643117297305,0.0013302381101489573,0.00019809414962559753,4.301743667392237e-05,0.0,estimated
20,image_classification__quality_cvar90_normalized,late_stage_relaxation,3.909823004604832e-05,0.0012468686793470905,0.00018167694929053526,3.1396413885294034e-05,0.00014257871924448694,estimated
21,image_classification__quality_cvar90_normalized,bootstrap_samples,-1.774457469148987e-05,0.0011654782514496055,0.00016124699112250092,3.963214125551166e-05,0.0001789915658139908,estimated
22,image_classification__quality_cvar90_normalized,max_uncertainty_to_gain_ratio,-0.0004690020653827354,0.0009321384717631549,0.0001468487064324187,3.056127993453295e-05,0.0006158507718151541,estimated
23,image_classification__quality_cvar90_normalized,bayesian_prior_alpha,-0.000268224108071938,0.0009451158574318024,0.00011262303381350931,1.8637245046757538e-05,0.0003808471418854473,estimated
1,object_detection__bayesian_veto_rate,min_epochs_floor,0.36979975175077184,0.06371324276688278,0.5170298195957135,0.06712783879900769,0.14723006784494164,estimated
2,object_detection__bayesian_veto_rate,noise_multiplier,0.14891321515016487,0.04147276852920904,0.31740937463604496,0.06056567227940849,0.1684961594858801,estimated
3,object_detection__bayesian_veto_rate,utility_quantile,0.13127329057727333,0.03684068246689111,0.2451005348781502,0.04786977828893397,0.11382724430087687,estimated
4,object_detection__bayesian_veto_rate,minimum_quality_floor,0.08627711755638623,0.03278948324336586,0.14024140526372023,0.026476417613370815,0.053964287707334,estimated
5,object_detection__bayesian_veto_rate,bayesian_window,0.003417210177692311,0.013696805030676024,0.03018037632498789,0.006871020283357498,0.026763166147295576,estimated
6,object_detection__bayesian_veto_rate,trend_window,0.006937303585210878,0.015395728461827492,0.024931923555109613,0.005879605868920667,0.017994619969898734,estimated
7,object_detection__bayesian_veto_rate,remaining_room_fraction,0.0016182113786529285,0.008908359027379369,0.013540329412978417,0.003872344227439083,0.01192211803432549,estimated
8,object_detection__bayesian_veto_rate,horizon_epochs,0.0024545123454677202,0.009034734645856158,0.013232100460312708,0.002710983018334547,0.010777588114844989,estimated
9,object_detection__bayesian_veto_rate,patience,0.009282129540384996,0.008408562360736288,0.00816519396927611,0.001196485642610868,0.0,estimated
10,object_detection__bayesian_veto_rate,bayesian_confirmation_patience,-0.0023277969692904452,0.005614256225174503,0.004650118993242214,0.001023638452204079,0.006977915962532659,estimated
11,object_detection__bayesian_veto_rate,max_probability_gain_gt_threshold,0.004374103505447923,0.004689822672844284,0.0035407596352893846,0.000815484382725583,0.0,estimated
12,object_detection__bayesian_veto_rate,bayesian_probability_limit,0.0013250178299053321,0.004485281940856343,0.002983049218037408,0.0006581805452978484,0.001658031388132076,estimated
13,object_detection__bayesian_veto_rate,min_fit_points,-0.00021134232148218107,0.003860368914519104,0.0017059570365552004,0.000399114776791228,0.0019172993580373816,estimated
14,object_detection__bayesian_veto_rate,min_meaningful_gain,-0.0014303488253765702,0.002376844096494898,0.000805333617025975,0.00029265656287005506,0.0022356824424025453,estimated
15,object_detection__bayesian_veto_rate,bayesian_samples,0.0009145231420071761,0.0023318755316858618,0.0007754851078516692,0.0001318399638433153,0.0,estimated
16,object_detection__bayesian_veto_rate,bayesian_prior_strength,-0.0006857464073897019,0.0022896023232707456,0.000533257063016858,9.671700989311538e-05,0.0012190034704065598,estimated
17,object_detection__bayesian_veto_rate,bootstrap_samples,-0.0003041786033985163,0.0017139009777864072,0.0005310045219867806,0.00011889244693715551,0.000835183125385297,estimated
18,object_detection__bayesian_veto_rate,recent_gain_fraction,0.0005540380258113858,0.0019345119562868352,0.0005043379149891415,0.00011107845212848604,0.0,estimated
19,object_detection__bayesian_veto_rate,late_stage_relaxation,-2.3974886806079164e-07,0.0022743285346038928,0.00046706673304822285,8.146396527494766e-05,0.00046730648191628364,estimated
20,object_detection__bayesian_veto_rate,max_uncertainty_to_gain_ratio,-0.001007238590796368,0.0019040186397499721,0.0004593575634898574,0.0001013045104089512,0.0014665961542862254,estimated
21,object_detection__bayesian_veto_rate,knn_neighbors,-0.0004729014071249383,0.00180828365860339,0.00042035712991794316,7.409398707575133e-05,0.0008932585370428815,estimated
22,object_detection__bayesian_veto_rate,bayesian_min_observations,-0.00102634745643934,0.001567150668397103,0.00039593760354062336,6.70532960020485e-05,0.0014222850599799634,estimated
23,object_detection__bayesian_veto_rate,bayesian_prior_alpha,0.0006875152512743569,0.0015610233349635046,0.00034257286472461117,6.291834956762614e-05,0.0,estimated
1,object_detection__controller_runtime_ms_per_epoch,min_epochs_floor,0.3385959883443121,0.05800186173392906,0.49976688739365166,0.0682331676053431,0.16117089904933957,estimated
2,object_detection__controller_runtime_ms_per_epoch,noise_multiplier,0.21559924262493782,0.04729110668425493,0.3826808775107971,0.053909554636197045,0.16708163488585928,estimated
3,object_detection__controller_runtime_ms_per_epoch,utility_quantile,0.11955415295919826,0.035222475672955035,0.21804471909945486,0.04298797731681253,0.0984905661402566,estimated
4,object_detection__controller_runtime_ms_per_epoch,minimum_quality_floor,0.06967192803738721,0.0315847571310323,0.1468179250100907,0.02694759629896115,0.07714599697270348,estimated
5,object_detection__controller_runtime_ms_per_epoch,trend_window,-0.005682109699522415,0.020019103831071354,0.03744396164128216,0.006647850157561883,0.043126071340804574,estimated
6,object_detection__controller_runtime_ms_per_epoch,horizon_epochs,0.003168745296316195,0.013099711747835967,0.02343824048526412,0.004165527102631248,0.020269495188947925,estimated
7,object_detection__controller_runtime_ms_per_epoch,bayesian_samples,0.007022372334415268,0.010527756498937021,0.015262725369821773,0.002226239293501217,0.008240353035406506,estimated
8,object_detection__controller_runtime_ms_per_epoch,bayesian_window,0.0007507336213735849,0.009147863846243201,0.008340978732928285,0.0018021728731276753,0.0075902451115547,estimated
9,object_detection__controller_runtime_ms_per_epoch,remaining_room_fraction,-0.0009950298414253232,0.008137721720139116,0.008200416183071171,0.0018841644274182176,0.009195446024496495,estimated
10,object_detection__controller_runtime_ms_per_epoch,patience,-0.001173491160796751,0.005206615196333984,0.0037910231656140166,0.0006023522575969033,0.004964514326410768,estimated
11,object_detection__controller_runtime_ms_per_epoch,bayesian_probability_limit,-0.00044492523629773245,0.004808070895563073,0.003329665139191314,0.0007582975359236264,0.0037745903754890465,estimated
12,object_detection__controller_runtime_ms_per_epoch,bayesian_confirmation_patience,0.0004400709814187088,0.004899287839021204,0.0027823261400971833,0.00048346739928601225,0.0023422551586784746,estimated
13,object_detection__controller_runtime_ms_per_epoch,min_fit_points,0.0005157468767437326,0.0037766452972688726,0.00228163269255828,0.00044346738728784585,0.0017658858158145472,estimated
14,object_detection__controller_runtime_ms_per_epoch,max_probability_gain_gt_threshold,-0.0001556358448069483,0.0033244483663211707,0.0012634118660405562,0.00020226688430873238,0.0014190477108475044,estimated
15,object_detection__controller_runtime_ms_per_epoch,late_stage_relaxation,-0.0005987132748486899,0.0021694867131024607,0.0007509949229050308,0.00011684949906252518,0.0013497081977537208,estimated
16,object_detection__controller_runtime_ms_per_epoch,knn_neighbors,-1.7409240245833483e-05,0.002178826959044966,0.0006632044839496751,0.00016710520888746784,0.0006806137241955085,estimated
17,object_detection__controller_runtime_ms_per_epoch,min_meaningful_gain,0.001537158823089264,0.002173191325994814,0.0006278275780072667,0.00017911216586421878,0.0,estimated
18,object_detection__controller_runtime_ms_per_epoch,bayesian_prior_strength,-0.0019809785890641464,0.0026124616516605523,0.0006211645175990169,0.0001198311099185464,0.0026021431066631634,estimated
19,object_detection__controller_runtime_ms_per_epoch,bayesian_min_observations,-0.00043277459732813983,0.0019182889396230996,0.0005216082089518656,8.742265022071022e-05,0.0009543828062800054,estimated
20,object_detection__controller_runtime_ms_per_epoch,bayesian_prior_alpha,0.0005960988153902432,0.002036774298620412,0.000442541806360923,6.25064597251407e-05,0.0,estimated
21,object_detection__controller_runtime_ms_per_epoch,bootstrap_samples,0.00010227309967498866,0.002010644626094615,0.0004063492698918947,5.97717625257574e-05,0.0003040761702169061,estimated
22,object_detection__controller_runtime_ms_per_epoch,recent_gain_fraction,0.0008409220150597673,0.0018835271718600775,0.0003819113294346826,5.7794286204381676e-05,0.0,estimated
23,object_detection__controller_runtime_ms_per_epoch,max_uncertainty_to_gain_ratio,-4.2774512500241444e-05,0.0018764556116253525,0.00036399053270961526,5.937011528665144e-05,0.0004067650452098567,estimated
1,object_detection__energy_saving_q25,min_epochs_floor,0.23826180573801578,0.05990701518506834,0.43052288813729467,0.07465243876223979,0.1922610823992789,estimated
2,object_detection__energy_saving_q25,noise_multiplier,0.1752966507353599,0.05506611197331215,0.38628747688745135,0.0675878592854099,0.21099082615209144,estimated
3,object_detection__energy_saving_q25,minimum_quality_floor,0.10824808888007943,0.03613990975588951,0.2589509231080306,0.054502457669151315,0.15070283422795117,estimated
4,object_detection__energy_saving_q25,utility_quantile,0.102922906250258,0.030867653928018733,0.2250676822233586,0.049623026001436754,0.1221447759731006,estimated
5,object_detection__energy_saving_q25,trend_window,0.02433357339961746,0.030926906183547608,0.09698910993490002,0.01820088970583162,0.07265553653528256,estimated
6,object_detection__energy_saving_q25,horizon_epochs,0.009052231164098581,0.014079701355813533,0.034865895989622364,0.007554266396736422,0.02581366482552378,estimated
7,object_detection__energy_saving_q25,bayesian_window,0.002609090630232597,0.00941506520084284,0.010252274046138175,0.002405366501531966,0.007643183415905579,estimated
8,object_detection__energy_saving_q25,remaining_room_fraction,-0.0013550648778485163,0.007747648183356738,0.006052277877349757,0.0017235579329838813,0.007407342755198274,estimated
9,object_detection__energy_saving_q25,patience,-0.0023719083114465663,0.0050711984579473336,0.004018880553683334,0.0007868799920791863,0.0063907888651299006,estimated
10,object_detection__energy_saving_q25,bayesian_confirmation_patience,0.002273237876444853,0.004888530327077166,0.002684042517491437,0.0005283760622638604,0.00041080464104658416,estimated
11,object_detection__energy_saving_q25,bayesian_probability_limit,-0.00016237310665229642,0.0038034516496604364,0.0022230673495785584,0.00055544029715167,0.0023854404562308547,estimated
12,object_detection__energy_saving_q25,min_fit_points,-0.0003018498400876433,0.003338472667920147,0.0015753939211438925,0.00048059359054904936,0.001877243761231536,estimated
13,object_detection__energy_saving_q25,max_probability_gain_gt_threshold,0.0003006786330101746,0.003941931263770709,0.0009585697829540012,0.00027985616579429825,0.0006578911499438265,estimated
14,object_detection__energy_saving_q25,bayesian_prior_strength,-0.0021252505231489486,0.0026350947374869723,0.0006375688395175746,0.00014779239265386818,0.0027628193626665232,estimated
15,object_detection__energy_saving_q25,min_meaningful_gain,-0.0002417468581917096,0.0021352418640601827,0.0006106615905042242,0.00019914008248656334,0.0008524084486959337,estimated
16,object_detection__energy_saving_q25,bayesian_samples,-0.00012776256575458013,0.0020505545325219064,0.0005551178493931515,0.00011939027712126937,0.0006828804151477316,estimated
17,object_detection__energy_saving_q25,late_stage_relaxation,0.0005229539597177568,0.0020130710170880054,0.00048284222682999027,9.754382962841627e-05,0.0,estimated
18,object_detection__energy_saving_q25,bayesian_min_observations,-0.0009177121522876683,0.0019506821583152453,0.00041675827713066096,8.176383487938882e-05,0.0013344704294183292,estimated
19,object_detection__energy_saving_q25,knn_neighbors,0.0003412612450788848,0.0018818446383567363,0.0004057044235757348,9.26985435107072e-05,6.444317849685002e-05,estimated
20,object_detection__energy_saving_q25,max_uncertainty_to_gain_ratio,-0.00048460588877089123,0.0015864810812222284,0.0002880393715231597,5.6996385727180524e-05,0.0007726452602940509,estimated
21,object_detection__energy_saving_q25,recent_gain_fraction,0.0009269651873819042,0.0016059741505974644,0.0002748638757562178,4.406598290731376e-05,0.0,estimated
22,object_detection__energy_saving_q25,bayesian_prior_alpha,-0.0008384691384674026,0.0013604069641161012,0.0002568329404794074,5.05666707077373e-05,0.0010953020789468098,estimated
23,object_detection__energy_saving_q25,bootstrap_samples,0.0004060715365792826,0.0014166349720355074,0.00018603678046291513,3.521860723454139e-05,0.0,estimated
1,object_detection__joint_success_fraction,min_epochs_floor,0.6090181813477427,0.07994865371347766,0.8998833063055789,0.09386575011116013,0.29086512495783623,estimated
2,object_detection__joint_success_fraction,noise_multiplier,0.0767025570838068,0.03409128165207898,0.22343085557945688,0.04142268799254778,0.14672829849565008,estimated
3,object_detection__joint_success_fraction,utility_quantile,0.028493584972162325,0.028651850211417355,0.12614265167391392,0.026875778323807047,0.0976490667017516,estimated
4,object_detection__joint_success_fraction,minimum_quality_floor,0.03731517909551109,0.02108875542339228,0.06709531107869005,0.012536390756415416,0.029780131983178956,estimated
5,object_detection__joint_success_fraction,patience,0.0066289118550151085,0.010249351596332305,0.015319353310179694,0.004672607054659727,0.008690441455164585,estimated
6,object_detection__joint_success_fraction,remaining_room_fraction,0.009426220818975808,0.011272276550923398,0.014385448641646098,0.003081219509311256,0.00495922782267029,estimated
7,object_detection__joint_success_fraction,trend_window,-0.005101674778019424,0.008811426453091933,0.013444482877151479,0.0024283526430407976,0.018546157655170904,estimated
8,object_detection__joint_success_fraction,horizon_epochs,-0.002880552302793865,0.007477626274276325,0.009370857414858788,0.002163151555272318,0.012251409717652652,estimated
9,object_detection__joint_success_fraction,bayesian_confirmation_patience,-0.00024032385593471421,0.005024235260800182,0.002805003366590052,0.0005274946675759397,0.0030453272225247664,estimated
10,object_detection__joint_success_fraction,bayesian_probability_limit,0.0013185616106770352,0.0044556929376703995,0.0024834948425688,0.0004919490668369448,0.0011649332318917648,estimated
11,object_detection__joint_success_fraction,late_stage_relaxation,-0.0007471412656884267,0.0043199090085883594,0.002394370655887239,0.0007141560627046371,0.0031415119215756656,estimated
12,object_detection__joint_success_fraction,max_probability_gain_gt_threshold,0.0009464325844921164,0.004582876893125371,0.0023507444486175902,0.0005838099667492045,0.001404311864125474,estimated
13,object_detection__joint_success_fraction,bayesian_window,0.0002609385635818323,0.002930490479644232,0.0018856419604029063,0.0003709198940585541,0.001624703396821074,estimated
14,object_detection__joint_success_fraction,bayesian_min_observations,0.00034478635629309906,0.002770639291689602,0.001711734952883478,0.0004267583505487806,0.0013669485965903789,estimated
15,object_detection__joint_success_fraction,bayesian_prior_alpha,-0.0011871902597938788,0.002594544138326054,0.0013572240834623785,0.0003457142221993376,0.0025444143432562572,estimated
16,object_detection__joint_success_fraction,bayesian_prior_strength,-4.23104574553966e-05,0.0028034671357064843,0.0012541929385190345,0.0002569193948062775,0.001296503395974431,estimated
17,object_detection__joint_success_fraction,min_fit_points,0.0018794819753747834,0.0029148006721472766,0.0011842518433360183,0.0002582775053374546,0.0,estimated
18,object_detection__joint_success_fraction,bayesian_samples,-0.000657858705782806,0.002771938572245517,0.0011441356003704126,0.00032959132572849724,0.0018019943061532186,estimated
19,object_detection__joint_success_fraction,knn_neighbors,-0.0002893488630234782,0.0022718342171499073,0.0006441263292140618,0.00012553613416513737,0.0009334751922375399,estimated
20,object_detection__joint_success_fraction,recent_gain_fraction,4.874933988671029e-05,0.0016023640315246245,0.0005138289725288927,0.00014220558480096784,0.0004650796326421824,estimated
21,object_detection__joint_success_fraction,min_meaningful_gain,0.0010278617035826975,0.0017528934887250014,0.0005115522389262657,9.634387706115726e-05,0.0,estimated
22,object_detection__joint_success_fraction,bootstrap_samples,0.0008535516867361927,0.0017444960787790999,0.0003949139414431689,7.576490236633782e-05,0.0,estimated
23,object_detection__joint_success_fraction,max_uncertainty_to_gain_ratio,-0.0002911137867531357,0.0015844900740401462,0.0003780747042312957,7.43829046049119e-05,0.0006691884909844313,estimated
1,object_detection__mean_energy_saving_fraction,min_epochs_floor,0.3333720780153483,0.06571835025175692,0.4983545700231863,0.07398710079272718,0.164982492007838,estimated
2,object_detection__mean_energy_saving_fraction,noise_multiplier,0.20558124005129205,0.04978575554379259,0.37690635418371615,0.06416598831078466,0.1713251141324241,estimated
3,object_detection__mean_energy_saving_fraction,utility_quantile,0.12000795022314945,0.03558537900231653,0.2182408297023146,0.04389386148353086,0.09823287947916515,estimated
4,object_detection__mean_energy_saving_fraction,minimum_quality_floor,0.062431650157621144,0.03061807321552447,0.13120543667303267,0.024903069834359914,0.06877378651541152,estimated
5,object_detection__mean_energy_saving_fraction,trend_window,0.01727517031345334,0.022796366842045553,0.06690199877514762,0.012002660337231609,0.04962682846169428,estimated
6,object_detection__mean_energy_saving_fraction,horizon_epochs,0.00887162514299671,0.014729070285196722,0.03020461649193404,0.00534774127697292,0.02133299134893733,estimated
7,object_detection__mean_energy_saving_fraction,bayesian_window,0.0024277412137993794,0.009453137559840879,0.00987203028118114,0.002463630245736832,0.00744428906738176,estimated
8,object_detection__mean_energy_saving_fraction,remaining_room_fraction,-0.0008684002115070335,0.008750809929134608,0.009749942338758005,0.0028351381388203568,0.01061834255026504,estimated
9,object_detection__mean_energy_saving_fraction,patience,-0.0014638923414020723,0.005464150473901278,0.0035244596927080816,0.0006623224676270565,0.004988352034110154,estimated
10,object_detection__mean_energy_saving_fraction,bayesian_confirmation_patience,0.0016849357880180092,0.005464006309268462,0.002509907551900359,0.000405202100310706,0.00082497176388235,estimated
11,object_detection__mean_energy_saving_fraction,bayesian_probability_limit,0.000404286523920562,0.0037760478711753127,0.0024398795795700164,0.0006331872028468241,0.0020355930556494543,estimated
12,object_detection__mean_energy_saving_fraction,min_fit_points,-0.0001185033394627093,0.0036973149479774593,0.0014657682033019888,0.0004166878332519134,0.0015842715427646981,estimated
13,object_detection__mean_energy_saving_fraction,max_probability_gain_gt_threshold,-0.0002478346594215188,0.00297915939379666,0.0007391561966046405,0.0001688704627175155,0.0009869908560261593,estimated
14,object_detection__mean_energy_saving_fraction,bayesian_prior_strength,-0.00170466019093338,0.0024581524782541766,0.0005166690608692351,0.00012019297799394285,0.002221329251802615,estimated
15,object_detection__mean_energy_saving_fraction,bayesian_samples,2.5105924334046564e-05,0.0019993729575182506,0.00048031154112278756,9.900656105354089e-05,0.000455205616788741,estimated
16,object_detection__mean_energy_saving_fraction,late_stage_relaxation,0.0006507652595730917,0.001833526708177558,0.0004581167642238631,9.429296247768589e-05,0.0,estimated
17,object_detection__mean_energy_saving_fraction,min_meaningful_gain,0.00029047389848892554,0.0016229823968941172,0.0004022829491663432,0.00012007823544422819,0.00011180905067741765,estimated
18,object_detection__mean_energy_saving_fraction,knn_neighbors,0.00011748870407556205,0.0018943940905399063,0.0003956547369085558,9.100740468057498e-05,0.00027816603283299375,estimated
19,object_detection__mean_energy_saving_fraction,bayesian_min_observations,-0.00031763654203979536,0.0017332154963051818,0.000350200329994765,6.761945992251947e-05,0.0006678368720345604,estimated
20,object_detection__mean_energy_saving_fraction,recent_gain_fraction,0.0006490628759699656,0.0015151068143679626,0.00025094520454673304,4.776493541316125e-05,0.0,estimated
21,object_detection__mean_energy_saving_fraction,max_uncertainty_to_gain_ratio,-0.00032240950253075145,0.001243492903774112,0.00021722555710346994,4.684789192509183e-05,0.0005396350596342214,estimated
22,object_detection__mean_energy_saving_fraction,bayesian_prior_alpha,-0.0007085371362497672,0.00138114952210461,0.00021717585229607877,3.557317458895975e-05,0.000925712988545846,estimated
23,object_detection__mean_energy_saving_fraction,bootstrap_samples,0.00028543968404783434,0.0012921264416048536,0.0001702751475542719,2.9399182213369794e-05,0.0,estimated
1,object_detection__mean_quality_regret_pp,min_epochs_floor,0.3754217972987901,0.06140143152234019,0.5747608819751009,0.077066134775956,0.19933908467631078,estimated
2,object_detection__mean_quality_regret_pp,noise_multiplier,0.16587160691541863,0.04839264439608141,0.35007042304274893,0.05848247607707232,0.1841988161273303,estimated
3,object_detection__mean_quality_regret_pp,utility_quantile,0.09420681663218303,0.031806954940185095,0.20215073565865743,0.042978871065589244,0.1079439190264744,estimated
4,object_detection__mean_quality_regret_pp,minimum_quality_floor,0.06603399284393871,0.03183079593744928,0.15403766455767728,0.03187151511836829,0.08800367171373857,estimated
5,object_detection__mean_quality_regret_pp,trend_window,0.009410300051161499,0.024286843132323425,0.04982510748341312,0.00949751821328502,0.04041480743225162,estimated
6,object_detection__mean_quality_regret_pp,horizon_epochs,0.005656467249422749,0.013407574527663118,0.027862279711682092,0.005453972656426658,0.022205812462259344,estimated
7,object_detection__mean_quality_regret_pp,bayesian_window,0.0033109467765985324,0.009570281962493281,0.010648511852481368,0.002760888019548993,0.0073375650758828355,estimated
8,object_detection__mean_quality_regret_pp,remaining_room_fraction,-0.0013399805867360139,0.0071469632771707725,0.005273483571860416,0.0015800264564514515,0.00661346415859643,estimated
9,object_detection__mean_quality_regret_pp,patience,-0.002132679957353269,0.005320464669914364,0.0033694137471984567,0.000684029018570173,0.0055020937045517256,estimated
10,object_detection__mean_quality_regret_pp,bayesian_confirmation_patience,0.0012477366575071368,0.005404048787839301,0.002457971867301111,0.00041021674858870543,0.0012102352097939741,estimated
11,object_detection__mean_quality_regret_pp,bayesian_probability_limit,0.0002365432119812625,0.0037457329396469578,0.002264662912790967,0.0006073961165371681,0.0020281197008097046,estimated
12,object_detection__mean_quality_regret_pp,min_fit_points,0.00022433717978412356,0.003503298739230094,0.0013997848804441575,0.0003712795447847598,0.001175447700660034,estimated
13,object_detection__mean_quality_regret_pp,max_probability_gain_gt_threshold,-0.00031568807133715255,0.0028179557977497127,0.0005710220512388383,0.00016098456350432345,0.0008867101225759908,estimated
14,object_detection__mean_quality_regret_pp,bayesian_prior_strength,-0.0018765415386871708,0.0025010112889055666,0.00048719711730261205,0.00011285007724070689,0.002363738655989783,estimated
15,object_detection__mean_quality_regret_pp,bayesian_samples,0.000291393992376952,0.002010629290692461,0.00046859866499310347,8.537692139807764e-05,0.00017720467261615145,estimated
16,object_detection__mean_quality_regret_pp,min_meaningful_gain,0.00043842459615800374,0.0015609865262665237,0.000427919125531153,0.00014594787564143214,0.0,estimated
17,object_detection__mean_quality_regret_pp,knn_neighbors,-6.551205379265015e-06,0.0016330333877282344,0.00033449014662093583,6.758088682155341e-05,0.00034104135200020084,estimated
18,object_detection__mean_quality_regret_pp,late_stage_relaxation,0.00010471357176622646,0.0015699519435662234,0.00031898248286464013,6.85472987426265e-05,0.00021426891109841366,estimated
19,object_detection__mean_quality_regret_pp,bayesian_min_observations,-0.0003667628555780952,0.0013879104733964976,0.00026934100069048595,4.369741841326583e-05,0.0006361038562685812,estimated
20,object_detection__mean_quality_regret_pp,recent_gain_fraction,0.0007360443645511661,0.0013134234937041567,0.00022536676506648004,4.572805230240301e-05,0.0,estimated
21,object_detection__mean_quality_regret_pp,max_uncertainty_to_gain_ratio,-0.0004015969199860475,0.0013570550106947318,0.00020980070216496176,4.557480546845601e-05,0.0006113976221510093,estimated
22,object_detection__mean_quality_regret_pp,bayesian_prior_alpha,-0.0006330589721526363,0.0011829585865994368,0.00020099835359113757,3.707821380386629e-05,0.0008340573257437739,estimated
23,object_detection__mean_quality_regret_pp,bootstrap_samples,6.906866335381807e-05,0.0012329704170850602,0.0001439751032800228,2.643230923566459e-05,7.490643992620472e-05,estimated
1,object_detection__mean_stop_epoch,min_epochs_floor,0.33175996102707095,0.060958324327885074,0.49579729369195397,0.06957236552542437,0.16403733266488302,estimated
2,object_detection__mean_stop_epoch,noise_multiplier,0.20668299973935456,0.05089845716935076,0.37774197755086647,0.05658342384827536,0.17105897781151191,estimated
3,object_detection__mean_stop_epoch,utility_quantile,0.12065820728920965,0.033938423152796125,0.2186355062329434,0.03884606046247056,0.09797729894373375,estimated
4,object_detection__mean_stop_epoch,minimum_quality_floor,0.06302941443085357,0.02781436260395984,0.13198206747249566,0.025262088647432086,0.0689526530416421,estimated
5,object_detection__mean_stop_epoch,trend_window,0.01725268591814976,0.02311558201986852,0.06672048583692329,0.010038664427512878,0.04946779991877353,estimated
6,object_detection__mean_stop_epoch,horizon_epochs,0.008900906698331896,0.014540313422987502,0.030157371770449467,0.005257017949120122,0.02125646507211757,estimated
7,object_detection__mean_stop_epoch,bayesian_window,0.0024175348060176626,0.01076962776369821,0.00984438865967847,0.0020374789028527853,0.007426853853660808,estimated
8,object_detection__mean_stop_epoch,remaining_room_fraction,-0.0008375585456961267,0.009457166021555415,0.009826742414973166,0.002749522432657432,0.010664300960669292,estimated
9,object_detection__mean_stop_epoch,patience,-0.001447972630937434,0.0052430670162681246,0.003536871477310076,0.0006732653775775916,0.00498484410824751,estimated
10,object_detection__mean_stop_epoch,bayesian_confirmation_patience,0.001690575989684415,0.004695733633617451,0.0025110883864686586,0.0003975931200106767,0.0008205123967842435,estimated
11,object_detection__mean_stop_epoch,bayesian_probability_limit,0.0004045729228141047,0.0039026856704428895,0.002452932307386656,0.0005961540443813096,0.0020483593845725514,estimated
12,object_detection__mean_stop_epoch,min_fit_points,-0.00013356729465899817,0.003235977413163198,0.001464538063658654,0.00034464433722394345,0.001598105358317652,estimated
13,object_detection__mean_stop_epoch,max_probability_gain_gt_threshold,-0.00023159092436369423,0.0028608337456357534,0.0007410896982602038,0.00018239888051760367,0.000972680622623898,estimated
14,object_detection__mean_stop_epoch,bayesian_prior_strength,-0.0016945956698870702,0.0021661580118363982,0.0005177741295994179,0.00011960141677113447,0.002212369799486488,estimated
15,object_detection__mean_stop_epoch,bayesian_samples,2.1327664130578735e-05,0.0020871956813845096,0.00048197586786166344,9.199888560227537e-05,0.0004606482037310847,estimated
16,object_detection__mean_stop_epoch,late_stage_relaxation,0.0006556284924802737,0.0020266621719230086,0.0004616373931074354,8.854425313640866e-05,0.0,estimated
17,object_detection__mean_stop_epoch,min_meaningful_gain,0.00028484478577070986,0.0016977089636748413,0.0004014990992848347,0.00012050124518379204,0.00011665431351412482,estimated
18,object_detection__mean_stop_epoch,knn_neighbors,0.00012421822201395534,0.0017703780198205202,0.00039657743872220164,8.689592511003308e-05,0.0002723592167082463,estimated
19,object_detection__mean_stop_epoch,bayesian_min_observations,-0.00032415337702653845,0.0015937657276508348,0.0003519205097968357,6.256249163499099e-05,0.0006760738868233742,estimated
20,object_detection__mean_stop_epoch,recent_gain_fraction,0.000646326991454498,0.0014186646806463956,0.00025219291164304115,4.839192964601911e-05,0.0,estimated
21,object_detection__mean_stop_epoch,bayesian_prior_alpha,-0.0007064746628404854,0.0013136115707961529,0.00021834635493902187,3.416626625141355e-05,0.0009248210177795073,estimated
22,object_detection__mean_stop_epoch,max_uncertainty_to_gain_ratio,-0.0003213819695396027,0.0014300164016920467,0.00021748218145659155,4.278523720898963e-05,0.0005388641509961943,estimated
23,object_detection__mean_stop_epoch,bootstrap_samples,0.0002849400039605562,0.001270775249427255,0.00017107015572539758,2.8168439891755e-05,0.0,estimated
1,object_detection__mean_stop_epoch_fraction,min_epochs_floor,0.3317599610270722,0.06384657944687372,0.4957972936919544,0.06824467926280599,0.16403733266488219,estimated
2,object_detection__mean_stop_epoch_fraction,noise_multiplier,0.20668299973935417,0.04684770716125125,0.3777419775508657,0.0584281940439814,0.17105897781151153,estimated
3,object_detection__mean_stop_epoch_fraction,utility_quantile,0.12065820728921026,0.03325736303917969,0.2186355062329435,0.04170636780033877,0.09797729894373325,estimated
4,object_detection__mean_stop_epoch_fraction,minimum_quality_floor,0.06302941443085336,0.02865946727176378,0.13198206747249522,0.026185189020758438,0.06895265304164186,estimated
5,object_detection__mean_stop_epoch_fraction,trend_window,0.0172526859181497,0.024704205016068504,0.06672048583692314,0.011760151956254428,0.04946779991877344,estimated
6,object_detection__mean_stop_epoch_fraction,horizon_epochs,0.008900906698331875,0.015128460374257115,0.0301573717704494,0.005873776983371172,0.021256465072117526,estimated
7,object_detection__mean_stop_epoch_fraction,bayesian_window,0.0024175348060175923,0.00992167342128264,0.009844388659678462,0.002202535024411146,0.00742685385366087,estimated
8,object_detection__mean_stop_epoch_fraction,remaining_room_fraction,-0.0008375585456961598,0.009707307397071718,0.009826742414973128,0.0029760424345042715,0.010664300960669289,estimated
9,object_detection__mean_stop_epoch_fraction,patience,-0.0014479726309374599,0.005292259159702445,0.003536871477310057,0.0007011358506651038,0.004984844108247517,estimated
10,object_detection__mean_stop_epoch_fraction,bayesian_confirmation_patience,0.0016905759896842698,0.004635303372182257,0.0025110883864686434,0.0003952080555751316,0.0008205123967843736,estimated
11,object_detection__mean_stop_epoch_fraction,bayesian_probability_limit,0.0004045729228140607,0.0038033697922437177,0.002452932307386653,0.0006276710520750501,0.0020483593845725926,estimated
12,object_detection__mean_stop_epoch_fraction,min_fit_points,-0.00013356729465905995,0.0032512005591572284,0.001464538063658646,0.0003796149141219124,0.001598105358317706,estimated
13,object_detection__mean_stop_epoch_fraction,max_probability_gain_gt_threshold,-0.000231590924363738,0.0030304837348892793,0.0007410896982602105,0.00018099347349049424,0.0009726806226239486,estimated
14,object_detection__mean_stop_epoch_fraction,bayesian_prior_strength,-0.0016945956698871166,0.002303717137152443,0.0005177741295994173,0.00010349243605851587,0.002212369799486534,estimated
15,object_detection__mean_stop_epoch_fraction,bayesian_samples,2.1327664130579606e-05,0.0021110117886147177,0.00048197586786166225,8.370724450139803e-05,0.00046064820373108265,estimated
16,object_detection__mean_stop_epoch_fraction,late_stage_relaxation,0.0006556284924802249,0.00186318551874475,0.0004616373931074356,0.00010038872665946212,0.0,estimated
17,object_detection__mean_stop_epoch_fraction,min_meaningful_gain,0.00028484478577073485,0.0016138440717296187,0.0004014990992848345,0.00010903672503106278,0.00011665431351409966,estimated
18,object_detection__mean_stop_epoch_fraction,knn_neighbors,0.00012421822201405327,0.0018989808511936034,0.000396577438722199,8.563631672784693e-05,0.0002723592167081457,estimated
19,object_detection__mean_stop_epoch_fraction,bayesian_min_observations,-0.00032415337702650755,0.001663722670052776,0.0003519205097968355,6.052006320252247e-05,0.000676073886823343,estimated
20,object_detection__mean_stop_epoch_fraction,recent_gain_fraction,0.0006463269914544891,0.0013934346755611015,0.00025219291164304284,4.3885937008335584e-05,0.0,estimated
21,object_detection__mean_stop_epoch_fraction,bayesian_prior_alpha,-0.0007064746628405214,0.0012157087023766807,0.00021834635493902342,3.4274014460602045e-05,0.0009248210177795448,estimated
22,object_detection__mean_stop_epoch_fraction,max_uncertainty_to_gain_ratio,-0.0003213819695395841,0.0015014588120871913,0.00021748218145659198,4.75054433273699e-05,0.0005388641509961761,estimated
23,object_detection__mean_stop_epoch_fraction,bootstrap_samples,0.00028494000396061885,0.0013253049843163821,0.00017107015572539604,3.0754886095284594e-05,0.0,estimated
1,object_detection__noninferiority_success_fraction,min_epochs_floor,0.4181629089937637,0.06392023495299913,0.5944924603256372,0.07968054647115233,0.1763295513318735,estimated
2,object_detection__noninferiority_success_fraction,noise_multiplier,0.16667794191366764,0.044646486007872396,0.3257019687691901,0.04693662203115269,0.15902402685552247,estimated
3,object_detection__noninferiority_success_fraction,utility_quantile,0.10061624156292867,0.032819444962751,0.1895120318076671,0.03834050904235104,0.08889579024473843,estimated
4,object_detection__noninferiority_success_fraction,minimum_quality_floor,0.05348738412853283,0.02669779351956699,0.11119441126431419,0.021139211257646458,0.05770702713578136,estimated
5,object_detection__noninferiority_success_fraction,trend_window,0.012385892771064257,0.021726833138855633,0.05671216196474255,0.00892315820538235,0.04432626919367829,estimated
6,object_detection__noninferiority_success_fraction,horizon_epochs,0.0040349275607831385,0.01347836509529942,0.0252335342145115,0.004649225254277951,0.02119860665372836,estimated
7,object_detection__noninferiority_success_fraction,remaining_room_fraction,-0.0006477157984554429,0.010642702995949268,0.012129171297446416,0.0034130490112611062,0.012776887095901858,estimated
8,object_detection__noninferiority_success_fraction,bayesian_window,0.0024931714736928035,0.008755576667455025,0.008354944151830877,0.0019108904547450142,0.005861772678138074,estimated
9,object_detection__noninferiority_success_fraction,bayesian_probability_limit,0.00039368619433725676,0.004119414230726185,0.0026911626343408663,0.0006862713551692308,0.0022974764400036096,estimated
10,object_detection__noninferiority_success_fraction,patience,-0.0016034618741912535,0.00469371546497244,0.0025892615638608476,0.00045593284887974903,0.004192723438052101,estimated
11,object_detection__noninferiority_success_fraction,bayesian_confirmation_patience,0.0009111544235864846,0.004660902471506045,0.0020040444941530665,0.0003236672977249652,0.0010928900705665819,estimated
12,object_detection__noninferiority_success_fraction,min_fit_points,1.6980819940824798e-05,0.003019707908661534,0.0013952988446900311,0.00036385386279158126,0.0013783180247492063,estimated
13,object_detection__noninferiority_success_fraction,max_probability_gain_gt_threshold,-0.00022299447878641515,0.002735622149796263,0.0006400040614019695,0.00015435429378232745,0.0008629985401883846,estimated
14,object_detection__noninferiority_success_fraction,bayesian_min_observations,-0.00017578862539455764,0.0019724064195392388,0.0005474622387135259,0.00011092255518533024,0.0007232508641080835,estimated
15,object_detection__noninferiority_success_fraction,late_stage_relaxation,0.0006678406738327235,0.0020679386136211566,0.0005390793754139087,0.0001103390023863631,0.0,estimated
16,object_detection__noninferiority_success_fraction,bayesian_prior_strength,-0.0019771320071111723,0.0023527684010409473,0.0004986694467138333,0.00012477353489061504,0.0024758014538250055,estimated
17,object_detection__noninferiority_success_fraction,bayesian_samples,0.0001148260901761359,0.0020552200646054178,0.0004787919709008319,8.700796330702759e-05,0.00036396588072469603,estimated
18,object_detection__noninferiority_success_fraction,knn_neighbors,0.0004094805791281524,0.0018032888930459307,0.00046287614151506895,0.00010745882456717291,5.339556238691658e-05,estimated
19,object_detection__noninferiority_success_fraction,min_meaningful_gain,0.00038530779824520446,0.0014314651182756317,0.00031988567862110067,7.089477541428122e-05,0.0,estimated
20,object_detection__noninferiority_success_fraction,recent_gain_fraction,0.0007003181967490981,0.001543375282286148,0.0002979698116664563,6.419612163614315e-05,0.0,estimated
21,object_detection__noninferiority_success_fraction,bayesian_prior_alpha,-0.0008942668012704343,0.0013226824990718669,0.00023545785268392033,3.973406578197348e-05,0.0011297246539543546,estimated
22,object_detection__noninferiority_success_fraction,bootstrap_samples,0.0002076464912426466,0.0013523890153906125,0.0002126398719726339,3.560738038803185e-05,4.993380729987289e-06,estimated
23,object_detection__noninferiority_success_fraction,max_uncertainty_to_gain_ratio,-0.0001931402537303783,0.0012995904950073936,0.00019515073543840386,4.163534667387734e-05,0.00038829098916878216,estimated
1,object_detection__quality_cvar90_normalized,min_epochs_floor,0.4075134280428331,0.07068655196623444,0.6325813379372828,0.09920215650828021,0.2250679098944497,estimated
2,object_detection__quality_cvar90_normalized,noise_multiplier,0.11655820012204036,0.04250979677792769,0.30185985973104595,0.05120158141123904,0.18530165960900558,estimated
3,object_detection__quality_cvar90_normalized,utility_quantile,0.09378722375571574,0.037472559287438145,0.22522197702385865,0.05409389341053414,0.1314347532681429,estimated
4,object_detection__quality_cvar90_normalized,trend_window,0.02304881725202731,0.030469582836168522,0.09992998519120382,0.019307280808549144,0.0768811679391765,estimated
5,object_detection__quality_cvar90_normalized,minimum_quality_floor,0.029484126924525084,0.024645114485568317,0.09287227926842927,0.025178837315542067,0.06338815234390419,estimated
6,object_detection__quality_cvar90_normalized,horizon_epochs,0.01015662447975064,0.016536559455244636,0.03884777550672083,0.00879282346109237,0.028691151026970195,estimated
7,object_detection__quality_cvar90_normalized,remaining_room_fraction,-0.0017889462874846407,0.010908768984659258,0.01568367706017295,0.005215769247047114,0.01747262334765759,estimated
8,object_detection__quality_cvar90_normalized,bayesian_window,0.003682319579734074,0.011245340269200082,0.014624869354008412,0.003106812487041459,0.010942549774274338,estimated
9,object_detection__quality_cvar90_normalized,patience,-0.0020030263809528415,0.005121560937401211,0.0035087418363540217,0.0006360801329852869,0.005511768217306864,estimated
10,object_detection__quality_cvar90_normalized,bayesian_confirmation_patience,0.0018135359240618086,0.005274899691469376,0.0032054937307038353,0.0005085008840970198,0.0013919578066420267,estimated
11,object_detection__quality_cvar90_normalized,min_fit_points,0.0007601347573959663,0.004073810455984866,0.0016885925951515798,0.00047080153402610754,0.0009284578377556134,estimated
12,object_detection__quality_cvar90_normalized,bayesian_probability_limit,9.110642519683945e-05,0.0028395562305782466,0.0010969868670831677,0.00026095572690388767,0.0010058804418863283,estimated
13,object_detection__quality_cvar90_normalized,max_probability_gain_gt_threshold,-0.0017908088282311352,0.003924541218265037,0.0009275831491642,0.00032560656798147824,0.0027183919773953354,estimated
14,object_detection__quality_cvar90_normalized,bayesian_prior_strength,-0.0019679602780372377,0.002421233771423691,0.0006723440122907872,0.00019216401568583396,0.002640304290328025,estimated
15,object_detection__quality_cvar90_normalized,min_meaningful_gain,0.000525072863758682,0.0020780553482360803,0.0005906552976567716,0.00026809932516276173,6.558243389808956e-05,estimated
16,object_detection__quality_cvar90_normalized,bayesian_samples,0.0001666325775205018,0.0019442860342837067,0.00046727266550940184,0.00010495723169829654,0.00030064008798890004,estimated
17,object_detection__quality_cvar90_normalized,late_stage_relaxation,0.0007107621624834374,0.0017711823642137,0.0004084807281041924,9.647219100265843e-05,0.0,estimated
18,object_detection__quality_cvar90_normalized,knn_neighbors,-0.0005868864733894773,0.0019984001709528404,0.0004029597216619617,8.453168329891182e-05,0.000989846195051439,estimated
19,object_detection__quality_cvar90_normalized,max_uncertainty_to_gain_ratio,-0.0002598437920345956,0.0015844416242804635,0.00029267525577152814,6.663382271967938e-05,0.0005525190478061238,estimated
20,object_detection__quality_cvar90_normalized,bayesian_min_observations,-6.973757375273521e-05,0.0015331984833184022,0.00029154622505996497,5.573272877072094e-05,0.0003612837988127002,estimated
21,object_detection__quality_cvar90_normalized,bayesian_prior_alpha,-0.0006764411848219218,0.0012546018980304152,0.00021137653059314653,3.5142218698044154e-05,0.0008878177154150684,estimated
22,object_detection__quality_cvar90_normalized,recent_gain_fraction,0.0007519634959653504,0.0011272166888336697,0.00018424437820253843,3.292957778838352e-05,0.0,estimated
23,object_detection__quality_cvar90_normalized,bootstrap_samples,0.0006423724335483026,0.0012046809105956844,0.0001792319350973949,3.8698513958044534e-05,0.0,estimated
1,overall__bayesian_veto_rate,min_epochs_floor,0.3775902387446709,0.059663484404456534,0.5102951757095461,0.06789129892418132,0.13270493696487518,estimated
2,overall__bayesian_veto_rate,utility_quantile,0.19341142226473365,0.041286310700050455,0.3254678960056732,0.062401201107838665,0.13205647374093957,estimated
3,overall__bayesian_veto_rate,noise_multiplier,0.11635832145600271,0.03649826672423957,0.25790001847571925,0.04529910617310825,0.14154169701971653,estimated
4,overall__bayesian_veto_rate,minimum_quality_floor,0.055536720187901456,0.025054217617029837,0.08850363216415731,0.015566359217557741,0.032966911976255855,estimated
5,overall__bayesian_veto_rate,trend_window,0.019838193200992046,0.01756836076288519,0.033264322314574934,0.007017340666960273,0.013426129113582888,estimated
6,overall__bayesian_veto_rate,bayesian_window,0.00516878260519632,0.013374993656897965,0.025858960700152787,0.0054798365605654665,0.020690178094956466,estimated
7,overall__bayesian_veto_rate,remaining_room_fraction,0.0013587745895827011,0.00970985878448761,0.013183750485733645,0.0034930707817288093,0.011824975896150945,estimated
8,overall__bayesian_veto_rate,horizon_epochs,0.0026298680491134855,0.00827586726714087,0.011060553248162429,0.0024446071839147173,0.008430685199048944,estimated
9,overall__bayesian_veto_rate,patience,0.011821640379848689,0.008246639421557142,0.010301049838518503,0.0014480068563568935,0.0,estimated
10,overall__bayesian_veto_rate,bayesian_confirmation_patience,-0.0007810944683872071,0.006072676919106025,0.005054568925877305,0.0010784244831676044,0.005835663394264512,estimated
11,overall__bayesian_veto_rate,max_probability_gain_gt_threshold,0.004365085453729477,0.004617287465390452,0.002945433498080564,0.000544489227956459,0.0,estimated
12,overall__bayesian_veto_rate,bayesian_probability_limit,0.0009783311903288246,0.0041027100190557195,0.002467633570124246,0.0005153976033911191,0.0014893023797954213,estimated
13,overall__bayesian_veto_rate,min_fit_points,3.330821059515128e-05,0.0038130860249999403,0.0016528447527656206,0.0004764808797929087,0.0016195365421704693,estimated
14,overall__bayesian_veto_rate,bayesian_samples,0.0002955139148703279,0.0023110584028382293,0.0006804615608343635,0.00010563800661843499,0.0003849476459640356,estimated
15,overall__bayesian_veto_rate,min_meaningful_gain,-0.0014919438124999403,0.002072302503923347,0.0005478234313115879,0.0001546198151608808,0.0020397672438115283,estimated
16,overall__bayesian_veto_rate,bayesian_prior_strength,-0.0005929170925375653,0.0016972168396042137,0.0004025821485400667,6.275389870592271e-05,0.000995499241077632,estimated
17,overall__bayesian_veto_rate,bootstrap_samples,-6.936402350225661e-05,0.0014859351840579614,0.00039957982257893943,8.130758539197788e-05,0.00046894384608119603,estimated
18,overall__bayesian_veto_rate,recent_gain_fraction,0.000518513150573442,0.0014093461525303904,0.0003928014460235589,7.746855554260959e-05,0.0,estimated
19,overall__bayesian_veto_rate,late_stage_relaxation,-0.0007271688088199289,0.0018396121154445192,0.00038218298595335174,6.629825126640321e-05,0.0011093517947732808,estimated
20,overall__bayesian_veto_rate,bayesian_min_observations,-0.0006658068208467379,0.0015333601002075464,0.0003540469074810809,6.339582299631827e-05,0.0010198537283278189,estimated
21,overall__bayesian_veto_rate,max_uncertainty_to_gain_ratio,-0.000895633679006659,0.0016519834492116127,0.0003366343119082894,5.52160329602288e-05,0.0012322679909149484,estimated
22,overall__bayesian_veto_rate,knn_neighbors,-0.0011817432390694256,0.0014520920324408379,0.00033088775421922443,4.960279404521198e-05,0.00151263099328865,estimated
23,overall__bayesian_veto_rate,bayesian_prior_alpha,0.0007057014558166561,0.00146619428885876,0.00030523105880282144,5.434650157473281e-05,0.0,estimated
1,overall__controller_runtime_ms_per_epoch,min_epochs_floor,0.3724488288903623,0.06238174375958004,0.5377155373395868,0.07384492434491806,0.16526670844922448,estimated
2,overall__controller_runtime_ms_per_epoch,noise_multiplier,0.18324266591388746,0.04623539101099356,0.3447655790865297,0.057975403132502476,0.16152291317264225,estimated
3,overall__controller_runtime_ms_per_epoch,utility_quantile,0.1753232914485845,0.046443405847592746,0.30405242204161353,0.049056158927353745,0.12872913059302904,estimated
4,overall__controller_runtime_ms_per_epoch,minimum_quality_floor,0.03789212361250882,0.02382163935412767,0.07952013184176893,0.015787996581939714,0.041628008229260105,estimated
5,overall__controller_runtime_ms_per_epoch,trend_window,-0.002095615330414691,0.015970180980331577,0.025363771108870913,0.004409824167217602,0.027459386439285603,estimated
6,overall__controller_runtime_ms_per_epoch,horizon_epochs,-0.0007661993052664595,0.010326620051301997,0.013702332516502382,0.0026013250124832226,0.014468531821768842,estimated
7,overall__controller_runtime_ms_per_epoch,bayesian_samples,0.0028464720596308923,0.008522041187530948,0.008226184895681748,0.0011674328383459412,0.005379712836050856,estimated
8,overall__controller_runtime_ms_per_epoch,bayesian_window,4.411436505929297e-05,0.008026354114107095,0.006049771392152772,0.0013515437409001478,0.006005657027093479,estimated
9,overall__controller_runtime_ms_per_epoch,patience,0.0015349963068048455,0.005681047533263654,0.003728522787851544,0.0006220286626235971,0.0021935264810466985,estimated
10,overall__controller_runtime_ms_per_epoch,remaining_room_fraction,-0.0006758861773541708,0.00557179719589659,0.0035842676738674097,0.0008062926927502314,0.00426015385122158,estimated
11,overall__controller_runtime_ms_per_epoch,min_fit_points,-0.00031261126449463314,0.0040800264383591845,0.0023605142256887656,0.0004228476998071669,0.002673125490183399,estimated
12,overall__controller_runtime_ms_per_epoch,bayesian_confirmation_patience,-0.0002543861305580886,0.0042451788531006635,0.0019693949020935997,0.00030333078328821856,0.0022237810326516884,estimated
13,overall__controller_runtime_ms_per_epoch,bayesian_probability_limit,0.0002375528956545141,0.0036621349393914037,0.0017939453690883037,0.0003159713924449859,0.0015563924734337895,estimated
14,overall__controller_runtime_ms_per_epoch,max_probability_gain_gt_threshold,-0.000569888274447983,0.003321797704741383,0.0011542126648772556,0.0001864599835457145,0.0017241009393252386,estimated
15,overall__controller_runtime_ms_per_epoch,min_meaningful_gain,0.0014889425844796843,0.001775035314138634,0.00046922649581922026,0.00012759059796893388,0.0,estimated
16,overall__controller_runtime_ms_per_epoch,knn_neighbors,-0.0006402302204133592,0.0017534751401923337,0.00045004488491414953,0.00010399656191262162,0.0010902751053275088,estimated
17,overall__controller_runtime_ms_per_epoch,late_stage_relaxation,-0.00047644182633566117,0.0018966766347692698,0.00044665133468410113,7.120839900147567e-05,0.0009230931610197622,estimated
18,overall__controller_runtime_ms_per_epoch,bayesian_prior_strength,-0.0015820540073734361,0.0019742092258059315,0.00043492950340839615,8.127751480435742e-05,0.002016983510781832,estimated
19,overall__controller_runtime_ms_per_epoch,bayesian_min_observations,-0.0005825816224506879,0.0015846268612718494,0.0003573294902401128,6.868260453014823e-05,0.0009399111126908007,estimated
20,overall__controller_runtime_ms_per_epoch,bootstrap_samples,-5.371931406830938e-05,0.001548444666429552,0.0003344608580250599,5.226433996436707e-05,0.00038818017209336925,estimated
21,overall__controller_runtime_ms_per_epoch,bayesian_prior_alpha,0.0005632648485604035,0.0015874665981862066,0.0002881267781662015,3.881558500936021e-05,0.0,estimated
22,overall__controller_runtime_ms_per_epoch,recent_gain_fraction,0.0009364470088886573,0.0013912966765334206,0.0002873240974533317,4.741319303146166e-05,0.0,estimated
23,overall__controller_runtime_ms_per_epoch,max_uncertainty_to_gain_ratio,-0.00037899015160438665,0.0014104607718936782,0.00026705502801850666,4.474349372066987e-05,0.0006460451796228933,estimated
1,overall__energy_saving_q25,min_epochs_floor,0.22391508802635468,0.06910172134644636,0.47351312251964894,0.08618078056624659,0.24959803449329426,estimated
2,overall__energy_saving_q25,noise_multiplier,0.12256404927867665,0.052365650758479994,0.36249579665585885,0.07373804598438094,0.2399317473771822,estimated
3,overall__energy_saving_q25,utility_quantile,0.13281159039930365,0.04665812919755835,0.32722857820269613,0.06681211019778413,0.19441698780339248,estimated
4,overall__energy_saving_q25,minimum_quality_floor,0.08026202940454537,0.04022975771789464,0.2453717093081671,0.0601776485306438,0.16510967990362174,estimated
5,overall__energy_saving_q25,trend_window,0.022807942391533303,0.03248271362255821,0.09415402424972596,0.01861534871420364,0.07134608185819266,estimated
6,overall__energy_saving_q25,horizon_epochs,0.008492740187343691,0.016015307934525397,0.042406408909097054,0.010237936988642771,0.03391366872175336,estimated
7,overall__energy_saving_q25,bayesian_window,0.0008575081544422298,0.009677995411926371,0.010285969785259603,0.002806194829080949,0.009428461630817373,estimated
8,overall__energy_saving_q25,patience,-0.00075344229643235,0.0057348607277781976,0.00495047856318097,0.0010179973721816007,0.00570392085961332,estimated
9,overall__energy_saving_q25,min_fit_points,6.198438398863093e-06,0.004983465617426842,0.0037423220475053883,0.001280927138771485,0.0037361236091065252,estimated
10,overall__energy_saving_q25,bayesian_confirmation_patience,0.0025117157576499956,0.005687317684622908,0.0026565667041806057,0.0005833056896471724,0.00014485094653061015,estimated
11,overall__energy_saving_q25,max_probability_gain_gt_threshold,-0.0009004479745307857,0.004266013255816015,0.0012467781300694565,0.0005271270253245185,0.002147226104600242,estimated
12,overall__energy_saving_q25,min_meaningful_gain,0.00017320713735171917,0.0025274346544574746,0.001044354231977773,0.00046828611501617247,0.0008711470946260539,estimated
13,overall__energy_saving_q25,bayesian_probability_limit,-0.00032651008960872356,0.002823160445269484,0.0008427128298681901,0.00022282007248781836,0.0011692229194769136,estimated
14,overall__energy_saving_q25,remaining_room_fraction,-0.00030742434588002345,0.0025577549831401264,0.0006868800562073506,0.00013569960274167068,0.000994304402087374,estimated
15,overall__energy_saving_q25,bayesian_prior_strength,-0.001270649889633195,0.0019078271593303388,0.0006523819860562366,0.00016815492551383308,0.0019230318756894315,estimated
16,overall__energy_saving_q25,bayesian_samples,-0.0004183843904295548,0.0020746197342121245,0.0005362063905575995,0.00012567064999985096,0.0009545907809871542,estimated
17,overall__energy_saving_q25,bayesian_min_observations,-0.0012834550379050914,0.0018824962754643555,0.0003974601402681453,9.662909804475413e-05,0.0016809151781732366,estimated
18,overall__energy_saving_q25,max_uncertainty_to_gain_ratio,-0.0006688264564905785,0.0013805611562039317,0.00029654991482693524,7.109420783818329e-05,0.0009653763713175137,estimated
19,overall__energy_saving_q25,recent_gain_fraction,0.001403771008604293,0.0013906854520689435,0.00027239985820914345,6.382113499964988e-05,0.0,estimated
20,overall__energy_saving_q25,knn_neighbors,0.0001019282535229391,0.0014351721556078857,0.0002605918802493441,5.7605968046818916e-05,0.00015866362672640498,estimated
21,overall__energy_saving_q25,bootstrap_samples,1.9298636579544168e-05,0.0014981175220938519,0.0002530810671597239,5.965394299367178e-05,0.00023378243058017973,estimated
22,overall__energy_saving_q25,late_stage_relaxation,2.392091589618038e-05,0.0011732068864464392,0.00024689740241759273,6.0879941440092046e-05,0.00022297648652141235,estimated
23,overall__energy_saving_q25,bayesian_prior_alpha,-0.00012888181371983727,0.0010892968850691382,0.00021339170133568568,5.150123940685063e-05,0.00034227351505552295,estimated
1,overall__joint_success_fraction,min_epochs_floor,0.42139134575345677,0.06719273262221741,0.7255451628263041,0.08401577385363068,0.30415381707284733,estimated
2,overall__joint_success_fraction,noise_multiplier,0.09029181149018398,0.03887654304690988,0.2704903291125576,0.05057929889378049,0.18019851762237363,estimated
3,overall__joint_success_fraction,utility_quantile,0.09855984310718079,0.03717234586935135,0.2591481068749122,0.04314190826057733,0.1605882637677314,estimated
4,overall__joint_success_fraction,minimum_quality_floor,0.046463574386149925,0.02475957217118581,0.07623027198045017,0.010022513508759425,0.029766697594300243,estimated
5,overall__joint_success_fraction,trend_window,0.0023305642280938474,0.014944415889460239,0.02701099612927912,0.004670064773514401,0.024680431901185275,estimated
6,overall__joint_success_fraction,remaining_room_fraction,0.016020469524379386,0.014948736920160762,0.023549397517423163,0.004458387572311649,0.007528927993043777,estimated
7,overall__joint_success_fraction,patience,0.005373491394574279,0.009886241615866558,0.017711392759381543,0.00510477739591396,0.012337901364807264,estimated
8,overall__joint_success_fraction,horizon_epochs,0.0013766117948127814,0.008920015133214762,0.010571671899869817,0.0021888388438565587,0.009195060105057036,estimated
9,overall__joint_success_fraction,bayesian_confirmation_patience,-0.000479805688381718,0.0055400401701344365,0.0033579237840080634,0.0007778796501507348,0.0038377294723897816,estimated
10,overall__joint_success_fraction,bayesian_probability_limit,0.0035785277527667038,0.004812971646680977,0.00327219616420189,0.0006054479817048504,0.0,estimated
11,overall__joint_success_fraction,late_stage_relaxation,-1.9407670552871773e-05,0.003916040540859449,0.002515499322788143,0.0006330770072055389,0.002534906993341015,estimated
12,overall__joint_success_fraction,max_probability_gain_gt_threshold,0.0024847878927001564,0.004868869137006828,0.0023498590788816973,0.0005847475081274936,0.0,estimated
13,overall__joint_success_fraction,bayesian_window,0.0022929176725454757,0.003921288190946324,0.001985688782664306,0.00037730678914806465,0.0,estimated
14,overall__joint_success_fraction,min_fit_points,0.0006599343350703353,0.0033265561656205026,0.0016389517898281049,0.0003091089133171469,0.0009790174547577696,estimated
15,overall__joint_success_fraction,bayesian_min_observations,-0.000372376896721346,0.0030463988466051593,0.0016076072005264095,0.00042122090399290737,0.0019799840972477556,estimated
16,overall__joint_success_fraction,bayesian_prior_strength,0.0009889604931256019,0.002470548934150479,0.001153447956140029,0.0002308145120621743,0.0001644874630144272,estimated
17,overall__joint_success_fraction,bayesian_prior_alpha,-7.273472499607748e-05,0.0022487235769650953,0.0009519685692115926,0.00025250353964922885,0.00102470329420767,estimated
18,overall__joint_success_fraction,recent_gain_fraction,7.138688380558476e-05,0.0023206000006495524,0.0009004361008128573,0.0003168239143784391,0.0008290492170072725,estimated
19,overall__joint_success_fraction,bayesian_samples,-0.00016158748564531992,0.002348092727609254,0.0007996671980071389,0.0001932181114839042,0.0009612546836524588,estimated
20,overall__joint_success_fraction,knn_neighbors,0.000107556093790843,0.0018499579793185225,0.0006787289303331457,0.00012100276103626935,0.0005711728365423027,estimated
21,overall__joint_success_fraction,min_meaningful_gain,0.00030419808832134854,0.0016422209732997522,0.0005260178194736143,0.00011136483208782142,0.0002218197311522658,estimated
22,overall__joint_success_fraction,bootstrap_samples,0.0005413096366474992,0.0017148319083679505,0.0004035355909453492,8.449755013368659e-05,0.0,estimated
23,overall__joint_success_fraction,max_uncertainty_to_gain_ratio,6.367428220853023e-05,0.0013650671976355537,0.0002974993001806591,6.165194998261412e-05,0.00023382501797212886,estimated
1,overall__mean_energy_saving_fraction,min_epochs_floor,0.3629033381521748,0.06046622237436102,0.5337885053634188,0.06848434970673259,0.17088516721124403,estimated
2,overall__mean_energy_saving_fraction,noise_multiplier,0.18050752379294938,0.0491703400618151,0.35061926224918133,0.05678965228827486,0.17011173845623195,estimated
3,overall__mean_energy_saving_fraction,utility_quantile,0.15799023946034987,0.04150145718031774,0.28091624130960435,0.051944969648516165,0.12292600184925448,estimated
4,overall__mean_energy_saving_fraction,minimum_quality_floor,0.03803981228840315,0.021847034485695253,0.08124413338766434,0.01753456614879159,0.04320432109926119,estimated
5,overall__mean_energy_saving_fraction,trend_window,0.012492514198322357,0.02104207146068389,0.046177978228439505,0.007517222586090607,0.03368546403011715,estimated
6,overall__mean_energy_saving_fraction,horizon_epochs,0.005383809643840598,0.012809968202845074,0.02308225818260349,0.004254376633095469,0.01769844853876289,estimated
7,overall__mean_energy_saving_fraction,bayesian_window,0.0011217668909512797,0.008426030622448755,0.007764435823470474,0.0018165280068301092,0.006642668932519195,estimated
8,overall__mean_energy_saving_fraction,remaining_room_fraction,-0.00125151079292771,0.005767611159910763,0.004268193448162504,0.0011888626040657507,0.005519704241090214,estimated
9,overall__mean_energy_saving_fraction,patience,0.0007654180269970456,0.005376311519526753,0.003763804821745964,0.0006315944521396555,0.0029983867947489186,estimated
10,overall__mean_energy_saving_fraction,bayesian_confirmation_patience,0.001031551852698994,0.003968772713995766,0.0019510619201502028,0.0003106225263463802,0.0009195100674512088,estimated
11,overall__mean_energy_saving_fraction,min_fit_points,-0.0007498622460934175,0.0031912127265017005,0.0015830866701608535,0.0003567107414477104,0.002332948916254271,estimated
12,overall__mean_energy_saving_fraction,bayesian_probability_limit,0.0009506863551413512,0.002999597756637862,0.001304791919100327,0.00023192689865442272,0.0003541055639589757,estimated
13,overall__mean_energy_saving_fraction,max_probability_gain_gt_threshold,-0.0006046948545417063,0.00292665048536859,0.0006953668013281484,0.00015182120658656804,0.0013000616558698547,estimated
14,overall__mean_energy_saving_fraction,bayesian_samples,0.0002854327229556054,0.0016924945033727392,0.0003669736147983965,7.126084718276486e-05,8.154089184279109e-05,estimated
15,overall__mean_energy_saving_fraction,bayesian_prior_strength,-0.0012492271881734992,0.001733422517783735,0.00033913059178739306,7.307087493489654e-05,0.0015883577799608922,estimated
16,overall__mean_energy_saving_fraction,min_meaningful_gain,0.0001639858936762289,0.001277267934291893,0.0003162408152830857,0.00010240116422780354,0.0001522549216068568,estimated
17,overall__mean_energy_saving_fraction,late_stage_relaxation,0.0005382106564871926,0.0015705224485575192,0.00026876694534892537,5.302590761737404e-05,0.0,estimated
18,overall__mean_energy_saving_fraction,knn_neighbors,-0.0004104034130981062,0.0013225624001078702,0.00026635602325440343,5.2136954212026746e-05,0.0006767594363525097,estimated
19,overall__mean_energy_saving_fraction,bayesian_min_observations,-0.00037129789827125174,0.0013636701332614843,0.0002431957387969073,4.217859566949562e-05,0.0006144936370681591,estimated
20,overall__mean_energy_saving_fraction,recent_gain_fraction,0.0007975465297603764,0.0012690020698500962,0.00018533379281356137,3.266063589895852e-05,0.0,estimated
21,overall__mean_energy_saving_fraction,max_uncertainty_to_gain_ratio,-0.00043649242655840104,0.0011043138497722526,0.00017054311481637247,3.2516472298343737e-05,0.0006070355413747735,estimated
22,overall__mean_energy_saving_fraction,bootstrap_samples,0.0003281966565071006,0.0010738077520194929,0.00013574057586139643,2.8807621523577515e-05,0.0,estimated
23,overall__mean_energy_saving_fraction,bayesian_prior_alpha,-0.000573019117712452,0.001018623124819292,0.00013481053230074224,2.0431856677992164e-05,0.0007078296500131942,estimated
1,overall__mean_quality_regret_pp,min_epochs_floor,0.3810390085429327,0.06639873040978417,0.6008292062694972,0.08143426038819374,0.2197901977265645,estimated
2,overall__mean_quality_regret_pp,noise_multiplier,0.13823312624533743,0.042124841261270106,0.3309077024542883,0.0580302430466429,0.19267457620895087,estimated
3,overall__mean_quality_regret_pp,utility_quantile,0.13715315678790668,0.04183845170711937,0.2884333154149896,0.05516396643898087,0.15128015862708294,estimated
4,overall__mean_quality_regret_pp,minimum_quality_floor,0.03325566101379749,0.02339626260335298,0.08325303587635281,0.018751775584810233,0.04999737486255532,estimated
5,overall__mean_quality_regret_pp,trend_window,0.011235949596147803,0.021653516873918126,0.045031868518712805,0.008033346491360872,0.033795918922565005,estimated
6,overall__mean_quality_regret_pp,horizon_epochs,0.005210793803489847,0.013341995046372488,0.02469011787529906,0.005414862041612967,0.019479324071809214,estimated
7,overall__mean_quality_regret_pp,bayesian_window,0.001540731915594058,0.009011148415406013,0.007868113628755733,0.0019048333304341216,0.006327381713161675,estimated
8,overall__mean_quality_regret_pp,patience,0.0010664005307774007,0.005637697397218094,0.003923593648392345,0.0007850037678007053,0.0028571931176149448,estimated
9,overall__mean_quality_regret_pp,min_fit_points,-0.00044923571452515435,0.0036499832850814483,0.0018828981225111699,0.0005227875873573749,0.002332133837036324,estimated
10,overall__mean_quality_regret_pp,bayesian_confirmation_patience,0.000772605172610966,0.004115750457964814,0.0018717695182347107,0.00037221432940265093,0.0010991643456237446,estimated
11,overall__mean_quality_regret_pp,remaining_room_fraction,-0.0008303749522062178,0.0033769547282182567,0.0014804161014512498,0.00044109791518811534,0.0023107910536574678,estimated
12,overall__mean_quality_regret_pp,bayesian_probability_limit,0.00047900693181817115,0.0027074000047885923,0.0009185858831091663,0.0001794008925191061,0.0004395789512909951,estimated
13,overall__mean_quality_regret_pp,max_probability_gain_gt_threshold,-0.0011791614713019048,0.00324984654181384,0.0007781310096269138,0.00018859593446763305,0.0019572924809288187,estimated
14,overall__mean_quality_regret_pp,bayesian_samples,0.00028462300575804466,0.0018008037580822056,0.00036673229954370054,7.671481736494801e-05,8.210929378565587e-05,estimated
15,overall__mean_quality_regret_pp,bayesian_prior_strength,-0.0012887733935873027,0.001591168598857796,0.0003518756091221085,7.463093250221712e-05,0.0016406490027094114,estimated
16,overall__mean_quality_regret_pp,min_meaningful_gain,3.0450847600418604e-06,0.001399101336800891,0.0003447703238817069,0.00011430329237768396,0.00034172523912166504,estimated
17,overall__mean_quality_regret_pp,knn_neighbors,-0.0008911402051587081,0.0013730784235315044,0.0002246466936381476,4.3143661814263125e-05,0.0011157868987968556,estimated
18,overall__mean_quality_regret_pp,bayesian_min_observations,-0.0005301120927129979,0.0012007616587516854,0.00017136919458540046,3.217158715355869e-05,0.0007014812872983983,estimated
19,overall__mean_quality_regret_pp,max_uncertainty_to_gain_ratio,-0.00047683263582066826,0.0011203778361941158,0.0001701988362620413,3.274533607968652e-05,0.0006470314720827096,estimated
20,overall__mean_quality_regret_pp,recent_gain_fraction,0.0009535219340859087,0.0012101304154507589,0.00016805605763266725,3.350867616134198e-05,0.0,estimated
21,overall__mean_quality_regret_pp,late_stage_relaxation,6.872576855504794e-05,0.0010219040656454569,0.0001630599693598066,2.896318527553555e-05,9.433420080475867e-05,estimated
22,overall__mean_quality_regret_pp,bootstrap_samples,9.526313519245788e-05,0.0010788171111096425,0.0001501027846595292,3.482749966851797e-05,5.483964946707133e-05,estimated
23,overall__mean_quality_regret_pp,bayesian_prior_alpha,-0.0003036101456464235,0.0009040914916831924,0.00010858985936950585,1.6681362095267776e-05,0.0004122000050159294,estimated
1,overall__mean_stop_epoch,min_epochs_floor,0.361754464829721,0.06594494785136479,0.5320137470415673,0.0726174467871783,0.17025928221184633,estimated
2,overall__mean_stop_epoch,noise_multiplier,0.18123599628119952,0.04848810583462784,0.35117576437872944,0.05486079286413586,0.16993976809752992,estimated
3,overall__mean_stop_epoch,utility_quantile,0.15850659432259562,0.04091252890365571,0.28121252384564793,0.049970324277581746,0.12270592952305232,estimated
4,overall__mean_stop_epoch,minimum_quality_floor,0.03837424277970822,0.023904262433435696,0.08175498590928795,0.015139604304302175,0.043380743129579735,estimated
5,overall__mean_stop_epoch,trend_window,0.012521316937535889,0.0196238854067024,0.04619384277881193,0.008114792279310785,0.033672525841276044,estimated
6,overall__mean_stop_epoch,horizon_epochs,0.005404930165002168,0.012078799336686864,0.023096805016581862,0.004664293416585758,0.017691874851579695,estimated
7,overall__mean_stop_epoch,bayesian_window,0.001126839363593368,0.008781862063291753,0.007756592969922104,0.002071639350083896,0.006629753606328736,estimated
8,overall__mean_stop_epoch,remaining_room_fraction,-0.0012460023805539414,0.006183623355453044,0.0043082823234473384,0.0011158084199923224,0.00555428470400128,estimated
9,overall__mean_stop_epoch,patience,0.0007712447575369608,0.0053569201786714815,0.0037718323943678896,0.0006390347091744122,0.003000587636830929,estimated
10,overall__mean_stop_epoch,bayesian_confirmation_patience,0.0010360299454278783,0.004110905232088536,0.001953141225540824,0.00030926046711014836,0.0009171112801129458,estimated
11,overall__mean_stop_epoch,min_fit_points,-0.0007544592863036828,0.0035683921880444933,0.0015814372672318495,0.00035375457194907763,0.002335896553535532,estimated
12,overall__mean_stop_epoch,bayesian_probability_limit,0.0009526031707766724,0.0030947816891368704,0.001311935743004792,0.0002659708543380952,0.00035933257222811957,estimated
13,overall__mean_stop_epoch,max_probability_gain_gt_threshold,-0.0005936127008976158,0.0029780680032618677,0.000696416517069392,0.00013531187314691815,0.0012900292179670078,estimated
14,overall__mean_stop_epoch,bayesian_samples,0.0002828092345416405,0.0017593459570388562,0.0003675619553821785,7.573833714305798e-05,8.475272084053798e-05,estimated
15,overall__mean_stop_epoch,bayesian_prior_strength,-0.0012457224803994703,0.0017238079143697697,0.00033977342584394477,7.278476130346105e-05,0.001585495906243415,estimated
16,overall__mean_stop_epoch,min_meaningful_gain,0.00016045871857791038,0.0013292041004562447,0.0003160165377093741,9.198036568534717e-05,0.00015555781913146374,estimated
17,overall__mean_stop_epoch,late_stage_relaxation,0.0005430014735476431,0.0014342798031344558,0.0002709386133145439,5.232894902755176e-05,0.0,estimated
18,overall__mean_stop_epoch,knn_neighbors,-0.000406222187842592,0.001512428629005264,0.00026711720410146846,5.304628557108456e-05,0.0006733393919440604,estimated
19,overall__mean_stop_epoch,bayesian_min_observations,-0.00037426295361133534,0.001411879509373939,0.0002445493874809245,4.108453225211813e-05,0.0006188123410922598,estimated
20,overall__mean_stop_epoch,recent_gain_fraction,0.0007958462426155642,0.0011290383294488477,0.00018615626131740493,3.382767261591372e-05,0.0,estimated
21,overall__mean_stop_epoch,max_uncertainty_to_gain_ratio,-0.00043310188755331266,0.0011371014509339303,0.00017060580870316641,3.127849227179544e-05,0.0006037076962564791,estimated
22,overall__mean_stop_epoch,bootstrap_samples,0.000330658656045951,0.0010469576101022312,0.0001359860505916442,2.983259102544258e-05,0.0,estimated
23,overall__mean_stop_epoch,bayesian_prior_alpha,-0.0005705529437753342,0.0009959814146776628,0.00013534643618633982,2.043862443358217e-05,0.0007058993799616741,estimated
1,overall__mean_stop_epoch_fraction,min_epochs_floor,0.3617544648297217,0.060795490538175054,0.5320137470415692,0.07290420433622237,0.17025928221184755,estimated
2,overall__mean_stop_epoch_fraction,noise_multiplier,0.18123599628119832,0.05129416112022288,0.3511757643787288,0.059630824834206494,0.1699397680975305,estimated
3,overall__mean_stop_epoch_fraction,utility_quantile,0.15850659432259487,0.04340033468328571,0.2812125238456479,0.05458535527775837,0.12270592952305301,estimated
4,overall__mean_stop_epoch_fraction,minimum_quality_floor,0.03837424277970817,0.02209880240904714,0.08175498590928816,0.016924354228394934,0.04338074312957999,estimated
5,overall__mean_stop_epoch_fraction,trend_window,0.012521316937535588,0.019160638214338912,0.04619384277881212,0.007812512988561969,0.03367252584127653,estimated
6,overall__mean_stop_epoch_fraction,horizon_epochs,0.005404930165002128,0.0124615778719617,0.02309680501658195,0.004370254604080383,0.01769187485157982,estimated
7,overall__mean_stop_epoch_fraction,bayesian_window,0.0011268393635931794,0.008320768543944663,0.00775659296992212,0.0017657423902488038,0.0066297536063289406,estimated
8,overall__mean_stop_epoch_fraction,remaining_room_fraction,-0.0012460023805540683,0.0063303382318453125,0.004308282323447352,0.0011429784741216523,0.005554284704001421,estimated
9,overall__mean_stop_epoch_fraction,patience,0.0007712447575368061,0.005797696999934985,0.003771832394367906,0.0006464936359866331,0.0030005876368311,estimated
10,overall__mean_stop_epoch_fraction,bayesian_confirmation_patience,0.0010360299454278332,0.004084556218436528,0.001953141225540849,0.00034192044678286066,0.0009171112801130156,estimated
11,overall__mean_stop_epoch_fraction,min_fit_points,-0.0007544592863036656,0.0033725593104394214,0.0015814372672318575,0.0003485934260826043,0.002335896553535523,estimated
12,overall__mean_stop_epoch_fraction,bayesian_probability_limit,0.0009526031707766609,0.002963394571063027,0.0013119357430047935,0.0002440813604158105,0.0003593325722281326,estimated
13,overall__mean_stop_epoch_fraction,max_probability_gain_gt_threshold,-0.0005936127008976734,0.002974805181113154,0.000696416517069394,0.00014983071802898156,0.0012900292179670674,estimated
14,overall__mean_stop_epoch_fraction,bayesian_samples,0.000282809234541583,0.0015850849332045554,0.0003675619553821771,7.347409014390319e-05,8.475272084059409e-05,estimated
15,overall__mean_stop_epoch_fraction,bayesian_prior_strength,-0.0012457224803995013,0.0017061849200741847,0.0003397734258439449,7.4725135274927e-05,0.0015854959062434463,estimated
16,overall__mean_stop_epoch_fraction,min_meaningful_gain,0.00016045871857792558,0.001282459623107216,0.0003160165377093785,8.959767814888685e-05,0.00015555781913145292,estimated
17,overall__mean_stop_epoch_fraction,late_stage_relaxation,0.0005430014735477019,0.0015377180879113993,0.00027093861331454653,4.965460815898053e-05,0.0,estimated
18,overall__mean_stop_epoch_fraction,knn_neighbors,-0.0004062221878426181,0.0014815732864183724,0.00026711720410146786,5.040836085714307e-05,0.0006733393919440859,estimated
19,overall__mean_stop_epoch_fraction,bayesian_min_observations,-0.0003742629536112512,0.0015040120740866644,0.0002445493874809217,4.1716458806286886e-05,0.0006188123410921729,estimated
20,overall__mean_stop_epoch_fraction,recent_gain_fraction,0.0007958462426155527,0.0012998167647670644,0.00018615626131740002,3.474672659389298e-05,0.0,estimated
21,overall__mean_stop_epoch_fraction,max_uncertainty_to_gain_ratio,-0.0004331018875534798,0.0011235355102501147,0.00017060580870316316,3.0542837472121185e-05,0.0006037076962566429,estimated
22,overall__mean_stop_epoch_fraction,bootstrap_samples,0.0003306586560459259,0.001154591559576759,0.00013598605059164328,2.8738656382767324e-05,0.0,estimated
23,overall__mean_stop_epoch_fraction,bayesian_prior_alpha,-0.000570552943775384,0.001020405291417808,0.00013534643618634188,2.0595573222579024e-05,0.0007058993799617259,estimated
1,overall__noninferiority_success_fraction,min_epochs_floor,0.41992309529452293,0.058240314864552785,0.6182143937048185,0.07972928265135801,0.19829129841029552,estimated
2,overall__noninferiority_success_fraction,noise_multiplier,0.15040214889985012,0.04879069915456547,0.3240728981025969,0.050908281902639935,0.17367074920274675,estimated
3,overall__noninferiority_success_fraction,utility_quantile,0.13092765811965681,0.04170938451128972,0.2573930233608923,0.043612762578357576,0.1264653652412355,estimated
4,overall__noninferiority_success_fraction,minimum_quality_floor,0.026863367228110467,0.02053139830684676,0.06015923538324488,0.012294096976262272,0.03329586815513441,estimated
5,overall__noninferiority_success_fraction,trend_window,0.00974825827574388,0.019754384861564448,0.04321403061276176,0.007443600487100835,0.03346577233701788,estimated
6,overall__noninferiority_success_fraction,horizon_epochs,0.0037891125751567697,0.011984495437718118,0.021360019750602647,0.004153563404498449,0.017570907175445877,estimated
7,overall__noninferiority_success_fraction,bayesian_window,0.0010814791171985484,0.008620568736470356,0.006572627671945596,0.0015813972019998004,0.005491148554747047,estimated
8,overall__noninferiority_success_fraction,patience,0.00085025327620284,0.004659456543574208,0.003339227483260619,0.0005977330373732211,0.002488974207057779,estimated
9,overall__noninferiority_success_fraction,remaining_room_fraction,-0.0009410530282501301,0.005170332777067843,0.003309391663990413,0.0010260883884066758,0.0042504446922405435,estimated
10,overall__noninferiority_success_fraction,bayesian_confirmation_patience,0.0006203595340870123,0.003938661167979914,0.001761698381263958,0.00031123076437020034,0.0011413388471769458,estimated
11,overall__noninferiority_success_fraction,min_fit_points,-0.0004995404923256603,0.003513173008732809,0.00154771763825084,0.0004013039140980702,0.0020472581305765003,estimated
12,overall__noninferiority_success_fraction,bayesian_probability_limit,0.000648096843855171,0.0028775201878317477,0.001211148596785227,0.00025183829887790316,0.0005630517529300559,estimated
13,overall__noninferiority_success_fraction,max_probability_gain_gt_threshold,-0.0007987423322908724,0.002694019164338639,0.0006490234467833021,0.0001387717314785896,0.0014477657790741745,estimated
14,overall__noninferiority_success_fraction,bayesian_samples,0.00038525383726582786,0.0015604609460243637,0.0003445129932744601,7.14446982805366e-05,0.0,estimated
15,overall__noninferiority_success_fraction,bayesian_prior_strength,-0.0016437455395590845,0.0018088184665911616,0.0003353365965794837,7.263547898440573e-05,0.0019790821361385684,estimated
16,overall__noninferiority_success_fraction,knn_neighbors,-0.0005756688124139763,0.0015370846881053387,0.0002865080978702288,5.8243600847632774e-05,0.0008621769102842051,estimated
17,overall__noninferiority_success_fraction,min_meaningful_gain,0.0003258467947395748,0.0011964455395101512,0.0002759529973396227,7.095768147359937e-05,0.0,estimated
18,overall__noninferiority_success_fraction,bayesian_min_observations,-0.0001880428010093663,0.0013213275156290594,0.0002555186180482728,5.2822786217897715e-05,0.00044356141905763915,estimated
19,overall__noninferiority_success_fraction,late_stage_relaxation,0.00031968766552122226,0.0014006086981283798,0.0002255818478972893,4.170039385297143e-05,0.0,estimated
20,overall__noninferiority_success_fraction,recent_gain_fraction,0.0011495180283413908,0.0012153608475742148,0.00018630001023889727,3.913030021977785e-05,0.0,estimated
21,overall__noninferiority_success_fraction,max_uncertainty_to_gain_ratio,-0.0003662282273927275,0.0010218079768394917,0.00014842545893231857,2.7676705612387954e-05,0.0005146536863250461,estimated
22,overall__noninferiority_success_fraction,bootstrap_samples,0.0002319484028401423,0.0010392795225609116,0.00012610890459527582,2.8815882523333883e-05,0.0,estimated
23,overall__noninferiority_success_fraction,bayesian_prior_alpha,-0.0006144730485896457,0.0008837966454333615,0.00012248111401677765,2.0098500172594558e-05,0.0007369541626064233,estimated
1,overall__quality_cvar90_normalized,min_epochs_floor,0.48531358795814766,0.0664310693229668,0.6666847101177936,0.08219631510887174,0.18137112215964596,estimated
2,overall__quality_cvar90_normalized,noise_multiplier,0.12841229655476996,0.04046971601561188,0.28146956737741874,0.04676343929949991,0.15305727082264878,estimated
3,overall__quality_cvar90_normalized,utility_quantile,0.12099389864885607,0.034796280546240205,0.242216074348469,0.04268405614786391,0.12122217569961294,estimated
4,overall__quality_cvar90_normalized,trend_window,0.011962100121098952,0.02057239556653076,0.04377658514553349,0.0081144699537034,0.031814485024434534,estimated
5,overall__quality_cvar90_normalized,minimum_quality_floor,0.012407891117773146,0.016385381483416877,0.03304690389589054,0.007580655979645849,0.02063901277811739,estimated
6,overall__quality_cvar90_normalized,horizon_epochs,0.00636116958920437,0.012712860101986566,0.022025869315168006,0.004123517444425027,0.015664699725963637,estimated
7,overall__quality_cvar90_normalized,remaining_room_fraction,-0.0011346969991557433,0.00831858008678755,0.009290037824752462,0.002892916265563535,0.010424734823908205,estimated
8,overall__quality_cvar90_normalized,bayesian_window,0.0035853756192294056,0.009267217802259151,0.008744156982108385,0.0021438476853126356,0.00515878136287898,estimated
9,overall__quality_cvar90_normalized,patience,0.0012160940949859334,0.005572975684949964,0.003745366995473911,0.0006354440230103882,0.0025292729004879775,estimated
10,overall__quality_cvar90_normalized,bayesian_confirmation_patience,0.0006219650112551286,0.004163847398761461,0.0022051612882786733,0.00033601669845482524,0.0015831962770235446,estimated
11,overall__quality_cvar90_normalized,bayesian_probability_limit,0.0009442874821328843,0.0028761751986523215,0.0013458189867891724,0.00026379562447166626,0.0004015315046562881,estimated
12,overall__quality_cvar90_normalized,min_fit_points,-0.00025002240223404905,0.0027639666563259156,0.0010868809384956535,0.00022729273432869286,0.0013369033407297027,estimated
13,overall__quality_cvar90_normalized,max_probability_gain_gt_threshold,-0.0007799518173801697,0.002688436418371034,0.0006599695486930725,0.00016798931609344852,0.0014399213660732423,estimated
14,overall__quality_cvar90_normalized,bayesian_samples,0.00040911820329958657,0.0019381789690728838,0.00044358909537229446,8.657688816017714e-05,3.44708920727079e-05,estimated
15,overall__quality_cvar90_normalized,bayesian_prior_strength,-0.0014970625659565277,0.001831386410583279,0.0003855119855172813,9.305991785076543e-05,0.001882574551473809,estimated
16,overall__quality_cvar90_normalized,min_meaningful_gain,0.00037061290854629276,0.0014001797755195777,0.00034663406871053614,0.000122166401482155,0.0,estimated
17,overall__quality_cvar90_normalized,knn_neighbors,-0.0011908840407766808,0.0017712766260687316,0.00033068358358034455,6.494692099776966e-05,0.0015215676243570254,estimated
18,overall__quality_cvar90_normalized,late_stage_relaxation,0.0003467909210203089,0.0014247815379876475,0.00026533168604188194,5.653263626981213e-05,0.0,estimated
19,overall__quality_cvar90_normalized,bayesian_min_observations,-0.00017736337270443078,0.0012303309948671814,0.00022341504328314972,4.0741002492802245e-05,0.0004007784159875805,estimated
20,overall__quality_cvar90_normalized,max_uncertainty_to_gain_ratio,-0.00057458891353366,0.0011909603094360107,0.00020149834046405594,4.172117766831907e-05,0.0007760872539977159,estimated
21,overall__quality_cvar90_normalized,recent_gain_fraction,0.0008086463597316347,0.001202267504979325,0.00019525472287503518,4.044033663221225e-05,0.0,estimated
22,overall__quality_cvar90_normalized,bayesian_prior_alpha,-0.0004720007418899406,0.0009804064911761742,0.0001380168399069077,2.1432490808899654e-05,0.0006100175817968482,estimated
23,overall__quality_cvar90_normalized,bootstrap_samples,0.0005348856252136969,0.0010439484873708724,0.00013419532175278347,2.8729515489050706e-05,0.0,estimated
1,semantic_segmentation__bayesian_veto_rate,min_epochs_floor,0.3504218638087897,0.06127987634943191,0.4728918000275986,0.05721549162906965,0.12246993621880892,estimated
2,semantic_segmentation__bayesian_veto_rate,utility_quantile,0.23055120047621513,0.050360248291274,0.36059404259058936,0.05999765173115156,0.13004284211437422,estimated
3,semantic_segmentation__bayesian_veto_rate,noise_multiplier,0.04367724866849233,0.029933090664445067,0.1491617779593886,0.03466999621292307,0.10548452929089626,estimated
4,semantic_segmentation__bayesian_veto_rate,minimum_quality_floor,0.06854711441446865,0.02800135366908252,0.10268526916637376,0.016747137308883546,0.03413815475190511,estimated
5,semantic_segmentation__bayesian_veto_rate,trend_window,0.0629875091452616,0.028144321548452273,0.09594184096392334,0.014791284283005865,0.03295433181866174,estimated
6,semantic_segmentation__bayesian_veto_rate,bayesian_window,0.015921810125193482,0.01816681059298813,0.03725396661306585,0.007068750247702666,0.021332156487872365,estimated
7,semantic_segmentation__bayesian_veto_rate,remaining_room_fraction,0.005077922220180097,0.01209174881861018,0.02334688506283114,0.0063785289988586725,0.018268962842651046,estimated
8,semantic_segmentation__bayesian_veto_rate,horizon_epochs,0.005389793539278215,0.012117693285110172,0.021328790676645733,0.005091008881779238,0.015938997137367517,estimated
9,semantic_segmentation__bayesian_veto_rate,patience,0.01008453470761139,0.009010151627225002,0.011302687860249261,0.0016056226265425432,0.0012181531526378707,estimated
10,semantic_segmentation__bayesian_veto_rate,bayesian_confirmation_patience,0.002387186020490422,0.007293563846533309,0.008232279089482767,0.001553164953264294,0.005845093068992345,estimated
11,semantic_segmentation__bayesian_veto_rate,bayesian_probability_limit,0.0032128546426012906,0.006004573294792281,0.00505126955318066,0.0009655764090910408,0.0018384149105793693,estimated
12,semantic_segmentation__bayesian_veto_rate,min_fit_points,0.002747859657469146,0.005476640264026274,0.0029630735673870927,0.0007391647017975739,0.00021521390991794667,estimated
13,semantic_segmentation__bayesian_veto_rate,max_probability_gain_gt_threshold,0.003391908530151238,0.004165891306546562,0.002806350258849926,0.0005497135499007335,0.0,estimated
14,semantic_segmentation__bayesian_veto_rate,bayesian_samples,4.1291409026122395e-05,0.0025701011681433955,0.0009512556810001995,0.0001333819762235221,0.0009099642719740771,estimated
15,semantic_segmentation__bayesian_veto_rate,late_stage_relaxation,-0.0028411349141663407,0.0024437182901687463,0.000769908875982616,0.0001751051445861176,0.0036110437901489567,estimated
16,semantic_segmentation__bayesian_veto_rate,min_meaningful_gain,-0.0015269256646081135,0.0019591358664713576,0.0007308225231378467,0.00015659693691098144,0.0022577481877459602,estimated
17,semantic_segmentation__bayesian_veto_rate,bootstrap_samples,0.000363346077413267,0.002157288767965008,0.0006940330735633688,0.0001300781816238414,0.00033068699615010176,estimated
18,semantic_segmentation__bayesian_veto_rate,bayesian_min_observations,-0.0004276876405476633,0.002101107564941788,0.0006866169344957149,0.00013832444311072088,0.0011143045750433781,estimated
19,semantic_segmentation__bayesian_veto_rate,bayesian_prior_alpha,0.0004684976118509285,0.0019091794525860517,0.0006205023749885112,0.00010161765871460698,0.00015200476313758266,estimated
20,semantic_segmentation__bayesian_veto_rate,bayesian_prior_strength,-0.0017941936685461999,0.0019635945548361028,0.0005722479764744483,8.622341718659413e-05,0.0023664416450206484,estimated
21,semantic_segmentation__bayesian_veto_rate,knn_neighbors,-0.0015957037030246172,0.0020441199443731388,0.0005002512852162509,7.93351973356443e-05,0.002095954988240868,estimated
22,semantic_segmentation__bayesian_veto_rate,max_uncertainty_to_gain_ratio,-0.00023622240588487558,0.0018093487469281833,0.0004943636247074959,7.591239524559765e-05,0.0007305860305923714,estimated
23,semantic_segmentation__bayesian_veto_rate,recent_gain_fraction,0.001423087139226026,0.0017113864599032952,0.00044484220029806284,7.285118448412646e-05,0.0,estimated
1,semantic_segmentation__controller_runtime_ms_per_epoch,min_epochs_floor,0.3931029314942624,0.06044553225760489,0.5375310687254176,0.06929795368247887,0.14442813723115516,estimated
2,semantic_segmentation__controller_runtime_ms_per_epoch,noise_multiplier,0.16921142444774712,0.044283303615110445,0.309651259441529,0.04963231553582018,0.14043983499378188,estimated
3,semantic_segmentation__controller_runtime_ms_per_epoch,utility_quantile,0.184178196137798,0.04204769725933347,0.30230733000705623,0.05023121357907564,0.11812913386925822,estimated
4,semantic_segmentation__controller_runtime_ms_per_epoch,minimum_quality_floor,0.05417918363238581,0.02682101238632667,0.10511122453288826,0.019666265570242425,0.050932040900502455,estimated
5,semantic_segmentation__controller_runtime_ms_per_epoch,trend_window,-0.005277615823830767,0.010298250799500364,0.011479895935503071,0.0019733628263941144,0.016757511759333838,estimated
6,semantic_segmentation__controller_runtime_ms_per_epoch,horizon_epochs,-0.0035794952155146424,0.00676661363873644,0.00851216171623198,0.0014682412962434034,0.012091656931746624,estimated
7,semantic_segmentation__controller_runtime_ms_per_epoch,bayesian_samples,0.0031251589112754287,0.008061766107042252,0.008328471997452588,0.0011066401965762987,0.005203313086177159,estimated
8,semantic_segmentation__controller_runtime_ms_per_epoch,remaining_room_fraction,-0.0009998378714502494,0.007438897151168517,0.007684450538067042,0.0017624224812601873,0.008684288409517292,estimated
9,semantic_segmentation__controller_runtime_ms_per_epoch,bayesian_window,-0.0007753649129239118,0.00726543921339721,0.005045323770157745,0.001272657249561914,0.005820688683081656,estimated
10,semantic_segmentation__controller_runtime_ms_per_epoch,patience,0.0005478940541151713,0.00508064600165569,0.00341199628158906,0.00047254333631285573,0.0028641022274738886,estimated
11,semantic_segmentation__controller_runtime_ms_per_epoch,min_fit_points,-0.0005562047658574083,0.004043129323784971,0.00238207311025358,0.0004688595450906441,0.002938277876110988,estimated
12,semantic_segmentation__controller_runtime_ms_per_epoch,bayesian_probability_limit,0.00045826657050396897,0.003985011826548946,0.0023717452326558106,0.00039846392195906736,0.0019134786621518417,estimated
13,semantic_segmentation__controller_runtime_ms_per_epoch,bayesian_confirmation_patience,-0.0003711354035795646,0.003930687516090036,0.0020424253388850186,0.00034816557270846247,0.0024135607424645832,estimated
14,semantic_segmentation__controller_runtime_ms_per_epoch,max_probability_gain_gt_threshold,0.00032063044305252525,0.0031472175054576487,0.0010089275463863812,0.00017017138681513303,0.0006882971033338559,estimated
15,semantic_segmentation__controller_runtime_ms_per_epoch,late_stage_relaxation,-8.131026169983855e-05,0.0023403854089794783,0.0007075061012119027,0.0001335202041607384,0.0007888163629117413,estimated
16,semantic_segmentation__controller_runtime_ms_per_epoch,knn_neighbors,-0.00020197722620524894,0.0017631857363078888,0.0005240315881171308,0.00012866978354602373,0.0007260088143223798,estimated
17,semantic_segmentation__controller_runtime_ms_per_epoch,bayesian_prior_strength,-0.0007373508885910182,0.0018548443697630334,0.0005065435205722196,8.492593286782813e-05,0.0012438944091632377,estimated
18,semantic_segmentation__controller_runtime_ms_per_epoch,min_meaningful_gain,0.0019362397015874524,0.0019771462508097154,0.0004833608914291818,0.00010898506534416308,0.0,estimated
19,semantic_segmentation__controller_runtime_ms_per_epoch,bayesian_min_observations,-0.00017409121298208265,0.0017093487919562454,0.0004542646478387454,8.220045270362011e-05,0.0006283558608208281,estimated
20,semantic_segmentation__controller_runtime_ms_per_epoch,bayesian_prior_alpha,0.0002980252979975102,0.0019037755310662794,0.00039996802668112053,6.082673514663677e-05,0.00010194272868361035,estimated
21,semantic_segmentation__controller_runtime_ms_per_epoch,max_uncertainty_to_gain_ratio,-0.0003633824931205332,0.0015740288136955364,0.0003298367139053032,5.8317747640067325e-05,0.0006932192070258365,estimated
22,semantic_segmentation__controller_runtime_ms_per_epoch,bootstrap_samples,6.04948690240323e-05,0.0016062473139135172,0.00032962828200468506,4.687366435396876e-05,0.0002691334129806528,estimated
23,semantic_segmentation__controller_runtime_ms_per_epoch,recent_gain_fraction,0.0008482302442479263,0.0015756690744355042,0.0003212991106543505,5.7330373921508735e-05,0.0,estimated
1,semantic_segmentation__energy_saving_q25,min_epochs_floor,0.26662017116462533,0.056506324384697285,0.45448165386139905,0.07147593652569452,0.18786148269677372,estimated
2,semantic_segmentation__energy_saving_q25,noise_multiplier,0.11963779798340593,0.047706430640178474,0.31180942518947913,0.05421805071544015,0.1921716272060732,estimated
3,semantic_segmentation__energy_saving_q25,minimum_quality_floor,0.1401221505948567,0.05055497911882153,0.30623264470903094,0.05726999214983357,0.16611049411417425,estimated
4,semantic_segmentation__energy_saving_q25,utility_quantile,0.139130671912836,0.03982492521885492,0.30066531344756287,0.05613289564359218,0.16153464153472685,estimated
5,semantic_segmentation__energy_saving_q25,trend_window,0.004214803996025068,0.016703405476631034,0.028948130757689296,0.0049090848007842,0.024733326761664228,estimated
6,semantic_segmentation__energy_saving_q25,horizon_epochs,0.0005600709992390557,0.010614229007049801,0.018081825909030645,0.004103892309145611,0.01752175490979159,estimated
7,semantic_segmentation__energy_saving_q25,remaining_room_fraction,-0.003563062676806659,0.008248225915172307,0.006084154599562422,0.0015200892039458351,0.00964721727636908,estimated
8,semantic_segmentation__energy_saving_q25,bayesian_window,-0.00022184902964398487,0.008361849775452563,0.006077290178844307,0.0019217120466510692,0.006299139208488292,estimated
9,semantic_segmentation__energy_saving_q25,patience,0.00018630594122602117,0.006209683108415037,0.004117331642054698,0.000616549801947899,0.003931025700828677,estimated
10,semantic_segmentation__energy_saving_q25,bayesian_confirmation_patience,0.0012914649013246818,0.004224143323423613,0.0021971679013525615,0.0003890642620454731,0.0009057030000278797,estimated
11,semantic_segmentation__energy_saving_q25,min_fit_points,-0.000527515004926154,0.003591951470039825,0.0016343410412209213,0.0003546094746761308,0.002161856046147075,estimated
12,semantic_segmentation__energy_saving_q25,bayesian_probability_limit,0.0002228421178015734,0.0026502941999822687,0.0007821379123778408,0.00013988357662637828,0.0005592957945762674,estimated
13,semantic_segmentation__energy_saving_q25,max_probability_gain_gt_threshold,0.0002446534314832845,0.0027085719848773788,0.0006337146243348541,0.0001761523641381898,0.0003890611928515696,estimated
14,semantic_segmentation__energy_saving_q25,late_stage_relaxation,0.0006036671699432817,0.002117811690553051,0.0004477759327408708,9.84273800301785e-05,0.0,estimated
15,semantic_segmentation__energy_saving_q25,min_meaningful_gain,-0.00012044960635332092,0.0013842336324732616,0.0004350815362697242,0.0001047998859633645,0.000555531142623045,estimated
16,semantic_segmentation__energy_saving_q25,bayesian_prior_strength,-0.0006474603547942698,0.0019058761370417052,0.0004210219938816998,9.610758791870757e-05,0.0010684823486759695,estimated
17,semantic_segmentation__energy_saving_q25,bayesian_samples,0.00011232038381954912,0.0013860375835716763,0.00035753797966376705,7.102026460925514e-05,0.0002452175958442179,estimated
18,semantic_segmentation__energy_saving_q25,bayesian_min_observations,-0.0005020313836638352,0.0016316311421589627,0.0003418287048930873,6.463548697765508e-05,0.0008438600885569225,estimated
19,semantic_segmentation__energy_saving_q25,max_uncertainty_to_gain_ratio,-0.00038103550941740567,0.001413812941263106,0.0002737543209646235,5.3222329316375737e-05,0.0006547898303820292,estimated
20,semantic_segmentation__energy_saving_q25,knn_neighbors,0.0006655943318017851,0.0013688323434188174,0.00023975554836422612,3.9910442489464404e-05,0.0,estimated
21,semantic_segmentation__energy_saving_q25,recent_gain_fraction,0.000664987841535013,0.0013973734652565934,0.0002371332738171707,4.7603586930457894e-05,0.0,estimated
22,semantic_segmentation__energy_saving_q25,bootstrap_samples,0.0009723135509317408,0.001467406205080778,0.00020585907656042445,4.013868332301126e-05,0.0,estimated
23,semantic_segmentation__energy_saving_q25,bayesian_prior_alpha,-0.0007139412713698053,0.0012362435351016528,0.00019257730364424813,2.800156234721959e-05,0.0009065185750140533,estimated
1,semantic_segmentation__joint_success_fraction,min_epochs_floor,0.2166698145797273,0.05525894922668831,0.466212719859359,0.05524082961795816,0.24954290527963172,estimated
2,semantic_segmentation__joint_success_fraction,utility_quantile,0.18790964303084937,0.047167592529663654,0.37163631205455994,0.06330002936555892,0.18372666902371057,estimated
3,semantic_segmentation__joint_success_fraction,noise_multiplier,0.07768019283257806,0.03740304093239597,0.2796966470274018,0.04524871459163504,0.20201645419482378,estimated
4,semantic_segmentation__joint_success_fraction,minimum_quality_floor,0.12881530871996824,0.033937485198207815,0.20118628923336737,0.0269585696928095,0.07237098051339913,estimated
5,semantic_segmentation__joint_success_fraction,remaining_room_fraction,0.03310477914007334,0.023068348255307312,0.06383381200092991,0.01306031845355178,0.03072903286085657,estimated
6,semantic_segmentation__joint_success_fraction,trend_window,0.002981987614332982,0.016325226538566703,0.028293036472945093,0.005392477055124564,0.02531104885861211,estimated
7,semantic_segmentation__joint_success_fraction,horizon_epochs,0.0001263906864100007,0.011259540072274804,0.0165729763175979,0.0028286982640399767,0.016446585631187897,estimated
8,semantic_segmentation__joint_success_fraction,patience,0.002324904708016916,0.008668974875065391,0.014734008783702353,0.0036583782575165427,0.012409104075685438,estimated
9,semantic_segmentation__joint_success_fraction,bayesian_probability_limit,0.0049981279062009,0.006046510977562882,0.00535838826853704,0.0009521420664795418,0.0003602603623361405,estimated
10,semantic_segmentation__joint_success_fraction,bayesian_window,0.002592493545059394,0.005813401065577031,0.003824307915114892,0.0006682255773212132,0.0012318143700554983,estimated
11,semantic_segmentation__joint_success_fraction,min_fit_points,-0.0002464857054247906,0.005488245536490975,0.0035844083744448916,0.0006362548236502306,0.003830894079869682,estimated
12,semantic_segmentation__joint_success_fraction,late_stage_relaxation,0.0024410747022061124,0.005039440750082713,0.0030761314442795053,0.0007876157407265456,0.0006350567420733929,estimated
13,semantic_segmentation__joint_success_fraction,bayesian_confirmation_patience,-0.0004864092071330826,0.0048129383857721635,0.002616963649285245,0.00048012218324831006,0.0031033728564183274,estimated
14,semantic_segmentation__joint_success_fraction,max_probability_gain_gt_threshold,0.0014705351113404013,0.004889262248880823,0.00226127125675879,0.00046770213113892043,0.0007907361454183887,estimated
15,semantic_segmentation__joint_success_fraction,bayesian_prior_strength,0.0015353206819027005,0.003789889123305598,0.001903484368180078,0.0003256006925148245,0.0003681636862773775,estimated
16,semantic_segmentation__joint_success_fraction,bayesian_min_observations,-0.0012562347785183838,0.0031662550422756042,0.0014819515893540784,0.0002742078933685412,0.002738186367872462,estimated
17,semantic_segmentation__joint_success_fraction,knn_neighbors,0.0002426821979825762,0.002913164256995948,0.0012182163422752048,0.0002174481668703487,0.0009755341442926285,estimated
18,semantic_segmentation__joint_success_fraction,bayesian_prior_alpha,0.001584602700745397,0.002917149229411752,0.0011622093177450804,0.00021581155945052296,0.0,estimated
19,semantic_segmentation__joint_success_fraction,bayesian_samples,-0.0001091730806421785,0.0025981129852081226,0.0010423510602328185,0.000208809243493143,0.001151524140874997,estimated
20,semantic_segmentation__joint_success_fraction,min_meaningful_gain,8.942460287247918e-05,0.002241068242911319,0.0007651101683369688,0.00012098801343120445,0.0006756855654644896,estimated
21,semantic_segmentation__joint_success_fraction,recent_gain_fraction,-0.0006334717452220576,0.002432419160390885,0.00075141914384692,0.00015668227278003608,0.0013848908890689775,estimated
22,semantic_segmentation__joint_success_fraction,bootstrap_samples,1.0245253499712754e-05,0.00220864441856444,0.0007248245170972114,0.00011595502918769248,0.0007145792635974987,estimated
23,semantic_segmentation__joint_success_fraction,max_uncertainty_to_gain_ratio,0.0003854497191905665,0.0017608660508050616,0.0005047564818976979,8.653510927072365e-05,0.00011930676270713146,estimated
1,semantic_segmentation__mean_energy_saving_fraction,min_epochs_floor,0.3940698764831061,0.06036720287023628,0.5475253649915158,0.0685510830448633,0.15345548850840973,estimated
2,semantic_segmentation__mean_energy_saving_fraction,noise_multiplier,0.16260639010771832,0.0434465865509988,0.31482388793032784,0.05045725960899076,0.15221749782260952,estimated
3,semantic_segmentation__mean_energy_saving_fraction,utility_quantile,0.17056292508450197,0.03945792805825007,0.28912688072229464,0.04912245679942504,0.11856395563779268,estimated
4,semantic_segmentation__mean_energy_saving_fraction,minimum_quality_floor,0.049578457514117935,0.02704094640004025,0.09610025153235427,0.018446200620525353,0.046521794018236334,estimated
5,semantic_segmentation__mean_energy_saving_fraction,trend_window,0.002870045051159896,0.014102627368212797,0.02168080585025971,0.003555679599085652,0.018810760799099813,estimated
6,semantic_segmentation__mean_energy_saving_fraction,horizon_epochs,0.0010518961849830329,0.011282509024562485,0.015664304498295138,0.0029583600378676016,0.014612408313312106,estimated
7,semantic_segmentation__mean_energy_saving_fraction,remaining_room_fraction,-0.0015444815552974685,0.008397255687222601,0.006986330323076524,0.001934067694867708,0.008530811878373993,estimated
8,semantic_segmentation__mean_energy_saving_fraction,bayesian_window,-0.0002339620595138038,0.007551705256478157,0.006232650413622385,0.0016717762199552207,0.006466612473136188,estimated
9,semantic_segmentation__mean_energy_saving_fraction,patience,0.0006227887208869132,0.0047365981835899565,0.003602633734182605,0.0005078938045704514,0.002979845013295692,estimated
10,semantic_segmentation__mean_energy_saving_fraction,bayesian_confirmation_patience,0.0007649534113678444,0.0038394418829839827,0.0018511519226405212,0.0002982761604772453,0.0010861985112726768,estimated
11,semantic_segmentation__mean_energy_saving_fraction,bayesian_probability_limit,0.0013436256964144487,0.003131503300405943,0.0015000052313759672,0.00028546794433671264,0.00015637953496151855,estimated
12,semantic_segmentation__mean_energy_saving_fraction,min_fit_points,-0.001036646957861292,0.002988906888738215,0.0012707519333101966,0.00022778912958605412,0.0023073988911714886,estimated
13,semantic_segmentation__mean_energy_saving_fraction,max_probability_gain_gt_threshold,-7.428567070578259e-05,0.00259723200535631,0.0005518116645582153,0.00010446862964462091,0.0006260973352639979,estimated
14,semantic_segmentation__mean_energy_saving_fraction,late_stage_relaxation,0.0008538998872537371,0.0019086119545122428,0.00040014425511432437,8.659832057872883e-05,0.0,estimated
15,semantic_segmentation__mean_energy_saving_fraction,bayesian_samples,0.0005491710089948899,0.001583633573791447,0.00035387790217788226,6.49508391444022e-05,0.0,estimated
16,semantic_segmentation__mean_energy_saving_fraction,bayesian_prior_strength,-0.0006821415381112922,0.0017728720664234423,0.0003427907593439709,6.275209099185154e-05,0.0010249322974552632,estimated
17,semantic_segmentation__mean_energy_saving_fraction,min_meaningful_gain,0.00047403386990360727,0.0012432942994344456,0.0002999913092535708,7.255823132992056e-05,0.0,estimated
18,semantic_segmentation__mean_energy_saving_fraction,bayesian_min_observations,2.8669678142827652e-05,0.0013671472039445212,0.0002927246229220663,5.568701621680595e-05,0.0002640549447792387,estimated
19,semantic_segmentation__mean_energy_saving_fraction,knn_neighbors,8.823962134637432e-05,0.0015135838081425448,0.0002850593004651818,6.055602758870288e-05,0.0001968196791188075,estimated
20,semantic_segmentation__mean_energy_saving_fraction,max_uncertainty_to_gain_ratio,-0.000558652461579135,0.0012104105733193927,0.00020379235948107075,4.105718112497206e-05,0.0007624448210602058,estimated
21,semantic_segmentation__mean_energy_saving_fraction,recent_gain_fraction,0.0006187347337790629,0.0012120713159995324,0.0001999581012031162,4.613554049030551e-05,0.0,estimated
22,semantic_segmentation__mean_energy_saving_fraction,bayesian_prior_alpha,-0.0008738183470219923,0.0012220466738334216,0.00018621005398413243,2.9562900180809392e-05,0.0010600284010061248,estimated
23,semantic_segmentation__mean_energy_saving_fraction,bootstrap_samples,0.0006201165818684784,0.0011207961853249644,0.00014982199340124913,2.841689645506567e-05,0.0,estimated
1,semantic_segmentation__mean_quality_regret_pp,min_epochs_floor,0.4183579676066336,0.07426045146481963,0.6405572246063252,0.09338726704768457,0.22219925699969167,estimated
2,semantic_segmentation__mean_quality_regret_pp,noise_multiplier,0.1172268673876032,0.04243824834288155,0.3097087938257739,0.05542543898068594,0.1924819264381707,estimated
3,semantic_segmentation__mean_quality_regret_pp,utility_quantile,0.10201939824233634,0.03893611855651704,0.2483645088076784,0.05155060013610533,0.14634511056534205,estimated
4,semantic_segmentation__mean_quality_regret_pp,minimum_quality_floor,0.05292277111372284,0.030579168320516766,0.13474536150818642,0.030144669205233572,0.08182259039446357,estimated
5,semantic_segmentation__mean_quality_regret_pp,trend_window,0.001278426319450476,0.014736824151581937,0.022680396152675166,0.004629997559352679,0.02140196983322469,estimated
6,semantic_segmentation__mean_quality_regret_pp,horizon_epochs,0.0011723310765122282,0.010061952597548052,0.017751433618260423,0.004569107808547221,0.016579102541748193,estimated
7,semantic_segmentation__mean_quality_regret_pp,bayesian_window,0.0008445338651468655,0.007770596058895548,0.006671886472419934,0.0016350017535829038,0.005827352607273069,estimated
8,semantic_segmentation__mean_quality_regret_pp,patience,-0.00039370951384484374,0.005404068096163508,0.003757182151165538,0.0006166342370324092,0.004150891665010382,estimated
9,semantic_segmentation__mean_quality_regret_pp,remaining_room_fraction,-0.0023687493170384865,0.00561849168511418,0.0028728219455488838,0.0008664813298801853,0.005241571262587371,estimated
10,semantic_segmentation__mean_quality_regret_pp,bayesian_confirmation_patience,0.0010575325518073716,0.0044438378222992694,0.0022682602605891187,0.00038193027021605775,0.001210727708781747,estimated
11,semantic_segmentation__mean_quality_regret_pp,min_fit_points,-0.0001638723138366976,0.003302474715827302,0.0015501835005839002,0.00039359110084790776,0.0017140558144205977,estimated
12,semantic_segmentation__mean_quality_regret_pp,bayesian_probability_limit,0.0007627742461597967,0.002631780603648411,0.0010654976995772899,0.00022084695859021956,0.0003027234534174932,estimated
13,semantic_segmentation__mean_quality_regret_pp,max_probability_gain_gt_threshold,-0.0010695726144643062,0.0031426327898395555,0.0006932633963555679,0.00019823650391467934,0.0017628360108198741,estimated
14,semantic_segmentation__mean_quality_regret_pp,min_meaningful_gain,0.0008139841718957149,0.0014141033025470383,0.0003868252974536235,0.0001279113990609826,0.0,estimated
15,semantic_segmentation__mean_quality_regret_pp,bayesian_prior_strength,-0.0010783367574907598,0.0018007576902038167,0.0003487937186658695,8.409596072994234e-05,0.0014271304761566293,estimated
16,semantic_segmentation__mean_quality_regret_pp,bayesian_samples,0.0004858576471808931,0.0015407684939464353,0.00033489833377051283,7.004619301197335e-05,0.0,estimated
17,semantic_segmentation__mean_quality_regret_pp,knn_neighbors,-0.00010182806156387339,0.0013555793206302602,0.00020295905321059932,3.994868199349667e-05,0.0003047871147744727,estimated
18,semantic_segmentation__mean_quality_regret_pp,late_stage_relaxation,6.808576120474348e-05,0.0012850679807398374,0.0001917286134195061,4.422333095075236e-05,0.00012364285221476263,estimated
19,semantic_segmentation__mean_quality_regret_pp,max_uncertainty_to_gain_ratio,-0.0005080712852211447,0.0012356077660900945,0.00017918000667988172,3.938613519451755e-05,0.0006872512919010264,estimated
20,semantic_segmentation__mean_quality_regret_pp,bayesian_min_observations,6.711693467213075e-05,0.0010207274607286416,0.0001697279733419965,3.184449568323381e-05,0.00010261103866986574,estimated
21,semantic_segmentation__mean_quality_regret_pp,bayesian_prior_alpha,-0.000981715867189091,0.001136851040106926,0.0001647091694639121,2.8709381570822467e-05,0.001146425036653003,estimated
22,semantic_segmentation__mean_quality_regret_pp,bootstrap_samples,0.0003328548304940628,0.0011303251957603727,0.0001623266742276093,3.764154838327315e-05,0.0,estimated
23,semantic_segmentation__mean_quality_regret_pp,recent_gain_fraction,0.00070819067529522,0.000947847980024885,0.00014526826847681044,3.2818852886298536e-05,0.0,estimated
1,semantic_segmentation__mean_stop_epoch,min_epochs_floor,0.3932899504196942,0.05922615782139,0.5465052997366706,0.06472036626693699,0.1532153493169764,estimated
2,semantic_segmentation__mean_stop_epoch,noise_multiplier,0.1629445033657337,0.04370544701266612,0.3151364074443842,0.049286366643306746,0.1521919040786505,estimated
3,semantic_segmentation__mean_stop_epoch,utility_quantile,0.17102669611541002,0.04164125048494821,0.2895610804067668,0.04947026400252267,0.11853438429135679,estimated
4,semantic_segmentation__mean_stop_epoch,minimum_quality_floor,0.049708097135840575,0.02810305029198337,0.09631380151611234,0.017938792293914443,0.04660570438027176,estimated
5,semantic_segmentation__mean_stop_epoch,trend_window,0.002859059458690535,0.013463117534335553,0.02166161007948608,0.00377587364523686,0.018802550620795545,estimated
6,semantic_segmentation__mean_stop_epoch,horizon_epochs,0.0010437204461145762,0.010698175709477313,0.015663124914963113,0.0029399497552456007,0.014619404468848537,estimated
7,semantic_segmentation__mean_stop_epoch,remaining_room_fraction,-0.0015397450413844086,0.007403505235291621,0.007021086987860946,0.0016137518053190164,0.008560832029245355,estimated
8,semantic_segmentation__mean_stop_epoch,bayesian_window,-0.00022180936093985348,0.007989714537311779,0.006230841438380233,0.001724724106581116,0.0064526507993200866,estimated
9,semantic_segmentation__mean_stop_epoch,patience,0.0006321471634241286,0.005479895308059999,0.0036104284675789,0.0005237415579953246,0.002978281304154771,estimated
10,semantic_segmentation__mean_stop_epoch,bayesian_confirmation_patience,0.0007675073250421284,0.003685098990697881,0.001852376628576046,0.0002884409304813853,0.0010848693035339176,estimated
11,semantic_segmentation__mean_stop_epoch,bayesian_probability_limit,0.0013502340874840786,0.003494364065486975,0.001506148468699656,0.00026648211531199825,0.0001559143812155774,estimated
12,semantic_segmentation__mean_stop_epoch,min_fit_points,-0.0010386540686247306,0.00340435717308979,0.0012708286711681342,0.0002255009468556024,0.002309482739792865,estimated
13,semantic_segmentation__mean_stop_epoch,max_probability_gain_gt_threshold,-7.761766467725604e-05,0.0025078863609197632,0.0005531064978132312,0.0001036760904778721,0.0006307241624904873,estimated
14,semantic_segmentation__mean_stop_epoch,late_stage_relaxation,0.0008614366335604133,0.0019248380059877816,0.0004025471556622882,9.259383556429134e-05,0.0,estimated
15,semantic_segmentation__mean_stop_epoch,bayesian_samples,0.0005496333181080587,0.0016470473569846784,0.00035346012035185223,6.51771852684251e-05,0.0,estimated
16,semantic_segmentation__mean_stop_epoch,bayesian_prior_strength,-0.0006810906306998783,0.0017143597808187588,0.00034333428220540264,6.66801209675367e-05,0.0010244249129052808,estimated
17,semantic_segmentation__mean_stop_epoch,min_meaningful_gain,0.00047485492377935567,0.001340979282543622,0.000300123386300228,8.209356775293954e-05,0.0,estimated
18,semantic_segmentation__mean_stop_epoch,bayesian_min_observations,2.8201952801784946e-05,0.0015058990578662836,0.00029381866942119935,5.207622772718529e-05,0.0002656167166194144,estimated
19,semantic_segmentation__mean_stop_epoch,knn_neighbors,9.194681701817946e-05,0.001368954444535907,0.0002857980619911376,5.724920329035491e-05,0.00019385124497295816,estimated
20,semantic_segmentation__mean_stop_epoch,max_uncertainty_to_gain_ratio,-0.0005547219017267346,0.0011801974210055319,0.00020397651946264027,4.3846443406653584e-05,0.0007586984211893749,estimated
21,semantic_segmentation__mean_stop_epoch,recent_gain_fraction,0.0006160075437352086,0.001153413712622652,0.00020017383803558211,4.3502263905287514e-05,0.0,estimated
22,semantic_segmentation__mean_stop_epoch,bayesian_prior_alpha,-0.0008694926804660495,0.0012344222984047887,0.0001868006294186044,3.190236016315137e-05,0.001056293309884654,estimated
23,semantic_segmentation__mean_stop_epoch,bootstrap_samples,0.0006215815224182454,0.0010771841678527225,0.00015017109286858286,2.7799921389302565e-05,0.0,estimated
1,semantic_segmentation__mean_stop_epoch_fraction,min_epochs_floor,0.39328995041969533,0.05940878727354856,0.5465052997366717,0.06918646281563029,0.1532153493169764,estimated
2,semantic_segmentation__mean_stop_epoch_fraction,noise_multiplier,0.16294450336573388,0.04759136996540373,0.31513640744438404,0.049395394892119804,0.15219190407865016,estimated
3,semantic_segmentation__mean_stop_epoch_fraction,utility_quantile,0.1710266961154096,0.04154964816607174,0.2895610804067661,0.04761479881287171,0.11853438429135649,estimated
4,semantic_segmentation__mean_stop_epoch_fraction,minimum_quality_floor,0.04970809713584052,0.02945096509842574,0.0963138015161122,0.01979096859864376,0.04660570438027168,estimated
5,semantic_segmentation__mean_stop_epoch_fraction,trend_window,0.0028590594586904217,0.0141313932014738,0.021661610079486106,0.003688689238178149,0.018802550620795683,estimated
6,semantic_segmentation__mean_stop_epoch_fraction,horizon_epochs,0.0010437204461146415,0.010487348787071665,0.01566312491496298,0.0031106989492131294,0.01461940446884834,estimated
7,semantic_segmentation__mean_stop_epoch_fraction,remaining_room_fraction,-0.0015397450413843293,0.0076429982265198695,0.007021086987860938,0.0018536744110998463,0.008560832029245267,estimated
8,semantic_segmentation__mean_stop_epoch_fraction,bayesian_window,-0.000221809360939911,0.007896282869479344,0.006230841438380209,0.001730099928889515,0.0064526507993201195,estimated
9,semantic_segmentation__mean_stop_epoch_fraction,patience,0.0006321471634241298,0.00537381544382549,0.00361042846757889,0.0005062388247260562,0.00297828130415476,estimated
10,semantic_segmentation__mean_stop_epoch_fraction,bayesian_confirmation_patience,0.0007675073250420261,0.003939284942108508,0.0018523766285760306,0.0003268233503545628,0.0010848693035340044,estimated
11,semantic_segmentation__mean_stop_epoch_fraction,bayesian_probability_limit,0.0013502340874839982,0.003260408984468543,0.0015061484686996467,0.0002639121121009521,0.0001559143812156485,estimated
12,semantic_segmentation__mean_stop_epoch_fraction,min_fit_points,-0.0010386540686248005,0.0032356077292110146,0.0012708286711681203,0.00024114593109588083,0.002309482739792921,estimated
13,semantic_segmentation__mean_stop_epoch_fraction,max_probability_gain_gt_threshold,-7.761766467727916e-05,0.0026234301099174982,0.000553106497813228,0.00010414953262357049,0.0006307241624905071,estimated
14,semantic_segmentation__mean_stop_epoch_fraction,late_stage_relaxation,0.000861436633560341,0.001866987378166692,0.00040254715566229084,9.577857492499485e-05,0.0,estimated
15,semantic_segmentation__mean_stop_epoch_fraction,bayesian_samples,0.0005496333181080637,0.0014639405177829367,0.0003534601203518502,7.113014611344936e-05,0.0,estimated
16,semantic_segmentation__mean_stop_epoch_fraction,bayesian_prior_strength,-0.0006810906306999393,0.001668627795924579,0.0003433342822053975,6.941192053888671e-05,0.0010244249129053367,estimated
17,semantic_segmentation__mean_stop_epoch_fraction,min_meaningful_gain,0.00047485492377933713,0.0012282675896592712,0.00030012338630023275,7.743165295841218e-05,0.0,estimated
18,semantic_segmentation__mean_stop_epoch_fraction,bayesian_min_observations,2.8201952801812827e-05,0.0015849292843965923,0.00029381866942119865,5.234692227133858e-05,0.00026561671661938583,estimated
19,semantic_segmentation__mean_stop_epoch_fraction,knn_neighbors,9.194681701805571e-05,0.0015069701653571948,0.000285798061991136,5.953282846593431e-05,0.00019385124497308027,estimated
20,semantic_segmentation__mean_stop_epoch_fraction,max_uncertainty_to_gain_ratio,-0.0005547219017267239,0.0011990191887842404,0.00020397651946263865,4.000653565179757e-05,0.0007586984211893625,estimated
21,semantic_segmentation__mean_stop_epoch_fraction,recent_gain_fraction,0.0006160075437352129,0.0011346416410111379,0.00020017383803558168,4.2014011866573216e-05,0.0,estimated
22,semantic_segmentation__mean_stop_epoch_fraction,bayesian_prior_alpha,-0.0008694926804659723,0.0012138656079896332,0.00018680062941859953,2.9684286874736818e-05,0.0010562933098845718,estimated
23,semantic_segmentation__mean_stop_epoch_fraction,bootstrap_samples,0.0006215815224182542,0.0010699032361660744,0.00015017109286858015,2.801446625703815e-05,0.0,estimated
1,semantic_segmentation__noninferiority_success_fraction,min_epochs_floor,0.46336914299409837,0.07024178148423466,0.7082360675015495,0.09812450335185022,0.24486692450745118,estimated
2,semantic_segmentation__noninferiority_success_fraction,noise_multiplier,0.10019247500159088,0.042139969440554696,0.2987725643307414,0.05233039914268188,0.1985800893291505,estimated
3,semantic_segmentation__noninferiority_success_fraction,utility_quantile,0.10471465159717805,0.04233627822542541,0.2707592389702326,0.0515081192012523,0.16604458737305453,estimated
4,semantic_segmentation__noninferiority_success_fraction,minimum_quality_floor,0.008644820146127134,0.018870599750951324,0.04524867119919123,0.011817214859069936,0.036603851053064095,estimated
5,semantic_segmentation__noninferiority_success_fraction,trend_window,0.0006947112026420763,0.013855208589461062,0.024405664500300225,0.005045608618688135,0.023710953297658148,estimated
6,semantic_segmentation__noninferiority_success_fraction,horizon_epochs,0.0017132155114765056,0.009327849521465903,0.0153884392431005,0.003780034049662496,0.013675223731623994,estimated
7,semantic_segmentation__noninferiority_success_fraction,bayesian_window,-0.0004827028404731389,0.008586587097918905,0.006075650792445962,0.0015774714963621744,0.006558353632919101,estimated
8,semantic_segmentation__noninferiority_success_fraction,patience,0.0008233817537152192,0.005114596675315833,0.003886472564582542,0.0007586214386639785,0.0030630908108673226,estimated
9,semantic_segmentation__noninferiority_success_fraction,bayesian_confirmation_patience,0.00028257942458173775,0.004304095855231387,0.0021863748136924915,0.00041729812838794294,0.0019037953891107538,estimated
10,semantic_segmentation__noninferiority_success_fraction,min_fit_points,-3.859727803480456e-06,0.0030896597972168336,0.0013034595838508228,0.0003728348024015785,0.0013073193116543032,estimated
11,semantic_segmentation__noninferiority_success_fraction,remaining_room_fraction,-0.0005172965143956267,0.0034020985697718925,0.0010209634052499464,0.0003010411268238752,0.001538259919645573,estimated
12,semantic_segmentation__noninferiority_success_fraction,bayesian_probability_limit,0.0009620502602094906,0.002456079757584125,0.0007546762805075226,0.00017873136473999635,0.0,estimated
13,semantic_segmentation__noninferiority_success_fraction,max_probability_gain_gt_threshold,-0.0016330263188709727,0.0029524719395597355,0.0006942635221811074,0.00019006226993035648,0.00232728984105208,estimated
14,semantic_segmentation__noninferiority_success_fraction,bayesian_prior_strength,-0.0014195450750890488,0.0018344377287136525,0.000385120383494305,9.796593367379782e-05,0.0018046654585833538,estimated
15,semantic_segmentation__noninferiority_success_fraction,bayesian_samples,0.0006483863043380579,0.001413295602674467,0.0003278832543032312,6.697716574200888e-05,0.0,estimated
16,semantic_segmentation__noninferiority_success_fraction,min_meaningful_gain,0.001367349517681955,0.001289260217490062,0.00032719828798458606,9.872115200563978e-05,0.0,estimated
17,semantic_segmentation__noninferiority_success_fraction,knn_neighbors,-0.0007914503943725695,0.0014306131784301472,0.0002336888105122156,4.309117912378177e-05,0.0010251392048847851,estimated
18,semantic_segmentation__noninferiority_success_fraction,max_uncertainty_to_gain_ratio,-0.0006616844440221113,0.0009834344319535645,0.00018660815672183017,3.7085152112322746e-05,0.0008482926007439415,estimated
19,semantic_segmentation__noninferiority_success_fraction,bayesian_min_observations,0.00025674181926805303,0.0011246481368630814,0.00017879708951757902,4.182247535056924e-05,0.0,estimated
20,semantic_segmentation__noninferiority_success_fraction,late_stage_relaxation,-0.00015154277409400112,0.0013411347517972687,0.00016529249511999274,4.5056000381588224e-05,0.0003168352692139939,estimated
21,semantic_segmentation__noninferiority_success_fraction,recent_gain_fraction,0.0010739455291922998,0.0010640582285258134,0.00016363114540081944,3.783774193296836e-05,0.0,estimated
22,semantic_segmentation__noninferiority_success_fraction,bayesian_prior_alpha,-0.0009974122350878494,0.001098337868200438,0.00013857426948601933,2.3119406496528197e-05,0.0011359865045738687,estimated
23,semantic_segmentation__noninferiority_success_fraction,bootstrap_samples,0.0005774522815053408,0.0009676426215800605,0.00013632236895136563,3.434386935985704e-05,0.0,estimated
1,semantic_segmentation__quality_cvar90_normalized,min_epochs_floor,0.49949363412248937,0.07147572645329642,0.6886926668009578,0.08403647236442083,0.18919903267846838,estimated
2,semantic_segmentation__quality_cvar90_normalized,noise_multiplier,0.12981311047509655,0.04514380187984553,0.2912238928336046,0.041024866836856404,0.16141078235850806,estimated
3,semantic_segmentation__quality_cvar90_normalized,utility_quantile,0.11913045918129972,0.03533596216411345,0.24343605504560314,0.04201368753038181,0.12430559586430343,estimated
4,semantic_segmentation__quality_cvar90_normalized,trend_window,0.0007049194849558862,0.015739065600661097,0.025649451356757082,0.004392596175416646,0.024944531871801196,estimated
5,semantic_segmentation__quality_cvar90_normalized,horizon_epochs,0.004840190183273153,0.010691583347624392,0.017133899720125113,0.0034513140805208288,0.01229370953685196,estimated
6,semantic_segmentation__quality_cvar90_normalized,minimum_quality_floor,0.0008587483183698597,0.010985334127691215,0.014653969401937276,0.0034923701959132117,0.013795221083567417,estimated
7,semantic_segmentation__quality_cvar90_normalized,bayesian_window,-0.004885218057598331,0.008140088240056234,0.0066640805846325,0.0015871460607311861,0.01154929864223083,estimated
8,semantic_segmentation__quality_cvar90_normalized,patience,0.0010177755786712171,0.00556894703064297,0.004092731117890354,0.0007158183867352233,0.003074955539219137,estimated
9,semantic_segmentation__quality_cvar90_normalized,remaining_room_fraction,-0.0013962351297938025,0.005654830200731044,0.003073612374764261,0.0008270500871482185,0.004469847504558064,estimated
10,semantic_segmentation__quality_cvar90_normalized,bayesian_confirmation_patience,7.906413060637923e-05,0.004372164991492287,0.002247142857652274,0.00037824532527674904,0.0021680787270458948,estimated
11,semantic_segmentation__quality_cvar90_normalized,min_fit_points,-0.0006151032964251638,0.0032393527396745773,0.0013871954089796593,0.00030816407766334644,0.002002298705404823,estimated
12,semantic_segmentation__quality_cvar90_normalized,bayesian_probability_limit,0.0015773887571595825,0.0031802905917213374,0.0013834572895362418,0.00032805929577465294,0.0,estimated
13,semantic_segmentation__quality_cvar90_normalized,max_probability_gain_gt_threshold,-0.0023721856626442877,0.003367401431101624,0.0009090681896489084,0.00024872459467897514,0.003281253852293196,estimated
14,semantic_segmentation__quality_cvar90_normalized,bayesian_samples,0.0008796676307014602,0.001575089987633877,0.0003690476114828427,5.896247977993878e-05,0.0,estimated
15,semantic_segmentation__quality_cvar90_normalized,min_meaningful_gain,0.0010324955447106052,0.0014045952363441604,0.00035710117003068904,0.0001405324359007057,0.0,estimated
16,semantic_segmentation__quality_cvar90_normalized,bayesian_prior_strength,-0.0009797289638228976,0.0015949597488724976,0.00031928699109639983,6.916945234247079e-05,0.0012990159549192974,estimated
17,semantic_segmentation__quality_cvar90_normalized,knn_neighbors,-0.0007195746813169821,0.001432748245352583,0.0002653566811169538,5.0325853786472406e-05,0.0009849313624339358,estimated
18,semantic_segmentation__quality_cvar90_normalized,bayesian_prior_alpha,-0.0009790359979747606,0.0014393471700722687,0.0002423929226066563,5.205142289117865e-05,0.001221428920581417,estimated
19,semantic_segmentation__quality_cvar90_normalized,max_uncertainty_to_gain_ratio,-0.0008001736889007649,0.0012974953909821677,0.00021926651060500595,4.655051704631234e-05,0.0010194401995057708,estimated
20,semantic_segmentation__quality_cvar90_normalized,late_stage_relaxation,0.00012099803685603387,0.001358692170189305,0.00020072854588998977,4.3287070195600344e-05,7.97305090339559e-05,estimated
21,semantic_segmentation__quality_cvar90_normalized,bayesian_min_observations,0.0008550220312983967,0.0012289098603108543,0.00018845849017669767,3.764114327460005e-05,0.0,estimated
22,semantic_segmentation__quality_cvar90_normalized,bootstrap_samples,0.0004520080213757146,0.0011220801663338576,0.0001476636262282827,2.9964746483975138e-05,0.0,estimated
23,semantic_segmentation__quality_cvar90_normalized,recent_gain_fraction,0.0005995626272866689,0.0009107150591168194,0.00013212128202380442,2.5775153684468424e-05,0.0,estimated
