mean_quality_regret,median_energy_saving_fraction,metric_maximum_quality_regret,metric_mean_energy_saving_fraction,metric_mean_quality_regret,metric_median_energy_saving_fraction,metric_minimum_energy_saving_fraction,metric_quality_constraint,metric_worst_normalized_quality_regret,param_bootstrap_samples,param_horizon_epochs,param_knn_neighbors,param_late_stage_relaxation,param_max_probability_gain_gt_threshold,param_max_uncertainty_to_gain_ratio,param_min_epochs_floor,param_min_fit_points,param_min_meaningful_gain,param_noise_multiplier,param_patience,param_recent_gain_fraction,param_remaining_room_fraction,param_trend_window,param_utility_quantile,pareto_optimal,study,trial_number,worst_normalized_quality_regret
0.02108885293503615,0.32806462259676955,0.06939999999999996,0.3237035424674859,0.02108885293503615,0.32806462259676955,0.0,0.03352650202915529,1.9345757711278435,96,6,3,0.34532934090191253,0.37659441083745143,7.071100288425448,13,15,2.5212053944983145e-06,1.2160346269051154,7,0.6527071957672586,0.0038265241338148615,11,0.3676820653546015,0,po-rapec-quality-energy-only-20260731-loto-image_classification,0,1.9345757711278435
0.03871771006249812,0.5748058531133289,0.08857999999999994,0.5344753302595588,0.03871771006249812,0.5748058531133289,0.36624840152856203,0.052706502029155264,4.147423570367287,32,11,12,0.4801947210004962,0.3558598323596611,3.7301618874820397,32,11,7.314066865993742e-05,2.5749147267393617,2,0.349728549777376,0.0033370640303653624,11,0.1972828810281682,0,po-rapec-quality-energy-only-20260731-loto-image_classification,1,4.147423570367287
0.03852040561247363,0.5957220251832205,0.08594999999999997,0.5341146173080632,0.03852040561247363,0.5957220251832205,0.24356790999363295,0.0500765020291553,12.039357013089377,128,3,7,0.3367825672838484,0.32121173654863566,4.791530739384418,38,17,3.3640906716079704e-05,1.4520216571514162,3,0.25049848722259715,0.013702692625043601,8,0.32114427470593987,0,po-rapec-quality-energy-only-20260731-loto-image_classification,2,12.039357013089377
0.012668018292963108,0.11122196116642231,0.05347999999999997,0.17138052970416487,0.012668018292963108,0.11122196116642231,0.0,0.0176065020291553,1.4907941244944822,64,14,5,0.4839052417409893,0.353927513007347,5.682615803846028,36,10,1.3890861737271453e-06,0.8530347179644908,4,0.7224460570663869,0.00616060052678966,11,0.49229442616280394,0,po-rapec-quality-energy-only-20260731-loto-image_classification,3,1.4907941244944822
0.03348693575516449,0.5023940475229841,0.05441999999999997,0.5145773134709835,0.03348693575516449,0.5023940475229841,0.3373813641427911,0.04129253957603757,12.723201362927131,64,12,8,0.10354862217937223,0.0868732207159198,7.981421173069399,16,15,7.012689061092045e-06,0.8829722813279612,2,0.44644482687575204,0.07367018160147387,13,0.36196433976867254,0,po-rapec-quality-energy-only-20260731-loto-image_classification,4,12.723201362927131
0.015378849684688986,0.19030117880663872,0.04645395786363745,0.2681199181348795,0.015378849684688986,0.19030117880663872,0.0,0.040865254865468915,8.312117834649793,32,8,15,0.7261084344651517,0.13435971000234898,1.9067560000609607,19,14,4.723481555554678e-06,1.3848243090451091,3,0.35745473210667966,0.027323426823367414,6,0.4718377151575248,0,po-rapec-quality-energy-only-20260731-loto-image_classification,5,8.312117834649793
0.03981141677447891,0.596282922655295,0.08594999999999997,0.5412932570827657,0.03981141677447891,0.596282922655295,0.38739298735771643,0.0500765020291553,6.7373277726487295,96,13,10,0.5002964085636878,0.41370731097002683,4.1848854783592175,31,10,0.0003084584431586423,1.4800436158139016,3,0.10099257784218824,0.03905941124271632,6,0.17511533758207748,0,po-rapec-quality-energy-only-20260731-loto-image_classification,6,6.7373277726487295
0.020544038887568512,0.2958349334878076,0.06939999999999996,0.321729207189227,0.020544038887568512,0.2958349334878076,0.07643484126526558,0.03352650202915529,1.9345757711278435,192,10,3,0.24960201542410929,0.32398416522326146,6.482781214525644,27,12,0.00017251491896873544,2.515286349276147,7,0.14656444684015965,0.011749464658603414,7,0.23477906272187216,0,po-rapec-quality-energy-only-20260731-loto-image_classification,7,1.9345757711278435
0.0373985162890334,0.592029759146194,0.08594999999999997,0.47684001185621755,0.0373985162890334,0.592029759146194,0.0,0.0500765020291553,8.388572910310224,32,9,9,0.4232370455080405,0.1164469464666988,7.341124632629784,18,18,2.7543343580640396e-05,2.7089992509642267,2,0.6527286236758048,0.001517323943346777,7,0.19181097525185842,0,po-rapec-quality-energy-only-20260731-loto-image_classification,8,8.388572910310224
0.03249554201420826,0.551025888663464,0.06939999999999996,0.48404460297076984,0.03249554201420826,0.551025888663464,0.1445596501231503,0.03352650202915529,12.039357013089377,64,7,10,0.21348554418322369,0.09286550100841864,3.2402084531302746,19,12,1.9531836229749657e-05,2.3399136230423503,6,0.41202578893105213,0.03127415152352018,17,0.45056406516474357,0,po-rapec-quality-energy-only-20260731-loto-image_classification,9,12.039357013089377
0.04020642917060269,0.5889839413840949,0.07274999999999998,0.5768583903363119,0.04020642917060269,0.5889839413840949,0.5182226031586021,0.03687650202915531,11.09676074709681,192,4,14,0.20816075345865437,0.20396812812084048,1.9852157830268315,31,16,4.046102083243496e-06,0.9793920055358508,7,0.539648423803972,0.07972380192073783,19,0.47985963914471297,0,po-rapec-quality-energy-only-20260731-loto-image_classification,10,11.09676074709681
0.014514532389928642,0.2295915793721613,0.05067999999999995,0.2248805576912699,0.014514532389928642,0.2295915793721613,0.0,0.014806502029155275,3.3677391746296634,192,13,9,0.47948644871833135,0.15115984362319748,7.086410778986013,39,13,0.0005628462746811397,1.4864856319954975,4,0.24356003301982942,0.019809241582800848,12,0.3169415370606848,0,po-rapec-quality-energy-only-20260731-loto-image_classification,11,3.3677391746296634
0.0,0.0,0.0,0.0,0.0,0.0,0.0,-0.0027052939757986508,0.0,128,4,6,0.41452381737976907,0.1410290444810116,2.6496537337886323,37,18,7.317840259770498e-05,1.3932819177680424,7,0.6834472049898949,0.07951135592238279,24,0.05828293110366632,1,po-rapec-quality-energy-only-20260731-loto-image_classification,12,0.0
0.02254317767599671,0.41851186138921986,0.06939999999999996,0.35385262206496937,0.02254317767599671,0.41851186138921986,0.0,0.03352650202915529,1.9363613973365315,32,7,14,0.81943853052421,0.301642642877875,5.052674045477334,11,17,4.5796599341401093e-05,1.4465442765218681,5,0.5997848265566733,0.0020132737938461814,13,0.37600208568484245,0,po-rapec-quality-energy-only-20260731-loto-image_classification,13,1.9363613973365315
0.017592508657898166,0.34788832082387394,0.05347999999999997,0.3369465072909863,0.017592508657898166,0.34788832082387394,0.1942957214190693,0.0176065020291553,2.7649490469115108,192,5,6,0.499153579677221,0.3687187606835646,6.3257032698380335,10,19,4.6675219732704054e-05,1.049174258017606,6,0.4688162939648811,0.020439808616699265,10,0.22865410577096268,0,po-rapec-quality-energy-only-20260731-loto-image_classification,14,2.7649490469115108
0.000279999999999984,0.0,0.0016799999999999038,0.029307699797282025,0.000279999999999984,0.0,0.0,-0.001025293975798747,0.6210045987715395,192,3,9,0.007273075554029418,0.21135124934810945,3.127010686441655,27,9,4.4223660819557115e-05,0.868976008883811,3,0.2449823393223972,0.002081313393731117,24,0.16915021292508212,0,po-rapec-quality-energy-only-20260731-loto-image_classification,15,0.6210045987715395
0.02814656646521536,0.4572715648084405,0.08594999999999997,0.41164618736917785,0.02814656646521536,0.4572715648084405,0.0,0.0500765020291553,8.505545129603506,192,5,7,0.06643456338494567,0.13628878090523147,5.5385653552208645,32,13,6.168378528873864e-05,2.552206845208239,6,0.12201690285239641,0.04795359092517332,13,0.1689086852595889,0,po-rapec-quality-energy-only-20260731-loto-image_classification,16,8.505545129603506
0.018899804039985906,0.3384264340100279,0.05067999999999995,0.2882208445349303,0.018899804039985906,0.3384264340100279,0.0,0.032064220924477554,6.7373277726487295,192,10,14,0.38309495915804653,0.1730616898779609,3.8667631776648155,38,8,0.00038026504935810204,0.8162601557584097,2,0.7152504690830501,0.02434307478746678,16,0.47145633104910456,0,po-rapec-quality-energy-only-20260731-loto-image_classification,17,6.7373277726487295
0.005012132619424616,0.07708657657104843,0.017499272480562156,0.167460975972014,0.005012132619424616,0.07708657657104843,0.0,0.0022660433090095737,1.28622108194947,128,9,11,0.8189945533197279,0.23803736491056932,7.542044349045726,24,18,0.0006632208878954472,0.8679541744607753,2,0.47363529499839985,0.017745565306338872,19,0.2679403730411418,0,po-rapec-quality-energy-only-20260731-loto-image_classification,18,1.28622108194947
0.045365463180440053,0.5982720636803811,0.08594999999999997,0.5981136274129749,0.045365463180440053,0.5982720636803811,0.5937328841581345,0.0500765020291553,12.039357013089377,64,7,14,0.2565445192964221,0.1904065964181978,6.5063795738353445,39,18,1.0871226619548646e-05,2.7569254510544203,2,0.7396608385747424,0.016941938734418717,23,0.4957996961687425,0,po-rapec-quality-energy-only-20260731-loto-image_classification,19,12.039357013089377
0.02615648615257356,0.41578681406569407,0.05648621208986371,0.37683739508159647,0.02615648615257356,0.41578681406569407,0.05746060171378818,0.03400418991944569,2.9329049666598626,32,8,4,0.7863313359944867,0.2023009426750566,6.362682793135713,32,8,0.0005363229181944222,1.3080907697241981,4,0.41213613114603187,0.01104146400580118,7,0.06790454812552636,0,po-rapec-quality-energy-only-20260731-loto-image_classification,20,2.9329049666598626
0.01923477209104962,0.4209895152878369,0.05067999999999995,0.3566455919633657,0.01923477209104962,0.4209895152878369,0.019065487056995515,0.015081980652592905,3.6986548860326622,32,14,4,0.520369685857367,0.32756864241813644,4.455340681177996,9,16,3.941062028729359e-05,1.5026114116592342,2,0.6902980689723464,0.011980233871812514,19,0.2880895434191804,0,po-rapec-quality-energy-only-20260731-loto-image_classification,21,3.6986548860326622
0.0,0.0,0.0,0.0,0.0,0.0,0.0,-0.0027052939757986508,0.0,96,14,9,0.5266247607639659,0.17405247584195527,6.150737706294037,32,13,7.325495096938993e-05,0.9448948213257714,5,0.5586864862458961,0.0016719805822536914,20,0.17545332051181672,1,po-rapec-quality-energy-only-20260731-loto-image_classification,22,0.0
0.02091503029519574,0.36631303819241373,0.05347999999999997,0.33763493117163507,0.02091503029519574,0.36631303819241373,0.009560391316508064,0.0176065020291553,1.9363613973365315,64,14,9,0.3008468803812108,0.23995316709003361,5.404291468088633,21,8,0.000326601128224367,1.942102838164424,2,0.5629900138849814,0.00133333824617322,14,0.19312060247746587,0,po-rapec-quality-energy-only-20260731-loto-image_classification,23,1.9363613973365315
0.0,0.0,0.0,0.0,0.0,0.0,0.0,-0.0027052939757986508,0.0,32,9,9,0.40007386046799703,0.0594298496279663,3.513556591642165,39,14,1.406552743547534e-05,0.8697313713390136,7,0.6334384967079986,0.0025451482292334886,16,0.32903555636652243,1,po-rapec-quality-energy-only-20260731-loto-image_classification,24,0.0
0.034347072279140294,0.5393423950302392,0.08857999999999994,0.4871885097971665,0.034347072279140294,0.5393423950302392,0.23404042990152432,0.052706502029155264,4.724070697798037,128,6,13,0.21829650296171313,0.3649668989619543,4.061601266848041,11,18,2.2891402786813584e-06,2.833511426565165,5,0.5422740616945724,0.01371079246731263,7,0.3155435665152274,0,po-rapec-quality-energy-only-20260731-loto-image_classification,25,4.724070697798037
0.035788787064619514,0.5855268571811613,0.07274999999999998,0.5014343827797989,0.035788787064619514,0.5855268571811613,0.08873509048026754,0.03687650202915531,10.209611320280269,64,7,12,0.2505240931629543,0.425303170407742,3.6775234967351462,34,12,0.0006561258369450978,2.804523980534887,7,0.207646420164169,0.0781457886871962,24,0.3469933760970085,0,po-rapec-quality-energy-only-20260731-loto-image_classification,26,10.209611320280269
0.002787065731783195,0.0,0.01672239439069917,0.05992161571491197,0.002787065731783195,0.0,0.0,-0.0027052939757986508,0.743811845035123,64,15,10,0.5737204587532738,0.2315819673657475,6.127160109726303,38,8,2.6607478225334853e-06,2.9381003960157575,8,0.14137008226065217,0.011390316927797746,17,0.06584375559245834,0,po-rapec-quality-energy-only-20260731-loto-image_classification,27,0.743811845035123
0.0,0.0,0.0,0.0,0.0,0.0,0.0,-0.0027052939757986508,0.0,64,12,15,0.7830432412324437,0.38023792892044056,4.486094828699359,37,17,1.4991935286786222e-05,0.7626326912820992,8,0.31288195346877945,0.007657144237907481,7,0.2662549847121198,1,po-rapec-quality-energy-only-20260731-loto-image_classification,28,0.0
0.0,0.0,0.0,0.0,0.0,0.0,0.0,-0.0027052939757986508,0.0,64,10,13,0.8074454469112439,0.06068837082641152,1.6332965895896687,30,6,1.6100870664000396e-06,2.0010288378888585,6,0.49520614344949454,0.001792100521436324,8,0.34046244347163673,1,po-rapec-quality-energy-only-20260731-loto-image_classification,29,0.0
0.0,0.0,0.0,0.0,0.0,0.0,0.0,-0.0027052939757986508,0.0,192,9,4,0.0326382449152199,0.06912480202123095,3.8030605803288573,13,6,6.766072885242129e-05,1.8584900718538018,7,0.7155474704984082,0.0036116795472184065,20,0.050965658762377825,1,po-rapec-quality-energy-only-20260731-loto-image_classification,30,0.0
0.047488491136668455,0.6284650558571487,0.08857999999999994,0.6282717523165121,0.047488491136668455,0.6284650558571487,0.6240455674031136,0.052706502029155264,12.723201362927131,96,12,13,0.1223825670954494,0.39414744968985377,7.863149611300468,32,16,1.7800437689115337e-06,2.3489650019681902,3,0.22406868840659144,0.003682668828533859,22,0.3876174173076773,0,po-rapec-quality-energy-only-20260731-loto-image_classification,31,12.723201362927131
0.017213177675996717,0.28859200529299445,0.05067999999999995,0.27447176234090814,0.017213177675996717,0.28859200529299445,0.0,0.014806502029155275,1.9363613973365315,64,12,4,0.014373349888897491,0.17443493205242333,3.308739757153865,24,17,0.0006324427454284965,2.887722035675768,8,0.5156650632954861,0.005573717938616659,10,0.40864378611125524,0,po-rapec-quality-energy-only-20260731-loto-image_classification,32,1.9363613973365315
0.012308027347225803,0.23264847778618286,0.04020999999999997,0.232305103980055,0.012308027347225803,0.23264847778618286,0.0,0.004336502029155295,1.28622108194947,192,12,3,0.7226675771118557,0.14784535942402832,4.630043528031806,36,9,4.1451441115283384e-06,2.396884733652753,7,0.20959092249371586,0.005887368141784676,18,0.18668052147953412,0,po-rapec-quality-energy-only-20260731-loto-image_classification,33,1.28622108194947
0.01120545857446272,0.2027102997496722,0.037839999999999985,0.20925685142943626,0.01120545857446272,0.2027102997496722,0.0,0.0022660433090095737,1.28622108194947,96,7,7,0.563749385393692,0.28323678428899857,4.409741686021489,26,14,6.228178544372028e-06,1.167438149742294,8,0.6744736674180155,0.0016912061097082627,20,0.2647539115000879,0,po-rapec-quality-energy-only-20260731-loto-image_classification,34,1.28622108194947
0.02605407706030249,0.4803823103443997,0.06939999999999996,0.45770986330024566,0.02605407706030249,0.4803823103443997,0.2679885121226349,0.03352650202915529,12.675147435641229,64,8,14,0.638135090268709,0.29707938010384183,4.3916098027540516,32,19,2.552287024938578e-06,1.3061671325282904,5,0.28528387600224014,0.05835600453854438,18,0.48326852967494605,0,po-rapec-quality-energy-only-20260731-loto-image_classification,35,12.675147435641229
0.02472795304120635,0.49067269394196267,0.05502999999999997,0.42702824244858534,0.02472795304120635,0.49067269394196267,0.1445596501231503,0.019156502029155295,2.9329049666598626,96,14,4,0.2840492085644264,0.3669165197256684,7.955621254097135,12,19,4.142720613143308e-06,2.5504265975948552,8,0.1351795662182167,0.04492289360010521,22,0.21262683329394672,0,po-rapec-quality-energy-only-20260731-loto-image_classification,36,2.9329049666598626
0.04159932472201395,0.6278117352755276,0.08857999999999994,0.5461114746199032,0.04159932472201395,0.6278117352755276,0.13597590510494906,0.052706502029155264,12.723201362927131,32,8,9,0.1054263609422582,0.3484377605970213,1.825887100855927,24,6,0.0006255087475169995,1.6554783858970912,3,0.10888613077334865,0.0020480933275126185,19,0.327960605444401,0,po-rapec-quality-energy-only-20260731-loto-image_classification,37,12.723201362927131
0.04134946988307225,0.6025003057819663,0.08594999999999997,0.561312651077699,0.04134946988307225,0.6025003057819663,0.40738288986919036,0.0500765020291553,8.388572910310224,128,6,5,0.2073832152025362,0.1258548258544812,6.416388625524124,22,18,0.00013376082569676112,1.4307915807088314,2,0.13208382908183003,0.018065025609615294,7,0.13832901401343314,0,po-rapec-quality-energy-only-20260731-loto-image_classification,38,8.388572910310224
0.02207440521602982,0.3818566844873208,0.05067999999999995,0.3631742212598276,0.02207440521602982,0.3818566844873208,0.0,0.040865254865468915,8.312117834649793,32,12,6,0.4913548073534867,0.08255396922334265,2.3365405738037826,25,10,0.0001237865399991777,1.6420626498711948,2,0.6121890106625753,0.03386447126411246,17,0.15070675418525908,0,po-rapec-quality-energy-only-20260731-loto-image_classification,39,8.312117834649793
0.0,0.0,0.0,0.0,0.0,0.0,0.0,-0.0027052939757986508,0.0,192,12,10,0.7226675771118557,0.14784535942402832,4.630043528031806,36,8,2.6607478225334853e-06,2.396884733652753,8,0.20959092249371586,0.005887368141784676,18,0.06584375559245834,1,po-rapec-quality-energy-only-20260731-loto-image_classification,40,0.0
0.0473148770538733,0.6188303060017994,0.08857999999999994,0.6185520698722909,0.0473148770538733,0.6188303060017994,0.6142254235962514,0.052706502029155264,12.675147435641229,96,14,4,0.2840492085644264,0.3927779589116363,5.682615803846028,12,10,4.142720613143308e-06,2.5504265975948552,4,0.1351795662182167,0.00616060052678966,22,0.49229442616280394,0,po-rapec-quality-energy-only-20260731-loto-image_classification,41,12.675147435641229
0.022179940681403054,0.4124676405486235,0.05441999999999997,0.342381517873396,0.022179940681403054,0.4124676405486235,0.009497760288141435,0.027314706024201284,11.09676074709681,192,15,6,0.5737204587532738,0.3687187606835646,6.3257032698380335,10,8,2.6607478225334853e-06,2.9381003960157575,6,0.14137008226065217,0.01865580364227501,17,0.06584375559245834,0,po-rapec-quality-energy-only-20260731-loto-image_classification,42,11.09676074709681
0.018452381390692985,0.4479217514642626,0.05441999999999997,0.3642000002284494,0.018452381390692985,0.4479217514642626,0.09826444447098714,0.018546502029155296,2.2030374388234573,64,12,3,0.7226675771118557,0.14784535942402832,4.630043528031806,12,19,4.1451441115283384e-06,2.7346522456596483,8,0.20959092249371586,0.005887368141784676,18,0.18668052147953412,0,po-rapec-quality-energy-only-20260731-loto-image_classification,43,2.2030374388234573
0.0,0.0,0.0,0.0,0.0,0.0,0.0,-0.0027052939757986508,0.0,192,5,9,0.5266247607639659,0.06912480202123095,6.150737706294037,32,13,7.325495096938993e-05,1.8584900718538018,5,0.7155474704984082,0.0016719805822536914,20,0.050965658762377825,1,po-rapec-quality-energy-only-20260731-loto-image_classification,44,0.0
0.01156666666666666,0.0,0.06939999999999996,0.10037809983182366,0.01156666666666666,0.0,0.0,0.03352650202915529,1.9345757711278435,64,3,13,0.8074454469112439,0.21135124934810945,3.127010686441655,27,9,4.4223660819557115e-05,2.0010288378888585,6,0.49520614344949454,0.002081313393731117,8,0.16915021292508212,0,po-rapec-quality-energy-only-20260731-loto-image_classification,45,1.9345757711278435
0.02607460845137897,0.39242657689550126,0.06939999999999996,0.37563631046143975,0.02607460845137897,0.39242657689550126,0.09905240148156998,0.03352650202915529,3.3677391746296634,96,10,13,0.2840492085644264,0.3669165197256684,1.6332965895896687,30,6,1.6100870664000396e-06,2.0010288378888585,6,0.1351795662182167,0.019243351886817455,8,0.21262683329394672,0,po-rapec-quality-energy-only-20260731-loto-image_classification,46,3.3677391746296634
0.042774298652007624,0.615929321822585,0.08857999999999994,0.5396464222077686,0.042774298652007624,0.615929321822585,0.12692947137990954,0.052706502029155264,12.675147435641229,32,7,4,0.2565445192964221,0.3561858621249524,6.5063795738353445,9,16,3.941062028729359e-05,2.7569254510544203,2,0.6902980689723464,0.016941938734418717,23,0.2880895434191804,0,po-rapec-quality-energy-only-20260731-loto-image_classification,47,12.675147435641229
0.0,0.0,0.0,0.0,0.0,0.0,0.0,-0.0027052939757986508,0.0,192,12,15,0.007273075554029418,0.21135124934810945,4.486094828699359,37,9,1.4991935286786222e-05,0.7626326912820992,8,0.31288195346877945,0.002081313393731117,24,0.15224056127498586,1,po-rapec-quality-energy-only-20260731-loto-image_classification,48,0.0
0.001247539833262053,0.0,0.007485238999572319,0.06683692859721263,0.001247539833262053,0.0,0.0,-0.0027052939757986508,0.3329433154559131,96,6,3,0.34532934090191253,0.10527093496354123,7.071100288425448,26,6,6.228178544372028e-06,1.2160346269051154,8,0.6744736674180155,0.0038265241338148615,20,0.3676820653546015,0,po-rapec-quality-energy-only-20260731-loto-image_classification,49,0.3329433154559131
0.020483354385121666,0.4558600460318841,0.05441999999999997,0.3398455583919646,0.020483354385121666,0.4558600460318841,0.0,0.020304706024201268,8.505545129603506,128,4,6,0.563749385393692,0.1410290444810116,4.409741686021489,37,11,7.317840259770498e-05,1.3932819177680424,7,0.6834472049898949,0.0016912061097082627,24,0.2647539115000879,0,po-rapec-quality-energy-only-20260731-loto-image_classification,50,8.505545129603506
0.04134946988307225,0.6025003057819663,0.08594999999999997,0.561312651077699,0.04134946988307225,0.6025003057819663,0.40738288986919036,0.0500765020291553,8.388572910310224,128,6,5,0.2073832152025362,0.1258548258544812,6.416388625524124,22,18,0.00013376082569676112,1.4307915807088314,2,0.13208382908183003,0.018065025609615294,7,0.13832901401343314,0,po-rapec-quality-energy-only-20260731-loto-image_classification,51,8.388572910310224
0.011761607348069738,0.06798795255247453,0.05067999999999995,0.14695953121419722,0.011761607348069738,0.06798795255247453,0.0,0.014806502029155275,1.4127420760916292,192,9,4,0.40007386046799703,0.06912480202123095,3.8030605803288573,13,6,6.766072885242129e-05,1.8584900718538018,7,0.6334384967079986,0.0036116795472184065,11,0.32903555636652243,0,po-rapec-quality-energy-only-20260731-loto-image_classification,52,1.4127420760916292
0.011363212080093684,0.00966038564895008,0.05067999999999995,0.125863158444306,0.011363212080093684,0.00966038564895008,0.0,0.014806502029155275,1.4127420760916292,64,14,14,0.43551280850452934,0.23995316709003361,7.154374854271967,21,17,0.000326601128224367,1.4465442765218681,5,0.5629900138849814,0.001998708673371896,14,0.19312060247746587,0,po-rapec-quality-energy-only-20260731-loto-image_classification,53,1.4127420760916292
0.016551360680559124,0.3364676995675141,0.05347999999999997,0.2886839460569495,0.016551360680559124,0.3364676995675141,0.0,0.0176065020291553,1.4907941244944822,32,15,4,0.8719693363006716,0.32756864241813644,4.455340681177996,9,16,4.142720613143308e-06,1.5026114116592342,2,0.1351795662182167,0.011980233871812514,22,0.2880895434191804,0,po-rapec-quality-energy-only-20260731-loto-image_classification,54,1.4907941244944822
0.03487382983411036,0.5855268571811613,0.07274999999999998,0.4980235055404439,0.03487382983411036,0.5855268571811613,0.08873509048026754,0.03687650202915531,11.09676074709681,96,6,3,0.34532934090191253,0.37659441083745143,7.955621254097135,13,19,2.5212053944983145e-06,2.5504265975948552,7,0.6527071957672586,0.0038265241338148615,22,0.3676820653546015,0,po-rapec-quality-energy-only-20260731-loto-image_classification,55,11.09676074709681
0.0,0.0,0.0,0.0,0.0,0.0,0.0,-0.0027052939757986508,0.0,128,10,3,0.41452381737976907,0.1410290444810116,2.6496537337886323,27,12,7.262115431463333e-05,2.515286349276147,7,0.6834472049898949,0.07951135592238279,24,0.05828293110366632,1,po-rapec-quality-energy-only-20260731-loto-image_classification,56,0.0
0.03807832085903821,0.6072622716166651,0.08857999999999994,0.5490402627503346,0.03807832085903821,0.6072622716166651,0.21282841120826893,0.052706502029155264,13.536421670842282,32,9,9,0.5266247607639659,0.17405247584195527,7.341124632629784,32,18,2.7543343580640396e-05,2.7089992509642267,2,0.6527286236758048,0.0016719805822536914,12,0.19181097525185842,0,po-rapec-quality-energy-only-20260731-loto-image_classification,57,13.536421670842282
0.0328570722791403,0.5669083390031044,0.06939999999999996,0.49208662922383173,0.0328570722791403,0.5669083390031044,0.24356790999363295,0.03352650202915529,12.039357013089377,64,8,14,0.638135090268709,0.29707938010384183,7.341124632629784,18,18,2.7543343580640396e-05,1.3061671325282904,5,0.5324834409464735,0.05835600453854438,7,0.19181097525185842,0,po-rapec-quality-energy-only-20260731-loto-image_classification,58,12.039357013089377
0.0007183333333333208,0.0,0.004309999999999925,0.03769472481501895,0.0007183333333333208,0.0,0.0,0.0016047060242012742,1.5931725123246676,192,3,9,0.007273075554029418,0.21135124934810945,7.955621254097135,12,19,4.4223660819557115e-05,2.5504265975948552,8,0.2449823393223972,0.002081313393731117,22,0.16915021292508212,0,po-rapec-quality-energy-only-20260731-loto-image_classification,59,1.5931725123246676
0.0002950358646364078,0.0,0.0017702151878184469,0.021154911896651588,0.0002950358646364078,0.0,0.0,-0.0027052939757986508,0.31674883929215086,64,12,15,0.5737204587532738,0.38023792892044056,6.127160109726303,38,17,1.4991935286786222e-05,0.7626326912820992,8,0.14137008226065217,0.011390316927797746,17,0.2662549847121198,0,po-rapec-quality-energy-only-20260731-loto-image_classification,60,0.31674883929215086
0.0370830275329028,0.5803652916114703,0.08594999999999997,0.5113703144322179,0.0370830275329028,0.5803652916114703,0.3261408481073139,0.0500765020291553,6.48599684923343,128,8,7,0.3367825672838484,0.32121173654863566,4.791530739384418,38,15,3.3640906716079704e-05,1.4520216571514162,3,0.25049848722259715,0.013702692625043601,8,0.32114427470593987,0,po-rapec-quality-energy-only-20260731-loto-image_classification,61,6.48599684923343
0.006275487320441015,0.004748880144070718,0.03765292392264609,0.11641355632876971,0.006275487320441015,0.004748880144070718,0.0,0.032064220924477554,6.7373277726487295,32,14,15,0.7261084344651517,0.353927513007347,5.682615803846028,36,10,4.723481555554678e-06,0.8530347179644908,3,0.35745473210667966,0.027323426823367414,20,0.4718377151575248,0,po-rapec-quality-energy-only-20260731-loto-image_classification,62,6.7373277726487295
0.007742326310606242,0.0,0.04645395786363745,0.11305214865192335,0.007742326310606242,0.0,0.0,0.040865254865468915,8.312117834649793,32,14,15,0.7261084344651517,0.13435971000234898,1.9067560000609607,19,16,3.941062028729359e-05,1.5026114116592342,3,0.6902980689723464,0.027323426823367414,6,0.4718377151575248,0,po-rapec-quality-energy-only-20260731-loto-image_classification,63,8.312117834649793
0.000602096419141262,0.0,0.0036125785148475725,0.03707398705547411,0.000602096419141262,0.0,0.0,-0.0019761244833209624,0.6464073177679052,64,12,11,0.8189945533197279,0.305418551186703,4.486094828699359,24,18,1.4991935286786222e-05,0.7626326912820992,8,0.31288195346877945,0.017745565306338872,7,0.2679403730411418,0,po-rapec-quality-energy-only-20260731-loto-image_classification,64,0.6464073177679052
0.02472795304120635,0.49067269394196267,0.05502999999999997,0.42702824244858534,0.02472795304120635,0.49067269394196267,0.1445596501231503,0.019156502029155295,2.9329049666598626,96,14,4,0.2840492085644264,0.3669165197256684,7.955621254097135,12,19,4.142720613143308e-06,2.5504265975948552,8,0.1351795662182167,0.04492289360010521,22,0.21262683329394672,0,po-rapec-quality-energy-only-20260731-loto-image_classification,65,2.9329049666598626
0.02207440521602982,0.3818566844873208,0.05067999999999995,0.3631742212598276,0.02207440521602982,0.3818566844873208,0.0,0.040865254865468915,8.312117834649793,32,12,6,0.4913548073534867,0.08255396922334265,2.3365405738037826,25,10,7.328909938017837e-05,1.6420626498711948,2,0.6121890106625753,0.03386447126411246,17,0.15070675418525908,0,po-rapec-quality-energy-only-20260731-loto-image_classification,66,8.312117834649793
0.0027183333333333135,0.00480675150947328,0.012469999999999926,0.08735967896645704,0.0027183333333333135,0.00480675150947328,0.0,0.009764706024201274,4.609480563500889,128,5,6,0.499153579677221,0.1410290444810116,6.3257032698380335,10,19,4.6675219732704054e-05,1.049174258017606,3,0.4688162939648811,0.020439808616699265,10,0.05828293110366632,0,po-rapec-quality-energy-only-20260731-loto-image_classification,67,4.609480563500889
0.01556160055952921,0.2924080534230462,0.059779999999999944,0.29353289899570856,0.01556160055952921,0.2924080534230462,0.008650597747081842,0.02390650202915527,1.6664112334008998,96,15,4,0.5737204587532738,0.3669165197256684,7.955621254097135,38,19,4.142720613143308e-06,2.5504265975948552,8,0.14137008226065217,0.04492289360010521,17,0.21262683329394672,0,po-rapec-quality-energy-only-20260731-loto-image_classification,68,1.6664112334008998
0.0,0.0,0.0,0.0,0.0,0.0,0.0,-0.0027052939757986508,0.0,64,12,15,0.7830432412324437,0.28323678428899857,2.3487819220859696,37,14,1.4991935286786222e-05,0.7626326912820992,8,0.31288195346877945,0.0016912061097082627,7,0.2647539115000879,1,po-rapec-quality-energy-only-20260731-loto-image_classification,69,0.0
0.018885030295195743,0.30469353766173984,0.05347999999999997,0.30313663426732335,0.018885030295195743,0.30469353766173984,0.0,0.0176065020291553,1.9363613973365315,64,12,3,0.014373349888897491,0.37659441083745143,3.308739757153865,13,17,2.5212053944983145e-06,2.887722035675768,8,0.6527071957672586,0.005573717938616659,10,0.40864378611125524,0,po-rapec-quality-energy-only-20260731-loto-image_classification,70,1.9363613973365315
0.02028854549382857,0.3414882325117009,0.05067999999999995,0.36536502670153914,0.02028854549382857,0.3414882325117009,0.21604132616506222,0.014806502029155275,1.9363613973365315,192,10,14,0.38309495915804653,0.1730616898779609,7.086410778986013,38,8,0.0005628462746811397,1.4864856319954975,2,0.7152504690830501,0.019809241582800848,16,0.3169415370606848,0,po-rapec-quality-energy-only-20260731-loto-image_classification,71,1.9363613973365315
0.040024762503936016,0.5889839413840949,0.07274999999999998,0.5734281730866254,0.040024762503936016,0.5889839413840949,0.4976412996604831,0.03687650202915531,11.09676074709681,192,4,14,0.38309495915804653,0.20396812812084048,3.8667631776648155,31,16,0.00038026504935810204,0.8162601557584097,7,0.539648423803972,0.07972380192073783,19,0.47145633104910456,0,po-rapec-quality-energy-only-20260731-loto-image_classification,72,11.09676074709681
0.011829878746760355,0.014328788353937728,0.05347999999999997,0.13569004845706834,0.011829878746760355,0.014328788353937728,0.0,0.0176065020291553,1.4907941244944822,192,12,15,0.7830432412324437,0.38023792892044056,4.486094828699359,39,17,1.4991935286786222e-05,0.7626326912820992,7,0.31288195346877945,0.005887368141784676,7,0.18668052147953412,0,po-rapec-quality-energy-only-20260731-loto-image_classification,73,1.4907941244944822
0.0,0.0,0.0,0.0,0.0,0.0,0.0,-0.0027052939757986508,0.0,96,14,9,0.5266247607639659,0.17405247584195527,6.150737706294037,32,13,7.325495096938993e-05,0.9448948213257714,5,0.5586864862458961,0.0016719805822536914,20,0.17545332051181672,1,po-rapec-quality-energy-only-20260731-loto-image_classification,74,0.0
0.0002950358646364078,0.02873030085689409,0.0017702151878184469,0.03948080092491862,0.0002950358646364078,0.02873030085689409,0.0,-0.0027052939757986508,0.31674883929215086,128,9,11,0.5266247607639659,0.23803736491056932,7.542044349045726,32,13,0.0006632208878954472,0.8679541744607753,5,0.5586864862458961,0.017745565306338872,20,0.17545332051181672,1,po-rapec-quality-energy-only-20260731-loto-image_classification,75,0.31674883929215086
0.034347072279140294,0.5393423950302392,0.08857999999999994,0.4871885097971665,0.034347072279140294,0.5393423950302392,0.23404042990152432,0.052706502029155264,4.724070697798037,128,6,13,0.21829650296171313,0.3649668989619543,4.061601266848041,11,18,2.2891402786813584e-06,2.833511426565165,5,0.5422740616945724,0.01371079246731263,7,0.3155435665152274,0,po-rapec-quality-energy-only-20260731-loto-image_classification,76,4.724070697798037
0.01990403888756852,0.30159707633150723,0.06939999999999996,0.28947895631914466,0.01990403888756852,0.30159707633150723,0.0,0.03352650202915529,1.9345757711278435,64,12,15,0.7226675771118557,0.38023792892044056,4.630043528031806,36,17,1.4991935286786222e-05,2.396884733652753,7,0.20959092249371586,0.005887368141784676,7,0.18668052147953412,0,po-rapec-quality-energy-only-20260731-loto-image_classification,77,1.9345757711278435
0.013994999999999988,0.0,0.07274999999999998,0.15997544400453165,0.013994999999999988,0.0,0.0,0.03687650202915531,4.147423570367287,192,3,9,0.007273075554029418,0.23803736491056932,3.127010686441655,27,9,4.4223660819557115e-05,0.8679541744607753,3,0.47363529499839985,0.002081313393731117,19,0.16915021292508212,0,po-rapec-quality-energy-only-20260731-loto-image_classification,78,4.147423570367287
0.0,0.0,0.0,0.0,0.0,0.0,0.0,-0.0027052939757986508,0.0,64,10,13,0.7736934494444573,0.06068837082641152,4.3916098027540516,30,19,2.552287024938578e-06,1.3061671325282904,6,0.28528387600224014,0.001792100521436324,8,0.48326852967494605,1,po-rapec-quality-energy-only-20260731-loto-image_classification,79,0.0
0.013736927031102538,0.2735688972012639,0.05067999999999995,0.2476239646191116,0.013736927031102538,0.2735688972012639,0.019065487056995515,0.014806502029155275,1.4127420760916292,128,9,15,0.7830432412324437,0.38023792892044056,7.542044349045726,37,17,1.4991935286786222e-05,0.8679541744607753,2,0.31288195346877945,0.017745565306338872,19,0.2679403730411418,0,po-rapec-quality-energy-only-20260731-loto-image_classification,80,1.4127420760916292
0.0033662988475464117,0.2056132692888989,0.009539999999999937,0.17464348690508125,0.0033662988475464117,0.2056132692888989,0.0,0.006834706024201286,3.526418971595706,96,14,9,0.5266247607639659,0.17405247584195527,6.150737706294037,32,12,7.325495096938993e-05,0.9448948213257714,7,0.7939672227229818,0.07951135592238279,20,0.17545332051181672,0,po-rapec-quality-energy-only-20260731-loto-image_classification,81,3.526418971595706
0.0,0.0,0.0,0.0,0.0,0.0,0.0,-0.0027052939757986508,0.0,64,9,4,0.43551280850452934,0.23995316709003361,3.8030605803288573,13,17,6.766072885242129e-05,1.4465442765218681,5,0.7155474704984082,0.0036116795472184065,20,0.050965658762377825,1,po-rapec-quality-energy-only-20260731-loto-image_classification,82,0.0
0.0,0.0,0.0,0.0,0.0,0.0,0.0,-0.0027052939757986508,0.0,192,12,9,0.41452381737976907,0.1410290444810116,4.630043528031806,36,12,7.262115431463333e-05,2.515286349276147,8,0.20959092249371586,0.005887368141784676,18,0.06584375559245834,1,po-rapec-quality-energy-only-20260731-loto-image_classification,83,0.0
0.015611886626717239,0.2596738829922428,0.05347999999999997,0.2381933097867305,0.015611886626717239,0.2596738829922428,0.0,0.0176065020291553,3.6986548860326622,128,12,6,0.8189945533197279,0.305418551186703,4.486094828699359,10,18,1.4991935286786222e-05,1.049174258017606,3,0.6332476230569026,0.017745565306338872,10,0.05828293110366632,0,po-rapec-quality-energy-only-20260731-loto-image_classification,84,3.6986548860326622
0.013198354385121652,0.2770007589288922,0.03629999999999994,0.24496397579826815,0.013198354385121652,0.2770007589288922,0.0,0.015303017991610473,2.9329049666598626,128,5,11,0.5266247607639659,0.23803736491056932,7.542044349045726,32,19,4.6675219732704054e-05,1.049174258017606,5,0.5586864862458961,0.017745565306338872,20,0.17545332051181672,0,po-rapec-quality-energy-only-20260731-loto-image_classification,85,2.9329049666598626
0.019736599969774504,0.15396138997182432,0.08594999999999997,0.21871198681085502,0.019736599969774504,0.15396138997182432,0.0,0.0500765020291553,2.395919128651847,192,12,3,0.5266247607639659,0.06912480202123095,6.150737706294037,12,19,7.325495096938993e-05,2.7346522456596483,5,0.7155474704984082,0.0016719805822536914,14,0.050965658762377825,0,po-rapec-quality-energy-only-20260731-loto-image_classification,86,2.395919128651847
0.045365463180440053,0.5982720636803811,0.08594999999999997,0.5981136274129749,0.045365463180440053,0.5982720636803811,0.5937328841581345,0.0500765020291553,12.039357013089377,192,3,13,0.007273075554029418,0.21135124934810945,7.955621254097135,12,19,2.552287024938578e-06,2.5504265975948552,6,0.3082268023152076,0.002081313393731117,22,0.48326852967494605,0,po-rapec-quality-energy-only-20260731-loto-image_classification,87,12.039357013089377
0.0,0.0,0.0,0.011165715219462987,0.0,0.0,0.0,-0.0027052939757986508,0.0,128,4,6,0.41452381737976907,0.1410290444810116,2.6496537337886323,21,18,4.222418549245097e-06,1.3932819177680424,7,0.6834472049898949,0.07951135592238279,9,0.05828293110366632,1,po-rapec-quality-energy-only-20260731-loto-image_classification,88,0.0
0.008446666666666658,0.0,0.05067999999999995,0.06749685580125088,0.008446666666666658,0.0,0.0,0.014806502029155275,1.4127420760916292,64,12,11,0.7226675771118557,0.305418551186703,4.630043528031806,36,9,1.4991935286786222e-05,0.7626326912820992,7,0.31288195346877945,0.005887368141784676,7,0.2679403730411418,0,po-rapec-quality-energy-only-20260731-loto-image_classification,89,1.4127420760916292
0.008446666666666658,0.0,0.05067999999999995,0.06251312696243003,0.008446666666666658,0.0,0.0,0.014806502029155275,1.4127420760916292,64,10,13,0.8074454469112439,0.38023792892044056,1.6332965895896687,12,17,1.4991935286786222e-05,0.9937395845122203,6,0.31288195346877945,0.001792100521436324,7,0.34046244347163673,0,po-rapec-quality-energy-only-20260731-loto-image_classification,90,1.4127420760916292
0.014237381390692997,0.26868046877279794,0.05441999999999997,0.24375163220657237,0.014237381390692997,0.26868046877279794,0.0,0.018546502029155296,1.5169973121725826,192,12,11,0.7226675771118557,0.14784535942402832,4.630043528031806,36,13,0.0006632208878954472,2.396884733652753,8,0.20959092249371586,0.017745565306338872,18,0.17545332051181672,0,po-rapec-quality-energy-only-20260731-loto-image_classification,91,1.5169973121725826
0.0,0.0,0.0,0.0,0.0,0.0,0.0,-0.0027052939757986508,0.0,192,9,4,0.38309495915804653,0.06912480202123095,7.636000409430745,38,6,6.766072885242129e-05,1.4864856319954975,2,0.7155474704984082,0.0036116795472184065,16,0.050965658762377825,1,po-rapec-quality-energy-only-20260731-loto-image_classification,92,0.0
0.0,0.0,0.0,0.0,0.0,0.0,0.0,-0.0027052939757986508,0.0,64,15,15,0.5737204587532738,0.21135124934810945,4.486094828699359,37,8,2.6607478225334853e-06,0.7626326912820992,8,0.14137008226065217,0.011390316927797746,17,0.06584375559245834,1,po-rapec-quality-energy-only-20260731-loto-image_classification,93,0.0
0.0,0.0,0.0,0.0,0.0,0.0,0.0,-0.0027052939757986508,0.0,32,9,9,0.5266247607639659,0.0594298496279663,7.542044349045726,39,13,0.0006632208878954472,0.8697313713390136,7,0.6334384967079986,0.0025451482292334886,16,0.32903555636652243,1,po-rapec-quality-energy-only-20260731-loto-image_classification,94,0.0
0.002320364967730998,0.0,0.013922189806385987,0.06170158423674906,0.002320364967730998,0.0,0.0,-0.0027052939757986508,0.6192587882376919,192,12,15,0.0326382449152199,0.06912480202123095,3.8030605803288573,39,6,1.4991935286786222e-05,1.8584900718538018,7,0.7155474704984082,0.005887368141784676,20,0.18668052147953412,0,po-rapec-quality-energy-only-20260731-loto-image_classification,95,0.6192587882376919
0.0,0.0,0.0,0.0,0.0,0.0,0.0,-0.0027052939757986508,0.0,64,12,15,0.7830432412324437,0.28323678428899857,4.409741686021489,26,14,6.228178544372028e-06,0.7626326912820992,8,0.6744736674180155,0.0016912061097082627,7,0.2647539115000879,1,po-rapec-quality-energy-only-20260731-loto-image_classification,96,0.0
0.004613737351448562,0.0,0.017499272480562156,0.13500507827647457,0.004613737351448562,0.0,0.0,0.0022660433090095737,1.28622108194947,96,7,7,0.563749385393692,0.17405247584195527,6.150737706294037,26,13,7.325495096938993e-05,0.9448948213257714,5,0.5152681579654297,0.0016719805822536914,19,0.2647539115000879,0,po-rapec-quality-energy-only-20260731-loto-image_classification,97,1.28622108194947
0.014751580965486342,0.2587691251098798,0.05502999999999997,0.2534982463149555,0.014751580965486342,0.2587691251098798,0.0,0.019156502029155295,1.5340015084317755,32,12,9,0.5266247607639659,0.305418551186703,6.150737706294037,24,13,7.325495096938993e-05,1.8584900718538018,8,0.7155474704984082,0.017745565306338872,20,0.2679403730411418,0,po-rapec-quality-energy-only-20260731-loto-image_classification,98,1.5340015084317755
0.005012132619424616,0.07708657657104843,0.017499272480562156,0.167460975972014,0.005012132619424616,0.07708657657104843,0.0,0.0022660433090095737,1.28622108194947,128,9,11,0.8189945533197279,0.23803736491056932,7.542044349045726,40,18,0.0006632208878954472,0.8679541744607753,2,0.5831123034566086,0.017745565306338872,19,0.2679403730411418,0,po-rapec-quality-energy-only-20260731-loto-image_classification,99,1.28622108194947
0.0,0.0,0.0,0.0,0.0,0.0,0.0,-0.0027052939757986508,0.0,96,10,9,0.40007386046799703,0.17405247584195527,3.513556591642165,32,13,1.406552743547534e-05,0.8697313713390136,7,0.6334384967079986,0.0016719805822536914,20,0.17545332051181672,1,po-rapec-quality-energy-only-20260731-loto-image_classification,100,0.0
0.0,0.0,0.0,0.0,0.0,0.0,0.0,-0.0027052939757986508,0.0,64,12,15,0.7830432412324437,0.38023792892044056,3.6928042301735955,37,17,1.4991935286786222e-05,0.7626326912820992,8,0.31288195346877945,0.007657144237907481,7,0.1413933032323315,1,po-rapec-quality-energy-only-20260731-loto-image_classification,101,0.0
0.016598354385121656,0.37073783838238106,0.03629999999999994,0.303215793954305,0.016598354385121656,0.37073783838238106,0.0,0.01698470602420128,7.2783217558406355,192,5,8,0.5266247607639659,0.4136461446546423,7.542044349045726,32,10,0.0006632208878954472,1.8584900718538018,5,0.7155474704984082,0.0016719805822536914,20,0.17545332051181672,0,po-rapec-quality-energy-only-20260731-loto-image_classification,102,7.2783217558406355
0.0,0.0,0.0,0.0,0.0,0.0,0.0,-0.0027052939757986508,0.0,192,14,15,0.520369685857367,0.21135124934810945,4.455340681177996,9,9,3.941062028729359e-05,0.7626326912820992,8,0.6902980689723464,0.002081313393731117,19,0.23532791489862132,1,po-rapec-quality-energy-only-20260731-loto-image_classification,103,0.0
0.0,0.0,0.0,0.0,0.0,0.0,0.0,-0.0027052939757986508,0.0,96,14,9,0.5266247607639659,0.17405247584195527,6.150737706294037,32,13,7.325495096938993e-05,0.9448948213257714,5,0.5586864862458961,0.0016719805822536914,20,0.17545332051181672,1,po-rapec-quality-energy-only-20260731-loto-image_classification,104,0.0
0.0,0.0,0.0,0.0,0.0,0.0,0.0,-0.0027052939757986508,0.0,192,12,15,0.34532934090191253,0.21135124934810945,4.486094828699359,37,6,1.4991935286786222e-05,0.7626326912820992,8,0.6744736674180155,0.0038265241338148615,24,0.15224056127498586,1,po-rapec-quality-energy-only-20260731-loto-image_classification,105,0.0
0.0,0.0,0.0,0.0,0.0,0.0,0.0,-0.0027052939757986508,0.0,192,13,9,0.7226675771118557,0.14784535942402832,4.630043528031806,36,8,0.00011735190405435424,2.396884733652753,8,0.20959092249371586,0.005887368141784676,18,0.06584375559245834,1,po-rapec-quality-energy-only-20260731-loto-image_classification,106,0.0
0.04328158909797745,0.6075235582214737,0.08857999999999994,0.5680449830274804,0.04328158909797745,0.6075235582214737,0.3160734504267001,0.052706502029155264,8.312117834649793,128,5,6,0.499153579677221,0.1410290444810116,6.3257032698380335,10,6,4.6675219732704054e-05,1.8584900718538018,3,0.6334384967079986,0.0036116795472184065,11,0.32903555636652243,0,po-rapec-quality-energy-only-20260731-loto-image_classification,107,8.312117834649793
0.0,0.0,0.0,0.0,0.0,0.0,0.0,-0.0027052939757986508,0.0,96,14,9,0.007273075554029418,0.17405247584195527,4.486094828699359,13,9,7.325495096938993e-05,0.9448948213257714,6,0.31288195346877945,0.0016719805822536914,24,0.17545332051181672,1,po-rapec-quality-energy-only-20260731-loto-image_classification,108,0.0
0.0,0.0,0.0,0.0,0.0,0.0,0.0,-0.0027052939757986508,0.0,192,12,3,0.18462020390088044,0.14784535942402832,4.630043528031806,36,8,4.1451441115283384e-06,2.9381003960157575,8,0.14137008226065217,0.0014096437911512944,18,0.06584375559245834,1,po-rapec-quality-energy-only-20260731-loto-image_classification,109,0.0
0.0,0.0,0.0,0.0,0.0,0.0,0.0,-0.0027052939757986508,0.0,64,10,13,0.014373349888897491,0.06068837082641152,3.308739757153865,30,19,0.0006324427454284965,1.3061671325282904,6,0.5156650632954861,0.005573717938616659,8,0.40864378611125524,1,po-rapec-quality-energy-only-20260731-loto-image_classification,110,0.0
0.011363212080093684,0.0,0.05067999999999995,0.12427330868801319,0.011363212080093684,0.0,0.0,0.014806502029155275,1.4127420760916292,64,7,7,0.8074454469112439,0.06068837082641152,1.6332965895896687,30,14,6.228178544372028e-06,1.167438149742294,6,0.49520614344949454,0.001792100521436324,8,0.34046244347163673,0,po-rapec-quality-energy-only-20260731-loto-image_classification,111,1.4127420760916292
0.001247539833262053,0.0,0.007485238999572319,0.06683692859721263,0.001247539833262053,0.0,0.0,-0.0027052939757986508,0.3329433154559131,96,6,3,0.34532934090191253,0.10527093496354123,7.071100288425448,26,6,6.228178544372028e-06,1.2160346269051154,8,0.6744736674180155,0.0038265241338148615,20,0.3676820653546015,0,po-rapec-quality-energy-only-20260731-loto-image_classification,112,0.3329433154559131
0.0004317286013093835,0.04985009721476392,0.002390371607856323,0.058320820178735244,0.0004317286013093835,0.04985009721476392,0.0,-0.002505293975798673,0.42771491142751156,64,12,14,0.38309495915804653,0.38023792892044056,4.414303330410867,37,17,1.4991935286786222e-05,0.7626326912820992,8,0.7152504690830501,0.019809241582800848,16,0.2662549847121198,1,po-rapec-quality-energy-only-20260731-loto-image_classification,113,0.42771491142751156
0.00734666666666665,0.0,0.03976999999999997,0.09528428297644272,0.00734666666666665,0.0,0.0,0.0038965020291552993,1.5931725123246676,192,3,10,0.007273075554029418,0.14784535942402832,4.630043528031806,36,8,2.6607478225334853e-06,0.868976008883811,8,0.20959092249371586,0.005887368141784676,18,0.16915021292508212,0,po-rapec-quality-energy-only-20260731-loto-image_classification,114,1.5931725123246676
0.03186264545691325,0.5456870919093089,0.08594999999999997,0.46793073604021057,0.03186264545691325,0.5456870919093089,0.12692947137990954,0.0500765020291553,12.039357013089377,192,9,11,0.7226675771118557,0.14784535942402832,4.630043528031806,36,13,4.1451441115283384e-06,2.396884733652753,5,0.5586864862458961,0.017745565306338872,18,0.18668052147953412,0,po-rapec-quality-energy-only-20260731-loto-image_classification,115,12.039357013089377
0.008923333333333311,0.12731697968770436,0.028449999999999975,0.159528935976186,0.008923333333333311,0.12731697968770436,0.0,0.011129135879014342,2.2030374388234573,192,4,6,0.007273075554029418,0.21135124934810945,2.6496537337886323,27,9,4.4223660819557115e-05,1.3932819177680424,3,0.2449823393223972,0.002081313393731117,24,0.16915021292508212,0,po-rapec-quality-energy-only-20260731-loto-image_classification,116,2.2030374388234573
0.009684706653292796,0.014328788353937728,0.05347999999999997,0.10384476897619797,0.009684706653292796,0.014328788353937728,0.0,0.0176065020291553,1.4907941244944822,192,12,15,0.7830432412324437,0.38023792892044056,4.486094828699359,39,17,1.4991935286786222e-05,0.6265356459652667,7,0.31288195346877945,0.005887368141784676,7,0.18668052147953412,0,po-rapec-quality-energy-only-20260731-loto-image_classification,117,1.4907941244944822
0.013298858604688176,0.2969449533732369,0.05067999999999995,0.239644755994172,0.013298858604688176,0.2969449533732369,0.0,0.014806502029155275,2.095890520854048,192,8,15,0.007273075554029418,0.21135124934810945,6.150737706294037,37,13,7.325495096938993e-05,1.8584900718538018,8,0.31288195346877945,0.002081313393731117,20,0.15224056127498586,0,po-rapec-quality-energy-only-20260731-loto-image_classification,118,2.095890520854048
0.019664824357827418,0.36837855243533046,0.05347999999999997,0.3101802585428111,0.019664824357827418,0.36837855243533046,0.0,0.030659607039254008,6.48599684923343,32,14,13,0.7736934494444573,0.32756864241813644,4.455340681177996,30,19,3.941062028729359e-05,1.3061671325282904,5,0.6902980689723464,0.063984098043665,8,0.48326852967494605,0,po-rapec-quality-energy-only-20260731-loto-image_classification,119,6.48599684923343
0.0,0.0,0.0,0.0,0.0,0.0,0.0,-0.0027052939757986508,0.0,192,14,9,0.007273075554029418,0.21135124934810945,4.486094828699359,13,9,7.325495096938993e-05,0.7626326912820992,6,0.31288195346877945,0.0016719805822536914,24,0.15224056127498586,1,po-rapec-quality-energy-only-20260731-loto-image_classification,120,0.0
0.0,0.0,0.0,0.0,0.0,0.0,0.0,-0.0027052939757986508,0.0,192,9,4,0.0326382449152199,0.06912480202123095,3.8030605803288573,13,6,1.164414612554435e-05,1.8584900718538018,7,0.7155474704984082,0.0036116795472184065,20,0.050965658762377825,1,po-rapec-quality-energy-only-20260731-loto-image_classification,121,0.0
0.0,0.0,0.0,0.0,0.0,0.0,0.0,-0.0027052939757986508,0.0,64,3,3,0.5737204587532738,0.21135124934810945,2.6496537337886323,37,12,7.262115431463333e-05,0.7626326912820992,8,0.6834472049898949,0.07951135592238279,17,0.06584375559245834,1,po-rapec-quality-energy-only-20260731-loto-image_classification,122,0.0
0.0,0.0,0.0,0.0,0.0,0.0,0.0,-0.0027052939757986508,0.0,192,14,4,0.0326382449152199,0.17405247584195527,3.8030605803288573,13,13,7.325495096938993e-05,1.8584900718538018,7,0.5586864862458961,0.0036116795472184065,20,0.050965658762377825,1,po-rapec-quality-energy-only-20260731-loto-image_classification,123,0.0
0.0,0.0,0.0,0.0,0.0,0.0,0.0,-0.0027052939757986508,0.0,192,14,9,0.7226675771118557,0.17405247584195527,4.630043528031806,32,13,7.325495096938993e-05,0.9448948213257714,8,0.20959092249371586,0.0016719805822536914,18,0.17545332051181672,1,po-rapec-quality-energy-only-20260731-loto-image_classification,124,0.0
0.0,0.0,0.0,0.0,0.0,0.0,0.0,-0.0027052939757986508,0.0,192,12,15,0.007273075554029418,0.1410290444810116,3.497759617075233,40,18,1.4991935286786222e-05,0.7626326912820992,7,0.6834472049898949,0.07951135592238279,24,0.05828293110366632,1,po-rapec-quality-energy-only-20260731-loto-image_classification,125,0.0
0.0,0.0,0.0,0.0,0.0,0.0,0.0,-0.0027052939757986508,0.0,64,9,9,0.43551280850452934,0.0594298496279663,4.203998033616005,39,14,3.419601095289369e-06,0.8697313713390136,8,0.7155474704984082,0.0018981067940900224,16,0.050965658762377825,1,po-rapec-quality-energy-only-20260731-loto-image_classification,126,0.0
0.0,0.0,0.0,0.0,0.0,0.0,0.0,-0.0027052939757986508,0.0,32,9,15,0.6736238197372166,0.0594298496279663,3.513556591642165,9,14,3.941062028729359e-05,0.7626326912820992,8,0.6902980689723464,0.002081313393731117,19,0.23532791489862132,1,po-rapec-quality-energy-only-20260731-loto-image_classification,127,0.0
0.0012466666666666553,0.0,0.007479999999999931,0.04932624235767566,0.0012466666666666553,0.0,0.0,0.00477470602420128,2.7649490469115108,32,9,9,0.40007386046799703,0.0594298496279663,3.513556591642165,39,14,1.406552743547534e-05,0.8697313713390136,7,0.6334384967079986,0.03535088896640682,16,0.14188816789986264,0,po-rapec-quality-energy-only-20260731-loto-image_classification,128,2.7649490469115108
0.0,0.0,0.0,0.0,0.0,0.0,0.0,-0.0027052939757986508,0.0,64,15,10,0.5737204587532738,0.2315819673657475,6.127160109726303,38,8,2.6607478225334853e-06,1.1414950336908514,8,0.14137008226065217,0.011390316927797746,17,0.06584375559245834,1,po-rapec-quality-energy-only-20260731-loto-image_classification,129,0.0
0.0,0.0,0.0,0.0,0.0,0.0,0.0,-0.0027052939757986508,0.0,192,12,10,0.7226675771118557,0.14784535942402832,4.630043528031806,36,8,2.6607478225334853e-06,2.396884733652753,8,0.20959092249371586,0.005887368141784676,18,0.06584375559245834,1,po-rapec-quality-energy-only-20260731-loto-image_classification,130,0.0
0.0018550619346427155,0.05954699389760494,0.00873999999999997,0.09829908100427902,0.0018550619346427155,0.05954699389760494,0.0,0.006034706024201319,3.230702495990206,32,9,9,0.40007386046799703,0.0594298496279663,3.513556591642165,39,13,1.406552743547534e-05,0.8697313713390136,7,0.6334384967079986,0.0354405972733106,16,0.32903555636652243,0,po-rapec-quality-energy-only-20260731-loto-image_classification,131,3.230702495990206
0.0,0.0,0.0,0.0,0.0,0.0,0.0,-0.0027052939757986508,0.0,96,14,15,0.520369685857367,0.21135124934810945,3.513556591642165,9,9,3.941062028729359e-05,0.7626326912820992,8,0.6334384967079986,0.0034897436156040274,19,0.32903555636652243,1,po-rapec-quality-energy-only-20260731-loto-image_classification,132,0.0
0.0006399999999999925,0.0,0.0038399999999999546,0.019766070911478733,0.0006399999999999925,0.0,0.0,-0.0027052939757986508,0.4150963574623157,192,9,4,0.20570693358373152,0.1410290444810116,2.6496537337886323,37,18,6.766072885242129e-05,1.8584900718538018,4,0.7155474704984082,0.07951135592238279,20,0.050965658762377825,0,po-rapec-quality-energy-only-20260731-loto-image_classification,133,0.4150963574623157
0.014794532389928625,0.28317549552878596,0.05067999999999995,0.24626661868874397,0.014794532389928625,0.28317549552878596,0.0,0.014806502029155275,3.3677391746296634,64,12,11,0.014373349888897491,0.305418551186703,4.486094828699359,30,19,0.0006324427454284965,1.3061671325282904,8,0.5156650632954861,0.017745565306338872,8,0.40864378611125524,0,po-rapec-quality-energy-only-20260731-loto-image_classification,134,3.3677391746296634
0.0,0.0,0.0,0.003177581176165919,0.0,0.0,0.0,-0.0027052939757986508,0.0,192,12,15,0.7830432412324437,0.21135124934810945,4.486094828699359,37,17,1.4991935286786222e-05,0.7626326912820992,8,0.31288195346877945,0.007657144237907481,7,0.2662549847121198,1,po-rapec-quality-energy-only-20260731-loto-image_classification,135,0.0
0.00039839526797605385,0.0,0.002390371607856323,0.022662650850824844,0.00039839526797605385,0.0,0.0,-0.0027052939757986508,0.42771491142751156,128,15,15,0.5737204587532738,0.23803736491056932,4.486094828699359,32,13,2.6607478225334853e-06,0.7626326912820992,5,0.5586864862458961,0.011390316927797746,17,0.17545332051181672,0,po-rapec-quality-energy-only-20260731-loto-image_classification,136,0.42771491142751156
0.0126674057469853,0.0,0.06939999999999996,0.15700422299624953,0.0126674057469853,0.0,0.0,0.03352650202915529,1.9345757711278435,64,6,15,0.8074454469112439,0.06068837082641152,2.3487819220859696,37,6,1.6100870664000396e-06,2.0010288378888585,6,0.49520614344949454,0.0017305808536680824,7,0.2647539115000879,0,po-rapec-quality-energy-only-20260731-loto-image_classification,137,1.9345757711278435
0.002320364967730998,0.0,0.013922189806385987,0.05510041308201274,0.002320364967730998,0.0,0.0,-0.0027052939757986508,0.6192587882376919,192,9,9,0.40007386046799703,0.0594298496279663,3.513556591642165,39,14,1.406552743547534e-05,0.8697313713390136,5,0.6334384967079986,0.0025451482292334886,16,0.32903555636652243,0,po-rapec-quality-energy-only-20260731-loto-image_classification,138,0.6192587882376919
0.0,0.0,0.0,0.0,0.0,0.0,0.0,-0.0027052939757986508,0.0,192,14,15,0.520369685857367,0.21135124934810945,1.6357510733826186,37,9,3.941062028729359e-05,0.7626326912820992,8,0.6902980689723464,0.002081313393731117,19,0.47516188682845656,1,po-rapec-quality-energy-only-20260731-loto-image_classification,139,0.0
0.023647087105993347,0.5052129448640978,0.059779999999999944,0.42792955179784964,0.023647087105993347,0.5052129448640978,0.08873509048026754,0.02390650202915527,9.629267736904467,32,4,6,0.41452381737976907,0.1410290444810116,2.6496537337886323,39,13,7.317840259770498e-05,1.3932819177680424,7,0.4540224047921422,0.07951135592238279,16,0.32903555636652243,0,po-rapec-quality-energy-only-20260731-loto-image_classification,140,9.629267736904467
0.0,0.0,0.0,0.0,0.0,0.0,0.0,-0.0027052939757986508,0.0,192,14,15,0.40007386046799703,0.21135124934810945,4.455340681177996,9,14,3.941062028729359e-05,0.7626326912820992,7,0.6334384967079986,0.002081313393731117,16,0.23532791489862132,1,po-rapec-quality-energy-only-20260731-loto-image_classification,141,0.0
0.0,0.0,0.0,0.0,0.0,0.0,0.0,-0.0027052939757986508,0.0,32,12,9,0.4032258625154443,0.0594298496279663,7.542044349045726,39,14,4.5674772783299065e-06,0.8697313713390136,7,0.6334384967079986,0.0025451482292334886,16,0.32903555636652243,1,po-rapec-quality-energy-only-20260731-loto-image_classification,142,0.0
0.0,0.0,0.0,0.0,0.0,0.0,0.0,-0.0027052939757986508,0.0,192,14,9,0.8779725534230158,0.06912480202123095,4.486094828699359,13,9,7.325495096938993e-05,1.0528997581497108,6,0.31288195346877945,0.0016719805822536914,20,0.17545332051181672,1,po-rapec-quality-energy-only-20260731-loto-image_classification,143,0.0
0.0,0.0,0.0,0.0,0.0,0.0,0.0,-0.0027052939757986508,0.0,192,6,9,0.5266247607639659,0.17405247584195527,6.150737706294037,32,13,7.325495096938993e-05,0.9448948213257714,5,0.7155474704984082,0.0016719805822536914,20,0.050965658762377825,1,po-rapec-quality-energy-only-20260731-loto-image_classification,144,0.0
0.0,0.0,0.0,0.0,0.0,0.0,0.0,-0.0027052939757986508,0.0,192,12,10,0.7226675771118557,0.14784535942402832,4.630043528031806,36,8,2.6607478225334853e-06,2.396884733652753,8,0.37250583255455116,0.005887368141784676,18,0.06584375559245834,1,po-rapec-quality-energy-only-20260731-loto-image_classification,145,0.0
3.333333333332966e-05,0.0,0.00019999999999997797,0.022639949770255713,3.333333333332966e-05,0.0,0.0,-0.002505293975798673,0.07392911890136983,128,4,15,0.7830432412324437,0.38023792892044056,2.6496537337886323,37,18,1.4991935286786222e-05,2.580881668089965,8,0.6834472049898949,0.007657144237907481,24,0.16670980601481228,0,po-rapec-quality-energy-only-20260731-loto-image_classification,146,0.07392911890136983
0.0,0.0,0.0,0.0,0.0,0.0,0.0,-0.0027052939757986508,0.0,64,14,9,0.5737204587532738,0.21135124934810945,6.150737706294037,37,8,7.325495096938993e-05,0.9448948213257714,5,0.14137008226065217,0.0016719805822536914,20,0.17545332051181672,1,po-rapec-quality-energy-only-20260731-loto-image_classification,147,0.0
0.0,0.0,0.0,0.0,0.0,0.0,0.0,-0.0027052939757986508,0.0,64,12,9,0.7830432412324437,0.28323678428899857,4.409741686021489,26,14,6.228178544372028e-06,0.7626326912820992,8,0.6744736674180155,0.0016912061097082627,7,0.2647539115000879,1,po-rapec-quality-energy-only-20260731-loto-image_classification,148,0.0
0.0,0.0,0.0,0.0,0.0,0.0,0.0,-0.0027052939757986508,0.0,128,10,13,0.8023566334580307,0.06068837082641152,4.3916098027540516,32,13,2.552287024938578e-06,1.3061671325282904,6,0.28528387600224014,0.001792100521436324,20,0.17545332051181672,1,po-rapec-quality-energy-only-20260731-loto-image_classification,149,0.0
0.017643457260772877,0.2886136418600299,0.05347999999999997,0.2695597028972021,0.017643457260772877,0.2886136418600299,0.0,0.0176065020291553,1.7706245473341062,64,13,15,0.7830432412324437,0.28323678428899857,4.630043528031806,36,8,0.00011735190405435424,2.396884733652753,8,0.6744736674180155,0.0016912061097082627,7,0.40422083916362933,0,po-rapec-quality-energy-only-20260731-loto-image_classification,150,1.7706245473341062
0.0,0.0,0.0,0.0,0.0,0.0,0.0,-0.0027052939757986508,0.0,192,4,3,0.41452381737976907,0.14784535942402832,2.6496537337886323,37,18,7.317840259770498e-05,1.3932819177680424,7,0.14137008226065217,0.0014096437911512944,18,0.05828293110366632,1,po-rapec-quality-energy-only-20260731-loto-image_classification,151,0.0
0.0,0.0,0.0,0.0,0.0,0.0,0.0,-0.0027052939757986508,0.0,96,12,15,0.007273075554029418,0.17405247584195527,6.150737706294037,32,9,0.0003849998400596273,0.7626326912820992,8,0.31288195346877945,0.002081313393731117,24,0.15224056127498586,1,po-rapec-quality-energy-only-20260731-loto-image_classification,152,0.0
0.0,0.0,0.0,0.0,0.0,0.0,0.0,-0.0027052939757986508,0.0,64,14,9,0.7830432412324437,0.17405247584195527,6.150737706294037,37,14,1.4991935286786222e-05,0.7626326912820992,8,0.5586864862458961,0.0016719805822536914,7,0.2647539115000879,1,po-rapec-quality-energy-only-20260731-loto-image_classification,153,0.0
0.0,0.0,0.0,0.0,0.0,0.0,0.0,-0.0027052939757986508,0.0,96,10,13,0.7830432412324437,0.06068837082641152,4.3916098027540516,30,17,2.552287024938578e-06,1.3061671325282904,8,0.31288195346877945,0.001792100521436324,7,0.1413933032323315,1,po-rapec-quality-energy-only-20260731-loto-image_classification,154,0.0
0.015699899798548706,0.19028701167946976,0.05347999999999997,0.22928479047585604,0.015699899798548706,0.19028701167946976,0.0,0.0176065020291553,2.9329049666598626,64,9,15,0.7830432412324437,0.28323678428899857,4.409741686021489,13,14,6.228178544372028e-06,0.7626326912820992,5,0.6744736674180155,0.0016912061097082627,7,0.2647539115000879,0,po-rapec-quality-energy-only-20260731-loto-image_classification,155,2.9329049666598626
0.00016214453795380251,0.0,0.0009728672277228151,0.014789181746711256,0.00016214453795380251,0.0,0.0,-0.0027052939757986508,0.1740774609138528,64,9,9,0.5737204587532738,0.0594298496279663,4.486094828699359,37,15,2.6607478225334853e-06,0.8697313713390136,7,0.14137008226065217,0.011390316927797746,16,0.32903555636652243,0,po-rapec-quality-energy-only-20260731-loto-image_classification,156,0.1740774609138528
0.0,0.0,0.0,0.0,0.0,0.0,0.0,-0.0027052939757986508,0.0,64,12,15,0.7830432412324437,0.38023792892044056,3.6928042301735955,37,17,1.4991935286786222e-05,0.7626326912820992,8,0.31288195346877945,0.007657144237907481,7,0.1413933032323315,1,po-rapec-quality-energy-only-20260731-loto-image_classification,157,0.0
0.0,0.0,0.0,0.0,0.0,0.0,0.0,-0.0027052939757986508,0.0,192,12,15,0.34532934090191253,0.305418551186703,4.486094828699359,37,6,1.4991935286786222e-05,0.7626326912820992,8,0.31288195346877945,0.0038265241338148615,24,0.2679403730411418,1,po-rapec-quality-energy-only-20260731-loto-image_classification,158,0.0
0.014158693179939721,0.23742656341710267,0.05347999999999997,0.21344873045439164,0.014158693179939721,0.23742656341710267,0.0,0.0176065020291553,4.609480563500889,64,12,15,0.41452381737976907,0.1410290444810116,3.6928042301735955,37,9,3.1798500325375587e-06,0.7626326912820992,8,0.6834472049898949,0.07951135592238279,7,0.05828293110366632,0,po-rapec-quality-energy-only-20260731-loto-image_classification,159,4.609480563500889
0.0,0.0,0.0,0.001593398552751344,0.0,0.0,0.0,-0.0027052939757986508,0.0,64,14,9,0.7830432412324437,0.17405247584195527,6.150737706294037,37,14,1.4991935286786222e-05,0.7626326912820992,8,0.5586864862458961,0.007657144237907481,7,0.1413933032323315,1,po-rapec-quality-energy-only-20260731-loto-image_classification,160,0.0
0.0,0.0,0.0,0.0,0.0,0.0,0.0,-0.0027052939757986508,0.0,192,10,10,0.7226675771118557,0.14784535942402832,2.6496537337886323,36,12,7.262115431463333e-05,2.515286349276147,7,0.20959092249371586,0.005887368141784676,24,0.05828293110366632,1,po-rapec-quality-energy-only-20260731-loto-image_classification,161,0.0
0.014237381390692997,0.26868046877279794,0.05441999999999997,0.24375163220657237,0.014237381390692997,0.26868046877279794,0.0,0.018546502029155296,1.5169973121725826,192,12,10,0.7226675771118557,0.14784535942402832,4.630043528031806,36,8,2.6607478225334853e-06,2.396884733652753,8,0.20959092249371586,0.005887368141784676,18,0.24834741252730536,0,po-rapec-quality-energy-only-20260731-loto-image_classification,162,1.5169973121725826
0.007797321881346804,0.04913222223549357,0.028449999999999975,0.12402512530607553,0.007797321881346804,0.04913222223549357,0.0,-0.0027052939757986508,0.7930645632361258,128,10,13,0.8023566334580307,0.2775204685480722,7.542044349045726,32,13,0.0006632208878954472,1.24895989496558,6,0.21776740279924256,0.017745565306338872,20,0.17545332051181672,0,po-rapec-quality-energy-only-20260731-loto-image_classification,163,0.7930645632361258
0.004898791907796056,0.0,0.019209599818647116,0.14326710488797056,0.004898791907796056,0.0,0.0,0.0022660433090095737,1.28622108194947,192,10,4,0.007273075554029418,0.21135124934810945,4.486094828699359,37,9,1.4991935286786222e-05,1.4864856319954975,2,0.31288195346877945,0.002081313393731117,24,0.050965658762377825,0,po-rapec-quality-energy-only-20260731-loto-image_classification,164,1.28622108194947
0.0,0.0,0.0,0.0,0.0,0.0,0.0,-0.0027052939757986508,0.0,96,12,9,0.5266247607639659,0.17405247584195527,4.486094828699359,37,6,1.4991935286786222e-05,0.7626326912820992,8,0.5586864862458961,0.0016719805822536914,24,0.17545332051181672,1,po-rapec-quality-energy-only-20260731-loto-image_classification,165,0.0
0.0,0.0,0.0,0.0,0.0,0.0,0.0,-0.0027052939757986508,0.0,128,14,15,0.41452381737976907,0.21135124934810945,4.455340681177996,33,9,7.317840259770498e-05,0.7626326912820992,7,0.6834472049898949,0.002081313393731117,24,0.299723437682207,1,po-rapec-quality-energy-only-20260731-loto-image_classification,166,0.0
0.0,0.0,0.0,0.0,0.0,0.0,0.0,-0.0027052939757986508,0.0,96,4,3,0.6984779812023462,0.17405247584195527,6.150737706294037,37,13,7.325495096938993e-05,1.3932819177680424,7,0.5586864862458961,0.0016719805822536914,20,0.05828293110366632,1,po-rapec-quality-energy-only-20260731-loto-image_classification,167,0.0
0.0,0.0,0.0,0.0,0.0,0.0,0.0,-0.0027052939757986508,0.0,64,13,13,0.8074454469112439,0.06068837082641152,4.630043528031806,30,8,2.4537864575859458e-05,2.396884733652753,6,0.20959092249371586,0.005887368141784676,8,0.06584375559245834,1,po-rapec-quality-energy-only-20260731-loto-image_classification,168,0.0
0.0,0.0,0.0,0.0,0.0,0.0,0.0,-0.0027052939757986508,0.0,192,4,4,0.38309495915804653,0.1410290444810116,7.636000409430745,38,6,7.317840259770498e-05,1.3932819177680424,7,0.6834472049898949,0.07951135592238279,16,0.050965658762377825,1,po-rapec-quality-energy-only-20260731-loto-image_classification,169,0.0
0.00039839526797605385,0.0,0.002390371607856323,0.025686673573276395,0.00039839526797605385,0.0,0.0,-0.0027052939757986508,0.42771491142751156,192,10,15,0.014373349888897491,0.10510802987167828,4.486094828699359,37,19,1.4991935286786222e-05,0.7626326912820992,8,0.31288195346877945,0.005573717938616659,8,0.40864378611125524,0,po-rapec-quality-energy-only-20260731-loto-image_classification,170,0.42771491142751156
0.0,0.0,0.0,0.003177581176165919,0.0,0.0,0.0,-0.0027052939757986508,0.0,192,14,15,0.007273075554029418,0.17405247584195527,6.150737706294037,37,9,1.4991935286786222e-05,0.7626326912820992,8,0.5586864862458961,0.002081313393731117,7,0.15224056127498586,1,po-rapec-quality-energy-only-20260731-loto-image_classification,171,0.0
0.0,0.0,0.0,0.0,0.0,0.0,0.0,-0.0027052939757986508,0.0,64,12,15,0.7830432412324437,0.38023792892044056,4.486094828699359,37,17,1.4991935286786222e-05,0.7626326912820992,8,0.4624250050327451,0.007657144237907481,7,0.2662549847121198,1,po-rapec-quality-energy-only-20260731-loto-image_classification,172,0.0
0.028740856460992597,0.5255160152189595,0.06939999999999996,0.4683755455651841,0.028740856460992597,0.5255160152189595,0.1098602623126249,0.03352650202915529,10.209611320280269,128,9,11,0.5266247607639659,0.23995316709003361,3.8030605803288573,32,15,0.0006632208878954472,2.5286819127593083,5,0.7155474704984082,0.017745565306338872,20,0.17545332051181672,0,po-rapec-quality-energy-only-20260731-loto-image_classification,173,10.209611320280269
0.0,0.0,0.0,0.0,0.0,0.0,0.0,-0.0027052939757986508,0.0,192,9,4,0.0326382449152199,0.44345498310490905,4.3916098027540516,37,19,2.552287024938578e-06,1.3061671325282904,6,0.28528387600224014,0.0036116795472184065,20,0.050965658762377825,1,po-rapec-quality-energy-only-20260731-loto-image_classification,174,0.0
0.0,0.0,0.0,0.0,0.0,0.0,0.0,-0.0027052939757986508,0.0,192,14,9,0.5266247607639659,0.17405247584195527,6.150737706294037,21,13,7.325495096938993e-05,0.7626326912820992,5,0.31288195346877945,0.0016719805822536914,20,0.17899901610577817,1,po-rapec-quality-energy-only-20260731-loto-image_classification,175,0.0
0.0,0.0,0.0,0.0,0.0,0.0,0.0,-0.0027052939757986508,0.0,128,10,13,0.8023566334580307,0.06068837082641152,4.3916098027540516,32,13,2.552287024938578e-06,1.3061671325282904,6,0.28528387600224014,0.001792100521436324,18,0.17545332051181672,1,po-rapec-quality-energy-only-20260731-loto-image_classification,176,0.0
0.0,0.0,0.0,0.0,0.0,0.0,0.0,-0.0027052939757986508,0.0,96,10,9,0.40007386046799703,0.21135124934810945,3.513556591642165,32,13,7.325495096938993e-05,0.8697313713390136,7,0.31288195346877945,0.0016719805822536914,24,0.0650706895583951,1,po-rapec-quality-energy-only-20260731-loto-image_classification,177,0.0
0.0,0.0,0.0,0.0,0.0,0.0,0.0,-0.0027052939757986508,0.0,64,14,13,0.8074454469112439,0.06068837082641152,1.6332965895896687,37,14,1.4991935286786222e-05,0.7626326912820992,6,0.5586864862458961,0.02676320679549465,8,0.34046244347163673,1,po-rapec-quality-energy-only-20260731-loto-image_classification,178,0.0
0.00039839526797605385,0.0,0.002390371607856323,0.02409327502052505,0.00039839526797605385,0.0,0.0,-0.0027052939757986508,0.42771491142751156,64,12,14,0.38309495915804653,0.06912480202123095,7.636000409430745,38,17,3.5721045632931346e-06,0.7626326912820992,7,0.7152504690830501,0.019809241582800848,16,0.2662549847121198,0,po-rapec-quality-energy-only-20260731-loto-image_classification,179,0.42771491142751156
0.0,0.0,0.0,0.0,0.0,0.0,0.0,-0.0027052939757986508,0.0,192,4,9,0.41452381737976907,0.14784535942402832,2.6496537337886323,37,14,7.317840259770498e-05,1.3932819177680424,8,0.14137008226065217,0.0014096437911512944,18,0.05828293110366632,1,po-rapec-quality-energy-only-20260731-loto-image_classification,180,0.0
0.0031875253925055316,0.019548767658335284,0.017499272480562156,0.08632266719109954,0.0031875253925055316,0.019548767658335284,0.0,-0.0027052939757986508,0.7783673705111724,192,14,9,0.18462020390088044,0.17405247584195527,4.630043528031806,32,8,4.1451441115283384e-06,1.7213896854761166,4,0.14137008226065217,0.0014096437911512944,16,0.20224427737270262,0,po-rapec-quality-energy-only-20260731-loto-image_classification,181,0.7783673705111724
0.011761607348069738,0.07276814821072856,0.05067999999999995,0.15518190909798366,0.011761607348069738,0.07276814821072856,0.0,0.014806502029155275,1.4127420760916292,64,12,15,0.607369207182556,0.38023792892044056,4.486094828699359,37,6,1.4991935286786222e-05,0.7626326912820992,8,0.31288195346877945,0.007657144237907481,8,0.1413933032323315,0,po-rapec-quality-energy-only-20260731-loto-image_classification,182,1.4127420760916292
0.002916545413427026,0.0,0.017499272480562156,0.06176018172558315,0.002916545413427026,0.0,0.0,-0.0027052939757986508,0.7783673705111724,64,12,13,0.20103795891430495,0.14784535942402832,4.3916098027540516,36,8,2.552287024938578e-06,1.3061671325282904,6,0.28528387600224014,0.001792100521436324,8,0.48326852967494605,0,po-rapec-quality-energy-only-20260731-loto-image_classification,183,0.7783673705111724
0.0,0.0,0.0,0.0,0.0,0.0,0.0,-0.0027052939757986508,0.0,96,14,9,0.007273075554029418,0.17405247584195527,4.090168638605782,37,9,7.325495096938993e-05,0.9448948213257714,5,0.5586864862458961,0.002081313393731117,24,0.15224056127498586,1,po-rapec-quality-energy-only-20260731-loto-image_classification,184,0.0
0.012668018292963108,0.11122196116642231,0.05347999999999997,0.17138052970416487,0.012668018292963108,0.11122196116642231,0.0,0.0176065020291553,1.4907941244944822,192,12,9,0.7830432412324437,0.17405247584195527,4.630043528031806,36,14,1.4991935286786222e-05,2.515286349276147,8,0.5586864862458961,0.005887368141784676,7,0.06584375559245834,0,po-rapec-quality-energy-only-20260731-loto-image_classification,185,1.4907941244944822
0.01749162648204766,0.35842679077121675,0.05347999999999997,0.3026147012506829,0.01749162648204766,0.35842679077121675,0.10873150922113856,0.0176065020291553,3.6986548860326622,64,10,13,0.014373349888897491,0.17405247584195527,2.62350757202618,30,19,0.0006324427454284965,1.3061671325282904,6,0.5586864862458961,0.034973947343891566,8,0.2647539115000879,0,po-rapec-quality-energy-only-20260731-loto-image_classification,186,3.6986548860326622
0.0,0.0,0.0,0.0,0.0,0.0,0.0,-0.0027052939757986508,0.0,96,10,8,0.7830432412324437,0.06068837082641152,4.3916098027540516,30,17,2.552287024938578e-06,1.3061671325282904,8,0.31288195346877945,0.001792100521436324,7,0.1413933032323315,1,po-rapec-quality-energy-only-20260731-loto-image_classification,187,0.0
0.008913333333333329,0.0,0.05347999999999997,0.06918189231740172,0.008913333333333329,0.0,0.0,0.0176065020291553,1.4907941244944822,96,5,15,0.7830432412324437,0.17405247584195527,6.150737706294037,32,17,2.552287024938578e-06,0.7626326912820992,8,0.31288195346877945,0.002081313393731117,7,0.1413933032323315,0,po-rapec-quality-energy-only-20260731-loto-image_classification,188,1.4907941244944822
0.0,0.0,0.0,0.0,0.0,0.0,0.0,-0.0027052939757986508,0.0,96,12,15,0.007273075554029418,0.17405247584195527,6.150737706294037,32,9,2.6607478225334853e-06,0.7626326912820992,8,0.14137008226065217,0.011390316927797746,17,0.06584375559245834,1,po-rapec-quality-energy-only-20260731-loto-image_classification,189,0.0
0.0,0.0,0.0,0.0015829600480235725,0.0,0.0,0.0,-0.0027052939757986508,0.0,64,12,11,0.7830432412324437,0.23803736491056932,7.542044349045726,37,13,0.0006632208878954472,0.7626326912820992,3,0.31288195346877945,0.007657144237907481,20,0.2662549847121198,1,po-rapec-quality-energy-only-20260731-loto-image_classification,190,0.0
0.001247539833262053,0.0,0.007485238999572319,0.06683692859721263,0.001247539833262053,0.0,0.0,-0.0027052939757986508,0.3329433154559131,96,12,15,0.5266247607639659,0.38023792892044056,6.150737706294037,37,15,7.325495096938993e-05,0.9448948213257714,8,0.5586864862458961,0.007657144237907481,20,0.17545332051181672,0,po-rapec-quality-energy-only-20260731-loto-image_classification,191,0.3329433154559131
0.0,0.0,0.0,0.0,0.0,0.0,0.0,-0.0027052939757986508,0.0,64,14,15,0.007273075554029418,0.13022499114435107,6.150737706294037,37,14,1.4991935286786222e-05,0.7626326912820992,8,0.31288195346877945,0.0016719805822536914,7,0.15224056127498586,1,po-rapec-quality-energy-only-20260731-loto-image_classification,192,0.0
0.019552984026509405,0.41274171377845614,0.05347999999999997,0.3543273362902652,0.019552984026509405,0.41274171377845614,0.11859642546887239,0.0176065020291553,6.106545221253793,64,12,9,0.41452381737976907,0.07963556965116779,4.409741686021489,26,18,6.228178544372028e-06,1.3932819177680424,7,0.6834472049898949,0.07951135592238279,7,0.2647539115000879,0,po-rapec-quality-energy-only-20260731-loto-image_classification,193,6.106545221253793
0.0018833333333333295,0.0,0.011299999999999977,0.02252513321801276,0.0018833333333333295,0.0,0.0,-0.0027052939757986508,0.31499576676865415,64,12,15,0.7830432412324437,0.06912480202123095,2.3487819220859696,38,6,6.766072885242129e-05,1.4864856319954975,2,0.7155474704984082,0.0036116795472184065,7,0.2647539115000879,0,po-rapec-quality-energy-only-20260731-loto-image_classification,194,0.31499576676865415
0.009640458574462718,0.1732249379856165,0.028449999999999975,0.19774931984884678,0.009640458574462718,0.1732249379856165,0.0,0.0022660433090095737,1.28622108194947,192,12,9,0.7736934494444573,0.06068837082641152,4.630043528031806,36,12,2.552287024938578e-06,2.515286349276147,8,0.28528387600224014,0.001792100521436324,21,0.48326852967494605,0,po-rapec-quality-energy-only-20260731-loto-image_classification,195,1.28622108194947
0.01595120755036408,0.3068042711620012,0.05347999999999997,0.28212211836798795,0.01595120755036408,0.3068042711620012,0.09905240148156998,0.0176065020291553,5.736899626746903,128,10,6,0.7830432412324437,0.1410290444810116,4.3916098027540516,30,17,7.317840259770498e-05,1.3061671325282904,7,0.31288195346877945,0.07951135592238279,7,0.1413933032323315,0,po-rapec-quality-energy-only-20260731-loto-image_classification,196,5.736899626746903
0.0,0.0,0.0,0.0,0.0,0.0,0.0,-0.0027052939757986508,0.0,192,12,15,0.5266247607639659,0.06912480202123095,4.486094828699359,37,6,1.4991935286786222e-05,0.7626326912820992,5,0.31288195346877945,0.0038265241338148615,24,0.2679403730411418,1,po-rapec-quality-energy-only-20260731-loto-image_classification,197,0.0
0.0,0.0,0.0,0.0,0.0,0.0,0.0,-0.0027052939757986508,0.0,64,14,13,0.712113027019827,0.06068837082641152,4.455340681177996,9,9,3.941062028729359e-05,0.7626326912820992,6,0.49520614344949454,0.001792100521436324,8,0.23532791489862132,1,po-rapec-quality-energy-only-20260731-loto-image_classification,198,0.0
0.008446666666666658,0.0,0.05067999999999995,0.06749685580125088,0.008446666666666658,0.0,0.0,0.014806502029155275,1.4127420760916292,64,12,9,0.7830432412324437,0.38023792892044056,6.150737706294037,32,17,7.325495096938993e-05,0.7626326912820992,8,0.31288195346877945,0.0016719805822536914,7,0.17545332051181672,0,po-rapec-quality-energy-only-20260731-loto-image_classification,199,1.4127420760916292
0.012065921873821847,0.009532743528497757,0.05347999999999997,0.13748412382485667,0.012065921873821847,0.009532743528497757,0.0,0.0176065020291553,1.4907941244944822,96,12,13,0.7830432412324437,0.32751245374351623,4.486094828699359,37,17,2.552287024938578e-06,1.3061671325282904,8,0.31288195346877945,0.007657144237907481,7,0.2662549847121198,0,po-rapec-quality-energy-only-20260731-loto-image_classification,200,1.4907941244944822
0.0,0.0,0.0,0.0,0.0,0.0,0.0,-0.0027052939757986508,0.0,96,9,9,0.007273075554029418,0.0594298496279663,7.542044349045726,39,9,7.325495096938993e-05,0.8697313713390136,7,0.5399476318205779,0.0025451482292334886,16,0.17545332051181672,1,po-rapec-quality-energy-only-20260731-loto-image_classification,201,0.0
0.0,0.0,0.0,0.0,0.0,0.0,0.0,-0.0027052939757986508,0.0,32,14,9,0.5266247607639659,0.06912480202123095,6.150737706294037,32,13,7.325495096938993e-05,0.9448948213257714,5,0.7155474704984082,0.0016719805822536914,20,0.050965658762377825,1,po-rapec-quality-energy-only-20260731-loto-image_classification,202,0.0
0.0,0.0,0.0,0.0,0.0,0.0,0.0,-0.0027052939757986508,0.0,192,10,9,0.40007386046799703,0.17405247584195527,3.513556591642165,32,13,1.406552743547534e-05,0.8697313713390136,7,0.6334384967079986,0.0016719805822536914,20,0.17545332051181672,1,po-rapec-quality-energy-only-20260731-loto-image_classification,203,0.0
0.029823233131882027,0.5234488422463792,0.08594999999999997,0.43982601687883743,0.029823233131882027,0.5234488422463792,0.04990486639483962,0.0500765020291553,11.09676074709681,64,5,8,0.6094570762572069,0.06912480202123095,4.3916098027540516,32,13,2.552287024938578e-06,1.8584900718538018,6,0.28528387600224014,0.001792100521436324,20,0.27172951852563326,0,po-rapec-quality-energy-only-20260731-loto-image_classification,204,11.09676074709681
0.0,0.0,0.0,0.0,0.0,0.0,0.0,-0.0027052939757986508,0.0,64,12,4,0.0326382449152199,0.06912480202123095,3.8030605803288573,13,7,1.4991935286786222e-05,0.7626326912820992,8,0.7155474704984082,0.0036116795472184065,20,0.050965658762377825,1,po-rapec-quality-energy-only-20260731-loto-image_classification,205,0.0
0.0,0.0,0.0,0.0,0.0,0.0,0.0,-0.0027052939757986508,0.0,192,12,15,0.7830432412324437,0.38023792892044056,4.630043528031806,37,17,1.4991935286786222e-05,2.9381003960157575,8,0.14137008226065217,0.007657144237907481,20,0.06584375559245834,1,po-rapec-quality-energy-only-20260731-loto-image_classification,206,0.0
0.0483164167744789,0.6242429533748041,0.08594999999999997,0.6214757847583653,0.0483164167744789,0.6242429533748041,0.5937328841581345,0.0500765020291553,12.675147435641229,128,10,3,0.41452381737976907,0.1410290444810116,2.6496537337886323,10,12,7.262115431463333e-05,2.515286349276147,2,0.6834472049898949,0.07951135592238279,24,0.3700168264392638,0,po-rapec-quality-energy-only-20260731-loto-image_classification,207,12.675147435641229
0.0,0.0,0.0,0.0,0.0,0.0,0.0,-0.0027052939757986508,0.0,192,5,4,0.38309495915804653,0.06912480202123095,6.150737706294037,38,13,6.766072885242129e-05,1.4864856319954975,5,0.7155474704984082,0.0016719805822536914,20,0.050965658762377825,1,po-rapec-quality-energy-only-20260731-loto-image_classification,208,0.0
0.0,0.0,0.0,0.0,0.0,0.0,0.0,-0.0027052939757986508,0.0,64,12,15,0.7830432412324437,0.28323678428899857,2.3487819220859696,37,14,6.228178544372028e-06,0.7626326912820992,8,0.6744736674180155,0.0016912061097082627,7,0.2647539115000879,1,po-rapec-quality-energy-only-20260731-loto-image_classification,209,0.0
0.0,0.0,0.0,0.0,0.0,0.0,0.0,-0.0027052939757986508,0.0,192,14,9,0.007273075554029418,0.21135124934810945,4.486094828699359,13,9,7.325495096938993e-05,0.7626326912820992,6,0.5735517122352528,0.0016719805822536914,24,0.15224056127498586,1,po-rapec-quality-energy-only-20260731-loto-image_classification,210,0.0
0.023213397154612504,0.29404293882573534,0.08857999999999994,0.29993112394540683,0.023213397154612504,0.29404293882573534,0.0,0.052706502029155264,12.675147435641229,192,9,4,0.38309495915804653,0.38746639847235254,7.636000409430745,38,6,6.766072885242129e-05,1.4864856319954975,2,0.7155474704984082,0.0036116795472184065,16,0.050965658762377825,0,po-rapec-quality-energy-only-20260731-loto-image_classification,211,12.675147435641229
0.0,0.0,0.0,0.0,0.0,0.0,0.0,-0.0027052939757986508,0.0,96,10,3,0.007273075554029418,0.1410290444810116,2.6496537337886323,13,12,7.325495096938993e-05,0.9448948213257714,6,0.6834472049898949,0.0016719805822536914,24,0.17545332051181672,1,po-rapec-quality-energy-only-20260731-loto-image_classification,212,0.0
0.0,0.0,0.0,0.0,0.0,0.0,0.0,-0.0027052939757986508,0.0,192,5,9,0.5266247607639659,0.38023792892044056,6.150737706294037,32,17,7.325495096938993e-05,1.8584900718538018,7,0.31288195346877945,0.0016719805822536914,7,0.050965658762377825,1,po-rapec-quality-energy-only-20260731-loto-image_classification,213,0.0
0.0,0.0,0.0,0.0,0.0,0.0,0.0,-0.0027052939757986508,0.0,128,14,3,0.5266247607639659,0.1410290444810116,6.150737706294037,32,12,7.325495096938993e-05,0.9448948213257714,7,0.6834472049898949,0.0016719805822536914,20,0.17545332051181672,1,po-rapec-quality-energy-only-20260731-loto-image_classification,214,0.0
0.0,0.0,0.0,0.0,0.0,0.0,0.0,-0.0027052939757986508,0.0,96,14,9,0.007273075554029418,0.17405247584195527,4.486094828699359,32,19,7.325495096938993e-05,0.9448948213257714,5,0.5586864862458961,0.0016719805822536914,20,0.17545332051181672,1,po-rapec-quality-energy-only-20260731-loto-image_classification,215,0.0
0.0,0.0,0.0,0.0,0.0,0.0,0.0,-0.0027052939757986508,0.0,64,12,15,0.7830432412324437,0.38023792892044056,3.6928042301735955,37,6,1.4991935286786222e-05,0.7626326912820992,8,0.31288195346877945,0.007657144237907481,7,0.1413933032323315,1,po-rapec-quality-energy-only-20260731-loto-image_classification,216,0.0
0.0021777959828256526,0.04913222223549357,0.007485238999572319,0.10583166455226652,0.0021777959828256526,0.04913222223549357,0.0,0.0012647060242012673,1.4674930101923225,128,9,11,0.5266247607639659,0.38023792892044056,4.600173557090649,37,13,0.0006632208878954472,0.8679541744607753,8,0.5586864862458961,0.019809241582800848,20,0.2662549847121198,0,po-rapec-quality-energy-only-20260731-loto-image_classification,217,1.4674930101923225
0.0,0.0,0.0,0.013389559150954349,0.0,0.0,0.0,-0.0027052939757986508,0.0,128,12,11,0.41452381737976907,0.23803736491056932,2.9256339388121635,36,13,7.262115431463333e-05,0.8679541744607753,8,0.5586864862458961,0.005887368141784676,20,0.17545332051181672,1,po-rapec-quality-energy-only-20260731-loto-image_classification,218,0.0
0.025591946389399396,0.4992118087542835,0.06939999999999996,0.4194147525015804,0.025591946389399396,0.4992118087542835,0.11873063807329202,0.03352650202915529,3.225644611113448,64,12,9,0.41452381737976907,0.38023792892044056,4.414303330410867,37,17,7.262115431463333e-05,2.515286349276147,8,0.20959092249371586,0.005887368141784676,18,0.2662549847121198,0,po-rapec-quality-energy-only-20260731-loto-image_classification,219,3.225644611113448
0.009218039986626125,0.0,0.05067999999999995,0.0973834696754012,0.009218039986626125,0.0,0.0,0.014806502029155275,1.4127420760916292,64,10,9,0.40007386046799703,0.17405247584195527,3.513556591642165,32,13,1.4991935286786222e-05,0.8697313713390136,7,0.5586864862458961,0.0016719805822536914,7,0.2647539115000879,0,po-rapec-quality-energy-only-20260731-loto-image_classification,220,1.4127420760916292
0.0,0.0,0.0,0.0,0.0,0.0,0.0,-0.0027052939757986508,0.0,192,10,15,0.41452381737976907,0.1410290444810116,4.486094828699359,27,6,0.0009434620995645145,0.7626326912820992,8,0.6834472049898949,0.07951135592238279,24,0.05828293110366632,1,po-rapec-quality-energy-only-20260731-loto-image_classification,221,0.0
0.0,0.0,0.0,0.0,0.0,0.0,0.0,-0.0027052939757986508,0.0,64,9,9,0.5737204587532738,0.21135124934810945,4.486094828699359,39,14,1.406552743547534e-05,0.8697313713390136,8,0.14137008226065217,0.011390316927797746,16,0.06584375559245834,1,po-rapec-quality-energy-only-20260731-loto-image_classification,222,0.0
0.0007713733199594675,0.0,0.004628239919756805,0.03466287665879623,0.0007713733199594675,0.0,0.0,-0.0027052939757986508,0.20586404037296388,128,12,6,0.7830432412324437,0.1410290444810116,3.6928042301735955,37,17,1.4991935286786222e-05,0.7626326912820992,7,0.6834472049898949,0.007657144237907481,7,0.05828293110366632,0,po-rapec-quality-energy-only-20260731-loto-image_classification,223,0.20586404037296388
0.00319467315843829,0.0,0.01916803895062974,0.06679668851928891,0.00319467315843829,0.0,0.0,-0.0027052939757986508,0.8525940774069318,64,9,4,0.7830432412324437,0.28323678428899857,3.8030605803288573,13,6,6.766072885242129e-05,0.7626326912820992,8,0.7155474704984082,0.0036116795472184065,6,0.050965658762377825,0,po-rapec-quality-energy-only-20260731-loto-image_classification,224,0.8525940774069318
0.0,0.0,0.0,0.0,0.0,0.0,0.0,-0.0027052939757986508,0.0,192,12,9,0.5266247607639659,0.06912480202123095,6.150737706294037,36,13,7.325495096938993e-05,1.8584900718538018,8,0.20959092249371586,0.0016719805822536914,18,0.06584375559245834,1,po-rapec-quality-energy-only-20260731-loto-image_classification,225,0.0
0.0,0.0,0.0,0.0,0.0,0.0,0.0,-0.0027052939757986508,0.0,64,12,15,0.7830432412324437,0.17405247584195527,2.3487819220859696,32,9,0.0003849998400596273,0.7626326912820992,8,0.31288195346877945,0.0016912061097082627,24,0.15224056127498586,1,po-rapec-quality-energy-only-20260731-loto-image_classification,226,0.0
0.012065921873821847,0.009532743528497757,0.05347999999999997,0.13748412382485667,0.012065921873821847,0.009532743528497757,0.0,0.0176065020291553,1.4907941244944822,96,10,13,0.7830432412324437,0.38023792892044056,4.3916098027540516,8,17,2.552287024938578e-06,1.3061671325282904,8,0.31288195346877945,0.007657144237907481,7,0.1413933032323315,0,po-rapec-quality-energy-only-20260731-loto-image_classification,227,1.4907941244944822
0.0,0.0,0.0,0.0,0.0,0.0,0.0,-0.0027052939757986508,0.0,64,12,15,0.41452381737976907,0.38023792892044056,4.486094828699359,27,17,7.262115431463333e-05,0.7626326912820992,7,0.6834472049898949,0.007657144237907481,24,0.05828293110366632,1,po-rapec-quality-energy-only-20260731-loto-image_classification,228,0.0
0.014619371275892376,0.24187578406757787,0.05347999999999997,0.23475193004741388,0.014619371275892376,0.24187578406757787,0.0,0.0176065020291553,1.4907941244944822,128,10,3,0.007273075554029418,0.21135124934810945,2.6496537337886323,37,12,1.4991935286786222e-05,2.515286349276147,7,0.31288195346877945,0.07951135592238279,24,0.15224056127498586,0,po-rapec-quality-energy-only-20260731-loto-image_classification,229,1.4907941244944822
0.0,0.0,0.0,0.0,0.0,0.0,0.0,-0.0027052939757986508,0.0,192,12,15,0.34532934090191253,0.21135124934810945,5.040935210147226,37,8,2.6607478225334853e-06,0.7626326912820992,8,0.14907762365099075,0.0038265241338148615,24,0.06584375559245834,1,po-rapec-quality-energy-only-20260731-loto-image_classification,230,0.0
0.0,0.0,0.0,0.007984250756925415,0.0,0.0,0.0,-0.0027052939757986508,0.0,32,12,9,0.40769865903925884,0.14784535942402832,4.630043528031806,32,8,4.1451441115283384e-06,1.0536304636351357,8,0.7155474704984082,0.04323731714452101,18,0.06584375559245834,1,po-rapec-quality-energy-only-20260731-loto-image_classification,231,0.0
0.0,0.0,0.0,0.0,0.0,0.0,0.0,-0.0027052939757986508,0.0,192,14,13,0.8023566334580307,0.21135124934810945,4.455340681177996,9,13,2.552287024938578e-06,1.3061671325282904,8,0.28528387600224014,0.001792100521436324,19,0.23532791489862132,1,po-rapec-quality-energy-only-20260731-loto-image_classification,232,0.0
0.0,0.0,0.0,0.0,0.0,0.0,0.0,-0.0027052939757986508,0.0,32,9,15,0.40007386046799703,0.0594298496279663,3.513556591642165,26,14,1.406552743547534e-05,0.8697313713390136,7,0.6334384967079986,0.002129978662648298,16,0.32903555636652243,1,po-rapec-quality-energy-only-20260731-loto-image_classification,233,0.0
0.0011697685879355213,0.02398917400288781,0.004628239919756805,0.06490566017772116,0.0011697685879355213,0.02398917400288781,0.0,-0.0027052939757986508,0.42771491142751156,96,12,15,0.34532934090191253,0.305418551186703,4.486094828699359,37,6,1.4991935286786222e-05,0.7626326912820992,8,0.31288195346877945,0.007657144237907481,6,0.1464928714587702,0,po-rapec-quality-energy-only-20260731-loto-image_classification,234,0.42771491142751156
0.0,0.0,0.0,0.0,0.0,0.0,0.0,-0.0027052939757986508,0.0,64,14,15,0.5266247607639659,0.17405247584195527,3.6928042301735955,32,13,1.4991935286786222e-05,0.9448948213257714,5,0.31288195346877945,0.007657144237907481,7,0.17545332051181672,1,po-rapec-quality-energy-only-20260731-loto-image_classification,235,0.0
0.0,0.0,0.0,0.0,0.0,0.0,0.0,-0.0027052939757986508,0.0,96,14,9,0.007273075554029418,0.17405247584195527,4.486094828699359,32,9,7.325495096938993e-05,0.9448948213257714,5,0.5586864862458961,0.0016719805822536914,24,0.17545332051181672,1,po-rapec-quality-energy-only-20260731-loto-image_classification,236,0.0
0.01274800649177161,0.07362700108837392,0.05347999999999997,0.16212290495561002,0.01274800649177161,0.07362700108837392,0.0,0.0176065020291553,1.4907941244944822,128,14,9,0.8074454469112439,0.21135124934810945,1.6332965895896687,12,6,7.325495096938993e-05,2.0010288378888585,6,0.31288195346877945,0.001792100521436324,8,0.15224056127498586,0,po-rapec-quality-energy-only-20260731-loto-image_classification,237,1.4907941244944822
0.0,0.0,0.0,0.0,0.0,0.0,0.0,-0.0027052939757986508,0.0,192,9,4,0.0326382449152199,0.23995316709003361,3.8030605803288573,13,6,6.766072885242129e-05,1.8584900718538018,5,0.6506046673648281,0.0036116795472184065,20,0.050965658762377825,1,po-rapec-quality-energy-only-20260731-loto-image_classification,238,0.0
0.0,0.0,0.0,0.003177581176165919,0.0,0.0,0.0,-0.0027052939757986508,0.0,64,12,15,0.7830432412324437,0.38023792892044056,7.551218912751816,37,17,1.4991935286786222e-05,0.7626326912820992,8,0.31288195346877945,0.007657144237907481,7,0.1413933032323315,1,po-rapec-quality-energy-only-20260731-loto-image_classification,239,0.0
0.0,0.0,0.0,0.0,0.0,0.0,0.0,-0.0027052939757986508,0.0,128,10,3,0.41452381737976907,0.17405247584195527,3.513556591642165,27,12,7.262115431463333e-05,0.8697313713390136,7,0.6334384967079986,0.0016719805822536914,20,0.05828293110366632,1,po-rapec-quality-energy-only-20260731-loto-image_classification,240,0.0
0.0,0.0,0.0,0.011909818514350598,0.0,0.0,0.0,-0.0027052939757986508,0.0,32,10,9,0.5266247607639659,0.06068837082641152,4.3916098027540516,30,19,0.0006632208878954472,0.8697313713390136,6,0.2760006218574681,0.014889917353012316,16,0.32903555636652243,1,po-rapec-quality-energy-only-20260731-loto-image_classification,241,0.0
0.0,0.0,0.0,0.0,0.0,0.0,0.0,-0.0027052939757986508,0.0,192,12,15,0.5266247607639659,0.2615591553613184,4.486094828699359,32,9,7.325495096938993e-05,0.7626326912820992,8,0.7155474704984082,0.0011541478635227658,20,0.15224056127498586,1,po-rapec-quality-energy-only-20260731-loto-image_classification,242,0.0
0.0,0.0,0.0,0.0,0.0,0.0,0.0,-0.0027052939757986508,0.0,64,14,15,0.7830432412324437,0.28323678428899857,4.4806673518728015,37,14,6.228178544372028e-06,0.7626326912820992,8,0.5586864862458961,0.007657144237907481,7,0.1413933032323315,1,po-rapec-quality-energy-only-20260731-loto-image_classification,243,0.0
0.012065921873821847,0.009532743528497757,0.05347999999999997,0.13748412382485667,0.012065921873821847,0.009532743528497757,0.0,0.0176065020291553,1.4907941244944822,96,12,15,0.7830432412324437,0.38023792892044056,6.8413729280155655,30,17,1.4991935286786222e-05,1.3061671325282904,8,0.31288195346877945,0.007657144237907481,7,0.1413933032323315,0,po-rapec-quality-energy-only-20260731-loto-image_classification,244,1.4907941244944822
0.0,0.0,0.0,0.0,0.0,0.0,0.0,-0.0027052939757986508,0.0,64,12,15,0.7830432412324437,0.28323678428899857,3.6928042301735955,37,14,6.228178544372028e-06,0.7626326912820992,8,0.6744736674180155,0.007657144237907481,7,0.2647539115000879,1,po-rapec-quality-energy-only-20260731-loto-image_classification,245,0.0
0.0,0.0,0.0,0.0,0.0,0.0,0.0,-0.0027052939757986508,0.0,128,10,13,0.8023566334580307,0.06068837082641152,4.3916098027540516,32,13,0.0006324427454284965,1.3061671325282904,6,0.28528387600224014,0.00420568903270462,20,0.40864378611125524,1,po-rapec-quality-energy-only-20260731-loto-image_classification,246,0.0
0.0004317286013093835,0.04985009721476392,0.002390371607856323,0.058320820178735244,0.0004317286013093835,0.04985009721476392,0.0,-0.002505293975798673,0.42771491142751156,64,12,14,0.38309495915804653,0.38023792892044056,4.414303330410867,37,17,8.052582363287561e-06,0.7626326912820992,8,0.7152504690830501,0.019809241582800848,16,0.2662549847121198,1,po-rapec-quality-energy-only-20260731-loto-image_classification,247,0.42771491142751156
0.0,0.0,0.0,0.0,0.0,0.0,0.0,-0.0027052939757986508,0.0,96,14,7,0.5266247607639659,0.17405247584195527,6.150737706294037,32,13,7.325495096938993e-05,0.9448948213257714,5,0.5586864862458961,0.005895196709036155,20,0.17545332051181672,1,po-rapec-quality-energy-only-20260731-loto-image_classification,248,0.0
0.0,0.0,0.0,0.0,0.0,0.0,0.0,-0.0027052939757986508,0.0,64,10,13,0.8074454469112439,0.17405247584195527,6.150737706294037,37,14,1.4991935286786222e-05,0.7626326912820992,8,0.5586864862458961,0.001792100521436324,8,0.34046244347163673,1,po-rapec-quality-energy-only-20260731-loto-image_classification,249,0.0
0.0,0.0,0.0,0.0,0.0,0.0,0.0,-0.0027052939757986508,0.0,96,10,9,0.7830432412324437,0.06068837082641152,6.150737706294037,32,13,7.325495096938993e-05,0.9448948213257714,8,0.31288195346877945,0.0016719805822536914,20,0.1413933032323315,1,po-rapec-quality-energy-only-20260731-loto-image_classification,250,0.0
0.0,0.0,0.0,0.0,0.0,0.0,0.0,-0.0027052939757986508,0.0,192,10,3,0.7736934494444573,0.06068837082641152,4.3916098027540516,30,19,2.552287024938578e-06,1.3932819177680424,6,0.28528387600224014,0.0014096437911512944,18,0.48326852967494605,1,po-rapec-quality-energy-only-20260731-loto-image_classification,251,0.0
0.0,0.0,0.0,0.0,0.0,0.0,0.0,-0.0027052939757986508,0.0,64,10,13,0.40007386046799703,0.06068837082641152,2.295442878359177,30,16,1.406552743547534e-05,0.8697313713390136,7,0.49520614344949454,0.001792100521436324,16,0.32903555636652243,1,po-rapec-quality-energy-only-20260731-loto-image_classification,252,0.0
0.018483869104064916,0.3274143680755729,0.05347999999999997,0.30268305256136535,0.018483869104064916,0.3274143680755729,0.0,0.031584706024201284,12.675147435641229,64,7,13,0.7830432412324437,0.06068837082641152,4.409741686021489,26,14,0.00019569281993856317,2.0010288378888585,6,0.49520614344949454,0.07891935647198918,7,0.2647539115000879,0,po-rapec-quality-energy-only-20260731-loto-image_classification,253,12.675147435641229
0.0,0.0,0.0,0.0,0.0,0.0,0.0,-0.0027052939757986508,0.0,192,14,9,0.7226675771118557,0.17405247584195527,6.150737706294037,37,14,3.537189294435984e-06,0.7626326912820992,8,0.5586864862458961,0.005887368141784676,18,0.06584375559245834,1,po-rapec-quality-energy-only-20260731-loto-image_classification,254,0.0
0.0,0.0,0.0,0.0,0.0,0.0,0.0,-0.0027052939757986508,0.0,96,14,9,0.7830432412324437,0.17405247584195527,6.150737706294037,39,14,1.4991935286786222e-05,0.8697313713390136,8,0.5399476318205779,0.0016719805822536914,7,0.15862308816563628,1,po-rapec-quality-energy-only-20260731-loto-image_classification,255,0.0
0.0,0.0,0.0,0.0,0.0,0.0,0.0,-0.0027052939757986508,0.0,64,10,13,0.7736934494444573,0.06068837082641152,4.3916098027540516,30,19,2.552287024938578e-06,1.3061671325282904,6,0.28528387600224014,0.001792100521436324,8,0.48326852967494605,1,po-rapec-quality-energy-only-20260731-loto-image_classification,256,0.0
0.0,0.0,0.0,0.016062963524247322,0.0,0.0,0.0,-0.0027052939757986508,0.0,192,12,14,0.38309495915804653,0.38023792892044056,4.486094828699359,37,6,1.4991935286786222e-05,0.7626326912820992,8,0.6744736674180155,0.019809241582800848,24,0.15224056127498586,1,po-rapec-quality-energy-only-20260731-loto-image_classification,257,0.0
0.0,0.0,0.0,0.0,0.0,0.0,0.0,-0.0027052939757986508,0.0,64,10,13,0.014373349888897491,0.06068837082641152,4.3916098027540516,30,19,0.0006324427454284965,1.3061671325282904,6,0.28528387600224014,0.005573717938616659,8,0.40864378611125524,1,po-rapec-quality-energy-only-20260731-loto-image_classification,258,0.0
0.0,0.0,0.0,0.0,0.0,0.0,0.0,-0.0027052939757986508,0.0,192,12,9,0.7830432412324437,0.17405247584195527,6.150737706294037,37,12,1.4991935286786222e-05,0.7626326912820992,8,0.20959092249371586,0.005887368141784676,7,0.06584375559245834,1,po-rapec-quality-energy-only-20260731-loto-image_classification,259,0.0
0.0,0.0,0.0,0.0,0.0,0.0,0.0,-0.0027052939757986508,0.0,32,12,15,0.520369685857367,0.1410290444810116,4.455340681177996,9,9,7.262115431463333e-05,2.515286349276147,8,0.6902980689723464,0.002081313393731117,18,0.06584375559245834,1,po-rapec-quality-energy-only-20260731-loto-image_classification,260,0.0
2.3904961815590653e-06,0.0,1.4342977089354392e-05,0.004910317426362393,2.3904961815590653e-06,0.0,0.0,-0.0027052939757986508,0.0018116434070652306,192,10,13,0.38309495915804653,0.38023792892044056,4.3916098027540516,37,17,1.4991935286786222e-05,0.7626326912820992,5,0.7152504690830501,0.001792100521436324,16,0.1413933032323315,0,po-rapec-quality-energy-only-20260731-loto-image_classification,261,0.0018116434070652306
0.0,0.0,0.0,0.0,0.0,0.0,0.0,-0.0027052939757986508,0.0,96,9,9,0.0974243439513087,0.0594298496279663,7.542044349045726,39,9,0.00010171617213404125,0.8697313713390136,7,0.5399476318205779,0.0025451482292334886,16,0.32903555636652243,1,po-rapec-quality-energy-only-20260731-loto-image_classification,262,0.0
0.011365602576275243,0.02469802422738527,0.05067999999999995,0.1325295551058341,0.011365602576275243,0.02469802422738527,0.0,0.014806502029155275,1.4127420760916292,192,14,4,0.520369685857367,0.06912480202123095,3.7214952493263036,9,15,6.766072885242129e-05,1.4864856319954975,2,0.7155474704984082,0.002081313393731117,16,0.45729979187232717,0,po-rapec-quality-energy-only-20260731-loto-image_classification,263,1.4127420760916292
0.0,0.0,0.0,0.001593398552751344,0.0,0.0,0.0,-0.0027052939757986508,0.0,64,14,9,0.7830432412324437,0.17405247584195527,6.150737706294037,37,14,1.4991935286786222e-05,0.7626326912820992,8,0.5586864862458961,0.007657144237907481,7,0.1413933032323315,1,po-rapec-quality-energy-only-20260731-loto-image_classification,264,0.0
0.0,0.0,0.0,0.0,0.0,0.0,0.0,-0.0027052939757986508,0.0,64,15,15,0.5737204587532738,0.21135124934810945,4.486094828699359,37,8,2.6607478225334853e-06,0.7626326912820992,8,0.14137008226065217,0.011390316927797746,17,0.06584375559245834,1,po-rapec-quality-energy-only-20260731-loto-image_classification,265,0.0
0.0,0.0,0.0,0.0,0.0,0.0,0.0,-0.0027052939757986508,0.0,64,10,13,0.7830432412324437,0.06068837082641152,4.3916098027540516,30,14,6.228178544372028e-06,0.7626326912820992,8,0.31288195346877945,0.0016912061097082627,7,0.2647539115000879,1,po-rapec-quality-energy-only-20260731-loto-image_classification,266,0.0
0.0,0.0,0.0,0.001441766291180307,0.0,0.0,0.0,-0.0027052939757986508,0.0,96,12,9,0.007273075554029418,0.14784535942402832,4.630043528031806,39,8,7.325495096938993e-05,2.396884733652753,7,0.20959092249371586,0.0025451482292334886,18,0.06584375559245834,1,po-rapec-quality-energy-only-20260731-loto-image_classification,267,0.0
0.0,0.0,0.0,0.0,0.0,0.0,0.0,-0.0027052939757986508,0.0,192,9,10,0.40007386046799703,0.0594298496279663,4.630043528031806,39,8,1.406552743547534e-05,2.396884733652753,8,0.6334384967079986,0.0025451482292334886,16,0.06584375559245834,1,po-rapec-quality-energy-only-20260731-loto-image_classification,268,0.0
0.0,0.0,0.0,0.0,0.0,0.0,0.0,-0.0027052939757986508,0.0,96,9,3,0.41452381737976907,0.0594298496279663,2.6496537337886323,27,12,7.262115431463333e-05,0.8697313713390136,7,0.6834472049898949,0.07951135592238279,24,0.05828293110366632,1,po-rapec-quality-energy-only-20260731-loto-image_classification,269,0.0
0.0,0.0,0.0,0.0,0.0,0.0,0.0,-0.0027052939757986508,0.0,128,4,15,0.21162871072416456,0.1410290444810116,2.6496537337886323,30,18,4.222418549245097e-06,1.3932819177680424,8,0.6744736674180155,0.07951135592238279,9,0.05828293110366632,1,po-rapec-quality-energy-only-20260731-loto-image_classification,270,0.0
0.015049111131222823,0.2596882782923029,0.05441999999999997,0.24822961801025967,0.015049111131222823,0.2596882782923029,0.0,0.018546502029155296,4.724070697798037,128,10,15,0.6686813067218337,0.38023792892044056,2.6496537337886323,27,17,1.4991935286786222e-05,2.515286349276147,7,0.6834472049898949,0.07951135592238279,7,0.05828293110366632,0,po-rapec-quality-energy-only-20260731-loto-image_classification,271,4.724070697798037
0.0,0.0,0.0,0.0,0.0,0.0,0.0,-0.0027052939757986508,0.0,64,14,9,0.5737204587532738,0.17405247584195527,6.150737706294037,37,8,1.4991935286786222e-05,1.6396246652026407,8,0.5586864862458961,0.0016719805822536914,17,0.06584375559245834,1,po-rapec-quality-energy-only-20260731-loto-image_classification,272,0.0
0.0,0.0,0.0,0.004744293925110437,0.0,0.0,0.0,-0.0027052939757986508,0.0,64,10,9,0.014373349888897491,0.06068837082641152,4.630043528031806,30,12,0.0006324427454284965,2.515286349276147,6,0.5156650632954861,0.005573717938616659,16,0.06584375559245834,1,po-rapec-quality-energy-only-20260731-loto-image_classification,273,0.0
0.0,0.0,0.0,0.0,0.0,0.0,0.0,-0.0027052939757986508,0.0,64,12,15,0.0271990153173736,0.06068837082641152,3.308739757153865,37,14,1.4991935286786222e-05,2.6900955938825613,8,0.31288195346877945,0.0016912061097082627,8,0.2647539115000879,1,po-rapec-quality-energy-only-20260731-loto-image_classification,274,0.0
0.0,0.0,0.0,0.0,0.0,0.0,0.0,-0.0027052939757986508,0.0,64,12,15,0.8341073834922205,0.38023792892044056,3.6928042301735955,37,17,1.4991935286786222e-05,0.7626326912820992,8,0.31288195346877945,0.007657144237907481,7,0.3422952934713329,1,po-rapec-quality-energy-only-20260731-loto-image_classification,275,0.0
0.0,0.0,0.0,0.0,0.0,0.0,0.0,-0.0027052939757986508,0.0,64,10,13,0.014373349888897491,0.06068837082641152,4.409741686021489,30,14,0.0006324427454284965,1.3061671325282904,8,0.5363617968850254,0.005573717938616659,7,0.40864378611125524,1,po-rapec-quality-energy-only-20260731-loto-image_classification,276,0.0
0.015057191938021519,0.3517822220871029,0.05347999999999997,0.2644842122816027,0.015057191938021519,0.3517822220871029,0.0,0.0176065020291553,2.7649490469115108,128,9,11,0.43551280850452934,0.23803736491056932,3.8030605803288573,32,13,0.0006632208878954472,2.125871012926141,5,0.6323872671977332,0.0036116795472184065,20,0.12797869436550707,0,po-rapec-quality-energy-only-20260731-loto-image_classification,277,2.7649490469115108
0.0,0.0,0.0,0.0,0.0,0.0,0.0,-0.0027052939757986508,0.0,192,9,4,0.18462020390088044,0.06912480202123095,4.630043528031806,37,8,4.1451441115283384e-06,1.4864856319954975,8,0.7155474704984082,0.06663927523230896,18,0.050965658762377825,1,po-rapec-quality-energy-only-20260731-loto-image_classification,278,0.0
0.0,0.0,0.0,0.0,0.0,0.0,0.0,-0.0027052939757986508,0.0,128,9,9,0.40007386046799703,0.0594298496279663,4.3916098027540516,39,14,2.552287024938578e-06,1.3061671325282904,7,0.28528387600224014,0.001792100521436324,20,0.32903555636652243,1,po-rapec-quality-energy-only-20260731-loto-image_classification,279,0.0
0.01571903233548182,0.2679492827719416,0.05502999999999997,0.268240568700756,0.01571903233548182,0.2679492827719416,0.0,0.019156502029155295,1.5340015084317755,128,15,9,0.007273075554029418,0.14784535942402832,4.630043528031806,13,9,4.1451441115283384e-06,2.9381003960157575,6,0.31288195346877945,0.0014096437911512944,18,0.15224056127498586,0,po-rapec-quality-energy-only-20260731-loto-image_classification,280,1.5340015084317755
0.0,0.0,0.0,0.0,0.0,0.0,0.0,-0.0027052939757986508,0.0,64,12,15,0.859462663513595,0.28323678428899857,4.409741686021489,26,14,6.228178544372028e-06,0.7626326912820992,8,0.2672916412409765,0.0016912061097082627,7,0.2647539115000879,1,po-rapec-quality-energy-only-20260731-loto-image_classification,281,0.0
0.0013567286013093742,0.06454319283063427,0.005749999999999922,0.09326458222237483,0.0013567286013093742,0.06454319283063427,0.0,0.003044706024201271,2.125462168414588,96,9,14,0.38309495915804653,0.38023792892044056,4.414303330410867,39,17,8.052582363287561e-06,0.7626326912820992,7,0.5399476318205779,0.019809241582800848,16,0.2662549847121198,0,po-rapec-quality-energy-only-20260731-loto-image_classification,282,2.125462168414588
0.0006354297524745917,0.04985009721476392,0.0036125785148475725,0.06661016539472175,0.0006354297524745917,0.04985009721476392,0.0,-0.0019761244833209624,0.6464073177679052,192,12,14,0.34532934090191253,0.305418551186703,4.414303330410867,37,6,1.4991935286786222e-05,0.7626326912820992,8,0.7152504690830501,0.019809241582800848,16,0.2662549847121198,0,po-rapec-quality-energy-only-20260731-loto-image_classification,283,0.6464073177679052
0.0,0.0,0.0,0.0,0.0,0.0,0.0,-0.0027052939757986508,0.0,192,14,7,0.007273075554029418,0.21135124934810945,4.455340681177996,37,9,3.941062028729359e-05,0.7626326912820992,8,0.31288195346877945,0.002081313393731117,19,0.23532791489862132,1,po-rapec-quality-energy-only-20260731-loto-image_classification,284,0.0
0.0,0.0,0.0,0.0,0.0,0.0,0.0,-0.0027052939757986508,0.0,64,12,13,0.7830432412324437,0.06068837082641152,7.831423198681699,30,6,1.6100870664000396e-06,0.7626326912820992,5,0.49520614344949454,0.001792100521436324,7,0.1413933032323315,1,po-rapec-quality-energy-only-20260731-loto-image_classification,285,0.0
0.014263827772432458,0.2739403707687968,0.05441999999999997,0.2534891836288307,0.014263827772432458,0.2739403707687968,0.0,0.018546502029155296,1.5169973121725826,192,12,14,0.41452381737976907,0.1410290444810116,4.414303330410867,37,17,1.4991935286786222e-05,2.515286349276147,8,0.20959092249371586,0.019809241582800848,18,0.2662549847121198,0,po-rapec-quality-energy-only-20260731-loto-image_classification,286,1.5169973121725826
0.0007713733199594675,0.0,0.004628239919756805,0.03155831875908335,0.0007713733199594675,0.0,0.0,-0.0027052939757986508,0.20586404037296388,192,12,15,0.41452381737976907,0.21135124934810945,4.486094828699359,37,9,7.262115431463333e-05,0.7626326912820992,7,0.31288195346877945,0.002081313393731117,6,0.15224056127498586,0,po-rapec-quality-energy-only-20260731-loto-image_classification,287,0.20586404037296388
0.0,0.0,0.0,0.0,0.0,0.0,0.0,-0.0027052939757986508,0.0,64,14,15,0.7830432412324437,0.17405247584195527,6.150737706294037,37,9,1.4991935286786222e-05,0.7626326912820992,8,0.31288195346877945,0.002081313393731117,7,0.32873713385877906,1,po-rapec-quality-energy-only-20260731-loto-image_classification,288,0.0
0.0,0.0,0.0,0.0,0.0,0.0,0.0,-0.0027052939757986508,0.0,192,12,9,0.7830432412324437,0.28323678428899857,4.409741686021489,37,14,6.228178544372028e-06,0.7626326912820992,8,0.6616834229127165,0.0016912061097082627,7,0.15224056127498586,1,po-rapec-quality-energy-only-20260731-loto-image_classification,289,0.0
0.0,0.0,0.0,0.0,0.0,0.0,0.0,-0.0027052939757986508,0.0,64,12,13,0.007273075554029418,0.06068837082641152,4.486094828699359,30,9,1.4991935286786222e-05,0.7626326912820992,8,0.31288195346877945,0.001792100521436324,24,0.48326852967494605,1,po-rapec-quality-energy-only-20260731-loto-image_classification,290,0.0
0.0,0.0,0.0,0.0,0.0,0.0,0.0,-0.0027052939757986508,0.0,64,10,3,0.5737204587532738,0.4089166320523481,4.486094828699359,37,12,7.262115431463333e-05,0.7626326912820992,7,0.14137008226065217,0.011390316927797746,17,0.05828293110366632,1,po-rapec-quality-energy-only-20260731-loto-image_classification,291,0.0
0.0,0.0,0.0,0.0,0.0,0.0,0.0,-0.0027052939757986508,0.0,64,10,13,0.8181653795348379,0.06068837082641152,3.308739757153865,30,19,0.0006324427454284965,1.3061671325282904,6,0.5156650632954861,0.005573717938616659,8,0.40864378611125524,1,po-rapec-quality-energy-only-20260731-loto-image_classification,292,0.0
0.0,0.0,0.0,0.0,0.0,0.0,0.0,-0.0027052939757986508,0.0,96,10,9,0.7830432412324437,0.17405247584195527,3.513556591642165,30,17,1.406552743547534e-05,1.3061671325282904,7,0.6334384967079986,0.001792100521436324,21,0.1413933032323315,1,po-rapec-quality-energy-only-20260731-loto-image_classification,293,0.0
0.0,0.0,0.0,0.0,0.0,0.0,0.0,-0.0027052939757986508,0.0,64,10,13,0.5737204587532738,0.06068837082641152,4.486094828699359,37,6,1.558999634740684e-06,2.0010288378888585,6,0.49520614344949454,0.011390316927797746,8,0.06584375559245834,1,po-rapec-quality-energy-only-20260731-loto-image_classification,294,0.0
0.0,0.0,0.0,0.0,0.0,0.0,0.0,-0.0027052939757986508,0.0,96,12,15,0.3758617322091783,0.17405247584195527,6.150737706294037,32,9,1.4991935286786222e-05,0.7626326912820992,8,0.31288195346877945,0.002081313393731117,24,0.1413933032323315,1,po-rapec-quality-energy-only-20260731-loto-image_classification,295,0.0
0.008446666666666658,0.0,0.05067999999999995,0.06749685580125088,0.008446666666666658,0.0,0.0,0.014806502029155275,1.4127420760916292,96,12,14,0.7830432412324437,0.38023792892044056,4.414303330410867,37,17,8.052582363287561e-06,0.7626326912820992,8,0.7152504690830501,0.0016912061097082627,7,0.2647539115000879,0,po-rapec-quality-energy-only-20260731-loto-image_classification,296,1.4127420760916292
0.0,0.0,0.0,0.0,0.0,0.0,0.0,-0.0027052939757986508,0.0,64,12,15,0.007273075554029418,0.08261527662833648,4.409741686021489,26,14,6.228178544372028e-06,0.7626326912820992,8,0.31288195346877945,0.0016719805822536914,7,0.2647539115000879,1,po-rapec-quality-energy-only-20260731-loto-image_classification,297,0.0
0.0,0.0,0.0,0.0,0.0,0.0,0.0,-0.0027052939757986508,0.0,128,9,9,0.8996898931102658,0.0594298496279663,7.542044349045726,39,13,7.262115431463333e-05,0.8697313713390136,7,0.6334384967079986,0.0016719805822536914,17,0.05828293110366632,1,po-rapec-quality-energy-only-20260731-loto-image_classification,298,0.0
0.01980214084006629,0.3846296191534678,0.05441999999999997,0.36345316623821794,0.01980214084006629,0.3846296191534678,0.15340572061533367,0.01949913587901433,3.107817780479608,192,13,9,0.7226675771118557,0.14784535942402832,4.630043528031806,36,8,0.00011735190405435424,2.396884733652753,2,0.20959092249371586,0.005887368141784676,18,0.06584375559245834,0,po-rapec-quality-energy-only-20260731-loto-image_classification,299,3.107817780479608
0.005118369961407,0.04913222223549357,0.018915531242931105,0.16153556013478104,0.005118369961407,0.04913222223549357,0.0,0.0022660433090095737,1.28622108194947,96,13,9,0.7226675771118557,0.14784535942402832,4.630043528031806,36,8,6.766072885242129e-05,1.4864856319954975,2,0.20959092249371586,0.0036116795472184065,18,0.39612448622382224,0,po-rapec-quality-energy-only-20260731-loto-image_classification,300,1.28622108194947
0.0,0.0,0.0,0.0,0.0,0.0,0.0,-0.0027052939757986508,0.0,192,14,9,0.007273075554029418,0.17405247584195527,4.486094828699359,32,10,1.4991935286786222e-05,0.7626326912820992,5,0.5586864862458961,0.0016719805822536914,20,0.15224056127498586,1,po-rapec-quality-energy-only-20260731-loto-image_classification,301,0.0
0.0,0.0,0.0,0.0,0.0,0.0,0.0,-0.0027052939757986508,0.0,64,12,15,0.7830432412324437,0.38023792892044056,4.486094828699359,37,17,1.4991935286786222e-05,0.7626326912820992,8,0.31288195346877945,0.007657144237907481,7,0.13287049258805578,1,po-rapec-quality-energy-only-20260731-loto-image_classification,302,0.0
0.0,0.0,0.0,0.0,0.0,0.0,0.0,-0.0027052939757986508,0.0,64,12,14,0.38309495915804653,0.21135124934810945,4.486094828699359,35,17,7.325495096938993e-05,0.7626326912820992,6,0.7152504690830501,0.0016719805822536914,24,0.2662549847121198,1,po-rapec-quality-energy-only-20260731-loto-image_classification,303,0.0
0.0,0.0,0.0,0.0,0.0,0.0,0.0,-0.0027052939757986508,0.0,96,10,9,0.5266247607639659,0.17405247584195527,7.542044349045726,39,13,0.0006632208878954472,0.8697313713390136,7,0.6334384967079986,0.0025451482292334886,16,0.17545332051181672,1,po-rapec-quality-energy-only-20260731-loto-image_classification,304,0.0
0.0,0.0,0.0,0.0,0.0,0.0,0.0,-0.0027052939757986508,0.0,192,12,15,0.007273075554029418,0.21135124934810945,4.486094828699359,37,9,1.4991935286786222e-05,0.7626326912820992,8,0.31288195346877945,0.002081313393731117,24,0.15224056127498586,1,po-rapec-quality-energy-only-20260731-loto-image_classification,305,0.0
0.0,0.0,0.0,0.0,0.0,0.0,0.0,-0.0027052939757986508,0.0,192,9,9,0.38309495915804653,0.06912480202123095,7.636000409430745,32,13,6.766072885242129e-05,1.8584900718538018,5,0.7155474704984082,0.0036116795472184065,16,0.050965658762377825,1,po-rapec-quality-energy-only-20260731-loto-image_classification,306,0.0
0.0,0.0,0.0,0.0,0.0,0.0,0.0,-0.0027052939757986508,0.0,96,14,9,0.007273075554029418,0.17405247584195527,4.486094828699359,13,9,7.325495096938993e-05,0.9448948213257714,6,0.31288195346877945,0.0016719805822536914,24,0.17545332051181672,1,po-rapec-quality-energy-only-20260731-loto-image_classification,307,0.0
0.010610835409204267,0.05493013115631245,0.04020999999999997,0.15438115131448873,0.010610835409204267,0.05493013115631245,0.0,0.004336502029155295,1.1208831665281063,192,4,9,0.40007386046799703,0.14784535942402832,2.6496537337886323,37,13,1.406552743547534e-05,0.8697313713390136,7,0.14137008226065217,0.0014096437911512944,18,0.43996389024584215,0,po-rapec-quality-energy-only-20260731-loto-image_classification,308,1.1208831665281063
0.0,0.0,0.0,0.007984250756925415,0.0,0.0,0.0,-0.0027052939757986508,0.0,64,12,9,0.38309495915804653,0.38023792892044056,4.414303330410867,37,17,1.4991935286786222e-05,2.515286349276147,8,0.20959092249371586,0.037618130545559965,18,0.06584375559245834,1,po-rapec-quality-energy-only-20260731-loto-image_classification,309,0.0
0.0,0.0,0.0,0.0,0.0,0.0,0.0,-0.0027052939757986508,0.0,96,9,4,0.7830432412324437,0.23995316709003361,3.8030605803288573,13,17,2.552287024938578e-06,1.4465442765218681,8,0.6940850200971943,0.001792100521436324,20,0.050965658762377825,1,po-rapec-quality-energy-only-20260731-loto-image_classification,310,0.0
0.0,0.0,0.0,0.0,0.0,0.0,0.0,-0.0027052939757986508,0.0,192,12,9,0.7619462416028855,0.1410290444810116,4.630043528031806,36,12,7.262115431463333e-05,2.515286349276147,8,0.20959092249371586,0.005887368141784676,18,0.06584375559245834,1,po-rapec-quality-energy-only-20260731-loto-image_classification,311,0.0
0.0,0.0,0.0,0.0,0.0,0.0,0.0,-0.0027052939757986508,0.0,192,12,9,0.41452381737976907,0.1410290444810116,4.630043528031806,36,18,7.262115431463333e-05,2.515286349276147,8,0.7155474704984082,0.0016719805822536914,20,0.050965658762377825,1,po-rapec-quality-energy-only-20260731-loto-image_classification,312,0.0
0.0,0.0,0.0,0.0,0.0,0.0,0.0,-0.0027052939757986508,0.0,64,10,15,0.7830432412324437,0.06068837082641152,4.3916098027540516,37,17,2.552287024938578e-06,1.3061671325282904,8,0.31288195346877945,0.001792100521436324,18,0.2647539115000879,1,po-rapec-quality-energy-only-20260731-loto-image_classification,313,0.0
0.0,0.0,0.0,0.0,0.0,0.0,0.0,-0.0027052939757986508,0.0,192,10,4,0.41452381737976907,0.17405247584195527,7.636000409430745,38,12,6.766072885242129e-05,0.8697313713390136,7,0.6334384967079986,0.0016719805822536914,16,0.05828293110366632,1,po-rapec-quality-energy-only-20260731-loto-image_classification,314,0.0
0.0,0.0,0.0,0.0,0.0,0.0,0.0,-0.0027052939757986508,0.0,128,10,11,0.41452381737976907,0.17405247584195527,7.542044349045726,32,12,7.262115431463333e-05,0.8697313713390136,5,0.6334384967079986,0.0016719805822536914,20,0.17545332051181672,1,po-rapec-quality-energy-only-20260731-loto-image_classification,315,0.0
0.0,0.0,0.0,0.0,0.0,0.0,0.0,-0.0027052939757986508,0.0,64,12,13,0.7830432412324437,0.06068837082641152,4.3916098027540516,40,13,1.4991935286786222e-05,0.7626326912820992,6,0.28528387600224014,0.001792100521436324,20,0.1413933032323315,1,po-rapec-quality-energy-only-20260731-loto-image_classification,316,0.0
0.0,0.0,0.0,0.0,0.0,0.0,0.0,-0.0027052939757986508,0.0,64,12,15,0.7830432412324437,0.06068837082641152,4.3916098027540516,30,16,1.4991935286786222e-05,0.7626326912820992,8,0.31288195346877945,0.001792100521436324,7,0.1413933032323315,1,po-rapec-quality-energy-only-20260731-loto-image_classification,317,0.0
0.0,0.0,0.0,0.0,0.0,0.0,0.0,-0.0027052939757986508,0.0,192,12,15,0.7226675771118557,0.38023792892044056,7.1683651981543886,37,17,2.6607478225334853e-06,2.396884733652753,8,0.20959092249371586,0.007657144237907481,18,0.06584375559245834,1,po-rapec-quality-energy-only-20260731-loto-image_classification,318,0.0
0.0,0.0,0.0,0.0,0.0,0.0,0.0,-0.0027052939757986508,0.0,64,12,9,0.7830432412324437,0.1410290444810116,4.630043528031806,37,17,4.170164903931681e-05,0.7626326912820992,8,0.20959092249371586,0.005887368141784676,18,0.06584375559245834,1,po-rapec-quality-energy-only-20260731-loto-image_classification,319,0.0
0.0,0.0,0.0,0.001441766291180307,0.0,0.0,0.0,-0.0027052939757986508,0.0,128,12,10,0.7226675771118557,0.14784535942402832,4.630043528031806,36,12,2.6607478225334853e-06,2.396884733652753,7,0.6834472049898949,0.005887368141784676,18,0.06584375559245834,1,po-rapec-quality-energy-only-20260731-loto-image_classification,320,0.0
0.0,0.0,0.0,0.00957676695229803,0.0,0.0,0.0,-0.0027052939757986508,0.0,128,4,6,0.3439608600720441,0.3134229877004084,2.6496537337886323,37,8,1.4991935286786222e-05,1.3932819177680424,8,0.6834472049898949,0.07951135592238279,9,0.05828293110366632,1,po-rapec-quality-energy-only-20260731-loto-image_classification,321,0.0
0.0,0.0,0.0,0.0,0.0,0.0,0.0,-0.0027052939757986508,0.0,64,10,9,0.007273075554029418,0.06068837082641152,3.308739757153865,30,9,7.325495096938993e-05,1.3061671325282904,6,0.5156650632954861,0.0016719805822536914,24,0.40864378611125524,1,po-rapec-quality-energy-only-20260731-loto-image_classification,322,0.0
0.00039839526797605385,0.039780437178593434,0.002390371607856323,0.05627968564815931,0.00039839526797605385,0.039780437178593434,0.0,-0.0027052939757986508,0.42771491142751156,64,12,15,0.38309495915804653,0.28323678428899857,4.409741686021489,37,14,8.052582363287561e-06,0.7626326912820992,8,0.7152504690830501,0.019809241582800848,18,0.2662549847121198,0,po-rapec-quality-energy-only-20260731-loto-image_classification,323,0.42771491142751156
0.03708487705387331,0.596282922655295,0.08594999999999997,0.47959418867463094,0.03708487705387331,0.596282922655295,0.07643484126526558,0.0500765020291553,6.7373277726487295,64,9,4,0.38309495915804653,0.17405247584195527,6.150737706294037,38,14,1.4991935286786222e-05,1.4864856319954975,2,0.7155474704984082,0.0036116795472184065,7,0.050965658762377825,0,po-rapec-quality-energy-only-20260731-loto-image_classification,324,6.7373277726487295
0.0007207238295148799,0.044825379265496956,0.004309999999999925,0.07589526717931942,0.0007207238295148799,0.044825379265496956,0.0,0.0016047060242012742,1.5931725123246676,64,12,15,0.34532934090191253,0.28323678428899857,4.486094828699359,37,6,9.376391233205244e-05,0.7626326912820992,8,0.2672916412409765,0.03229063108371159,24,0.2647539115000879,0,po-rapec-quality-energy-only-20260731-loto-image_classification,325,1.5931725123246676
0.0,0.0,0.0,0.0,0.0,0.0,0.0,-0.0027052939757986508,0.0,64,10,9,0.38309495915804653,0.0594298496279663,4.414303330410867,39,9,8.052582363287561e-06,0.7626326912820992,8,0.7152504690830501,0.0025451482292334886,16,0.17545332051181672,1,po-rapec-quality-energy-only-20260731-loto-image_classification,326,0.0
0.0,0.0,0.0,0.0,0.0,0.0,0.0,-0.0027052939757986508,0.0,64,9,4,0.43551280850452934,0.23995316709003361,3.8030605803288573,13,9,6.766072885242129e-05,1.4465442765218681,5,0.7155474704984082,0.0036116795472184065,20,0.050965658762377825,1,po-rapec-quality-energy-only-20260731-loto-image_classification,327,0.0
0.011829878746760355,0.0,0.05347999999999997,0.13094207404298489,0.011829878746760355,0.0,0.0,0.0176065020291553,1.4907941244944822,64,10,13,0.7736934494444573,0.15111986061095128,4.3916098027540516,30,19,2.552287024938578e-06,1.3061671325282904,6,0.28528387600224014,0.001792100521436324,8,0.48326852967494605,0,po-rapec-quality-energy-only-20260731-loto-image_classification,328,1.4907941244944822
0.025332372220901844,0.460934918984319,0.06939999999999996,0.3871160921919666,0.025332372220901844,0.460934918984319,0.008650597747081842,0.03352650202915529,12.039357013089377,128,10,15,0.41452381737976907,0.28323678428899857,3.513556591642165,26,12,7.262115431463333e-05,2.6137427598332907,8,0.6334384967079986,0.06919350621763547,7,0.2647539115000879,0,po-rapec-quality-energy-only-20260731-loto-image_classification,329,12.039357013089377
0.0030556552146801413,0.0,0.01672239439069917,0.07315635479823539,0.0030556552146801413,0.0,0.0,-0.0027052939757986508,0.743811845035123,96,14,9,0.014373349888897491,0.2545132877981197,3.308739757153865,30,13,0.0006324427454284965,1.3061671325282904,6,0.5156650632954861,0.005573717938616659,20,0.40864378611125524,0,po-rapec-quality-energy-only-20260731-loto-image_classification,330,0.743811845035123
0.0,0.0,0.0,0.0,0.0,0.0,0.0,-0.0027052939757986508,0.0,96,12,9,0.007273075554029418,0.21135124934810945,6.150737706294037,37,13,7.325495096938993e-05,0.9448948213257714,8,0.31288195346877945,0.0016719805822536914,24,0.15224056127498586,1,po-rapec-quality-energy-only-20260731-loto-image_classification,331,0.0
0.016383349622872256,0.2914095662709153,0.05347999999999997,0.2646866085023603,0.016383349622872256,0.2914095662709153,0.0,0.0176065020291553,2.9329049666598626,64,10,13,0.8023566334580307,0.28323678428899857,4.409741686021489,26,6,2.552287024938578e-06,1.5885843173846874,6,0.28528387600224014,0.001792100521436324,7,0.17545332051181672,0,po-rapec-quality-energy-only-20260731-loto-image_classification,332,2.9329049666598626
0.0035330798053528414,0.03449220181304469,0.017499272480562156,0.10355432036101068,0.0035330798053528414,0.03449220181304469,0.0,-0.0019761244833209624,0.7783673705111724,192,12,15,0.007273075554029418,0.21135124934810945,4.486094828699359,37,9,1.4991935286786222e-05,0.7626326912820992,8,0.31288195346877945,0.008331522492040503,9,0.15224056127498586,0,po-rapec-quality-energy-only-20260731-loto-image_classification,333,0.7783673705111724
0.0,0.0,0.0,0.0,0.0,0.0,0.0,-0.0027052939757986508,0.0,96,9,9,0.007273075554029418,0.1410290444810116,7.542044349045726,27,12,2.8127368519964934e-05,2.0697742046263476,7,0.5399476318205779,0.07951135592238279,24,0.05828293110366632,1,po-rapec-quality-energy-only-20260731-loto-image_classification,334,0.0
0.008446666666666658,0.0,0.05067999999999995,0.07067443697741681,0.008446666666666658,0.0,0.0,0.014806502029155275,1.4127420760916292,64,12,3,0.7830432412324437,0.28323678428899857,6.150737706294037,37,14,1.4991935286786222e-05,0.7626326912820992,8,0.5586864862458961,0.007657144237907481,7,0.2647539115000879,0,po-rapec-quality-energy-only-20260731-loto-image_classification,335,1.4127420760916292
0.0,0.0,0.0,0.001593398552751344,0.0,0.0,0.0,-0.0027052939757986508,0.0,64,14,9,0.7830432412324437,0.17405247584195527,6.150737706294037,37,14,1.4991935286786222e-05,0.7626326912820992,8,0.5586864862458961,0.007657144237907481,7,0.26664619957814323,1,po-rapec-quality-energy-only-20260731-loto-image_classification,336,0.0
0.0,0.0,0.0,0.0,0.0,0.0,0.0,-0.0027052939757986508,0.0,64,12,13,0.7830432412324437,0.06068837082641152,4.409741686021489,30,14,6.228178544372028e-06,0.7626326912820992,8,0.31288195346877945,0.001792100521436324,7,0.2647539115000879,1,po-rapec-quality-energy-only-20260731-loto-image_classification,337,0.0
0.011101666666666649,0.0,0.05441999999999997,0.11711219904613579,0.011101666666666649,0.0,0.0,0.018546502029155296,1.5169973121725826,192,12,3,0.007273075554029418,0.17405247584195527,4.486094828699359,36,8,4.1451441115283384e-06,2.9381003960157575,6,0.14137008226065217,0.0016719805822536914,18,0.06584375559245834,0,po-rapec-quality-energy-only-20260731-loto-image_classification,338,1.5169973121725826
0.0,0.0,0.0,0.001593398552751344,0.0,0.0,0.0,-0.0027052939757986508,0.0,64,14,9,0.7830432412324437,0.17405247584195527,6.004202571343182,37,14,2.4985243340217648e-05,0.7626326912820992,8,0.5586864862458961,0.007657144237907481,7,0.1413933032323315,1,po-rapec-quality-energy-only-20260731-loto-image_classification,339,0.0
0.0,0.0,0.0,0.0,0.0,0.0,0.0,-0.0027052939757986508,0.0,96,9,9,0.7830432412324437,0.06068837082641152,4.3916098027540516,30,17,0.00010341720180784308,1.3061671325282904,8,0.5399476318205779,0.0025451482292334886,7,0.1413933032323315,1,po-rapec-quality-energy-only-20260731-loto-image_classification,340,0.0
0.0,0.0,0.0,0.0,0.0,0.0,0.0,-0.0027052939757986508,0.0,192,12,6,0.7226675771118557,0.305418551186703,4.486094828699359,37,8,2.6607478225334853e-06,2.396884733652753,8,0.20959092249371586,0.0038265241338148615,24,0.06584375559245834,1,po-rapec-quality-energy-only-20260731-loto-image_classification,341,0.0
0.0,0.0,0.0,0.0,0.0,0.0,0.0,-0.0027052939757986508,0.0,192,12,15,0.8034331042494768,0.305418551186703,4.486094828699359,37,6,1.4991935286786222e-05,0.7626326912820992,8,0.31288195346877945,0.0038265241338148615,24,0.23532791489862132,1,po-rapec-quality-energy-only-20260731-loto-image_classification,342,0.0
0.0,0.0,0.0,0.0,0.0,0.0,0.0,-0.0027052939757986508,0.0,192,10,3,0.7830432412324437,0.14784535942402832,4.3916098027540516,30,8,6.103466345186053e-05,2.9381003960157575,8,0.14137008226065217,0.001792100521436324,18,0.06584375559245834,1,po-rapec-quality-energy-only-20260731-loto-image_classification,343,0.0
0.012434365662083176,0.12596297326246975,0.05347999999999997,0.17930798500458212,0.012434365662083176,0.12596297326246975,0.0,0.0176065020291553,1.4907941244944822,64,10,13,0.014373349888897491,0.38023792892044056,3.308739757153865,37,16,0.0006324427454284965,0.7626326912820992,6,0.5156650632954861,0.005573717938616659,8,0.2662549847121198,0,po-rapec-quality-energy-only-20260731-loto-image_classification,344,1.4907941244944822
0.0,0.0,0.0,0.0,0.0,0.0,0.0,-0.0027052939757986508,0.0,96,10,13,0.7830432412324437,0.06068837082641152,4.486094828699359,30,9,7.325495096938993e-05,1.3061671325282904,6,0.31288195346877945,0.0016719805822536914,24,0.17545332051181672,1,po-rapec-quality-energy-only-20260731-loto-image_classification,345,0.0
0.0,0.0,0.0,0.0,0.0,0.0,0.0,-0.0027052939757986508,0.0,192,12,15,0.34532934090191253,0.21135124934810945,4.486094828699359,37,9,1.4991935286786222e-05,0.7626326912820992,8,0.31288195346877945,0.002081313393731117,24,0.2679403730411418,1,po-rapec-quality-energy-only-20260731-loto-image_classification,346,0.0
0.0,0.0,0.0,0.0,0.0,0.0,0.0,-0.0027052939757986508,0.0,128,9,15,0.5266247607639659,0.21135124934810945,7.542044349045726,32,6,1.4991935286786222e-05,0.8679541744607753,8,0.5586864862458961,0.0038265241338148615,20,0.17545332051181672,1,po-rapec-quality-energy-only-20260731-loto-image_classification,347,0.0
0.0,0.0,0.0,0.0,0.0,0.0,0.0,-0.0027052939757986508,0.0,192,12,15,0.007273075554029418,0.21135124934810945,4.486094828699359,37,9,1.4991935286786222e-05,0.7626326912820992,8,0.584874017286983,0.002081313393731117,10,0.15224056127498586,1,po-rapec-quality-energy-only-20260731-loto-image_classification,348,0.0
0.0,0.0,0.0,0.0,0.0,0.0,0.0,-0.0027052939757986508,0.0,64,12,15,0.7830432412324437,0.17405247584195527,6.150737706294037,18,14,1.4991935286786222e-05,0.7626326912820992,8,0.6744736674180155,0.0038265241338148615,24,0.1413933032323315,1,po-rapec-quality-energy-only-20260731-loto-image_classification,349,0.0
0.018581869966690062,0.3414882325117009,0.05067999999999995,0.31581619742200345,0.018581869966690062,0.3414882325117009,0.0,0.014806502029155275,1.5513867594322515,192,12,4,0.38309495915804653,0.06912480202123095,7.636000409430745,38,17,8.052582363287561e-06,2.142668886731363,2,0.7152504690830501,0.0036116795472184065,16,0.2662549847121198,0,po-rapec-quality-energy-only-20260731-loto-image_classification,350,1.5513867594322515
0.0,0.0,0.0,0.0,0.0,0.0,0.0,-0.0027052939757986508,0.0,192,14,9,0.007273075554029418,0.21135124934810945,6.150737706294037,32,13,7.325495096938993e-05,0.7626326912820992,5,0.5586864862458961,0.0016719805822536914,20,0.15224056127498586,1,po-rapec-quality-energy-only-20260731-loto-image_classification,351,0.0
0.0,0.0,0.0,0.0,0.0,0.0,0.0,-0.0027052939757986508,0.0,64,12,14,0.7830432412324437,0.06068837082641152,4.414303330410867,30,17,8.052582363287561e-06,1.3061671325282904,8,0.31288195346877945,0.019809241582800848,13,0.1413933032323315,1,po-rapec-quality-energy-only-20260731-loto-image_classification,352,0.0
0.0,0.0,0.0,0.0,0.0,0.0,0.0,-0.0027052939757986508,0.0,192,12,15,0.34532934090191253,0.305418551186703,4.486094828699359,37,9,1.4991935286786222e-05,0.7626326912820992,8,0.31288195346877945,0.0038265241338148615,24,0.2679403730411418,1,po-rapec-quality-energy-only-20260731-loto-image_classification,353,0.0
0.0,0.0,0.0,0.0,0.0,0.0,0.0,-0.0027052939757986508,0.0,64,4,15,0.7830432412324437,0.14784535942402832,3.6928042301735955,37,17,7.317840259770498e-05,0.7626326912820992,7,0.31288195346877945,0.0014096437911512944,7,0.05828293110366632,1,po-rapec-quality-energy-only-20260731-loto-image_classification,354,0.0
0.0,0.0,0.0,0.0,0.0,0.0,0.0,-0.0027052939757986508,0.0,64,10,15,0.8023566334580307,0.06068837082641152,4.3916098027540516,32,13,1.4991935286786222e-05,1.3061671325282904,6,0.31288195346877945,0.001792100521436324,7,0.17545332051181672,1,po-rapec-quality-energy-only-20260731-loto-image_classification,355,0.0
0.0,0.0,0.0,0.0,0.0,0.0,0.0,-0.0027052939757986508,0.0,192,9,15,0.0326382449152199,0.28323678428899857,2.3487819220859696,37,14,6.766072885242129e-05,0.7626326912820992,7,0.31288195346877945,0.0016912061097082627,20,0.2647539115000879,1,po-rapec-quality-energy-only-20260731-loto-image_classification,356,0.0
0.0,0.0,0.0,0.0,0.0,0.0,0.0,-0.0027052939757986508,0.0,64,12,15,0.7830432412324437,0.38023792892044056,3.6928042301735955,37,17,7.325495096938993e-05,0.8697313713390136,8,0.31288195346877945,0.007657144237907481,7,0.17545332051181672,1,po-rapec-quality-energy-only-20260731-loto-image_classification,357,0.0
0.0,0.0,0.0,0.0,0.0,0.0,0.0,-0.0027052939757986508,0.0,192,12,15,0.41452381737976907,0.1410290444810116,2.6496537337886323,27,9,7.262115431463333e-05,2.515286349276147,7,0.6504030246543123,0.002081313393731117,24,0.05828293110366632,1,po-rapec-quality-energy-only-20260731-loto-image_classification,358,0.0
0.0,0.0,0.0,0.0,0.0,0.0,0.0,-0.0027052939757986508,0.0,64,10,13,0.5910035489779931,0.06068837082641152,3.308739757153865,30,19,0.0006324427454284965,1.3061671325282904,6,0.5156650632954861,0.005573717938616659,8,0.40864378611125524,1,po-rapec-quality-energy-only-20260731-loto-image_classification,359,0.0
0.0,0.0,0.0,0.0,0.0,0.0,0.0,-0.0027052939757986508,0.0,128,10,13,0.8023566334580307,0.06068837082641152,4.3916098027540516,32,13,7.325495096938993e-05,0.9448948213257714,5,0.28528387600224014,0.0016719805822536914,20,0.17545332051181672,1,po-rapec-quality-energy-only-20260731-loto-image_classification,360,0.0
0.0,0.0,0.0,0.0,0.0,0.0,0.0,-0.0027052939757986508,0.0,96,14,9,0.007273075554029418,0.21135124934810945,4.486094828699359,13,9,7.325495096938993e-05,0.7626326912820992,6,0.31288195346877945,0.0016719805822536914,24,0.15224056127498586,1,po-rapec-quality-energy-only-20260731-loto-image_classification,361,0.0
0.015130714724026327,0.26868046877279794,0.059779999999999944,0.25360365066887275,0.015130714724026327,0.26868046877279794,0.0,0.02390650202915527,1.6664112334008998,64,14,9,0.41452381737976907,0.17405247584195527,2.5298752868327545,37,12,1.4991935286786222e-05,2.515286349276147,8,0.20959092249371586,0.0016719805822536914,18,0.2647539115000879,0,po-rapec-quality-energy-only-20260731-loto-image_classification,362,1.6664112334008998
0.0,0.0,0.0,0.0,0.0,0.0,0.0,-0.0027052939757986508,0.0,192,12,4,0.38309495915804653,0.14784535942402832,4.630043528031806,38,8,4.1451441115283384e-06,1.4864856319954975,8,0.7155474704984082,0.0014096437911512944,18,0.06584375559245834,1,po-rapec-quality-energy-only-20260731-loto-image_classification,363,0.0
0.0,0.0,0.0,0.0,0.0,0.0,0.0,-0.0027052939757986508,0.0,128,4,15,0.41452381737976907,0.1410290444810116,4.455340681177996,28,9,3.941062028729359e-05,2.4688208302191645,8,0.6902980689723464,0.002081313393731117,19,0.05828293110366632,1,po-rapec-quality-energy-only-20260731-loto-image_classification,364,0.0
0.0,0.0,0.0,0.0,0.0,0.0,0.0,-0.0027052939757986508,0.0,64,12,9,0.5266247607639659,0.17405247584195527,4.409741686021489,26,13,6.228178544372028e-06,0.9448948213257714,8,0.5586864862458961,0.0016912061097082627,20,0.2647539115000879,1,po-rapec-quality-energy-only-20260731-loto-image_classification,365,0.0
0.0,0.0,0.0,0.0,0.0,0.0,0.0,-0.0027052939757986508,0.0,128,12,15,0.8023566334580307,0.06068837082641152,2.3487819220859696,32,17,2.552287024938578e-06,1.3061671325282904,6,0.31288195346877945,0.0016912061097082627,20,0.17545332051181672,1,po-rapec-quality-energy-only-20260731-loto-image_classification,366,0.0
0.0,0.0,0.0,0.0,0.0,0.0,0.0,-0.0027052939757986508,0.0,96,10,3,0.41452381737976907,0.17405247584195527,4.486094828699359,13,12,7.262115431463333e-05,0.9448948213257714,8,0.31288195346877945,0.0016719805822536914,20,0.17545332051181672,1,po-rapec-quality-energy-only-20260731-loto-image_classification,367,0.0
0.021567070684781874,0.47354597868376813,0.059779999999999944,0.3896992976116678,0.021567070684781874,0.47354597868376813,0.0,0.02390650202915527,7.2783217558406355,192,4,3,0.41452381737976907,0.14784535942402832,4.414303330410867,37,18,1.4991935286786222e-05,1.3932819177680424,8,0.14137008226065217,0.019809241582800848,18,0.2662549847121198,0,po-rapec-quality-energy-only-20260731-loto-image_classification,368,7.2783217558406355
0.0,0.0,0.0,0.0,0.0,0.0,0.0,-0.0027052939757986508,0.0,192,5,4,0.5266247607639659,0.06912480202123095,2.8467271641139416,32,13,7.325495096938993e-05,1.4465442765218681,5,0.7155474704984082,0.0016719805822536914,20,0.050965658762377825,1,po-rapec-quality-energy-only-20260731-loto-image_classification,369,0.0
0.008549796896052083,0.1598344605021183,0.028449999999999975,0.17425933258833826,0.008549796896052083,0.1598344605021183,0.0,-0.0027052939757986508,0.8544427041764607,192,9,4,0.7736934494444573,0.23995316709003361,1.949477401851984,30,17,2.552287024938578e-06,1.4465442765218681,8,0.7155474704984082,0.001792100521436324,20,0.48326852967494605,1,po-rapec-quality-energy-only-20260731-loto-image_classification,370,0.8544427041764607
0.012308027347225803,0.23708366566651642,0.04020999999999997,0.23546265275607614,0.012308027347225803,0.23708366566651642,0.0,0.004336502029155295,1.28622108194947,192,14,9,0.520369685857367,0.21135124934810945,6.150737706294037,32,13,7.192540635518145e-05,1.8584900718538018,5,0.6902980689723464,0.0016719805822536914,19,0.23532791489862132,0,po-rapec-quality-energy-only-20260731-loto-image_classification,371,1.28622108194947
0.0,0.0,0.0,0.0,0.0,0.0,0.0,-0.0027052939757986508,0.0,128,9,11,0.7063585171882701,0.23803736491056932,6.150737706294037,32,13,0.0006632208878954472,0.8679541744607753,8,0.5586864862458961,0.002081313393731117,24,0.15224056127498586,1,po-rapec-quality-energy-only-20260731-loto-image_classification,372,0.0
0.0,0.0,0.0,0.0,0.0,0.0,0.0,-0.0027052939757986508,0.0,64,12,9,0.5266247607639659,0.28323678428899857,6.150737706294037,32,7,6.228178544372028e-06,0.7626326912820992,5,0.6744736674180155,0.0016912061097082627,20,0.2647539115000879,1,po-rapec-quality-energy-only-20260731-loto-image_classification,373,0.0
0.0,0.0,0.0,0.0,0.0,0.0,0.0,-0.0027052939757986508,0.0,192,12,15,0.7830432412324437,0.21135124934810945,3.6928042301735955,9,9,1.4991935286786222e-05,0.7626326912820992,8,0.6902980689723464,0.002081313393731117,7,0.1413933032323315,1,po-rapec-quality-energy-only-20260731-loto-image_classification,374,0.0
0.01914501374034228,0.4026386599000592,0.05347999999999997,0.31799838670530167,0.01914501374034228,0.4026386599000592,0.0,0.0176065020291553,3.6986548860326622,64,9,15,0.5266247607639659,0.28323678428899857,7.542044349045726,26,13,0.0006632208878954472,0.8679541744607753,5,0.2672916412409765,0.017745565306338872,7,0.2647539115000879,0,po-rapec-quality-energy-only-20260731-loto-image_classification,375,3.6986548860326622
0.0,0.0,0.0,0.0,0.0,0.0,0.0,-0.0027052939757986508,0.0,64,12,15,0.38309495915804653,0.28323678428899857,4.3916098027540516,37,14,2.552287024938578e-06,0.5702168300061201,8,0.5363122534523765,0.001792100521436324,8,0.2662549847121198,1,po-rapec-quality-energy-only-20260731-loto-image_classification,376,0.0
0.02151973554109185,0.3982366215682063,0.05441999999999997,0.3747296356574399,0.02151973554109185,0.3982366215682063,0.08873509048026754,0.02491470602420127,10.209611320280269,96,9,9,0.007273075554029418,0.06912480202123095,6.150737706294037,32,9,2.172646461263105e-06,2.898290666660115,7,0.7155474704984082,0.0025451482292334886,20,0.17545332051181672,0,po-rapec-quality-energy-only-20260731-loto-image_classification,377,10.209611320280269
0.0,0.0,0.0,0.0,0.0,0.0,0.0,-0.0027052939757986508,0.0,192,12,9,0.007273075554029418,0.0594298496279663,7.542044349045726,39,8,4.1451441115283384e-06,0.8697313713390136,7,0.75464815444558,0.0014096437911512944,18,0.3919608091103954,1,po-rapec-quality-energy-only-20260731-loto-image_classification,378,0.0
0.0007713733199594675,0.0,0.004628239919756805,0.037925595993891975,0.0007713733199594675,0.0,0.0,-0.0027052939757986508,0.20586404037296388,64,14,9,0.40164678827366884,0.17405247584195527,6.150737706294037,37,9,8.168699446268694e-06,0.7626326912820992,6,0.31288195346877945,0.007657144237907481,7,0.15224056127498586,0,po-rapec-quality-energy-only-20260731-loto-image_classification,379,0.20586404037296388
0.0,0.0,0.0,0.0,0.0,0.0,0.0,-0.0027052939757986508,0.0,96,10,13,0.7830432412324437,0.06068837082641152,4.3916098027540516,30,17,2.552287024938578e-06,1.3061671325282904,8,0.31288195346877945,0.0023989325079594947,7,0.1413933032323315,1,po-rapec-quality-energy-only-20260731-loto-image_classification,380,0.0
0.013554727705081149,0.12359750877887701,0.05347999999999997,0.20545296575286373,0.013554727705081149,0.12359750877887701,0.0,0.0176065020291553,2.9329049666598626,192,10,9,0.5266247607639659,0.06912480202123095,6.150737706294037,32,14,7.325495096938993e-05,0.7626326912820992,5,0.5586864862458961,0.007657144237907481,7,0.1413933032323315,0,po-rapec-quality-energy-only-20260731-loto-image_classification,381,2.9329049666598626
0.015699899798548706,0.18038970879667787,0.05347999999999997,0.22767998934428116,0.015699899798548706,0.18038970879667787,0.0,0.0176065020291553,2.9329049666598626,64,12,9,0.7830432412324437,0.28323678428899857,6.150737706294037,26,14,7.325495096938993e-05,0.9448948213257714,5,0.5586864862458961,0.0016719805822536914,7,0.2647539115000879,0,po-rapec-quality-energy-only-20260731-loto-image_classification,382,2.9329049666598626
0.0,0.0,0.0,0.0,0.0,0.0,0.0,-0.0027052939757986508,0.0,192,15,15,0.007273075554029418,0.21135124934810945,4.486094828699359,31,9,1.4991935286786222e-05,0.7626326912820992,8,0.31288195346877945,0.011390316927797746,17,0.06584375559245834,1,po-rapec-quality-energy-only-20260731-loto-image_classification,383,0.0
0.0,0.0,0.0,0.0,0.0,0.0,0.0,-0.0027052939757986508,0.0,96,14,9,0.5266247607639659,0.0594298496279663,7.542044349045726,39,13,7.325495096938993e-05,0.8697313713390136,5,0.5399476318205779,0.0025451482292334886,20,0.17545332051181672,1,po-rapec-quality-energy-only-20260731-loto-image_classification,384,0.0
0.0,0.0,0.0,0.0,0.0,0.0,0.0,-0.0027052939757986508,0.0,192,15,15,0.5737204587532738,0.14784535942402832,4.486094828699359,37,18,7.317840259770498e-05,0.7626326912820992,7,0.14137008226065217,0.0014096437911512944,18,0.06584375559245834,1,po-rapec-quality-energy-only-20260731-loto-image_classification,385,0.0
0.0,0.0,0.0,0.0,0.0,0.0,0.0,-0.0027052939757986508,0.0,96,14,9,0.5266247607639659,0.17405247584195527,4.775056886704972,9,13,7.325495096938993e-05,0.9448948213257714,5,0.5586864862458961,0.0016719805822536914,20,0.17545332051181672,1,po-rapec-quality-energy-only-20260731-loto-image_classification,386,0.0
0.0,0.0,0.0,0.0,0.0,0.0,0.0,-0.0027052939757986508,0.0,192,9,9,0.007273075554029418,0.21135124934810945,4.486094828699359,13,9,7.325495096938993e-05,0.7626326912820992,6,0.31288195346877945,0.0016719805822536914,23,0.15224056127498586,1,po-rapec-quality-energy-only-20260731-loto-image_classification,387,0.0
0.0,0.0,0.0,0.00957676695229803,0.0,0.0,0.0,-0.0027052939757986508,0.0,192,12,3,0.38309495915804653,0.28323678428899857,4.409741686021489,37,11,8.052582363287561e-06,0.7626326912820992,7,0.14137008226065217,0.019809241582800848,18,0.05828293110366632,1,po-rapec-quality-energy-only-20260731-loto-image_classification,388,0.0
0.0,0.0,0.0,0.0,0.0,0.0,0.0,-0.0027052939757986508,0.0,64,12,14,0.41452381737976907,0.14784535942402832,2.6496537337886323,37,17,7.317840259770498e-05,0.7626326912820992,7,0.14137008226065217,0.0014096437911512944,16,0.2662549847121198,1,po-rapec-quality-energy-only-20260731-loto-image_classification,389,0.0
0.0,0.0,0.0,0.0,0.0,0.0,0.0,-0.0027052939757986508,0.0,192,12,9,0.007273075554029418,0.1410290444810116,4.630043528031806,32,12,0.0003849998400596273,0.7626326912820992,8,0.31288195346877945,0.005887368141784676,24,0.15224056127498586,1,po-rapec-quality-energy-only-20260731-loto-image_classification,390,0.0
0.0,0.0,0.0,0.0,0.0,0.0,0.0,-0.0027052939757986508,0.0,96,13,9,0.007273075554029418,0.06912480202123095,6.150737706294037,32,9,0.0003849998400596273,1.8584900718538018,8,0.7155474704984082,0.0016719805822536914,24,0.050965658762377825,1,po-rapec-quality-energy-only-20260731-loto-image_classification,391,0.0
0.012682456265747662,0.14595814105106875,0.05347999999999997,0.18613683750854626,0.012682456265747662,0.14595814105106875,0.0,0.0176065020291553,1.4907941244944822,192,12,15,0.859462663513595,0.28323678428899857,4.630043528031806,36,6,4.1451441115283384e-06,2.9381003960157575,8,0.14137008226065217,0.0016912061097082627,7,0.06584375559245834,0,po-rapec-quality-energy-only-20260731-loto-image_classification,392,1.4907941244944822
0.0,0.0,0.0,0.0,0.0,0.0,0.0,-0.0027052939757986508,0.0,96,5,9,0.5266247607639659,0.06068837082641152,6.150737706294037,32,17,7.325495096938993e-05,1.8584900718538018,8,0.7155474704984082,0.001792100521436324,20,0.050965658762377825,1,po-rapec-quality-energy-only-20260731-loto-image_classification,393,0.0
0.0,0.0,0.0,0.0,0.0,0.0,0.0,-0.0027052939757986508,0.0,128,14,3,0.5266247607639659,0.3542000862800939,6.150737706294037,27,13,7.262115431463333e-05,0.8697313713390136,7,0.6334384967079986,0.0016719805822536914,20,0.05828293110366632,1,po-rapec-quality-energy-only-20260731-loto-image_classification,394,0.0
0.017697558406349737,0.40363679820530707,0.05347999999999997,0.2963054481939728,0.017697558406349737,0.40363679820530707,0.0,0.0176065020291553,4.724070697798037,64,12,15,0.859462663513595,0.28323678428899857,2.6496537337886323,27,14,6.228178544372028e-06,0.7626326912820992,7,0.6834472049898949,0.07951135592238279,7,0.2647539115000879,0,po-rapec-quality-energy-only-20260731-loto-image_classification,395,4.724070697798037
0.019699998489268185,0.3397414424826332,0.05441999999999997,0.35461367594164067,0.019699998489268185,0.3397414424826332,0.09826444447098714,0.02506470602420131,10.265058159456318,96,10,9,0.40007386046799703,0.14784535942402832,3.513556591642165,32,13,0.00011735190405435424,2.5674551796464176,8,0.6334384967079986,0.005887368141784676,18,0.17545332051181672,0,po-rapec-quality-energy-only-20260731-loto-image_classification,396,10.265058159456318
0.0,0.0,0.0,0.0,0.0,0.0,0.0,-0.0027052939757986508,0.0,192,12,9,0.8644808154309386,0.21135124934810945,7.936145344804369,29,6,7.325495096938993e-05,0.7626326912820992,8,0.2316499171702447,0.0038265241338148615,20,0.15224056127498586,1,po-rapec-quality-energy-only-20260731-loto-image_classification,397,0.0
0.0031999999999999993,0.0,0.019199999999999995,0.074032288117403,0.0031999999999999993,0.0,0.0,0.009949135879014383,2.0754817873116025,192,5,15,0.5266247607639659,0.38023792892044056,3.4122585157262475,32,11,7.325495096938993e-05,1.8584900718538018,3,0.31288195346877945,0.007657144237907481,7,0.050965658762377825,0,po-rapec-quality-energy-only-20260731-loto-image_classification,398,2.0754817873116025
0.0,0.0,0.0,0.0,0.0,0.0,0.0,-0.0027052939757986508,0.0,64,12,15,0.38309495915804653,0.17231601860320922,4.409741686021489,26,14,8.052582363287561e-06,0.7626326912820992,8,0.2672916412409765,0.0016912061097082627,16,0.2662549847121198,1,po-rapec-quality-energy-only-20260731-loto-image_classification,399,0.0
0.0,0.0,0.0,0.0,0.0,0.0,0.0,-0.0027052939757986508,0.0,192,12,15,0.34532934090191253,0.2464903490321057,4.455340681177996,9,6,3.941062028729359e-05,0.7626326912820992,8,0.6902980689723464,0.0038265241338148615,19,0.23532791489862132,1,po-rapec-quality-energy-only-20260731-loto-image_classification,400,0.0
0.0,0.0,0.0,0.0,0.0,0.0,0.0,-0.0027052939757986508,0.0,192,14,15,0.41452381737976907,0.21135124934810945,2.6496537337886323,9,18,7.317840259770498e-05,1.3932819177680424,7,0.6902980689723464,0.002081313393731117,18,0.23532791489862132,1,po-rapec-quality-energy-only-20260731-loto-image_classification,401,0.0
0.0,0.0,0.0,0.0,0.0,0.0,0.0,-0.0027052939757986508,0.0,128,12,10,0.7226675771118557,0.14784535942402832,2.6496537337886323,27,12,7.262115431463333e-05,2.515286349276147,7,0.6834472049898949,0.07951135592238279,24,0.05828293110366632,1,po-rapec-quality-energy-only-20260731-loto-image_classification,402,0.0
0.020483354385121666,0.4558600460318841,0.05441999999999997,0.3398455583919646,0.020483354385121666,0.4558600460318841,0.0,0.020304706024201268,8.505545129603506,128,4,6,0.34532934090191253,0.305418551186703,4.486094828699359,21,18,4.222418549245097e-06,1.3932819177680424,7,0.31288195346877945,0.07951135592238279,24,0.2679403730411418,0,po-rapec-quality-energy-only-20260731-loto-image_classification,403,8.505545129603506
0.012065921873821847,0.009532743528497757,0.05347999999999997,0.13748412382485667,0.012065921873821847,0.009532743528497757,0.0,0.0176065020291553,1.4907941244944822,64,9,4,0.7830432412324437,0.17405247584195527,6.150737706294037,37,14,6.766072885242129e-05,1.4864856319954975,8,0.7155474704984082,0.007657144237907481,7,0.050965658762377825,0,po-rapec-quality-energy-only-20260731-loto-image_classification,404,1.4907941244944822
0.0,0.0,0.0,0.0,0.0,0.0,0.0,-0.0027052939757986508,0.0,64,12,15,0.5291873770855049,0.21135124934810945,2.3487819220859696,37,14,1.4991935286786222e-05,0.7626326912820992,8,0.6744736674180155,0.0016912061097082627,24,0.15224056127498586,1,po-rapec-quality-energy-only-20260731-loto-image_classification,405,0.0
0.0,0.0,0.0,0.0,0.0,0.0,0.0,-0.0027052939757986508,0.0,64,12,15,0.5231896687424552,0.12939814255365262,4.486094828699359,37,17,1.4991935286786222e-05,0.7210506326213482,8,0.31288195346877945,0.007657144237907481,24,0.1413933032323315,1,po-rapec-quality-energy-only-20260731-loto-image_classification,406,0.0
0.00039839526797605385,0.0,0.002390371607856323,0.022662650850824844,0.00039839526797605385,0.0,0.0,-0.0027052939757986508,0.42771491142751156,96,9,9,0.6306302859771103,0.28323678428899857,7.542044349045726,37,9,8.052582363287561e-06,0.7626326912820992,8,0.5399476318205779,0.012492435472265822,16,0.2662549847121198,0,po-rapec-quality-energy-only-20260731-loto-image_classification,407,0.42771491142751156
0.012513328571083901,0.10043022624317954,0.05347999999999997,0.17439096744450325,0.012513328571083901,0.10043022624317954,0.0,0.0176065020291553,1.4907941244944822,64,10,3,0.8023566334580307,0.28323678428899857,4.3916098027540516,32,13,2.552287024938578e-06,1.3061671325282904,6,0.31288195346877945,0.001792100521436324,7,0.17545332051181672,0,po-rapec-quality-energy-only-20260731-loto-image_classification,408,1.4907941244944822
0.03567040561247364,0.5737339881072796,0.06939999999999996,0.5270955416373079,0.03567040561247364,0.5737339881072796,0.2739152793091389,0.03352650202915529,10.209611320280269,128,10,13,0.014373349888897491,0.1410290444810116,2.6496537337886323,27,12,7.262115431463333e-05,2.515286349276147,7,0.6834472049898949,0.07951135592238279,24,0.40864378611125524,0,po-rapec-quality-energy-only-20260731-loto-image_classification,409,10.209611320280269
0.00032836919796973746,0.04486404833756177,0.0017702151878184469,0.057079550698143904,0.00032836919796973746,0.04486404833756177,0.0,-0.002505293975798673,0.31674883929215086,64,10,3,0.38309495915804653,0.17405247584195527,4.409741686021489,27,10,7.262115431463333e-05,0.8697313713390136,7,0.7152504690830501,0.019809241582800848,18,0.2662549847121198,1,po-rapec-quality-energy-only-20260731-loto-image_classification,410,0.31674883929215086
0.0,0.0,0.0,0.003177581176165919,0.0,0.0,0.0,-0.0027052939757986508,0.0,64,12,8,0.7050165072517541,0.305418551186703,6.359017751113669,37,14,1.4991935286786222e-05,0.7626326912820992,8,0.31288195346877945,0.0038265241338148615,7,0.2679403730411418,1,po-rapec-quality-energy-only-20260731-loto-image_classification,411,0.0
0.0,0.0,0.0,0.0,0.0,0.0,0.0,-0.0027052939757986508,0.0,192,13,9,0.520369685857367,0.14784535942402832,4.455340681177996,36,9,0.00011735190405435424,2.837423915131937,8,0.6902980689723464,0.005887368141784676,19,0.06584375559245834,1,po-rapec-quality-energy-only-20260731-loto-image_classification,412,0.0
0.002787065731783195,0.0,0.01672239439069917,0.056778947386404204,0.002787065731783195,0.0,0.0,-0.0027052939757986508,0.743811845035123,32,9,9,0.5266247607639659,0.0594298496279663,2.6496537337886323,39,13,0.0006632208878954472,1.3932819177680424,7,0.14137008226065217,0.0014096437911512944,18,0.32903555636652243,0,po-rapec-quality-energy-only-20260731-loto-image_classification,413,0.743811845035123
0.01614996647391655,0.11594694913263222,0.05347999999999997,0.20115736636157436,0.01614996647391655,0.11594694913263222,0.0,0.0176065020291553,1.7706245473341062,192,14,9,0.18462020390088044,0.17405247584195527,6.150737706294037,37,14,1.4991935286786222e-05,2.9381003960157575,8,0.5586864862458961,0.0016719805822536914,7,0.2098657480578328,0,po-rapec-quality-energy-only-20260731-loto-image_classification,414,1.7706245473341062
0.014237381390692997,0.2637072739676444,0.05441999999999997,0.2420939006048545,0.014237381390692997,0.2637072739676444,0.0,0.018546502029155296,1.5169973121725826,128,12,15,0.38309495915804653,0.14784535942402832,4.630043528031806,36,12,8.052582363287561e-06,2.396884733652753,8,0.6834472049898949,0.005887368141784676,18,0.2662549847121198,0,po-rapec-quality-energy-only-20260731-loto-image_classification,415,1.5169973121725826
0.0,0.0,0.0,0.0,0.0,0.0,0.0,-0.0027052939757986508,0.0,64,12,15,0.007273075554029418,0.17405247584195527,4.409741686021489,13,14,7.325495096938993e-05,0.9448948213257714,8,0.6744736674180155,0.0016719805822536914,7,0.2647539115000879,1,po-rapec-quality-energy-only-20260731-loto-image_classification,416,0.0
0.0,0.0,0.0,0.0,0.0,0.0,0.0,-0.0027052939757986508,0.0,64,14,15,0.5266247607639659,0.17405247584195527,6.150737706294037,26,13,6.228178544372028e-06,0.7626326912820992,8,0.3925657686337286,0.0016719805822536914,7,0.2647539115000879,1,po-rapec-quality-energy-only-20260731-loto-image_classification,417,0.0
0.00039839526797605385,0.03349714565838896,0.002390371607856323,0.05480506926032586,0.00039839526797605385,0.03349714565838896,0.0,-0.0027052939757986508,0.42771491142751156,192,12,15,0.34532934090191253,0.21135124934810945,4.414303330410867,37,6,1.2321180558375756e-06,0.7626326912820992,8,0.7152504690830501,0.019809241582800848,16,0.2662549847121198,0,po-rapec-quality-energy-only-20260731-loto-image_classification,418,0.42771491142751156
0.0,0.0,0.0,0.0,0.0,0.0,0.0,-0.0027052939757986508,0.0,128,14,15,0.8023566334580307,0.21135124934810945,4.3916098027540516,32,9,8.707123481268276e-06,0.7626326912820992,5,0.28528387600224014,0.002081313393731117,19,0.23532791489862132,1,po-rapec-quality-energy-only-20260731-loto-image_classification,419,0.0
0.0,0.0,0.0,0.0,0.0,0.0,0.0,-0.0027052939757986508,0.0,64,14,9,0.7830432412324437,0.17405247584195527,4.455340681177996,9,9,3.941062028729359e-05,0.7626326912820992,8,0.5586864862458961,0.002081313393731117,19,0.1980312556177914,1,po-rapec-quality-energy-only-20260731-loto-image_classification,420,0.0
0.012668018292963108,0.11122196116642231,0.05347999999999997,0.17296348975218845,0.012668018292963108,0.11122196116642231,0.0,0.0176065020291553,1.4907941244944822,128,10,3,0.014373349888897491,0.1410290444810116,2.6496537337886323,30,12,0.0006324427454284965,1.3061671325282904,7,0.6834472049898949,0.005573717938616659,8,0.40864378611125524,0,po-rapec-quality-energy-only-20260731-loto-image_classification,421,1.4907941244944822
0.0,0.0,0.0,0.0,0.0,0.0,0.0,-0.0027052939757986508,0.0,64,14,15,0.7830432412324437,0.21135124934810945,4.455340681177996,37,17,1.4991935286786222e-05,0.7626326912820992,8,0.31288195346877945,0.007657144237907481,7,0.23532791489862132,1,po-rapec-quality-energy-only-20260731-loto-image_classification,422,0.0
0.0,0.0,0.0,0.007984250756925415,0.0,0.0,0.0,-0.0027052939757986508,0.0,192,12,3,0.18462020390088044,0.14784535942402832,4.630043528031806,36,12,7.262115431463333e-05,2.9381003960157575,8,0.6834472049898949,0.07951135592238279,18,0.06584375559245834,1,po-rapec-quality-energy-only-20260731-loto-image_classification,423,0.0
0.0,0.0,0.0,0.0,0.0,0.0,0.0,-0.0027052939757986508,0.0,96,12,13,0.41452381737976907,0.1410290444810116,4.3916098027540516,36,12,7.262115431463333e-05,0.9448948213257714,5,0.28528387600224014,0.005887368141784676,20,0.17545332051181672,1,po-rapec-quality-energy-only-20260731-loto-image_classification,424,0.0
0.018724694013892446,0.38358606903856673,0.059779999999999944,0.3707186834783814,0.018724694013892446,0.38358606903856673,0.12692947137990954,0.02390650202915527,2.095890520854048,192,4,3,0.5266247607639659,0.278082403678218,2.6496537337886323,39,13,7.317840259770498e-05,0.8697313713390136,7,0.6334384967079986,0.0014096437911512944,18,0.4519256597698222,0,po-rapec-quality-energy-only-20260731-loto-image_classification,425,2.095890520854048
0.0,0.0,0.0,0.0,0.0,0.0,0.0,-0.0027052939757986508,0.0,64,10,13,0.7830432412324437,0.06068837082641152,4.3916098027540516,30,19,2.552287024938578e-06,0.7626326912820992,6,0.5586864862458961,0.001792100521436324,7,0.1413933032323315,1,po-rapec-quality-energy-only-20260731-loto-image_classification,426,0.0
0.008282078905423587,0.14208647831682994,0.02391999999999994,0.17729909058612325,0.008282078905423587,0.14208647831682994,0.0,-0.0013126738372078069,0.8525940774069318,96,12,15,0.007273075554029418,0.17405247584195527,2.3487819220859696,37,9,7.325495096938993e-05,1.7210128360228705,8,0.31288195346877945,0.0016912061097082627,24,0.2647539115000879,1,po-rapec-quality-energy-only-20260731-loto-image_classification,427,0.8525940774069318
0.0,0.0,0.0,0.0,0.0,0.0,0.0,-0.0027052939757986508,0.0,64,12,15,0.7830432412324437,0.14784535942402832,3.6928042301735955,37,17,1.4991935286786222e-05,0.7626326912820992,8,0.31288195346877945,0.007657144237907481,18,0.1413933032323315,1,po-rapec-quality-energy-only-20260731-loto-image_classification,428,0.0
0.0,0.0,0.0,0.0,0.0,0.0,0.0,-0.0027052939757986508,0.0,64,9,15,0.007273075554029418,0.21135124934810945,4.486094828699359,37,8,7.325495096938993e-05,0.7626326912820992,7,0.5399476318205779,0.0025451482292334886,16,0.17545332051181672,1,po-rapec-quality-energy-only-20260731-loto-image_classification,429,0.0
0.0,0.0,0.0,0.0,0.0,0.0,0.0,-0.0027052939757986508,0.0,96,15,15,0.007273075554029418,0.17405247584195527,6.150737706294037,32,9,2.6607478225334853e-06,0.7626326912820992,8,0.31288195346877945,0.002081313393731117,17,0.15224056127498586,1,po-rapec-quality-energy-only-20260731-loto-image_classification,430,0.0
0.0226666637910537,0.4704280829739356,0.05502999999999997,0.4266271498589122,0.0226666637910537,0.4704280829739356,0.060188853972819555,0.02334470602420131,9.629267736904467,32,12,15,0.34532934090191253,0.28323678428899857,4.486094828699359,37,14,1.4991935286786222e-05,2.596900222936058,8,0.31288195346877945,0.0038265241338148615,24,0.2679403730411418,0,po-rapec-quality-energy-only-20260731-loto-image_classification,431,9.629267736904467
0.0,0.0,0.0,0.0033238233133697243,0.0,0.0,0.0,-0.0027052939757986508,0.0,64,12,15,0.38309495915804653,0.28323678428899857,1.525622607660991,32,14,8.052582363287561e-06,1.6712078878467782,8,0.7152504690830501,0.002081313393731117,24,0.15224056127498586,1,po-rapec-quality-energy-only-20260731-loto-image_classification,432,0.0
0.0,0.0,0.0,0.0,0.0,0.0,0.0,-0.0027052939757986508,0.0,64,12,14,0.38309495915804653,0.14784535942402832,4.630043528031806,37,8,0.00011735190405435424,0.7626326912820992,8,0.20959092249371586,0.005887368141784676,18,0.2662549847121198,1,po-rapec-quality-energy-only-20260731-loto-image_classification,433,0.0
0.0,0.0,0.0,0.0,0.0,0.0,0.0,-0.0027052939757986508,0.0,64,12,15,0.11346394522537909,0.17405247584195527,6.150737706294037,32,14,7.325495096938993e-05,0.7626326912820992,8,0.5586864862458961,0.0016912061097082627,7,0.17545332051181672,1,po-rapec-quality-energy-only-20260731-loto-image_classification,434,0.0
0.0,0.0,0.0,0.0,0.0,0.0,0.0,-0.0027052939757986508,0.0,192,14,9,0.7830432412324437,0.14784535942402832,6.150737706294037,36,8,1.4991935286786222e-05,0.7626326912820992,8,0.14137008226065217,0.0014096437911512944,18,0.2647539115000879,1,po-rapec-quality-energy-only-20260731-loto-image_classification,435,0.0
0.0,0.0,0.0,0.0,0.0,0.0,0.0,-0.0027052939757986508,0.0,96,14,9,0.7830432412324437,0.0594298496279663,6.150737706294037,39,9,1.4991935286786222e-05,0.7626326912820992,8,0.5586864862458961,0.0025451482292334886,16,0.17545332051181672,1,po-rapec-quality-energy-only-20260731-loto-image_classification,436,0.0
0.0,0.0,0.0,0.0,0.0,0.0,0.0,-0.0027052939757986508,0.0,64,12,15,0.5737204587532738,0.28323678428899857,4.409741686021489,37,14,2.6607478225334853e-06,0.7626326912820992,8,0.14137008226065217,0.011390316927797746,18,0.06584375559245834,1,po-rapec-quality-energy-only-20260731-loto-image_classification,437,0.0
0.008913333333333329,0.0,0.05347999999999997,0.06918189231740172,0.008913333333333329,0.0,0.0,0.0176065020291553,1.4907941244944822,128,10,15,0.8023566334580307,0.38023792892044056,3.6928042301735955,37,13,1.4991935286786222e-05,0.7626326912820992,8,0.4883699171882223,0.001792100521436324,7,0.17545332051181672,0,po-rapec-quality-energy-only-20260731-loto-image_classification,438,1.4907941244944822
0.0,0.0,0.0,0.0,0.0,0.0,0.0,-0.0027052939757986508,0.0,128,4,3,0.41452381737976907,0.1914524579953485,2.6496537337886323,21,18,4.222418549245097e-06,1.3932819177680424,7,0.14137008226065217,0.0014096437911512944,9,0.05828293110366632,1,po-rapec-quality-energy-only-20260731-loto-image_classification,439,0.0
0.006275487320441015,0.0347819707615493,0.03765292392264609,0.12413862399013664,0.006275487320441015,0.0347819707615493,0.0,0.032064220924477554,6.7373277726487295,128,10,3,0.38309495915804653,0.17405247584195527,4.409741686021489,27,10,7.262115431463333e-05,0.8697313713390136,7,0.7152504690830501,0.019809241582800848,20,0.4962640117093295,0,po-rapec-quality-energy-only-20260731-loto-image_classification,440,6.7373277726487295
0.0,0.0,0.0,0.0,0.0,0.0,0.0,-0.0027052939757986508,0.0,96,12,15,0.007273075554029418,0.17405247584195527,6.150737706294037,32,9,0.0003849998400596273,0.7626326912820992,8,0.31288195346877945,0.002081313393731117,24,0.15224056127498586,1,po-rapec-quality-energy-only-20260731-loto-image_classification,441,0.0
0.002320364967730998,0.0,0.013922189806385987,0.05510041308201274,0.002320364967730998,0.0,0.0,-0.0027052939757986508,0.6192587882376919,96,10,9,0.40007386046799703,0.38053320115630485,4.486094828699359,37,13,1.4991935286786222e-05,0.8697313713390136,7,0.31288195346877945,0.0016719805822536914,20,0.17545332051181672,0,po-rapec-quality-energy-only-20260731-loto-image_classification,442,0.6192587882376919
0.015130714724026327,0.26868046877279794,0.059779999999999944,0.25693157587492615,0.015130714724026327,0.26868046877279794,0.0,0.02390650202915527,1.6664112334008998,32,9,4,0.7736934494444573,0.346260773640436,1.949477401851984,26,8,2.552287024938578e-06,1.4465442765218681,8,0.7155474704984082,0.001792100521436324,18,0.48326852967494605,0,po-rapec-quality-energy-only-20260731-loto-image_classification,443,1.6664112334008998
0.021090274767339212,0.4478554276499082,0.05441999999999997,0.386271826323687,0.021090274767339212,0.4478554276499082,0.08873509048026754,0.02334470602420131,9.629267736904467,96,10,9,0.5266247607639659,0.17405247584195527,7.542044349045726,39,13,1.406552743547534e-05,2.818327583538645,7,0.6334384967079986,0.0025451482292334886,20,0.17545332051181672,0,po-rapec-quality-energy-only-20260731-loto-image_classification,444,9.629267736904467
0.0,0.0,0.0,0.00831747773247327,0.0,0.0,0.0,-0.0027052939757986508,0.0,64,7,13,0.014373349888897491,0.06068837082641152,3.308739757153865,9,19,2.0654971794050703e-05,0.7626326912820992,8,0.5156650632954861,0.005573717938616659,13,0.40864378611125524,1,po-rapec-quality-energy-only-20260731-loto-image_classification,445,0.0
0.008446666666666658,0.0,0.05067999999999995,0.07067443697741681,0.008446666666666658,0.0,0.0,0.014806502029155275,1.4127420760916292,64,12,4,0.7830432412324437,0.38023792892044056,3.6928042301735955,37,17,1.4991935286786222e-05,0.7626326912820992,8,0.31288195346877945,0.007657144237907481,7,0.1413933032323315,0,po-rapec-quality-energy-only-20260731-loto-image_classification,446,1.4127420760916292
0.0,0.0,0.0,0.0,0.0,0.0,0.0,-0.0027052939757986508,0.0,192,14,15,0.007273075554029418,0.305418551186703,4.486094828699359,20,6,1.4991935286786222e-05,0.7626326912820992,8,0.31288195346877945,0.0038265241338148615,24,0.2679403730411418,1,po-rapec-quality-energy-only-20260731-loto-image_classification,447,0.0
0.0,0.0,0.0,0.0,0.0,0.0,0.0,-0.0027052939757986508,0.0,96,14,9,0.40007386046799703,0.17405247584195527,6.150737706294037,37,14,1.406552743547534e-05,0.8697313713390136,8,0.6334384967079986,0.0016719805822536914,20,0.2647539115000879,1,po-rapec-quality-energy-only-20260731-loto-image_classification,448,0.0
0.0,0.0,0.0,0.0,0.0,0.0,0.0,-0.0027052939757986508,0.0,192,10,6,0.520369685857367,0.17405247584195527,4.455340681177996,27,12,3.941062028729359e-05,0.8697313713390136,7,0.6334384967079986,0.002081313393731117,20,0.05828293110366632,1,po-rapec-quality-energy-only-20260731-loto-image_classification,449,0.0
0.001247539833262053,0.0,0.007485238999572319,0.05176259293659344,0.001247539833262053,0.0,0.0,-0.0027052939757986508,0.3329433154559131,128,12,15,0.34532934090191253,0.2464903490321057,4.3916098027540516,9,13,2.552287024938578e-06,1.3061671325282904,8,0.28528387600224014,0.0038265241338148615,21,0.23532791489862132,0,po-rapec-quality-energy-only-20260731-loto-image_classification,450,0.3329433154559131
0.0,0.0,0.0,0.0,0.0,0.0,0.0,-0.0027052939757986508,0.0,128,9,10,0.7226675771118557,0.14784535942402832,1.949477401851984,36,17,2.027193994863887e-06,2.396884733652753,8,0.7155474704984082,0.001792100521436324,18,0.06584375559245834,1,po-rapec-quality-energy-only-20260731-loto-image_classification,451,0.0
0.0,0.0,0.0,0.003177581176165919,0.0,0.0,0.0,-0.0027052939757986508,0.0,128,4,9,0.7830432412324437,0.28323678428899857,4.409741686021489,23,14,1.4991935286786222e-05,0.7626326912820992,8,0.6744736674180155,0.0016912061097082627,7,0.1413933032323315,1,po-rapec-quality-energy-only-20260731-loto-image_classification,452,0.0
0.0,0.0,0.0,0.0,0.0,0.0,0.0,-0.0027052939757986508,0.0,96,9,15,0.007273075554029418,0.17405247584195527,6.150737706294037,32,13,0.0006632208878954472,0.8697313713390136,8,0.6334384967079986,0.0025451482292334886,24,0.32903555636652243,1,po-rapec-quality-energy-only-20260731-loto-image_classification,453,0.0
0.01179571472402633,0.21688767687343138,0.03976999999999997,0.22060317136741683,0.01179571472402633,0.21688767687343138,0.0,0.0038965020291552993,1.28622108194947,96,14,10,0.41452381737976907,0.1410290444810116,4.486094828699359,36,9,7.325495096938993e-05,2.515286349276147,8,0.4070394576076438,0.005887368141784676,18,0.17545332051181672,0,po-rapec-quality-energy-only-20260731-loto-image_classification,454,1.28622108194947
0.02695665419237155,0.4905134639449139,0.05502999999999997,0.46872634083873194,0.02695665419237155,0.4905134639449139,0.23404042990152432,0.019156502029155295,7.2783217558406355,192,12,15,0.007273075554029418,0.14784535942402832,4.630043528031806,36,9,7.325495096938993e-05,2.396884733652753,8,0.31288195346877945,0.0016912061097082627,24,0.4509089499806496,0,po-rapec-quality-energy-only-20260731-loto-image_classification,455,7.2783217558406355
0.002787065731783195,0.0,0.01672239439069917,0.05847984942373166,0.002787065731783195,0.0,0.0,-0.0027052939757986508,0.743811845035123,96,10,13,0.014373349888897491,0.17405247584195527,6.150737706294037,32,20,0.0006324427454284965,1.3061671325282904,5,0.5586864862458961,0.0016719805822536914,20,0.17545332051181672,0,po-rapec-quality-energy-only-20260731-loto-image_classification,456,0.743811845035123
0.0,0.0,0.0,0.0,0.0,0.0,0.0,-0.0027052939757986508,0.0,64,14,9,0.014373349888897491,0.09744599888563182,6.150737706294037,30,19,7.325495096938993e-05,0.9448948213257714,6,0.5586864862458961,0.005573717938616659,8,0.17545332051181672,1,po-rapec-quality-energy-only-20260731-loto-image_classification,457,0.0
0.0,0.0,0.0,0.0,0.0,0.0,0.0,-0.0027052939757986508,0.0,192,12,15,0.7830432412324437,0.23995316709003361,1.949477401851984,30,19,2.552287024938578e-06,0.7626326912820992,8,0.31288195346877945,0.008144820387408058,20,0.48326852967494605,1,po-rapec-quality-energy-only-20260731-loto-image_classification,458,0.0
0.0,0.0,0.0,0.0,0.0,0.0,0.0,-0.0027052939757986508,0.0,96,10,15,0.40007386046799703,0.17405247584195527,3.513556591642165,32,9,0.0003849998400596273,0.8697313713390136,8,0.6334384967079986,0.002081313393731117,20,0.17545332051181672,1,po-rapec-quality-energy-only-20260731-loto-image_classification,459,0.0
0.0,0.0,0.0,0.0,0.0,0.0,0.0,-0.0027052939757986508,0.0,64,14,9,0.7830432412324437,0.21135124934810945,6.150737706294037,37,9,7.325495096938993e-05,0.7626326912820992,8,0.5586864862458961,0.0016719805822536914,24,0.1413933032323315,1,po-rapec-quality-energy-only-20260731-loto-image_classification,460,0.0
0.0002950358646364078,0.0,0.0017702151878184469,0.018310043718770815,0.0002950358646364078,0.0,0.0,-0.0027052939757986508,0.31674883929215086,128,12,13,0.1573025486590911,0.14784535942402832,3.9308374533652763,30,19,2.552287024938578e-06,1.3061671325282904,7,0.28528387600224014,0.005887368141784676,18,0.48326852967494605,0,po-rapec-quality-energy-only-20260731-loto-image_classification,461,0.31674883929215086
0.0,0.0,0.0,0.0,0.0,0.0,0.0,-0.0027052939757986508,0.0,64,12,15,0.7830432412324437,0.17405247584195527,6.150737706294037,30,14,6.228178544372028e-06,0.7626326912820992,8,0.5586864862458961,0.0016912061097082627,7,0.2647539115000879,1,po-rapec-quality-energy-only-20260731-loto-image_classification,462,0.0
0.0015494626494923294,0.04913222223549357,0.007485238999572319,0.08910905331671677,0.0015494626494923294,0.04913222223549357,0.0,-0.002505293975798673,0.3329433154559131,96,12,11,0.007273075554029418,0.17405247584195527,7.542044349045726,32,9,0.0006632208878954472,1.7210128360228705,8,0.5586864862458961,0.017745565306338872,20,0.17545332051181672,1,po-rapec-quality-energy-only-20260731-loto-image_classification,463,0.3329433154559131
0.0,0.0,0.0,0.0,0.0,0.0,0.0,-0.0027052939757986508,0.0,64,9,13,0.7736934494444573,0.06068837082641152,4.3916098027540516,39,19,7.325495096938993e-05,1.3061671325282904,6,0.5399476318205779,0.014889009904028418,8,0.48326852967494605,1,po-rapec-quality-energy-only-20260731-loto-image_classification,464,0.0
0.012488320315066734,0.09424132929264778,0.05067999999999995,0.17328348126511242,0.012488320315066734,0.09424132929264778,0.0,0.015081980652592905,3.6986548860326622,64,12,9,0.7830432412324437,0.38023792892044056,4.409741686021489,26,14,6.228178544372028e-06,0.7626326912820992,8,0.7152504690830501,0.019809241582800848,7,0.2647539115000879,0,po-rapec-quality-energy-only-20260731-loto-image_classification,465,3.6986548860326622
0.0,0.0,0.0,0.0,0.0,0.0,0.0,-0.0027052939757986508,0.0,128,9,4,0.41452381737976907,0.23995316709003361,3.513556591642165,27,12,6.766072885242129e-05,1.4465442765218681,7,0.7155474704984082,0.0016719805822536914,20,0.050965658762377825,1,po-rapec-quality-energy-only-20260731-loto-image_classification,466,0.0
0.00319467315843829,0.0,0.01916803895062974,0.06679668851928891,0.00319467315843829,0.0,0.0,-0.0027052939757986508,0.8525940774069318,128,12,13,0.007273075554029418,0.06068837082641152,4.3916098027540516,32,13,7.325495096938993e-05,2.2065986513991005,8,0.31288195346877945,0.001792100521436324,24,0.17545332051181672,0,po-rapec-quality-energy-only-20260731-loto-image_classification,467,0.8525940774069318
0.00017999999999999497,0.0,0.0010799999999999699,0.011461667373691824,0.00017999999999999497,0.0,0.0,-0.0027052939757986508,0.11674585053627443,96,9,4,0.43551280850452934,0.23995316709003361,7.542044349045726,39,17,7.325495096938993e-05,1.4465442765218681,3,0.7155474704984082,0.0036116795472184065,16,0.050965658762377825,0,po-rapec-quality-energy-only-20260731-loto-image_classification,468,0.11674585053627443
0.0,0.0,0.0,0.0,0.0,0.0,0.0,-0.0027052939757986508,0.0,32,4,6,0.7226675771118557,0.1410290444810116,2.6496537337886323,21,15,2.6607478225334853e-06,1.3932819177680424,7,0.6834472049898949,0.005887368141784676,18,0.05828293110366632,1,po-rapec-quality-energy-only-20260731-loto-image_classification,469,0.0
0.003122191938021518,0.059298212734436195,0.010183151628129217,0.13393838370930589,0.003122191938021518,0.059298212734436195,0.0,0.0022660433090095737,1.7410307501274278,64,6,14,0.38309495915804653,0.38023792892044056,4.414303330410867,37,8,2.9679154100367623e-06,0.7626326912820992,8,0.7152504690830501,0.011390316927797746,16,0.18009149335607344,0,po-rapec-quality-energy-only-20260731-loto-image_classification,470,1.7410307501274278
0.002320364967730998,0.0,0.013922189806385987,0.05510041308201274,0.002320364967730998,0.0,0.0,-0.0027052939757986508,0.6192587882376919,64,10,3,0.38309495915804653,0.2464903490321057,7.892761315790942,9,10,3.941062028729359e-05,0.8697313713390136,7,0.6902980689723464,0.0038265241338148615,18,0.2894261710747648,0,po-rapec-quality-energy-only-20260731-loto-image_classification,471,0.6192587882376919
0.0,0.0,0.0,0.0,0.0,0.0,0.0,-0.0027052939757986508,0.0,96,12,15,0.2669420482179684,0.17405247584195527,6.150737706294037,32,9,2.244980958195532e-05,0.9448948213257714,5,0.31288195346877945,0.002081313393731117,20,0.15224056127498586,1,po-rapec-quality-energy-only-20260731-loto-image_classification,472,0.0
0.0,0.0,0.0,0.0,0.0,0.0,0.0,-0.0027052939757986508,0.0,96,14,9,0.007273075554029418,0.12805543262255592,4.486094828699359,13,9,3.158284934326164e-05,0.7626326912820992,8,0.31288195346877945,0.007657144237907481,24,0.1413933032323315,1,po-rapec-quality-energy-only-20260731-loto-image_classification,473,0.0
0.0,0.0,0.0,0.0,0.0,0.0,0.0,-0.0027052939757986508,0.0,192,12,9,0.34532934090191253,0.28323678428899857,4.486094828699359,37,14,6.228178544372028e-06,0.7626326912820992,8,0.6744736674180155,0.0016912061097082627,7,0.2647539115000879,1,po-rapec-quality-energy-only-20260731-loto-image_classification,474,0.0
0.0,0.0,0.0,0.0,0.0,0.0,0.0,-0.0027052939757986508,0.0,192,12,3,0.18462020390088044,0.14784535942402832,4.630043528031806,36,8,0.0002045089265127625,2.9381003960157575,8,0.14137008226065217,0.0014096437911512944,18,0.06584375559245834,1,po-rapec-quality-energy-only-20260731-loto-image_classification,475,0.0
0.0,0.0,0.0,0.0,0.0,0.0,0.0,-0.0027052939757986508,0.0,64,9,9,0.43551280850452934,0.23995316709003361,3.8030605803288573,13,9,6.766072885242129e-05,2.3228974751641607,7,0.5399476318205779,0.0025451482292334886,20,0.050965658762377825,1,po-rapec-quality-energy-only-20260731-loto-image_classification,476,0.0
0.029816628399858075,0.5406084544040506,0.07274999999999998,0.469474606819974,0.029816628399858075,0.5406084544040506,0.13597590510494906,0.03687650202915531,12.675147435641229,128,9,13,0.5266247607639659,0.23803736491056932,4.3916098027540516,32,13,7.325495096938993e-05,2.644758912708303,5,0.5586864862458961,0.0016719805822536914,17,0.17545332051181672,0,po-rapec-quality-energy-only-20260731-loto-image_classification,477,12.675147435641229
0.0,0.0,0.0,0.0,0.0,0.0,0.0,-0.0027052939757986508,0.0,96,12,15,0.5266247607639659,0.17405247584195527,4.048100721365574,32,13,6.228178544372028e-06,0.7626326912820992,8,0.2672916412409765,0.0016912061097082627,7,0.2647539115000879,1,po-rapec-quality-energy-only-20260731-loto-image_classification,478,0.0
0.00883185237572018,0.02873030085689409,0.036268719863621915,0.16644905370617705,0.00883185237572018,0.02873030085689409,0.0,0.03068001686545338,6.489648828271512,192,9,4,0.5266247607639659,0.23995316709003361,7.542044349045726,14,17,2.552287024938578e-06,0.8679541744607753,5,0.7155474704984082,0.017745565306338872,20,0.48326852967494605,0,po-rapec-quality-energy-only-20260731-loto-image_classification,479,6.489648828271512
0.0,0.0,0.0,0.0,0.0,0.0,0.0,-0.0027052939757986508,0.0,64,15,15,0.38309495915804653,0.21135124934810945,7.636000409430745,38,6,2.6607478225334853e-06,0.7626326912820992,8,0.14137008226065217,0.0036116795472184065,16,0.06584375559245834,1,po-rapec-quality-energy-only-20260731-loto-image_classification,480,0.0
0.0,0.0,0.0,0.0,0.0,0.0,0.0,-0.0027052939757986508,0.0,64,12,10,0.34532934090191253,0.17405247584195527,4.455340681177996,27,6,7.262115431463333e-05,0.8697313713390136,7,0.6902980689723464,0.0016336487759158402,19,0.2662549847121198,1,po-rapec-quality-energy-only-20260731-loto-image_classification,481,0.0
0.030547523127659265,0.5558985427631224,0.07274999999999998,0.48301656076207156,0.030547523127659265,0.5558985427631224,0.12692947137990954,0.03687650202915531,12.039357013089377,192,12,3,0.18462020390088044,0.21135124934810945,4.455340681177996,9,9,3.941062028729359e-05,2.9381003960157575,6,0.6902980689723464,0.002081313393731117,19,0.23532791489862132,0,po-rapec-quality-energy-only-20260731-loto-image_classification,482,12.039357013089377
0.0,0.0,0.0,0.0,0.0,0.0,0.0,-0.0027052939757986508,0.0,128,4,6,0.41452381737976907,0.1410290444810116,2.6496537337886323,36,18,7.262115431463333e-05,2.515286349276147,8,0.6834472049898949,0.005887368141784676,18,0.06584375559245834,1,po-rapec-quality-energy-only-20260731-loto-image_classification,483,0.0
0.0,0.0,0.0,0.0,0.0,0.0,0.0,-0.0027052939757986508,0.0,192,12,15,0.34532934090191253,0.2464903490321057,4.455340681177996,9,6,3.941062028729359e-05,0.7626326912820992,8,0.6902980689723464,0.0038265241338148615,19,0.23532791489862132,1,po-rapec-quality-energy-only-20260731-loto-image_classification,484,0.0
0.00039839526797605385,0.0,0.002390371607856323,0.02878774865220564,0.00039839526797605385,0.0,0.0,-0.0027052939757986508,0.42771491142751156,64,12,14,0.511874209505233,0.17405247584195527,6.150737706294037,37,9,0.0003849998400596273,0.7626326912820992,8,0.31288195346877945,0.019809241582800848,14,0.2662549847121198,0,po-rapec-quality-energy-only-20260731-loto-image_classification,485,0.42771491142751156
0.0,0.0,0.0,0.0,0.0,0.0,0.0,-0.0027052939757986508,0.0,96,12,15,0.007273075554029418,0.17405247584195527,2.3487819220859696,32,9,0.0003849998400596273,0.7626326912820992,8,0.31288195346877945,0.0016912061097082627,24,0.15224056127498586,1,po-rapec-quality-energy-only-20260731-loto-image_classification,486,0.0
0.0,0.0,0.0,0.0,0.0,0.0,0.0,-0.0027052939757986508,0.0,192,4,15,0.5737204587532738,0.21135124934810945,4.486094828699359,37,8,7.317840259770498e-05,0.7626326912820992,7,0.14137008226065217,0.0015825064309162868,18,0.06584375559245834,1,po-rapec-quality-energy-only-20260731-loto-image_classification,487,0.0
0.0,0.0,0.0,0.0,0.0,0.0,0.0,-0.0027052939757986508,0.0,128,12,4,0.7226675771118557,0.14784535942402832,1.949477401851984,12,17,2.6607478225334853e-06,1.4465442765218681,7,0.6834472049898949,0.005887368141784676,20,0.06584375559245834,1,po-rapec-quality-energy-only-20260731-loto-image_classification,488,0.0
0.0,0.0,0.0,0.0,0.0,0.0,0.0,-0.0027052939757986508,0.0,64,9,9,0.7830432412324437,0.17405247584195527,7.542044349045726,37,10,3.3951758973487135e-06,0.7626326912820992,8,0.5399476318205779,0.0025451482292334886,7,0.17545332051181672,1,po-rapec-quality-energy-only-20260731-loto-image_classification,489,0.0
0.002916545413427026,0.0,0.017499272480562156,0.06176018172558315,0.002916545413427026,0.0,0.0,-0.0027052939757986508,0.7783673705111724,192,5,15,0.34532934090191253,0.2762726314902057,4.486094828699359,37,6,1.4991935286786222e-05,0.7626326912820992,8,0.31288195346877945,0.0038265241338148615,15,0.2647539115000879,0,po-rapec-quality-energy-only-20260731-loto-image_classification,490,0.7783673705111724
0.01755238139069299,0.3525198456759773,0.06939999999999996,0.3062681215165575,0.01755238139069299,0.3525198456759773,0.0,0.03352650202915529,1.9345757711278435,64,10,13,0.7226675771118557,0.14784535942402832,4.630043528031806,30,19,0.0006324427454284965,2.396884733652753,8,0.5156650632954861,0.005887368141784676,18,0.40864378611125524,0,po-rapec-quality-energy-only-20260731-loto-image_classification,491,1.9345757711278435
0.015699899798548706,0.18038970879667787,0.05347999999999997,0.22767998934428116,0.015699899798548706,0.18038970879667787,0.0,0.0176065020291553,2.9329049666598626,96,10,9,0.7830432412324437,0.17405247584195527,4.3916098027540516,30,17,7.325495096938993e-05,0.9448948213257714,5,0.31288195346877945,0.001792100521436324,7,0.1413933032323315,0,po-rapec-quality-energy-only-20260731-loto-image_classification,492,2.9329049666598626
0.0,0.0,0.0,0.0,0.0,0.0,0.0,-0.0027052939757986508,0.0,96,14,15,0.5266247607639659,0.17405247584195527,4.409741686021489,32,14,7.325495096938993e-05,0.9448948213257714,8,0.5586864862458961,0.0016912061097082627,7,0.2647539115000879,1,po-rapec-quality-energy-only-20260731-loto-image_classification,493,0.0
0.015274658149256057,0.25471995301915556,0.059779999999999944,0.25561534191054663,0.015274658149256057,0.25471995301915556,0.0,0.02390650202915527,1.6664112334008998,64,12,9,0.38309495915804653,0.14784535942402832,4.414303330410867,36,17,0.00011735190405435424,2.396884733652753,8,0.7152504690830501,0.007514811433228062,16,0.2662549847121198,0,po-rapec-quality-energy-only-20260731-loto-image_classification,494,1.6664112334008998
0.0,0.0,0.0,0.0,0.0,0.0,0.0,-0.0027052939757986508,0.0,96,12,15,0.007273075554029418,0.17405247584195527,6.150737706294037,32,9,0.0003849998400596273,0.7626326912820992,8,0.31288195346877945,0.002081313393731117,24,0.15224056127498586,1,po-rapec-quality-energy-only-20260731-loto-image_classification,495,0.0
0.0,0.0,0.0,0.0,0.0,0.0,0.0,-0.0027052939757986508,0.0,64,12,15,0.859462663513595,0.28323678428899857,4.409741686021489,26,14,6.228178544372028e-06,0.7626326912820992,8,0.2672916412409765,0.0016912061097082627,7,0.2647539115000879,1,po-rapec-quality-energy-only-20260731-loto-image_classification,496,0.0
0.0,0.0,0.0,0.0,0.0,0.0,0.0,-0.0027052939757986508,0.0,128,10,3,0.007273075554029418,0.17405247584195527,6.150737706294037,32,12,0.0003849998400596273,0.8760215781274945,8,0.6334384967079986,0.002081313393731117,20,0.15224056127498586,1,po-rapec-quality-energy-only-20260731-loto-image_classification,497,0.0
0.0,0.0,0.0,0.0,0.0,0.0,0.0,-0.0027052939757986508,0.0,192,10,15,0.34532934090191253,0.2464903490321057,4.3916098027540516,32,17,3.941062028729359e-05,0.7626326912820992,8,0.28528387600224014,0.0016719805822536914,20,0.17545332051181672,1,po-rapec-quality-energy-only-20260731-loto-image_classification,498,0.0
0.0,0.0,0.0,0.0,0.0,0.0,0.0,-0.0027052939757986508,0.0,128,12,10,0.007273075554029418,0.0594298496279663,4.630043528031806,36,9,2.6607478225334853e-06,2.396884733652753,7,0.5399476318205779,0.005887368141784676,18,0.06584375559245834,1,po-rapec-quality-energy-only-20260731-loto-image_classification,499,0.0
0.030223027347225817,0.2830129822272591,0.14770000000000005,0.25927796590222674,0.030223027347225817,0.2830129822272591,0.0,0.12410178055469423,6.258946796487252,64,7,6,0.36437669007643414,0.24541256961995916,1.7495189759754444,16,19,5.670041564195716e-05,0.944122717522629,7,0.2911761694648992,0.00989228352373508,18,0.44952513486077655,0,po-rapec-quality-energy-only-20260731-loto-object_detection,0,6.258946796487252
0.02740373239844987,0.0,0.14770000000000005,0.14498148483430687,0.02740373239844987,0.0,0.0,0.12410178055469423,6.258946796487252,64,13,4,0.26734535406053295,0.22226543632237572,3.3589867544859793,28,15,0.00018333545255594616,1.2684005065783863,5,0.6568903106725658,0.0022785546138074696,19,0.11318530247079739,0,po-rapec-quality-energy-only-20260731-loto-object_detection,1,6.258946796487252
0.04168404805735968,0.4449218372288192,0.14770000000000005,0.3420272388110408,0.04168404805735968,0.4449218372288192,0.0,0.12410178055469423,6.258946796487252,192,14,6,0.7774048325076287,0.14694232646251,5.459007675397651,30,6,1.111543189323297e-06,1.863813935441027,4,0.2712280322713911,0.003227973848846119,22,0.20735162623571568,0,po-rapec-quality-energy-only-20260731-loto-object_detection,2,6.258946796487252
0.052698322837055035,0.5524784898328723,0.14770000000000005,0.4802253341325133,0.052698322837055035,0.5524784898328723,0.0,0.12410178055469423,8.388572910310224,192,14,8,0.6673219794957324,0.3987989156664013,6.758065356565114,8,8,0.00030090388570011404,1.3347879309319,2,0.32638212285024293,0.014269060642517766,16,0.16887281856847852,0,po-rapec-quality-energy-only-20260731-loto-object_detection,3,8.388572910310224
0.047512432328863256,0.4600823760356612,0.14770000000000005,0.38199881000589064,0.047512432328863256,0.4600823760356612,0.0,0.12410178055469423,8.312117834649793,32,13,9,0.6638675865615163,0.3093565454604443,2.1640196577164734,28,7,3.4448900115276246e-05,0.8876927521902979,3,0.1336431339387899,0.0429165997494361,9,0.39418107259393753,0,po-rapec-quality-energy-only-20260731-loto-object_detection,4,8.312117834649793
0.08356879651377341,0.6062934163681715,0.16340000000000005,0.6100651110753131,0.08356879651377341,0.6062934163681715,0.5880360859749214,0.13980178055469422,8.921230467359159,128,5,9,0.6460336298875421,0.27272496837054605,2.1126059602004204,19,11,7.105960340545745e-05,1.8596227603376463,2,0.5306370100046074,0.003038563060446765,15,0.232201213492231,0,po-rapec-quality-energy-only-20260731-loto-object_detection,5,8.921230467359159
0.09100446988307226,0.6270687654350255,0.18379999999999996,0.6402156340962865,0.09100446988307226,0.6270687654350255,0.6084685733356516,0.16624636762014325,10.470767304601619,128,15,4,0.48964082067197,0.2883680164566191,1.9164607417279906,10,9,0.00020741869258159498,1.9763616560666315,2,0.7084582595918378,0.0245391161147682,6,0.23473804674962223,0,po-rapec-quality-energy-only-20260731-loto-object_detection,6,10.470767304601619
0.07503834505796879,0.5894746568353452,0.15659999999999996,0.511919708812321,0.07503834505796879,0.5894746568353452,0.11873063807329202,0.13904636762014325,8.921230467359159,32,3,7,0.7262399595993516,0.3668049571547478,6.472514442883824,36,19,1.803883334887391e-06,2.9949599556715247,6,0.3826143901111666,0.003650211022645048,21,0.47681888597125344,0,po-rapec-quality-energy-only-20260731-loto-object_detection,7,8.921230467359159
0.08509321038720667,0.6084178828016322,0.16340000000000005,0.6083283501398835,0.08509321038720667,0.6084178828016322,0.600821692846696,0.14084636762014327,9.023773346294323,64,3,7,0.6869952874260292,0.07057854740535392,7.025255075430769,38,12,2.7901936903109987e-05,1.2381211616426318,2,0.40300129499003134,0.025242643701298195,19,0.4459576824871092,0,po-rapec-quality-energy-only-20260731-loto-object_detection,8,9.023773346294323
0.01505258854048852,0.004748880144070718,0.07140000000000002,0.15751423397105732,0.01505258854048852,0.004748880144070718,0.0,0.05163990720000014,3.6133433543389253,192,10,10,0.14036850449363059,0.12381991548941298,4.250313232729589,10,16,0.0005221769501251871,1.0804181081902677,6,0.42147359040345556,0.004397240233431928,9,0.1777053712714443,0,po-rapec-quality-energy-only-20260731-loto-object_detection,9,3.6133433543389253
0.01505258854048852,0.0,0.07140000000000002,0.15593127392303374,0.01505258854048852,0.0,0.0,0.05163990720000014,3.6133433543389253,128,15,5,0.12708363992369645,0.22249716324955404,6.328429433669586,9,7,0.000409934929500598,0.9008712249171811,5,0.6809228268930211,0.0026741393858299538,10,0.06277027456699352,0,po-rapec-quality-energy-only-20260731-loto-object_detection,10,3.6133433543389253
0.01591755690575254,0.1653012392460382,0.07140000000000002,0.2174379774771794,0.01591755690575254,0.1653012392460382,0.0,0.05163990720000014,3.6133433543389253,32,5,6,0.5513041670480958,0.30465749616854143,6.1461809776615635,40,12,0.00042895148012029157,0.7930979734911368,5,0.5973022972584663,0.032459631175330045,23,0.2441259122753578,0,po-rapec-quality-energy-only-20260731-loto-object_detection,11,3.6133433543389253
0.0005195581522172329,0.0,0.003117348913303397,0.024939721947977864,0.0005195581522172329,0.0,0.0,-0.005588702998168535,0.13865963166806336,32,8,15,0.014199398019748056,0.16424735823111047,3.4907860896190366,21,7,1.3051561307268949e-05,0.58590616364732,8,0.27025645956524325,0.06722755541312639,9,0.1287806449711737,0,po-rapec-quality-energy-only-20260731-loto-object_detection,12,0.13865963166806336
0.05053300504835723,0.5516592701513895,0.14770000000000005,0.4581083121822636,0.05053300504835723,0.5516592701513895,0.0584730030737783,0.12410178055469423,6.258946796487252,192,10,9,0.09884897369698643,0.3361670040088865,4.207643726500587,40,8,6.580172316436554e-06,1.9810496531086326,3,0.7338718281445447,0.06470342862525674,12,0.24199738244835417,0,po-rapec-quality-energy-only-20260731-loto-object_detection,13,6.258946796487252
0.05520738830340308,0.5574759979412867,0.16340000000000005,0.47181392743234446,0.05520738830340308,0.5574759979412867,0.0,0.13980178055469422,8.312117834649793,64,12,3,0.3164963997986112,0.2821007955808852,5.511192216253203,29,7,4.140680457795773e-06,1.7899488139685908,3,0.6580904085888937,0.02587259703363183,12,0.13661639234769993,0,po-rapec-quality-energy-only-20260731-loto-object_detection,14,8.312117834649793
0.0,0.0,0.0,0.0,0.0,0.0,0.0,-0.005588702998168535,0.0,128,3,3,0.0808445435630649,0.29573352945508913,5.120964931670326,9,17,0.00042051015688257466,1.3656755905681168,5,0.14056987453669778,0.01165028681231272,15,0.10514537014315839,1,po-rapec-quality-energy-only-20260731-loto-object_detection,15,0.0
0.030326386750565464,0.3021400452710914,0.14770000000000005,0.2755962995575244,0.030326386750565464,0.3021400452710914,0.0,0.12410178055469423,6.258946796487252,64,5,6,0.3420409833022859,0.09806087593456976,4.119069545662239,29,9,8.21992927149133e-06,1.1643912007840354,4,0.4244071832868004,0.00956126422558503,18,0.3477481465113662,0,po-rapec-quality-energy-only-20260731-loto-object_detection,16,6.258946796487252
0.0025550638212791985,0.0,0.01533038292767519,0.08651710612779963,0.0025550638212791985,0.0,0.0,0.007413274608555547,1.9363613973365315,32,6,4,0.7892191532663276,0.21086616622255616,2.1877253035892466,10,18,2.0484829269537454e-05,2.4636828950783753,8,0.7066447202974404,0.0032735490187045233,17,0.1708841689915172,0,po-rapec-quality-energy-only-20260731-loto-object_detection,17,1.9363613973365315
0.04176015745755576,0.34683608362038515,0.14770000000000005,0.3414928687119522,0.04176015745755576,0.34683608362038515,0.0,0.12410178055469423,6.258946796487252,128,6,15,0.5770599499548108,0.14297081148421623,2.3408300074322663,32,19,3.2270405760248642e-06,1.4893832292919944,2,0.27815308632588565,0.00727385763584062,14,0.1185750959305687,0,po-rapec-quality-energy-only-20260731-loto-object_detection,18,6.258946796487252
0.005813051920074808,0.0,0.034878311520448846,0.08997539251276652,0.005813051920074808,0.0,0.0,0.012396289350030825,1.5513867594322515,32,11,9,0.03756826045863807,0.09212235212847207,5.9762399902683265,38,17,0.0002994695569663171,2.2281209049672315,5,0.15292505215556754,0.0011900561177417054,12,0.12930205025282965,0,po-rapec-quality-energy-only-20260731-loto-object_detection,19,1.5513867594322515
0.011900000000000003,0.0,0.07140000000000002,0.0908066235917447,0.011900000000000003,0.0,0.0,0.05163990720000014,3.6133433543389253,128,15,7,0.21644876574353822,0.09584785861875456,5.821350643501032,21,10,0.00018921911685289375,0.6898750558694906,5,0.6955286213288526,0.0016647920206443352,10,0.3001876053925028,0,po-rapec-quality-energy-only-20260731-loto-object_detection,20,3.6133433543389253
0.003518641832568288,0.004748880144070718,0.017499272480562156,0.09739458417769171,0.003518641832568288,0.004748880144070718,0.0,-0.0019761244833209624,0.7783673705111724,96,15,10,0.34065394517985664,0.3652175397193492,1.5136899631293677,32,10,8.893585234985786e-05,1.3374812577847566,7,0.42238691798829675,0.008485904383522336,9,0.1605450783927297,0,po-rapec-quality-energy-only-20260731-loto-object_detection,21,0.7783673705111724
0.04666480157317255,0.562606925186645,0.1481,0.40971197891460626,0.04666480157317255,0.562606925186645,0.0,0.12450178055469419,6.275897227892767,192,7,4,0.7746113807422821,0.2157685436961937,7.548731695256467,21,10,3.2627620463657667e-06,2.8979469694955764,7,0.6221719027522885,0.0019112348445597547,13,0.3234535396962111,0,po-rapec-quality-energy-only-20260731-loto-object_detection,22,6.275897227892767
0.00939719193802154,0.02478133788180505,0.04620000000000002,0.14469806311643976,0.00939719193802154,0.02478133788180505,0.0,0.026439907200000137,2.3380456998663637,96,11,9,0.7779807222735989,0.3104243167322837,4.473370455635521,37,6,7.956900406662393e-06,2.0631852299191005,3,0.3943123601335786,0.0080881376724591,24,0.09013849736247107,0,po-rapec-quality-energy-only-20260731-loto-object_detection,23,2.3380456998663637
0.06939617034189256,0.6105074034947149,0.16340000000000005,0.5447731250029295,0.06939617034189256,0.6105074034947149,0.348700239935015,0.13980178055469422,6.924251229153804,64,10,11,0.3085783552414923,0.41050649781064596,4.500914297355971,16,15,9.298618945771125e-05,2.955049472481577,3,0.7483095215399955,0.04146497837289936,11,0.24435558980724081,0,po-rapec-quality-energy-only-20260731-loto-object_detection,24,6.924251229153804
0.0005195581522172329,0.0,0.003117348913303397,0.023245987913744395,0.0005195581522172329,0.0,0.0,-0.005588702998168535,0.13865963166806336,64,8,13,0.13475955988056657,0.39612294798116987,5.4623983783786425,38,20,1.049157761634226e-06,0.5606701056740272,5,0.1882759151826114,0.0012525593393950944,13,0.09660310297537418,0,po-rapec-quality-energy-only-20260731-loto-object_detection,25,0.13865963166806336
0.0008915755712429104,0.0,0.0035792382396390154,0.04939110715136826,0.0008915755712429104,0.0,0.0,-0.003818487810350088,0.31674883929215086,96,15,9,0.4445614221924992,0.1732936750827478,7.695240955552773,29,13,4.714649581161684e-05,1.5035231235741928,7,0.7655599224020917,0.04478089103934785,24,0.1657301947280217,0,po-rapec-quality-energy-only-20260731-loto-object_detection,26,0.31674883929215086
0.0006065302596109009,0.0,0.003639181557665405,0.04151510146035806,0.0006065302596109009,0.0,0.0,-0.004277926761454238,0.4596604481053848,32,12,8,0.3786786714337511,0.14728949707285816,4.945386186089685,34,10,2.3113765107812644e-06,2.6767958645944034,5,0.2033119354052263,0.008707947652025838,22,0.09804758289611025,0,po-rapec-quality-energy-only-20260731-loto-object_detection,27,0.4596604481053848
0.07759330919333239,0.5851666878047203,0.16340000000000005,0.4953765903397414,0.07759330919333239,0.5851666878047203,0.0,0.14084636762014327,9.023773346294323,32,4,15,0.8869273901602455,0.427083420421132,7.5158167411004575,12,20,1.2301306580495863e-05,2.8095090512876784,6,0.1136936879143378,0.009170303602209308,7,0.348533098411974,0,po-rapec-quality-energy-only-20260731-loto-object_detection,28,9.023773346294323
0.0,0.0,0.0,0.0,0.0,0.0,0.0,-0.005588702998168535,0.0,128,5,5,0.6483021260443056,0.15412463755037234,5.86569100632785,36,11,0.0003054824486747329,2.4975572044255068,8,0.35662709699506634,0.06530030839330797,14,0.15970101608433526,1,po-rapec-quality-energy-only-20260731-loto-object_detection,29,0.0
0.0479304483819645,0.5677263793076139,0.1481,0.4197659572196559,0.0479304483819645,0.5677263793076139,0.0,0.12450178055469419,6.275897227892767,128,7,13,0.22599437035395273,0.24891382842049942,2.2999076087906527,33,20,7.550585722335127e-06,2.2264692270766693,6,0.2089957890044647,0.014898538879000583,12,0.3599565189105093,0,po-rapec-quality-energy-only-20260731-loto-object_detection,30,6.275897227892767
0.0032015999697745192,0.0,0.019209599818647116,0.07180337361410526,0.0032015999697745192,0.0,0.0,-0.0032724223517709046,0.8544427041764607,192,3,9,0.7385304304179969,0.16574109365200435,7.179687954093275,17,19,1.3508924901874098e-05,2.324202098332215,7,0.5350428055894331,0.001655217267977339,7,0.199803047141763,0,po-rapec-quality-energy-only-20260731-loto-object_detection,31,0.8544427041764607
0.0,0.0,0.0,0.0,0.0,0.0,0.0,-0.005588702998168535,0.0,64,6,3,0.1313749898792892,0.28254148153873176,4.71713322276862,34,10,0.000578164871361237,0.6588043345268373,7,0.7794404056863412,0.0017934414957361169,22,0.4651860672913148,1,po-rapec-quality-energy-only-20260731-loto-object_detection,32,0.0
0.002916545413427026,0.0,0.017499272480562156,0.060129902932225955,0.002916545413427026,0.0,0.0,-0.004982749689855865,0.7783673705111724,96,14,7,0.5258338949008938,0.1569165418169604,7.2508967244157025,18,17,1.4844502635912828e-06,0.7113319796648119,3,0.13574377792964212,0.002159270860234286,15,0.21384591313187812,0,po-rapec-quality-energy-only-20260731-loto-object_detection,33,0.7783673705111724
0.053053152819240244,0.5775179758517934,0.16340000000000005,0.4308617679629712,0.053053152819240244,0.5775179758517934,0.0197207257014604,0.13980178055469422,6.924251229153804,64,7,5,0.6991989989181511,0.36257450949744296,4.769210266767137,32,12,1.2837839210398028e-06,1.566732689794894,3,0.32596630970249224,0.0020225546846419245,14,0.2894545698314507,0,po-rapec-quality-energy-only-20260731-loto-object_detection,34,6.924251229153804
0.04139899350101219,0.40482879171405384,0.14770000000000005,0.3319979845278586,0.04139899350101219,0.40482879171405384,0.0,0.12410178055469423,6.258946796487252,128,7,11,0.8635024538644314,0.10777942280995001,6.1683910276609355,13,14,1.5771642297256412e-05,2.1923023304138476,8,0.6532292306279405,0.011837884189633472,18,0.23673658986552354,0,po-rapec-quality-energy-only-20260731-loto-object_detection,35,6.258946796487252
0.08633126349579999,0.6072113057257349,0.16340000000000005,0.6200287386088158,0.08633126349579999,0.6072113057257349,0.5880360859749214,0.13980178055469422,8.921230467359159,64,10,12,0.8992673219820954,0.23045718855080632,4.887542367957694,24,9,6.237046865665937e-05,2.2473439831771334,2,0.32915123942637126,0.0025989143541017817,12,0.3352176818936751,0,po-rapec-quality-energy-only-20260731-loto-object_detection,36,8.921230467359159
0.028486687718455028,0.04985009721476392,0.14770000000000005,0.20834003367150478,0.028486687718455028,0.04985009721476392,0.0,0.12410178055469423,6.258946796487252,128,6,13,0.8171922507067005,0.1796649929952308,5.275154262717566,27,11,7.296184325393735e-06,2.2591783815957482,3,0.1253336027845498,0.029105141637333902,19,0.17104585686839746,0,po-rapec-quality-energy-only-20260731-loto-object_detection,37,6.258946796487252
0.0,0.0,0.0,0.0,0.0,0.0,0.0,-0.005588702998168535,0.0,64,3,15,0.1811861648019899,0.266883920975316,1.584145450898106,22,14,0.00034340359104807555,2.449529680475239,7,0.5300120444283324,0.01665310648305167,17,0.22368511905571775,1,po-rapec-quality-energy-only-20260731-loto-object_detection,38,0.0
0.013284389733432303,0.0,0.05648621208986371,0.20350246783157164,0.013284389733432303,0.0,0.0,0.03400418991944569,2.9329049666598626,96,6,10,0.5829134334924898,0.19526253189887177,6.606990576338863,17,20,0.00025577344180006083,1.6947091573427584,3,0.35830546530280416,0.002063747644353726,11,0.11702302497620454,0,po-rapec-quality-energy-only-20260731-loto-object_detection,39,2.9329049666598626
0.0,0.0,0.0,0.0,0.0,0.0,0.0,-0.005588702998168535,0.0,96,6,5,0.12708363992369645,0.22249716324955404,2.3408300074322663,32,7,0.000409934929500598,0.9008712249171811,5,0.27815308632588565,0.0026741393858299538,10,0.1185750959305687,1,po-rapec-quality-energy-only-20260731-loto-object_detection,40,0.0
0.0,0.0,0.0,0.0,0.0,0.0,0.0,-0.005588702998168535,0.0,128,8,5,0.12708363992369645,0.39612294798116987,6.328429433669586,38,20,1.049157761634226e-06,0.9008712249171811,5,0.6809228268930211,0.0012525593393950944,10,0.06277027456699352,1,po-rapec-quality-energy-only-20260731-loto-object_detection,41,0.0
0.024616666666666676,0.0,0.14770000000000005,0.08650163541057522,0.024616666666666676,0.0,0.0,0.12410178055469423,6.258946796487252,64,13,5,0.12708363992369645,0.22249716324955404,3.3628793138511917,9,15,0.00018333545255594616,1.2684005065783863,5,0.6809228268930211,0.0012373987022840022,19,0.06277027456699352,0,po-rapec-quality-energy-only-20260731-loto-object_detection,42,6.258946796487252
0.0869100493773719,0.6105074034947149,0.17620000000000002,0.6119729101996417,0.0869100493773719,0.6105074034947149,0.5190098124634513,0.1586463676201433,10.037808482430934,128,6,9,0.24023819592048784,0.16574109365200435,5.275154262717566,27,11,7.296184325393735e-06,2.2591783815957482,3,0.5350428055894331,0.001655217267977339,7,0.199803047141763,0,po-rapec-quality-energy-only-20260731-loto-object_detection,43,10.037808482430934
0.04686850272433776,0.5602087487795757,0.1481,0.410974969251744,0.04686850272433776,0.5602087487795757,0.0,0.12450178055469419,6.275897227892767,128,6,7,0.21644876574353822,0.28254148153873176,4.71713322276862,34,10,0.00018921911685289375,2.802073509728837,7,0.6955286213288526,0.0017934414957361169,10,0.3001876053925028,0,po-rapec-quality-energy-only-20260731-loto-object_detection,44,6.275897227892767
0.07935599138868064,0.6110548357033003,0.16340000000000005,0.5346168042152906,0.07935599138868064,0.6110548357033003,0.13597590510494906,0.14084636762014327,9.023773346294323,64,3,9,0.6638675865615163,0.3093565454604443,1.584145450898106,22,14,1.4009532740096953e-05,0.8876927521902979,3,0.7369531585159699,0.0429165997494361,19,0.39418107259393753,0,po-rapec-quality-energy-only-20260731-loto-object_detection,45,9.023773346294323
0.002916545413427026,0.0,0.017499272480562156,0.06342900389315659,0.002916545413427026,0.0,0.0,-0.004982749689855865,0.7783673705111724,128,5,5,0.5513041670480958,0.15412463755037234,6.1461809776615635,36,12,0.0003054824486747329,0.7930979734911368,8,0.35662709699506634,0.06530030839330797,14,0.2441259122753578,0,po-rapec-quality-energy-only-20260731-loto-object_detection,46,0.7783673705111724
0.0,0.0,0.0,0.0,0.0,0.0,0.0,-0.005588702998168535,0.0,192,3,14,0.7267287103850608,0.16574109365200435,6.1461809776615635,40,12,3.274116442978566e-05,0.7930979734911368,5,0.5350428055894331,0.001655217267977339,7,0.199803047141763,1,po-rapec-quality-energy-only-20260731-loto-object_detection,47,0.0
0.0,0.0,0.0,0.0,0.0,0.0,0.0,-0.005588702998168535,0.0,128,5,5,0.3786786714337511,0.14728949707285816,4.945386186089685,25,8,2.3113765107812644e-06,2.4975572044255068,8,0.6642847559127573,0.06530030839330797,22,0.09804758289611025,1,po-rapec-quality-energy-only-20260731-loto-object_detection,48,0.0
0.0897378032164056,0.6462600152498073,0.17620000000000002,0.6534055373935564,0.0897378032164056,0.6462600152498073,0.6384102938688504,0.1586463676201433,10.037808482430934,32,6,4,0.8992673219820954,0.23045718855080632,2.1877253035892466,24,18,6.237046865665937e-05,2.710286971639545,2,0.32915123942637126,0.0032735490187045233,12,0.3352176818936751,0,po-rapec-quality-energy-only-20260731-loto-object_detection,49,10.037808482430934
0.0016971919380215361,0.0,0.010183151628129217,0.07318274884576813,0.0016971919380215361,0.0,0.0,0.0022660433090095737,1.28622108194947,32,6,4,0.26734535406053295,0.21086616622255616,2.1877253035892466,10,15,0.00018333545255594616,1.2684005065783863,8,0.6568903106725658,0.006941443022895257,17,0.1708841689915172,0,po-rapec-quality-energy-only-20260731-loto-object_detection,50,1.28622108194947
0.018971621021562874,0.21039415312481072,0.07140000000000002,0.2610414899221732,0.018971621021562874,0.21039415312481072,0.0,0.05163990720000014,3.6133433543389253,32,13,9,0.5258338949008938,0.3093565454604443,7.2508967244157025,28,17,3.4448900115276246e-05,0.8876927521902979,3,0.1336431339387899,0.002159270860234286,9,0.39418107259393753,0,po-rapec-quality-energy-only-20260731-loto-object_detection,51,3.6133433543389253
0.00939719193802154,0.02478133788180505,0.04620000000000002,0.14469806311643976,0.00939719193802154,0.02478133788180505,0.0,0.026439907200000137,2.3380456998663637,96,11,9,0.7779807222735989,0.21558150583622154,4.473370455635521,37,6,7.956900406662393e-06,2.0631852299191005,3,0.3943123601335786,0.0080881376724591,24,0.09013849736247107,0,po-rapec-quality-energy-only-20260731-loto-object_detection,52,2.3380456998663637
0.006275487320441015,0.0,0.03765292392264609,0.11298852229845192,0.006275487320441015,0.0,0.0,0.032064220924477554,6.7373277726487295,96,14,9,0.5258338949008938,0.1569165418169604,7.695240955552773,29,17,1.4844502635912828e-06,0.7113319796648119,3,0.3478393220823235,0.04478089103934785,24,0.21384591313187812,0,po-rapec-quality-energy-only-20260731-loto-object_detection,53,6.7373277726487295
0.0032015999697745192,0.0,0.019209599818647116,0.07180337361410526,0.0032015999697745192,0.0,0.0,-0.0032724223517709046,0.8544427041764607,192,3,9,0.7385304304179969,0.16574109365200435,7.179687954093275,17,19,1.3508924901874098e-05,2.324202098332215,7,0.5350428055894331,0.001655217267977339,7,0.199803047141763,0,po-rapec-quality-energy-only-20260731-loto-object_detection,54,0.8544427041764607
0.014129586312000626,0.13618141945096923,0.04620000000000002,0.1952864503299467,0.014129586312000626,0.13618141945096923,0.0,0.026439907200000137,2.3380456998663637,96,15,9,0.4445614221924992,0.1732936750827478,7.695240955552773,38,13,4.714649581161684e-05,2.2281209049672315,5,0.15292505215556754,0.04478089103934785,12,0.1657301947280217,0,po-rapec-quality-energy-only-20260731-loto-object_detection,55,2.3380456998663637
0.037215458574462734,0.4041866983599993,0.14770000000000005,0.2931052581325532,0.037215458574462734,0.4041866983599993,0.0,0.12410178055469423,6.258946796487252,32,14,9,0.7774048325076287,0.09212235212847207,5.459007675397651,30,17,0.0002994695569663171,1.863813935441027,4,0.2712280322713911,0.003227973848846119,22,0.12930205025282965,0,po-rapec-quality-energy-only-20260731-loto-object_detection,56,6.258946796487252
0.0,0.0,0.0,0.0,0.0,0.0,0.0,-0.005588702998168535,0.0,128,3,3,0.4445614221924992,0.29573352945508913,5.120964931670326,29,17,4.714649581161684e-05,1.5035231235741928,5,0.7655599224020917,0.01165028681231272,15,0.1657301947280217,1,po-rapec-quality-energy-only-20260731-loto-object_detection,57,0.0
0.006067865723261984,0.03930456769269153,0.018821294022302426,0.147806934937721,0.006067865723261984,0.03930456769269153,0.0,0.013232591024133891,3.3677391746296634,128,15,9,0.34065394517985664,0.1732936750827478,1.5136899631293677,32,13,8.893585234985786e-05,1.5035231235741928,7,0.42238691798829675,0.04478089103934785,9,0.1657301947280217,0,po-rapec-quality-energy-only-20260731-loto-object_detection,58,3.3677391746296634
0.0791198194859069,0.5840214137250541,0.16340000000000005,0.5222013897408527,0.0791198194859069,0.5840214137250541,0.1817804281864758,0.13980178055469422,8.921230467359159,64,7,10,0.6991989989181511,0.36257450949744296,4.769210266767137,17,20,0.00025577344180006083,1.566732689794894,3,0.35830546530280416,0.002063747644353726,14,0.2894545698314507,0,po-rapec-quality-energy-only-20260731-loto-object_detection,59,8.921230467359159
0.07560501172463548,0.5993797061343258,0.15839999999999999,0.5186478853451567,0.07560501172463548,0.5993797061343258,0.1098602623126249,0.14084636762014327,9.023773346294323,128,7,13,0.22599437035395273,0.32895456852104915,2.2999076087906527,34,10,0.000578164871361237,2.2264692270766693,6,0.2089957890044647,0.0017934414957361169,22,0.4651860672913148,0,po-rapec-quality-energy-only-20260731-loto-object_detection,60,9.023773346294323
0.028005828817591134,0.0908902140932379,0.14770000000000005,0.17357732082805874,0.028005828817591134,0.0908902140932379,0.0,0.12410178055469423,6.258946796487252,64,13,15,0.1811861648019899,0.22226543632237572,1.584145450898106,22,14,0.00018333545255594616,1.2684005065783863,5,0.6568903106725658,0.01665310648305167,19,0.22368511905571775,0,po-rapec-quality-energy-only-20260731-loto-object_detection,61,6.258946796487252
0.07920856029230418,0.5986838948369528,0.15839999999999999,0.5917702502779504,0.07920856029230418,0.5986838948369528,0.5499860745041334,0.14084636762014327,9.023773346294323,64,3,7,0.1811861648019899,0.3668049571547478,2.1113806780136484,22,14,0.00034340359104807555,2.9949599556715247,6,0.3826143901111666,0.01665310648305167,21,0.47681888597125344,0,po-rapec-quality-energy-only-20260731-loto-object_detection,62,9.023773346294323
0.0,0.0,0.0,0.0,0.0,0.0,0.0,-0.005588702998168535,0.0,128,4,4,0.6483021260443056,0.21086616622255616,2.1877253035892466,10,11,0.0003054824486747329,2.4636828950783753,8,0.7066447202974404,0.06530030839330797,17,0.15970101608433526,1,po-rapec-quality-energy-only-20260731-loto-object_detection,63,0.0
0.047135169391004435,0.5474129080273008,0.14970000000000006,0.40759541596959087,0.047135169391004435,0.5474129080273008,0.0,0.12610178055469423,6.3436989535148385,128,7,13,0.21644876574353822,0.09584785861875456,2.2999076087906527,33,20,7.550585722335127e-06,2.624551935649571,5,0.2089957890044647,0.0016647920206443352,12,0.3001876053925028,0,po-rapec-quality-energy-only-20260731-loto-object_detection,64,6.3436989535148385
0.0386914294189081,0.509984071956932,0.14970000000000006,0.41070690592654446,0.0386914294189081,0.509984071956932,0.0,0.12610178055469423,8.388572910310224,32,14,9,0.6460336298875421,0.21155858534110383,2.1126059602004204,18,11,1.4844502635912828e-06,1.8596227603376463,2,0.5306370100046074,0.003038563060446765,15,0.21384591313187812,0,po-rapec-quality-energy-only-20260731-loto-object_detection,65,8.388572910310224
0.01505258854048852,0.004748880144070718,0.07140000000000002,0.15751423397105732,0.01505258854048852,0.004748880144070718,0.0,0.05163990720000014,3.6133433543389253,128,6,7,0.21644876574353822,0.09584785861875456,4.71713322276862,34,10,0.000578164871361237,0.6898750558694906,5,0.7794404056863412,0.0017934414957361169,10,0.3001876053925028,0,po-rapec-quality-energy-only-20260731-loto-object_detection,66,3.6133433543389253
0.029525439882751647,0.24965233071611578,0.14770000000000005,0.2445942543268624,0.029525439882751647,0.24965233071611578,0.0,0.12410178055469423,6.258946796487252,96,13,9,0.26734535406053295,0.22226543632237572,3.3589867544859793,37,15,7.956900406662393e-06,2.0631852299191005,5,0.3943123601335786,0.0080881376724591,19,0.11318530247079739,0,po-rapec-quality-energy-only-20260731-loto-object_detection,67,6.258946796487252
0.0005195581522172329,0.0,0.003117348913303397,0.024939721947977864,0.0005195581522172329,0.0,0.0,-0.005588702998168535,0.13865963166806336,32,8,15,0.014199398019748056,0.16424735823111047,5.120964931670326,21,7,0.00042051015688257466,1.3656755905681168,8,0.27025645956524325,0.01165028681231272,9,0.1287806449711737,0,po-rapec-quality-energy-only-20260731-loto-object_detection,68,0.13865963166806336
0.04305354549382861,0.5375813506202443,0.14770000000000005,0.4060794147001901,0.04305354549382861,0.5375813506202443,0.03903300454566462,0.12410178055469423,6.258946796487252,192,10,9,0.09884897369698643,0.3361670040088865,4.207643726500587,40,10,6.580172316436554e-06,1.9810496531086326,5,0.7338718281445447,0.06470342862525674,12,0.3001876053925028,0,po-rapec-quality-energy-only-20260731-loto-object_detection,69,6.258946796487252
0.0035230756730379267,0.0,0.017499272480562156,0.10968354187568403,0.0035230756730379267,0.0,0.0,-0.004277926761454238,0.7783673705111724,64,5,6,0.6936178334126443,0.09806087593456976,6.1461809776615635,29,12,8.21992927149133e-06,1.1643912007840354,5,0.5973022972584663,0.00956126422558503,18,0.2441259122753578,0,po-rapec-quality-energy-only-20260731-loto-object_detection,70,0.7783673705111724
0.08078809583726937,0.5903406290575688,0.15659999999999996,0.5905237064635863,0.08078809583726937,0.5903406290575688,0.5880360859749214,0.13904636762014325,8.921230467359159,64,6,3,0.1313749898792892,0.24803635355348813,4.71713322276862,22,14,0.000578164871361237,2.449529680475239,7,0.5300120444283324,0.0017934414957361169,22,0.4651860672913148,0,po-rapec-quality-energy-only-20260731-loto-object_detection,71,8.921230467359159
0.055875774739669405,0.5803652916114703,0.14770000000000005,0.48235145317585887,0.055875774739669405,0.5803652916114703,0.029202756986352028,0.12410178055469423,6.48599684923343,96,13,4,0.4445614221924992,0.24404902241795007,7.695240955552773,29,15,0.00018333545255594616,1.5035231235741928,5,0.7655599224020917,0.04478089103934785,6,0.11318530247079739,0,po-rapec-quality-energy-only-20260731-loto-object_detection,72,6.48599684923343
1.4437972784553388e-05,0.0,8.662783670732033e-05,0.014756307804381396,1.4437972784553388e-05,0.0,0.0,-0.005588702998168535,0.010941853163498598,64,11,9,0.13475955988056657,0.39612294798116987,4.473370455635521,13,6,7.956900406662393e-06,2.0631852299191005,5,0.1882759151826114,0.0012525593393950944,24,0.09660310297537418,0,po-rapec-quality-energy-only-20260731-loto-object_detection,73,0.010941853163498598
0.0,0.0,0.0,0.0,0.0,0.0,0.0,-0.005588702998168535,0.0,128,6,7,0.5829134334924898,0.19526253189887177,5.821350643501032,17,20,0.00025577344180006083,0.6898750558694906,5,0.7448228785928936,0.002063747644353726,10,0.11702302497620454,1,po-rapec-quality-energy-only-20260731-loto-object_detection,74,0.0
0.07759330919333239,0.5851666878047203,0.16340000000000005,0.4953765903397414,0.07759330919333239,0.5851666878047203,0.0,0.14084636762014327,9.023773346294323,32,4,15,0.8869273901602455,0.427083420421132,7.5158167411004575,12,20,1.2301306580495863e-05,2.8095090512876784,6,0.537120139758924,0.009170303602209308,7,0.348533098411974,0,po-rapec-quality-energy-only-20260731-loto-object_detection,75,9.023773346294323
0.0,0.0,0.0,0.0,0.0,0.0,0.0,-0.005588702998168535,0.0,64,3,15,0.1811861648019899,0.266883920975316,1.584145450898106,34,9,0.000578164871361237,0.6588043345268373,7,0.5300120444283324,0.01665310648305167,22,0.22368511905571775,1,po-rapec-quality-energy-only-20260731-loto-object_detection,76,0.0
0.0031525885404885177,0.0,0.018915531242931105,0.06512465033128903,0.0031525885404885177,0.0,0.0,-0.0035664909274869157,0.8413625384561836,64,5,10,0.3420409833022859,0.09806087593456976,6.638110755872421,29,20,8.21992927149133e-06,1.1643912007840354,3,0.4244071832868004,0.002063747644353726,11,0.11702302497620454,0,po-rapec-quality-energy-only-20260731-loto-object_detection,77,0.8413625384561836
0.042534993129281114,0.4500782884687172,0.14770000000000005,0.3556235176439615,0.042534993129281114,0.4500782884687172,0.0,0.12410178055469423,6.258946796487252,192,7,7,0.7746113807422821,0.1569165418169604,7.2508967244157025,21,6,0.0004146706848904159,2.8979469694955764,7,0.6221719027522885,0.0019112348445597547,13,0.21384591313187812,0,po-rapec-quality-energy-only-20260731-loto-object_detection,78,6.258946796487252
0.0007713733199594675,0.0,0.004628239919756805,0.03155831875908335,0.0007713733199594675,0.0,0.0,-0.005588702998168535,0.20586404037296388,96,10,10,0.34065394517985664,0.3652175397193492,2.0351076388048552,34,12,0.000578164871361237,0.6588043345268373,7,0.7794404056863412,0.0017934414957361169,22,0.4651860672913148,0,po-rapec-quality-energy-only-20260731-loto-object_detection,79,0.20586404037296388
0.0035330798053528414,0.03449220181304469,0.017499272480562156,0.10522314252858411,0.0035330798053528414,0.03449220181304469,0.0,-0.0019761244833209624,0.7783673705111724,96,9,10,0.26734535406053295,0.3652175397193492,1.5136899631293677,10,10,8.893585234985786e-05,1.3374812577847566,8,0.6568903106725658,0.006941443022895257,9,0.1708841689915172,1,po-rapec-quality-energy-only-20260731-loto-object_detection,80,0.7783673705111724
0.04362162102156288,0.4600823760356612,0.14770000000000005,0.349153571579395,0.04362162102156288,0.4600823760356612,0.0,0.12410178055469423,6.258946796487252,192,6,9,0.7385304304179969,0.16574109365200435,6.051166374767618,32,19,1.3508924901874098e-05,2.324202098332215,5,0.27815308632588565,0.0026741393858299538,7,0.1185750959305687,0,po-rapec-quality-energy-only-20260731-loto-object_detection,81,6.258946796487252
0.0,0.0,0.0,0.0,0.0,0.0,0.0,-0.005588702998168535,0.0,32,8,9,0.014199398019748056,0.16424735823111047,7.695240955552773,29,13,1.3051561307268949e-05,1.5035231235741928,8,0.27025645956524325,0.06722755541312639,24,0.1287806449711737,1,po-rapec-quality-energy-only-20260731-loto-object_detection,82,0.0
0.0,0.0,0.0,0.0,0.0,0.0,0.0,-0.005588702998168535,0.0,128,8,5,0.12708363992369645,0.39612294798116987,6.328429433669586,38,20,1.049157761634226e-06,0.9008712249171811,5,0.6809228268930211,0.0012525593393950944,10,0.06277027456699352,1,po-rapec-quality-energy-only-20260731-loto-object_detection,83,0.0
0.0016971919380215361,0.0,0.010183151628129217,0.06994149833150516,0.0016971919380215361,0.0,0.0,0.0022660433090095737,1.28622108194947,64,5,3,0.1313749898792892,0.28254148153873176,5.86569100632785,36,11,0.0003054824486747329,0.6588043345268373,7,0.35662709699506634,0.0017934414957361169,22,0.3775453536960967,0,po-rapec-quality-energy-only-20260731-loto-object_detection,84,1.28622108194947
0.0006065302596109009,0.0,0.003639181557665405,0.0381931139283904,0.0006065302596109009,0.0,0.0,-0.004277926761454238,0.4596604481053848,192,11,9,0.13475955988056657,0.16574109365200435,4.473370455635521,34,6,1.3508924901874098e-05,2.324202098332215,5,0.5350428055894331,0.0012525593393950944,24,0.05325355123317174,0,po-rapec-quality-energy-only-20260731-loto-object_detection,85,0.4596604481053848
0.0011007390803186394,0.0,0.006604434481911836,0.07137699471138666,0.0011007390803186394,0.0,0.0,-0.0013126738372078069,0.834197817650451,64,3,3,0.4445614221924992,0.28254148153873176,2.7584775441454115,34,10,4.714649581161684e-05,0.6588043345268373,7,0.7655599224020917,0.0017934414957361169,22,0.4651860672913148,0,po-rapec-quality-energy-only-20260731-loto-object_detection,86,0.834197817650451
2.3904961815590653e-06,0.0,1.4342977089354392e-05,0.004910317426362393,2.3904961815590653e-06,0.0,0.0,-0.005588702998168535,0.0018116434070652306,64,10,15,0.014199398019748056,0.4291640120691857,3.4907860896190366,37,7,1.3051561307268949e-05,0.58590616364732,8,0.27025645956524325,0.023799440082189195,13,0.1287806449711737,0,po-rapec-quality-energy-only-20260731-loto-object_detection,87,0.0018116434070652306
0.002916545413427026,0.0,0.017499272480562156,0.06342900389315659,0.002916545413427026,0.0,0.0,-0.004982749689855865,0.7783673705111724,96,15,10,0.34065394517985664,0.22249716324955404,2.3408300074322663,32,10,8.893585234985786e-05,1.3374812577847566,7,0.27815308632588565,0.0026741393858299538,9,0.1605450783927297,0,po-rapec-quality-energy-only-20260731-loto-object_detection,88,0.7783673705111724
0.0006298730399398322,0.0,0.0035792382396390154,0.03152298287162674,0.0006298730399398322,0.0,0.0,-0.005588702998168535,0.1592044617920802,128,6,9,0.4445614221924992,0.19526253189887177,5.821350643501032,30,13,0.00025577344180006083,1.4130147115701899,5,0.15292505215556754,0.04478089103934785,12,0.11702302497620454,0,po-rapec-quality-energy-only-20260731-loto-object_detection,89,0.1592044617920802
0.0032015999697745192,0.0,0.019209599818647116,0.07180337361410526,0.0032015999697745192,0.0,0.0,-0.0032724223517709046,0.8544427041764607,192,3,9,0.7385304304179969,0.16574109365200435,7.179687954093275,17,19,1.3508924901874098e-05,2.324202098332215,7,0.5350428055894331,0.001655217267977339,7,0.199803047141763,0,po-rapec-quality-energy-only-20260731-loto-object_detection,90,0.8544427041764607
0.0,0.0,0.0,0.0,0.0,0.0,0.0,-0.005588702998168535,0.0,128,3,10,0.1811861648019899,0.15412463755037234,1.584145450898106,22,14,0.0003054824486747329,2.318039089565877,7,0.5300120444283324,0.01665310648305167,17,0.22368511905571775,1,po-rapec-quality-energy-only-20260731-loto-object_detection,91,0.0
0.04489390584958963,0.4436693974116078,0.14770000000000005,0.395003982132797,0.04489390584958963,0.4436693974116078,0.0197207257014604,0.12410178055469423,6.258946796487252,128,15,14,0.5422568907364531,0.1732936750827478,1.5136899631293677,40,12,3.274116442978566e-05,1.5035231235741928,5,0.42238691798829675,0.04478089103934785,7,0.199803047141763,0,po-rapec-quality-energy-only-20260731-loto-object_detection,92,6.258946796487252
0.0,0.0,0.0,0.0,0.0,0.0,0.0,-0.005588702998168535,0.0,32,3,4,0.7892191532663276,0.21086616622255616,2.1877253035892466,10,9,2.0484829269537454e-05,0.6588043345268373,8,0.7066447202974404,0.01665310648305167,17,0.22368511905571775,1,po-rapec-quality-energy-only-20260731-loto-object_detection,93,0.0
0.0,0.0,0.0,0.0,0.0,0.0,0.0,-0.005588702998168535,0.0,32,3,10,0.1811861648019899,0.266883920975316,1.584145450898106,34,9,0.0002994695569663171,0.6588043345268373,5,0.5300120444283324,0.01665310648305167,22,0.22368511905571775,1,po-rapec-quality-energy-only-20260731-loto-object_detection,94,0.0
0.005161380517097479,0.06346473568995477,0.018915531242931105,0.16951951759132544,0.005161380517097479,0.06346473568995477,0.0,0.0023654283527156754,1.298774281893203,128,5,6,0.6936178334126443,0.15412463755037234,6.1461809776615635,24,12,0.0003054824486747329,0.7930979734911368,5,0.5973022972584663,0.06530030839330797,18,0.2441259122753578,0,po-rapec-quality-energy-only-20260731-loto-object_detection,95,1.298774281893203
0.0,0.0,0.0,0.0,0.0,0.0,0.0,-0.005588702998168535,0.0,128,3,4,0.26734535406053295,0.21086616622255616,2.1877253035892466,10,15,2.3113765107812644e-06,1.2684005065783863,8,0.6568903106725658,0.006941443022895257,17,0.09804758289611025,1,po-rapec-quality-energy-only-20260731-loto-object_detection,96,0.0
0.0,0.0,0.0,0.0,0.0,0.0,0.0,-0.005588702998168535,0.0,64,3,15,0.008561405614695662,0.266883920975316,1.584145450898106,22,16,0.0005221769501251871,2.449529680475239,6,0.5300120444283324,0.004397240233431928,17,0.22368511905571775,1,po-rapec-quality-energy-only-20260731-loto-object_detection,97,0.0
0.005813051920074808,0.0,0.034878311520448846,0.0916643457506889,0.005813051920074808,0.0,0.0,0.012396289350030825,1.5513867594322515,64,3,5,0.03914569871030547,0.266883920975316,5.86569100632785,36,11,0.0003054824486747329,2.4975572044255068,8,0.35662709699506634,0.06530030839330797,14,0.22368511905571775,0,po-rapec-quality-energy-only-20260731-loto-object_detection,98,1.5513867594322515
0.0011697685879355213,0.0,0.004628239919756805,0.0556515937796084,0.0011697685879355213,0.0,0.0,-0.003198331390312212,0.42771491142751156,192,15,14,0.4445614221924992,0.16574109365200435,7.695240955552773,40,12,3.274116442978566e-05,1.5035231235741928,5,0.7655599224020917,0.04478089103934785,24,0.1657301947280217,0,po-rapec-quality-energy-only-20260731-loto-object_detection,99,0.42771491142751156
0.0,0.0,0.0,0.0,0.0,0.0,0.0,-0.005588702998168535,0.0,32,8,15,0.014199398019748056,0.14728949707285816,4.945386186089685,25,8,2.3113765107812644e-06,1.3656755905681168,8,0.6642847559127573,0.06530030839330797,20,0.1287806449711737,1,po-rapec-quality-energy-only-20260731-loto-object_detection,100,0.0
0.0,0.0,0.0,0.0,0.0,0.0,0.0,-0.005588702998168535,0.0,128,6,4,0.1313749898792892,0.21086616622255616,2.1877253035892466,38,10,0.0003054824486747329,0.6588043345268373,7,0.7794404056863412,0.0017934414957361169,17,0.4651860672913148,1,po-rapec-quality-energy-only-20260731-loto-object_detection,101,0.0
0.0005195581522172329,0.0,0.003117348913303397,0.024939721947977864,0.0005195581522172329,0.0,0.0,-0.005588702998168535,0.13865963166806336,32,8,15,0.014199398019748056,0.21086616622255616,5.120964931670326,10,15,0.00018333545255594616,0.5678934072525861,8,0.27025645956524325,0.006941443022895257,9,0.1708841689915172,0,po-rapec-quality-energy-only-20260731-loto-object_detection,102,0.13865963166806336
1.4437972784553388e-05,0.0,8.662783670732033e-05,0.014756307804381396,1.4437972784553388e-05,0.0,0.0,-0.005588702998168535,0.010941853163498598,64,11,9,0.13475955988056657,0.39612294798116987,4.473370455635521,36,6,7.956900406662393e-06,2.0631852299191005,5,0.1882759151826114,0.0012525593393950944,24,0.09660310297537418,0,po-rapec-quality-energy-only-20260731-loto-object_detection,103,0.010941853163498598
0.0,0.0,0.0,0.0,0.0,0.0,0.0,-0.005588702998168535,0.0,128,3,5,0.4445614221924992,0.14728949707285816,4.945386186089685,25,8,2.3113765107812644e-06,1.5035231235741928,8,0.6642847559127573,0.01165028681231272,22,0.09804758289611025,1,po-rapec-quality-energy-only-20260731-loto-object_detection,104,0.0
0.0,0.0,0.0,0.0,0.0,0.0,0.0,-0.005588702998168535,0.0,128,5,3,0.3786786714337511,0.29573352945508913,4.945386186089685,29,17,4.714649581161684e-05,1.5035231235741928,8,0.6642847559127573,0.06530030839330797,22,0.1657301947280217,1,po-rapec-quality-energy-only-20260731-loto-object_detection,105,0.0
0.0,0.0,0.0,0.0,0.0,0.0,0.0,-0.005588702998168535,0.0,192,3,15,0.7267287103850608,0.266883920975316,6.1461809776615635,22,14,3.274116442978566e-05,0.7930979734911368,5,0.5350428055894331,0.001655217267977339,17,0.22368511905571775,1,po-rapec-quality-energy-only-20260731-loto-object_detection,106,0.0
0.0007713733199594675,0.0,0.004628239919756805,0.03997193410562197,0.0007713733199594675,0.0,0.0,-0.005588702998168535,0.20586404037296388,128,13,5,0.12708363992369645,0.22249716324955404,3.7137006703028277,32,8,0.000409934929500598,2.4975572044255068,8,0.6642847559127573,0.0026741393858299538,22,0.1185750959305687,0,po-rapec-quality-energy-only-20260731-loto-object_detection,107,0.20586404037296388
0.0016971919380215361,0.0,0.010183151628129217,0.0748751753442486,0.0016971919380215361,0.0,0.0,0.0022660433090095737,1.28622108194947,32,6,4,0.26734535406053295,0.1732936750827478,2.1877253035892466,29,15,0.00018333545255594616,1.5035231235741928,7,0.7655599224020917,0.04478089103934785,24,0.1708841689915172,0,po-rapec-quality-energy-only-20260731-loto-object_detection,108,1.28622108194947
0.0,0.0,0.0,0.0,0.0,0.0,0.0,-0.005588702998168535,0.0,96,5,9,0.3420409833022859,0.41229291461757933,6.638110755872421,37,20,7.956900406662393e-06,1.123200977956422,3,0.3943123601335786,0.0080881376724591,24,0.11702302497620454,1,po-rapec-quality-energy-only-20260731-loto-object_detection,109,0.0
0.0,0.0,0.0,0.0,0.0,0.0,0.0,-0.005588702998168535,0.0,192,3,14,0.34065394517985664,0.16574109365200435,6.1461809776615635,32,12,3.274116442978566e-05,0.7930979734911368,7,0.42238691798829675,0.008485904383522336,7,0.199803047141763,1,po-rapec-quality-energy-only-20260731-loto-object_detection,110,0.0
0.006067865723261984,0.03930456769269153,0.018821294022302426,0.147806934937721,0.006067865723261984,0.03930456769269153,0.0,0.013232591024133891,3.3677391746296634,96,15,9,0.34065394517985664,0.1732936750827478,1.5136899631293677,32,13,8.893585234985786e-05,1.5035231235741928,7,0.42238691798829675,0.04478089103934785,9,0.1657301947280217,0,po-rapec-quality-energy-only-20260731-loto-object_detection,111,3.3677391746296634
0.0032015999697745192,0.0,0.019209599818647116,0.07180337361410526,0.0032015999697745192,0.0,0.0,-0.0032724223517709046,0.8544427041764607,192,3,9,0.7385304304179969,0.16574109365200435,7.179687954093275,17,19,1.3508924901874098e-05,2.324202098332215,7,0.5350428055894331,0.001655217267977339,7,0.199803047141763,0,po-rapec-quality-energy-only-20260731-loto-object_detection,112,0.8544427041764607
0.0,0.0,0.0,0.0,0.0,0.0,0.0,-0.005588702998168535,0.0,128,6,7,0.6483021260443056,0.21086616622255616,5.821350643501032,10,11,0.00025577344180006083,0.6898750558694906,8,0.7066447202974404,0.002063747644353726,10,0.15970101608433526,1,po-rapec-quality-energy-only-20260731-loto-object_detection,113,0.0
0.002916545413427026,0.0,0.017499272480562156,0.06176018172558315,0.002916545413427026,0.0,0.0,-0.004982749689855865,0.7783673705111724,96,6,3,0.12708363992369645,0.07273839556361678,2.3408300074322663,34,7,0.000409934929500598,0.9008712249171811,7,0.40781215753865874,0.0026741393858299538,10,0.48076037728193394,0,po-rapec-quality-energy-only-20260731-loto-object_detection,114,0.7783673705111724
0.00319467315843829,0.0,0.01916803895062974,0.06679668851928891,0.00319467315843829,0.0,0.0,-0.003313983219788281,0.8525940774069318,32,8,15,0.014199398019748056,0.29573352945508913,5.120964931670326,9,7,0.00042051015688257466,1.3656755905681168,5,0.27025645956524325,0.01165028681231272,9,0.10514537014315839,0,po-rapec-quality-energy-only-20260731-loto-object_detection,115,0.8525940774069318
0.042951467695033684,0.32213657145795305,0.16340000000000005,0.3143532174380524,0.042951467695033684,0.32213657145795305,0.0,0.13980178055469422,6.924251229153804,96,6,3,0.12708363992369645,0.28254148153873176,2.3408300074322663,34,18,0.000578164871361237,0.9008712249171811,5,0.27815308632588565,0.0026741393858299538,10,0.4651860672913148,0,po-rapec-quality-energy-only-20260731-loto-object_detection,116,6.924251229153804
0.0,0.0,0.0,0.0,0.0,0.0,0.0,-0.005588702998168535,0.0,128,8,13,0.09419999960135171,0.39612294798116987,5.4623983783786425,38,20,1.049157761634226e-06,0.5606701056740272,5,0.6809228268930211,0.0012525593393950944,13,0.06277027456699352,1,po-rapec-quality-energy-only-20260731-loto-object_detection,117,0.0
0.044365887419534726,0.4392431353658617,0.14970000000000006,0.3743910051501071,0.044365887419534726,0.4392431353658617,0.0,0.12610178055469423,6.3436989535148385,128,14,9,0.0808445435630649,0.29573352945508913,5.120964931670326,9,17,0.00042051015688257466,1.711557623044245,3,0.14056987453669778,0.01165028681231272,15,0.10514537014315839,0,po-rapec-quality-energy-only-20260731-loto-object_detection,118,6.3436989535148385
0.0,0.0,0.0,0.0,0.0,0.0,0.0,-0.005588702998168535,0.0,64,14,13,0.5258338949008938,0.1569165418169604,5.4623983783786425,18,20,1.049157761634226e-06,0.7113319796648119,5,0.1882759151826114,0.0012525593393950944,13,0.09660310297537418,1,po-rapec-quality-energy-only-20260731-loto-object_detection,119,0.0
0.015770021051788357,0.0,0.07140000000000002,0.21076210242823612,0.015770021051788357,0.0,0.0,0.05163990720000014,3.6133433543389253,128,3,15,0.008561405614695662,0.14728949707285816,1.584145450898106,25,16,0.0005221769501251871,1.3656755905681168,3,0.5300120444283324,0.004397240233431928,17,0.22368511905571775,0,po-rapec-quality-energy-only-20260731-loto-object_detection,120,3.6133433543389253
0.007071621021562872,0.0,0.023220126310730116,0.17181474128813443,0.007071621021562872,0.0,0.0,0.015303017991610473,2.9329049666598626,192,3,14,0.7267287103850608,0.16574109365200435,1.584145450898106,34,9,5.9364703296483445e-06,2.06430748633642,5,0.5300120444283324,0.014650071561193054,7,0.199803047141763,0,po-rapec-quality-energy-only-20260731-loto-object_detection,121,2.9329049666598626
0.0,0.0,0.0,0.01993143756218785,0.0,0.0,0.0,-0.005588702998168535,0.0,64,6,15,0.1811861648019899,0.18283335519621452,5.821350643501032,17,20,0.00025577344180006083,0.6898750558694906,5,0.7448228785928936,0.002063747644353726,17,0.22368511905571775,1,po-rapec-quality-energy-only-20260731-loto-object_detection,122,0.0
0.0,0.0,0.0,0.0,0.0,0.0,0.0,-0.005588702998168535,0.0,128,5,3,0.3786786714337511,0.29573352945508913,4.945386186089685,9,7,4.714649581161684e-05,1.5035231235741928,8,0.6642847559127573,0.01165028681231272,22,0.10514537014315839,1,po-rapec-quality-energy-only-20260731-loto-object_detection,123,0.0
0.018922609592276873,0.1953739509938671,0.07140000000000002,0.261099800843805,0.018922609592276873,0.1953739509938671,0.0,0.05163990720000014,3.6133433543389253,64,6,15,0.1811861648019899,0.266883920975316,1.584145450898106,17,14,0.00034340359104807555,2.449529680475239,5,0.7448228785928936,0.002063747644353726,17,0.22368511905571775,0,po-rapec-quality-energy-only-20260731-loto-object_detection,124,3.6133433543389253
0.0,0.0,0.0,0.0,0.0,0.0,0.0,-0.005588702998168535,0.0,64,5,15,0.014199398019748056,0.4291640120691857,3.4907860896190366,37,8,2.3113765107812644e-06,0.58590616364732,8,0.27025645956524325,0.06530030839330797,13,0.1287806449711737,1,po-rapec-quality-energy-only-20260731-loto-object_detection,125,0.0
0.0,0.0,0.0,0.0,0.0,0.0,0.0,-0.005588702998168535,0.0,96,3,10,0.34065394517985664,0.21086616622255616,2.1877253035892466,32,15,8.893585234985786e-05,1.3374812577847566,8,0.6568903106725658,0.008485904383522336,17,0.1605450783927297,1,po-rapec-quality-energy-only-20260731-loto-object_detection,126,0.0
0.002918935909608585,0.0,0.017499272480562156,0.06504022035858835,0.002918935909608585,0.0,0.0,-0.004982749689855865,0.7783673705111724,128,10,15,0.014199398019748056,0.39612294798116987,3.4907860896190366,38,20,1.049157761634226e-06,0.5606701056740272,8,0.6809228268930211,0.03361304965392383,13,0.1287806449711737,0,po-rapec-quality-energy-only-20260731-loto-object_detection,127,0.7783673705111724
0.019004954354896204,0.2202545159755409,0.07140000000000002,0.2643282775390833,0.019004954354896204,0.2202545159755409,0.0,0.05163990720000014,3.6133433543389253,192,6,14,0.7267287103850608,0.22249716324955404,6.1461809776615635,32,7,3.274116442978566e-05,0.9008712249171811,5,0.27815308632588565,0.0026741393858299538,7,0.199803047141763,0,po-rapec-quality-energy-only-20260731-loto-object_detection,128,3.6133433543389253
0.0,0.0,0.0,0.0,0.0,0.0,0.0,-0.005588702998168535,0.0,64,8,3,0.014199398019748056,0.14728949707285816,4.71713322276862,34,10,0.000578164871361237,1.3656755905681168,7,0.6642847559127573,0.0017934414957361169,22,0.1287806449711737,1,po-rapec-quality-energy-only-20260731-loto-object_detection,129,0.0
0.0,0.0,0.0,0.0,0.0,0.0,0.0,-0.005588702998168535,0.0,128,8,3,0.12708363992369645,0.29573352945508913,6.328429433669586,9,20,0.00014226630935082715,2.2981286023778287,5,0.6809228268930211,0.0012525593393950944,15,0.06277027456699352,1,po-rapec-quality-energy-only-20260731-loto-object_detection,130,0.0
0.0,0.0,0.0,0.0,0.0,0.0,0.0,-0.005588702998168535,0.0,64,6,13,0.5258338949008938,0.19526253189887177,5.821350643501032,18,20,1.049157761634226e-06,0.7113319796648119,5,0.1882759151826114,0.002063747644353726,13,0.11702302497620454,1,po-rapec-quality-energy-only-20260731-loto-object_detection,131,0.0
0.02999015787172023,0.28649150344710855,0.1481,0.27524200036509333,0.02999015787172023,0.28649150344710855,0.0,0.12450178055469419,6.275897227892767,64,11,9,0.4445614221924992,0.29573352945508913,5.120964931670326,29,17,7.956900406662393e-06,1.5035231235741928,5,0.7655599224020917,0.01165028681231272,15,0.1657301947280217,0,po-rapec-quality-energy-only-20260731-loto-object_detection,132,6.275897227892767
0.04032036305558246,0.3170993384802403,0.14770000000000005,0.29451524473327245,0.04032036305558246,0.3170993384802403,0.0,0.12410178055469423,6.258946796487252,64,8,5,0.12708363992369645,0.39612294798116987,6.328429433669586,38,20,1.049157761634226e-06,0.9008712249171811,5,0.6809228268930211,0.0012525593393950944,10,0.3524688067385389,0,po-rapec-quality-energy-only-20260731-loto-object_detection,133,6.258946796487252
0.013317723066765633,0.014601378493176014,0.05648621208986371,0.20323541157404645,0.013317723066765633,0.014601378493176014,0.0,0.03400418991944569,2.9329049666598626,96,5,9,0.30074710218756123,0.41229291461757933,6.638110755872421,37,20,7.956900406662393e-06,1.123200977956422,3,0.3943123601335786,0.0080881376724591,8,0.11702302497620454,0,po-rapec-quality-energy-only-20260731-loto-object_detection,134,2.9329049666598626
0.019607050774037467,0.30699734601959805,0.07140000000000002,0.29652934183734575,0.019607050774037467,0.30699734601959805,0.0,0.05163990720000014,3.6133433543389253,96,6,7,0.12708363992369645,0.19526253189887177,5.821350643501032,17,7,0.00025577344180006083,0.6898750558694906,2,0.7448228785928936,0.0026741393858299538,10,0.11702302497620454,0,po-rapec-quality-energy-only-20260731-loto-object_detection,135,3.6133433543389253
0.0,0.0,0.0,0.0,0.0,0.0,0.0,-0.005588702998168535,0.0,128,3,14,0.26734535406053295,0.21086616622255616,6.1461809776615635,10,15,3.274116442978566e-05,0.7930979734911368,7,0.6568903106725658,0.006941443022895257,17,0.09804758289611025,1,po-rapec-quality-energy-only-20260731-loto-object_detection,136,0.0
0.0,0.0,0.0,0.0,0.0,0.0,0.0,-0.005588702998168535,0.0,128,6,7,0.6483021260443056,0.21086616622255616,4.945386186089685,10,8,2.3113765107812644e-06,0.6898750558694906,8,0.7066447202974404,0.002063747644353726,22,0.09804758289611025,1,po-rapec-quality-energy-only-20260731-loto-object_detection,137,0.0
0.0,0.0,0.0,0.0,0.0,0.0,0.0,-0.005588702998168535,0.0,128,8,15,0.13427372586238637,0.39612294798116987,3.4907860896190366,38,7,1.3051561307268949e-05,0.9008712249171811,8,0.27025645956524325,0.023799440082189195,13,0.06277027456699352,1,po-rapec-quality-energy-only-20260731-loto-object_detection,138,0.0
0.002916545413427026,0.0,0.017499272480562156,0.060129902932225955,0.002916545413427026,0.0,0.0,-0.004982749689855865,0.7783673705111724,64,14,15,0.008561405614695662,0.266883920975316,5.4623983783786425,18,12,0.0005221769501251871,0.7113319796648119,5,0.5300120444283324,0.0012525593393950944,13,0.22368511905571775,0,po-rapec-quality-energy-only-20260731-loto-object_detection,139,0.7783673705111724
0.002216750090238769,0.0,0.010183151628129217,0.08973083096949218,0.002216750090238769,0.0,0.0,0.0022660433090095737,1.28622108194947,32,8,9,0.583218964080016,0.16424735823111047,5.4623983783786425,38,20,1.049157761634226e-06,1.5035231235741928,5,0.27025645956524325,0.06722755541312639,13,0.1287806449711737,0,po-rapec-quality-energy-only-20260731-loto-object_detection,140,1.28622108194947
0.0,0.0,0.0,0.0,0.0,0.0,0.0,-0.005588702998168535,0.0,32,8,15,0.014199398019748056,0.16424735823111047,3.4907860896190366,21,7,1.3051561307268949e-05,0.58590616364732,8,0.44166517261826743,0.0026567695725455143,9,0.1287806449711737,1,po-rapec-quality-energy-only-20260731-loto-object_detection,141,0.0
0.0,0.0,0.0,0.0,0.0,0.0,0.0,-0.005588702998168535,0.0,128,3,9,0.014199398019748056,0.16424735823111047,5.120964931670326,29,17,1.3051561307268949e-05,1.5035231235741928,8,0.14056987453669778,0.01165028681231272,24,0.10514537014315839,1,po-rapec-quality-energy-only-20260731-loto-object_detection,142,0.0
0.019426808032047365,0.24971986609015445,0.07140000000000002,0.26243901141987247,0.019426808032047365,0.24971986609015445,0.0,0.05163990720000014,3.6133433543389253,128,5,13,0.09419999960135171,0.39612294798116987,5.4623983783786425,38,20,1.049157761634226e-06,0.5606701056740272,5,0.6809228268930211,0.0012525593393950944,13,0.3569040724574101,0,po-rapec-quality-energy-only-20260731-loto-object_detection,143,3.6133433543389253
0.0,0.0,0.0,0.0,0.0,0.0,0.0,-0.005588702998168535,0.0,128,5,13,0.09419999960135171,0.14728949707285816,4.945386186089685,38,8,2.3113765107812644e-06,0.5606701056740272,5,0.6809228268930211,0.06530030839330797,22,0.09804758289611025,1,po-rapec-quality-energy-only-20260731-loto-object_detection,144,0.0
0.0,0.0,0.0,0.0,0.0,0.0,0.0,-0.005588702998168535,0.0,128,6,11,0.1313749898792892,0.21086616622255616,4.71713322276862,38,10,0.0003054824486747329,0.6588043345268373,7,0.7794404056863412,0.0017934414957361169,17,0.4651860672913148,1,po-rapec-quality-energy-only-20260731-loto-object_detection,145,0.0
0.0,0.0,0.0,0.0,0.0,0.0,0.0,-0.005588702998168535,0.0,64,3,15,0.0808445435630649,0.266883920975316,5.120964931670326,9,17,0.00042051015688257466,1.3656755905681168,5,0.5300120444283324,0.01665310648305167,15,0.10514537014315839,1,po-rapec-quality-energy-only-20260731-loto-object_detection,146,0.0
0.0,0.0,0.0,0.0,0.0,0.0,0.0,-0.005588702998168535,0.0,192,6,7,0.6483021260443056,0.16574109365200435,6.1461809776615635,32,11,0.00025577344180006083,0.7930979734911368,8,0.42238691798829675,0.008485904383522336,7,0.15970101608433526,1,po-rapec-quality-energy-only-20260731-loto-object_detection,147,0.0
0.001247539833262053,0.0,0.007485238999572319,0.05666749799590831,0.001247539833262053,0.0,0.0,-0.005588702998168535,0.3329433154559131,64,11,9,0.7267287103850608,0.39612294798116987,6.1461809776615635,22,14,7.956900406662393e-06,0.7930979734911368,5,0.1882759151826114,0.0012525593393950944,17,0.22368511905571775,0,po-rapec-quality-energy-only-20260731-loto-object_detection,148,0.3329433154559131
0.0,0.0,0.0,0.0,0.0,0.0,0.0,-0.005588702998168535,0.0,64,6,3,0.1313749898792892,0.28254148153873176,4.71713322276862,34,10,0.000578164871361237,0.6588043345268373,7,0.7794404056863412,0.0017934414957361169,22,0.4651860672913148,1,po-rapec-quality-energy-only-20260731-loto-object_detection,149,0.0
0.0,0.0,0.0,0.0,0.0,0.0,0.0,-0.005588702998168535,0.0,192,3,14,0.12708363992369645,0.22249716324955404,2.3408300074322663,32,7,3.274116442978566e-05,0.7930979734911368,5,0.27815308632588565,0.001655217267977339,10,0.1185750959305687,1,po-rapec-quality-energy-only-20260731-loto-object_detection,150,0.0
0.0,0.0,0.0,0.0,0.0,0.0,0.0,-0.005588702998168535,0.0,64,3,10,0.008561405614695662,0.3652175397193492,1.5136899631293677,22,10,8.893585234985786e-05,2.449529680475239,7,0.42238691798829675,0.008485904383522336,17,0.22368511905571775,1,po-rapec-quality-energy-only-20260731-loto-object_detection,151,0.0
0.0,0.0,0.0,0.0,0.0,0.0,0.0,-0.005588702998168535,0.0,128,6,9,0.6483021260443056,0.16424735823111047,7.695240955552773,10,13,1.3051561307268949e-05,1.5035231235741928,8,0.7066447202974404,0.002063747644353726,10,0.15970101608433526,1,po-rapec-quality-energy-only-20260731-loto-object_detection,152,0.0
0.027931607348069754,0.07702870520564586,0.14770000000000005,0.18051621658618358,0.027931607348069754,0.07702870520564586,0.0,0.12410178055469423,6.258946796487252,128,12,4,0.6483021260443056,0.21086616622255616,2.1877253035892466,10,11,0.0003054824486747329,2.4636828950783753,8,0.7066447202974404,0.06530030839330797,15,0.15970101608433526,0,po-rapec-quality-energy-only-20260731-loto-object_detection,153,6.258946796487252
0.0,0.0,0.0,0.0,0.0,0.0,0.0,-0.005588702998168535,0.0,128,8,3,0.0808445435630649,0.29573352945508913,5.120964931670326,9,20,0.0003738043215049657,1.3656755905681168,5,0.14056987453669778,0.0012525593393950944,15,0.06277027456699352,1,po-rapec-quality-energy-only-20260731-loto-object_detection,154,0.0
0.07881772306676564,0.6062497086080338,0.16340000000000005,0.5172419275778765,0.07881772306676564,0.6062497086080338,0.07145891108610358,0.14084636762014327,9.023773346294323,192,5,9,0.13475955988056657,0.16574109365200435,5.86569100632785,34,11,0.0003054824486747329,2.4975572044255068,5,0.5350428055894331,0.06530030839330797,24,0.32772148007429097,0,po-rapec-quality-energy-only-20260731-loto-object_detection,155,9.023773346294323
0.0,0.0,0.0,0.0,0.0,0.0,0.0,-0.005588702998168535,0.0,128,3,13,0.09419999960135171,0.266883920975316,1.584145450898106,22,16,1.049157761634226e-06,2.449529680475239,8,0.5300120444283324,0.004397240233431928,17,0.06277027456699352,1,po-rapec-quality-energy-only-20260731-loto-object_detection,156,0.0
0.0035330798053528414,0.03449220181304469,0.017499272480562156,0.10522314252858411,0.0035330798053528414,0.03449220181304469,0.0,-0.0019761244833209624,0.7783673705111724,96,9,10,0.26734535406053295,0.3652175397193492,1.5136899631293677,20,10,8.893585234985786e-05,1.3374812577847566,8,0.6568903106725658,0.006941443022895257,9,0.1708841689915172,1,po-rapec-quality-energy-only-20260731-loto-object_detection,157,0.7783673705111724
0.0,0.0,0.0,0.0,0.0,0.0,0.0,-0.005588702998168535,0.0,128,3,5,0.7267287103850608,0.266883920975316,6.1461809776615635,25,14,2.3113765107812644e-06,0.7930979734911368,8,0.5350428055894331,0.01165028681231272,22,0.22368511905571775,1,po-rapec-quality-energy-only-20260731-loto-object_detection,158,0.0
0.0,0.0,0.0,0.0,0.0,0.0,0.0,-0.005588702998168535,0.0,64,14,14,0.5258338949008938,0.16574109365200435,6.1461809776615635,18,12,3.274116442978566e-05,0.7113319796648119,5,0.5350428055894331,0.0012525593393950944,7,0.199803047141763,1,po-rapec-quality-energy-only-20260731-loto-object_detection,159,0.0
0.0,0.0,0.0,0.0,0.0,0.0,0.0,-0.005588702998168535,0.0,192,3,14,0.7267287103850608,0.16574109365200435,6.1461809776615635,40,12,3.274116442978566e-05,0.7930979734911368,5,0.5350428055894331,0.001655217267977339,7,0.199803047141763,1,po-rapec-quality-energy-only-20260731-loto-object_detection,160,0.0
0.0,0.0,0.0,0.0,0.0,0.0,0.0,-0.005588702998168535,0.0,128,6,7,0.6483021260443056,0.21086616622255616,5.821350643501032,10,11,0.00025577344180006083,0.6898750558694906,8,0.7448228785928936,0.002063747644353726,10,0.11702302497620454,1,po-rapec-quality-energy-only-20260731-loto-object_detection,161,0.0
0.02863395116041234,0.1791976387524784,0.14770000000000005,0.21628833078314283,0.02863395116041234,0.1791976387524784,0.0,0.12410178055469423,6.258946796487252,64,9,10,0.008561405614695662,0.3652175397193492,1.5136899631293677,20,10,8.893585234985786e-05,2.449529680475239,7,0.42238691798829675,0.006941443022895257,17,0.1708841689915172,0,po-rapec-quality-energy-only-20260731-loto-object_detection,162,6.258946796487252
0.0,0.0,0.0,0.0,0.0,0.0,0.0,-0.005588702998168535,0.0,128,3,4,0.1811861648019899,0.21086616622255616,2.1877253035892466,22,14,2.3113765107812644e-06,2.449529680475239,7,0.6568903106725658,0.006941443022895257,17,0.09804758289611025,1,po-rapec-quality-energy-only-20260731-loto-object_detection,163,0.0
0.0,0.0,0.0,0.0,0.0,0.0,0.0,-0.005588702998168535,0.0,128,5,13,0.6483021260443056,0.1569165418169604,5.86569100632785,18,11,0.0003054824486747329,2.4975572044255068,8,0.35662709699506634,0.06530030839330797,13,0.09660310297537418,1,po-rapec-quality-energy-only-20260731-loto-object_detection,164,0.0
0.0,0.0,0.0,0.0,0.0,0.0,0.0,-0.005588702998168535,0.0,128,8,15,0.19409753325005621,0.18283335519621452,5.821350643501032,17,13,1.049157761634226e-06,0.5606701056740272,5,0.7448228785928936,0.002063747644353726,17,0.06277027456699352,1,po-rapec-quality-energy-only-20260731-loto-object_detection,165,0.0
0.0,0.0,0.0,0.0,0.0,0.0,0.0,-0.005588702998168535,0.0,128,3,5,0.5258338949008938,0.14728949707285816,4.945386186089685,18,12,2.3113765107812644e-06,0.7113319796648119,5,0.5350428055894331,0.0012525593393950944,22,0.09804758289611025,1,po-rapec-quality-energy-only-20260731-loto-object_detection,166,0.0
0.0,0.0,0.0,0.0,0.0,0.0,0.0,-0.005588702998168535,0.0,192,3,15,0.7267287103850608,0.14728949707285816,6.1461809776615635,25,14,3.274116442978566e-05,0.7930979734911368,8,0.6642847559127573,0.06530030839330797,20,0.22368511905571775,1,po-rapec-quality-energy-only-20260731-loto-object_detection,167,0.0
0.0,0.0,0.0,0.0,0.0,0.0,0.0,-0.005588702998168535,0.0,192,3,7,0.12708363992369645,0.22249716324955404,2.3408300074322663,10,7,0.00025577344180006083,0.725695868256943,5,0.7066447202974404,0.002063747644353726,10,0.1185750959305687,1,po-rapec-quality-energy-only-20260731-loto-object_detection,168,0.0
0.029973593697769214,0.2726698906194419,0.1481,0.263868918806802,0.029973593697769214,0.2726698906194419,0.0,0.12450178055469419,6.275897227892767,128,8,3,0.0808445435630649,0.29573352945508913,5.120964931670326,9,20,0.00025577344180006083,1.3656755905681168,5,0.14056987453669778,0.002063747644353726,17,0.22368511905571775,0,po-rapec-quality-energy-only-20260731-loto-object_detection,169,6.275897227892767
0.0,0.0,0.0,0.0,0.0,0.0,0.0,-0.005588702998168535,0.0,96,3,3,0.4445614221924992,0.29573352945508913,5.120964931670326,29,17,4.714649581161684e-05,1.3374812577847566,5,0.7655599224020917,0.006941443022895257,15,0.1657301947280217,1,po-rapec-quality-energy-only-20260731-loto-object_detection,170,0.0
0.0,0.0,0.0,0.0,0.0,0.0,0.0,-0.005588702998168535,0.0,128,3,3,0.0808445435630649,0.21086616622255616,5.120964931670326,10,11,0.00042051015688257466,1.3656755905681168,5,0.14056987453669778,0.01165028681231272,15,0.15970101608433526,1,po-rapec-quality-energy-only-20260731-loto-object_detection,171,0.0
0.0,0.0,0.0,0.0,0.0,0.0,0.0,-0.005588702998168535,0.0,64,3,15,0.1811861648019899,0.21086616622255616,1.584145450898106,22,9,2.0484829269537454e-05,2.449529680475239,7,0.7066447202974404,0.01665310648305167,17,0.22368511905571775,1,po-rapec-quality-energy-only-20260731-loto-object_detection,172,0.0
0.0,0.0,0.0,0.0,0.0,0.0,0.0,-0.005588702998168535,0.0,192,3,14,0.34065394517985664,0.16574109365200435,6.1461809776615635,32,12,3.274116442978566e-05,0.7930979734911368,7,0.42238691798829675,0.008485904383522336,7,0.199803047141763,1,po-rapec-quality-energy-only-20260731-loto-object_detection,173,0.0
0.0,0.0,0.0,0.0,0.0,0.0,0.0,-0.005588702998168535,0.0,128,3,14,0.4445614221924992,0.16574109365200435,6.1461809776615635,32,17,3.274116442978566e-05,0.7930979734911368,7,0.7655599224020917,0.008485904383522336,15,0.1657301947280217,1,po-rapec-quality-energy-only-20260731-loto-object_detection,174,0.0
0.0,0.0,0.0,0.0,0.0,0.0,0.0,-0.005588702998168535,0.0,128,6,9,0.6483021260443056,0.16424735823111047,4.064352298837909,9,20,0.0003738043215049657,1.3656755905681168,5,0.7959709225014783,0.04198437464763122,10,0.06277027456699352,1,po-rapec-quality-energy-only-20260731-loto-object_detection,175,0.0
0.0,0.0,0.0,0.0,0.0,0.0,0.0,-0.005588702998168535,0.0,128,3,4,0.26734535406053295,0.21086616622255616,2.1877253035892466,10,11,2.3113765107812644e-06,1.2684005065783863,8,0.7066447202974404,0.006941443022895257,18,0.09804758289611025,1,po-rapec-quality-energy-only-20260731-loto-object_detection,176,0.0
0.002787065731783195,0.0,0.01672239439069917,0.056778947386404204,0.002787065731783195,0.0,0.0,-0.005588702998168535,0.743811845035123,128,5,9,0.3420409833022859,0.12033295895004602,6.638110755872421,10,11,7.956900406662393e-06,1.123200977956422,3,0.7066447202974404,0.0010573785056829808,17,0.15970101608433526,0,po-rapec-quality-energy-only-20260731-loto-object_detection,177,0.743811845035123
0.00702260959227687,0.0,0.023220126310730116,0.160196554173792,0.00702260959227687,0.0,0.0,0.015303017991610473,2.9329049666598626,64,6,9,0.1811861648019899,0.266883920975316,1.584145450898106,22,19,0.00034340359104807555,2.449529680475239,7,0.7066447202974404,0.002063747644353726,10,0.15970101608433526,0,po-rapec-quality-energy-only-20260731-loto-object_detection,178,2.9329049666598626
0.0,0.0,0.0,0.0,0.0,0.0,0.0,-0.005588702998168535,0.0,128,3,3,0.0808445435630649,0.21086616622255616,2.1877253035892466,9,20,2.3113765107812644e-06,1.2684005065783863,8,0.14056987453669778,0.0012525593393950944,17,0.09804758289611025,1,po-rapec-quality-energy-only-20260731-loto-object_detection,179,0.0
0.0,0.0,0.0,0.0,0.0,0.0,0.0,-0.005588702998168535,0.0,128,5,10,0.008561405614695662,0.42650572638994755,6.328429433669586,22,10,8.893585234985786e-05,0.9008712249171811,5,0.615977375037013,0.0012525593393950944,17,0.06277027456699352,1,po-rapec-quality-energy-only-20260731-loto-object_detection,180,0.0
0.0,0.0,0.0,0.0,0.0,0.0,0.0,-0.005588702998168535,0.0,32,8,4,0.014199398019748056,0.14728949707285816,2.1877253035892466,10,8,2.0484829269537454e-05,0.6588043345268373,8,0.6642847559127573,0.06530030839330797,20,0.1287806449711737,1,po-rapec-quality-energy-only-20260731-loto-object_detection,181,0.0
0.0,0.0,0.0,0.0,0.0,0.0,0.0,-0.005588702998168535,0.0,128,3,3,0.0808445435630649,0.29573352945508913,5.120964931670326,25,20,2.3113765107812644e-06,0.7930979734911368,5,0.14056987453669778,0.01165028681231272,9,0.06277027456699352,1,po-rapec-quality-energy-only-20260731-loto-object_detection,182,0.0
0.0,0.0,0.0,0.0,0.0,0.0,0.0,-0.005588702998168535,0.0,96,3,10,0.008561405614695662,0.3652175397193492,1.5136899631293677,22,18,7.0089691551800955e-06,1.3374812577847566,8,0.6568903106725658,0.008485904383522336,17,0.22368511905571775,1,po-rapec-quality-energy-only-20260731-loto-object_detection,183,0.0
0.0,0.0,0.0,0.0,0.0,0.0,0.0,-0.005588702998168535,0.0,64,8,13,0.09419999960135171,0.39612294798116987,1.584145450898106,38,16,1.049157761634226e-06,0.5606701056740272,5,0.6809228268930211,0.004397240233431928,17,0.06277027456699352,1,po-rapec-quality-energy-only-20260731-loto-object_detection,184,0.0
0.0,0.0,0.0,0.0,0.0,0.0,0.0,-0.005588702998168535,0.0,128,7,5,0.6483021260443056,0.16424735823111047,4.945386186089685,25,8,1.3051561307268949e-05,0.943024346779535,8,0.6642847559127573,0.002063747644353726,22,0.09804758289611025,1,po-rapec-quality-energy-only-20260731-loto-object_detection,185,0.0
0.0,0.0,0.0,0.0,0.0,0.0,0.0,-0.005588702998168535,0.0,128,4,4,0.7415993472882,0.21086616622255616,2.1877253035892466,10,13,0.0003054824486747329,1.4801406717525758,8,0.7066447202974404,0.06530030839330797,17,0.15970101608433526,1,po-rapec-quality-energy-only-20260731-loto-object_detection,186,0.0
0.0,0.0,0.0,0.0,0.0,0.0,0.0,-0.005588702998168535,0.0,128,5,3,0.6483021260443056,0.29573352945508913,4.945386186089685,36,17,0.0003054824486747329,2.4975572044255068,8,0.35662709699506634,0.06530030839330797,14,0.15970101608433526,1,po-rapec-quality-energy-only-20260731-loto-object_detection,187,0.0
0.002916545413427026,0.0,0.017499272480562156,0.06176018172558315,0.002916545413427026,0.0,0.0,-0.004982749689855865,0.7783673705111724,96,6,7,0.6483021260443056,0.3652175397193492,1.5136899631293677,10,15,0.00025577344180006083,0.8504316530874609,8,0.7066447202974404,0.006941443022895257,9,0.15970101608433526,0,po-rapec-quality-energy-only-20260731-loto-object_detection,188,0.7783673705111724
3.333333333332966e-05,0.0,0.00019999999999997797,0.004867126164392005,3.333333333332966e-05,0.0,0.0,-0.005588702998168535,0.01139365321501683,128,8,5,0.09419999960135171,0.14728949707285816,4.945386186089685,38,20,1.049157761634226e-06,0.5606701056740272,5,0.6642847559127573,0.06530030839330797,13,0.06277027456699352,0,po-rapec-quality-energy-only-20260731-loto-object_detection,189,0.01139365321501683
0.006634536721441958,0.0,0.03980722032865175,0.0967148090790696,0.006634536721441958,0.0,0.0,0.017325198158233728,1.7706245473341062,32,3,3,0.0808445435630649,0.3652175397193492,5.120964931670326,22,17,8.893585234985786e-05,2.449529680475239,7,0.14056987453669778,0.008485904383522336,15,0.22368511905571775,0,po-rapec-quality-energy-only-20260731-loto-object_detection,190,1.7706245473341062
0.0,0.0,0.0,0.0,0.0,0.0,0.0,-0.005588702998168535,0.0,128,4,15,0.6483021260443056,0.266883920975316,1.584145450898106,25,14,0.0003054824486747329,2.449529680475239,8,0.5300120444283324,0.06530030839330797,15,0.15970101608433526,1,po-rapec-quality-energy-only-20260731-loto-object_detection,191,0.0
0.006786566465215378,0.0,0.023220126310730116,0.1653069584607896,0.006786566465215378,0.0,0.0,0.015303017991610473,2.9329049666598626,128,4,4,0.7267287103850608,0.21086616622255616,2.7481259522338917,10,11,0.0003054824486747329,2.4636828950783753,5,0.7066447202974404,0.06530030839330797,17,0.22368511905571775,0,po-rapec-quality-energy-only-20260731-loto-object_detection,192,2.9329049666598626
0.0,0.0,0.0,0.0,0.0,0.0,0.0,-0.005588702998168535,0.0,128,3,9,0.6483021260443056,0.16424735823111047,1.584145450898106,22,13,1.049157761634226e-06,2.449529680475239,8,0.7066447202974404,0.004397240233431928,10,0.06277027456699352,1,po-rapec-quality-energy-only-20260731-loto-object_detection,193,0.0
0.0,0.0,0.0,0.0,0.0,0.0,0.0,-0.005588702998168535,0.0,32,8,15,0.014199398019748056,0.14728949707285816,4.945386186089685,25,8,2.3113765107812644e-06,1.3656755905681168,8,0.6642847559127573,0.06530030839330797,20,0.1287806449711737,1,po-rapec-quality-energy-only-20260731-loto-object_detection,194,0.0
0.0,0.0,0.0,0.0,0.0,0.0,0.0,-0.005588702998168535,0.0,128,3,13,0.6483021260443056,0.266883920975316,1.584145450898106,22,16,0.0003054824486747329,2.449529680475239,8,0.5300120444283324,0.0018599068358264013,17,0.06277027456699352,1,po-rapec-quality-energy-only-20260731-loto-object_detection,195,0.0
0.07259999021953262,0.5982523296552865,0.16340000000000005,0.498692685780266,0.07259999021953262,0.5982523296552865,0.1098602623126249,0.13980178055469422,8.921230467359159,128,3,3,0.4445614221924992,0.29573352945508913,2.1877253035892466,10,17,4.714649581161684e-05,1.2684005065783863,5,0.7655599224020917,0.01165028681231272,22,0.37700548056893324,0,po-rapec-quality-energy-only-20260731-loto-object_detection,196,8.921230467359159
0.0,0.0,0.0,0.0,0.0,0.0,0.0,-0.005588702998168535,0.0,128,8,5,0.3786786714337511,0.14728949707285816,4.945386186089685,14,8,2.3113765107812644e-06,1.0276538560949915,5,0.14056987453669778,0.06530030839330797,15,0.06277027456699352,1,po-rapec-quality-energy-only-20260731-loto-object_detection,197,0.0
0.0,0.0,0.0,0.0,0.0,0.0,0.0,-0.005588702998168535,0.0,96,5,3,0.1313749898792892,0.28254148153873176,4.71713322276862,35,20,7.956900406662393e-06,1.123200977956422,3,0.7794404056863412,0.0017934414957361169,24,0.11702302497620454,1,po-rapec-quality-energy-only-20260731-loto-object_detection,198,0.0
0.0,0.0,0.0,0.0,0.0,0.0,0.0,-0.005588702998168535,0.0,64,6,3,0.1313749898792892,0.28254148153873176,4.71713322276862,34,10,3.87485654323248e-06,0.6588043345268373,7,0.7794404056863412,0.0017934414957361169,22,0.4651860672913148,1,po-rapec-quality-energy-only-20260731-loto-object_detection,199,0.0
0.0,0.0,0.0,0.0,0.0,0.0,0.0,-0.005588702998168535,0.0,32,6,5,0.12708363992369645,0.22249716324955404,2.1877253035892466,10,9,0.000409934929500598,0.6588043345268373,5,0.27815308632588565,0.0026741393858299538,10,0.1185750959305687,1,po-rapec-quality-energy-only-20260731-loto-object_detection,200,0.0
0.0,0.0,0.0,0.0,0.0,0.0,0.0,-0.005588702998168535,0.0,128,3,3,0.0808445435630649,0.29573352945508913,2.240071949975391,17,20,0.0003738043215049657,1.5035231235741928,2,0.7655599224020917,0.001662968911838071,15,0.1657301947280217,1,po-rapec-quality-energy-only-20260731-loto-object_detection,201,0.0
0.004017556905752534,0.0,0.013922189806385987,0.12828316192778086,0.004017556905752534,0.0,0.0,0.0022660433090095737,1.28622108194947,192,3,14,0.7267287103850608,0.16574109365200435,6.1461809776615635,18,12,3.274116442978566e-05,0.7930979734911368,5,0.5350428055894331,0.0012525593393950944,20,0.27622401690433,0,po-rapec-quality-energy-only-20260731-loto-object_detection,202,1.28622108194947
0.0,0.0,0.0,0.0,0.0,0.0,0.0,-0.005588702998168535,0.0,192,3,14,0.40211743202701394,0.16574109365200435,3.3073674793836885,18,20,3.7352860895299765e-06,0.7930979734911368,5,0.1882759151826114,0.0012525593393950944,13,0.199803047141763,1,po-rapec-quality-energy-only-20260731-loto-object_detection,203,0.0
0.018686566465215382,0.19028701167946976,0.07140000000000002,0.2543391094403929,0.018686566465215382,0.19028701167946976,0.0,0.05163990720000014,3.6133433543389253,64,6,15,0.1811861648019899,0.18283335519621452,6.1461809776615635,18,20,0.00025577344180006083,0.6898750558694906,5,0.7448228785928936,0.002063747644353726,7,0.199803047141763,0,po-rapec-quality-energy-only-20260731-loto-object_detection,204,3.6133433543389253
0.0,0.0,0.0,0.0,0.0,0.0,0.0,-0.005588702998168535,0.0,128,4,3,0.6787803899601327,0.29573352945508913,2.1877253035892466,10,11,0.0003054824486747329,2.4636828950783753,5,0.7066447202974404,0.06530030839330797,17,0.06277027456699352,1,po-rapec-quality-energy-only-20260731-loto-object_detection,205,0.0
0.0,0.0,0.0,0.0,0.0,0.0,0.0,-0.005588702998168535,0.0,64,3,10,0.008561405614695662,0.3652175397193492,1.5136899631293677,32,10,8.893585234985786e-05,1.3374812577847566,7,0.42238691798829675,0.008485904383522336,9,0.1605450783927297,1,po-rapec-quality-energy-only-20260731-loto-object_detection,206,0.0
0.0,0.0,0.0,0.0,0.0,0.0,0.0,-0.005588702998168535,0.0,96,8,13,0.09419999960135171,0.39612294798116987,5.4623983783786425,38,20,1.4294725220137657e-05,0.5606701056740272,5,0.6809228268930211,0.0012525593393950944,13,0.06277027456699352,1,po-rapec-quality-energy-only-20260731-loto-object_detection,207,0.0
0.0,0.0,0.0,0.0,0.0,0.0,0.0,-0.005588702998168535,0.0,128,5,10,0.34065394517985664,0.14728949707285816,4.945386186089685,17,8,8.893585234985786e-05,2.4975572044255068,7,0.6642847559127573,0.008485904383522336,9,0.09804758289611025,1,po-rapec-quality-energy-only-20260731-loto-object_detection,208,0.0
0.0,0.0,0.0,0.0,0.0,0.0,0.0,-0.005588702998168535,0.0,128,3,8,0.09419999960135171,0.29573352945508913,5.120964931670326,38,19,4.714649581161684e-05,0.5606701056740272,5,0.6809228268930211,0.01165028681231272,13,0.06277027456699352,1,po-rapec-quality-energy-only-20260731-loto-object_detection,209,0.0
0.0,0.0,0.0,0.0,0.0,0.0,0.0,-0.005588702998168535,0.0,128,8,9,0.3420409833022859,0.41229291461757933,5.120964931670326,9,20,7.956900406662393e-06,1.3656755905681168,5,0.14056987453669778,0.0012525593393950944,24,0.06277027456699352,1,po-rapec-quality-energy-only-20260731-loto-object_detection,210,0.0
0.032999215864332264,0.317652795740451,0.1481,0.3237934922143815,0.032999215864332264,0.317652795740451,0.0,0.12450178055469419,6.275897227892767,64,9,15,0.008561405614695662,0.266883920975316,6.1461809776615635,22,16,0.0005221769501251871,2.7203891370113307,6,0.5300120444283324,0.01165028681231272,17,0.22368511905571775,0,po-rapec-quality-energy-only-20260731-loto-object_detection,211,6.275897227892767
0.0,0.0,0.0,0.0,0.0,0.0,0.0,-0.005588702998168535,0.0,192,5,3,0.3786786714337511,0.16574109365200435,4.945386186089685,40,12,3.274116442978566e-05,1.5035231235741928,8,0.6642847559127573,0.001655217267977339,22,0.199803047141763,1,po-rapec-quality-energy-only-20260731-loto-object_detection,212,0.0
0.0,0.0,0.0,0.0,0.0,0.0,0.0,-0.005588702998168535,0.0,64,3,3,0.4445614221924992,0.29573352945508913,5.120964931670326,29,10,8.893585234985786e-05,1.5035231235741928,7,0.7655599224020917,0.01165028681231272,17,0.22368511905571775,1,po-rapec-quality-energy-only-20260731-loto-object_detection,213,0.0
0.0,0.0,0.0,0.0,0.0,0.0,0.0,-0.005588702998168535,0.0,96,9,10,0.26734535406053295,0.14728949707285816,1.5136899631293677,10,10,2.3113765107812644e-06,1.3374812577847566,8,0.6642847559127573,0.006941443022895257,22,0.1708841689915172,1,po-rapec-quality-energy-only-20260731-loto-object_detection,214,0.0
0.006634536721441958,0.0,0.03980722032865175,0.0967148090790696,0.006634536721441958,0.0,0.0,0.017325198158233728,1.7706245473341062,64,3,10,0.5258338949008938,0.1569165418169604,5.4623983783786425,22,20,5.2662559594038444e-05,2.449529680475239,7,0.1882759151826114,0.008485904383522336,13,0.22368511905571775,0,po-rapec-quality-energy-only-20260731-loto-object_detection,215,1.7706245473341062
0.042882294575807334,0.41421929099886845,0.14090000000000003,0.38337873982990867,0.042882294575807334,0.41421929099886845,0.04885224405610085,0.1173017805546942,5.970789462593457,192,9,14,0.26734535406053295,0.3652175397193492,6.1461809776615635,40,10,8.893585234985786e-05,0.7930979734911368,5,0.6568903106725658,0.0412331586962244,9,0.199803047141763,0,po-rapec-quality-energy-only-20260731-loto-object_detection,216,5.970789462593457
0.0,0.0,0.0,0.0,0.0,0.0,0.0,-0.005588702998168535,0.0,32,3,14,0.014199398019748056,0.16424735823111047,2.3408300074322663,26,7,3.274116442978566e-05,1.5035231235741928,8,0.27815308632588565,0.06722755541312639,24,0.1185750959305687,1,po-rapec-quality-energy-only-20260731-loto-object_detection,217,0.0
0.0,0.0,0.0,0.0,0.0,0.0,0.0,-0.005588702998168535,0.0,128,3,9,0.6483021260443056,0.16424735823111047,7.695240955552773,10,13,1.3051561307268949e-05,1.5035231235741928,7,0.7066447202974404,0.004397240233431928,10,0.15970101608433526,1,po-rapec-quality-energy-only-20260731-loto-object_detection,218,0.0
0.0,0.0,0.0,0.0,0.0,0.0,0.0,-0.005588702998168535,0.0,192,3,14,0.1811861648019899,0.22249716324955404,2.3408300074322663,32,7,0.00025577344180006083,0.7930979734911368,5,0.7448228785928936,0.001655217267977339,10,0.1185750959305687,1,po-rapec-quality-energy-only-20260731-loto-object_detection,219,0.0
0.030223027347225817,0.2744783776936168,0.14770000000000005,0.26301126210582254,0.030223027347225817,0.2744783776936168,0.0,0.12410178055469423,6.258946796487252,64,15,4,0.7892191532663276,0.21086616622255616,2.1877253035892466,10,16,2.0484829269537454e-05,2.449529680475239,8,0.5300120444283324,0.004397240233431928,17,0.22368511905571775,0,po-rapec-quality-energy-only-20260731-loto-object_detection,220,6.258946796487252
0.0,0.0,0.0,0.0,0.0,0.0,0.0,-0.005588702998168535,0.0,64,3,15,0.5829134334924898,0.19526253189887177,1.584145450898106,17,20,0.00025577344180006083,0.6898750558694906,5,0.5300120444283324,0.006749021983314848,22,0.11702302497620454,1,po-rapec-quality-energy-only-20260731-loto-object_detection,221,0.0
0.018686566465215382,0.19028701167946976,0.07140000000000002,0.2543391094403929,0.018686566465215382,0.19028701167946976,0.0,0.05163990720000014,3.6133433543389253,128,8,5,0.7267287103850608,0.16574109365200435,6.1461809776615635,38,12,3.274116442978566e-05,0.7930979734911368,5,0.5350428055894331,0.0012525593393950944,7,0.3316336411769583,0,po-rapec-quality-energy-only-20260731-loto-object_detection,222,3.6133433543389253
0.0,0.0,0.0,0.0,0.0,0.0,0.0,-0.005588702998168535,0.0,32,3,10,0.1811861648019899,0.266883920975316,1.584145450898106,34,9,0.0002994695569663171,0.6588043345268373,5,0.5300120444283324,0.01665310648305167,22,0.22368511905571775,1,po-rapec-quality-energy-only-20260731-loto-object_detection,223,0.0
0.0,0.0,0.0,0.0,0.0,0.0,0.0,-0.005588702998168535,0.0,32,5,5,0.014199398019748056,0.14728949707285816,4.945386186089685,25,8,2.3113765107812644e-06,2.4975572044255068,8,0.6642847559127573,0.06530030839330797,22,0.09804758289611025,1,po-rapec-quality-energy-only-20260731-loto-object_detection,224,0.0
0.0,0.0,0.0,0.0,0.0,0.0,0.0,-0.005588702998168535,0.0,96,3,10,0.1811861648019899,0.22249716324955404,6.568330414111387,25,9,0.000409934929500598,0.6588043345268373,5,0.5300120444283324,0.01665310648305167,22,0.1185750959305687,1,po-rapec-quality-energy-only-20260731-loto-object_detection,225,0.0
0.03342302734722582,0.3431749011829357,0.14770000000000005,0.30706501516558043,0.03342302734722582,0.3431749011829357,0.0,0.12410178055469423,6.258946796487252,128,6,4,0.1313749898792892,0.21086616622255616,2.1877253035892466,31,10,0.0003054824486747329,1.2684005065783863,8,0.7794404056863412,0.006941443022895257,17,0.4651860672913148,0,po-rapec-quality-energy-only-20260731-loto-object_detection,226,6.258946796487252
0.0,0.0,0.0,0.0,0.0,0.0,0.0,-0.005588702998168535,0.0,64,14,13,0.1313749898792892,0.21086616622255616,2.1877253035892466,18,20,0.0003054824486747329,0.6588043345268373,5,0.7794404056863412,0.0017934414957361169,17,0.4651860672913148,1,po-rapec-quality-energy-only-20260731-loto-object_detection,227,0.0
0.0,0.0,0.0,0.0,0.0,0.0,0.0,-0.005588702998168535,0.0,64,8,10,0.34065394517985664,0.3652175397193492,1.5136899631293677,9,20,8.893585234985786e-05,1.3656755905681168,7,0.14056987453669778,0.008485904383522336,15,0.06277027456699352,1,po-rapec-quality-energy-only-20260731-loto-object_detection,228,0.0
0.0,0.0,0.0,0.0,0.0,0.0,0.0,-0.005588702998168535,0.0,96,3,10,0.26734535406053295,0.3652175397193492,1.5136899631293677,34,10,0.0002994695569663171,1.3374812577847566,5,0.6568903106725658,0.01665310648305167,9,0.1708841689915172,1,po-rapec-quality-energy-only-20260731-loto-object_detection,229,0.0
0.015493068426414347,0.08106796490782471,0.07140000000000002,0.18627794025893507,0.015493068426414347,0.08106796490782471,0.0,0.05163990720000014,3.6133433543389253,96,15,10,0.5829134334924898,0.3652175397193492,5.821350643501032,17,10,0.00025577344180006083,0.6898750558694906,5,0.42238691798829675,0.008485904383522336,9,0.11702302497620454,0,po-rapec-quality-energy-only-20260731-loto-object_detection,230,3.6133433543389253
0.0,0.0,0.0,0.0,0.0,0.0,0.0,-0.005588702998168535,0.0,192,3,4,0.12153135714763988,0.21086616622255616,2.1877253035892466,22,15,3.274116442978566e-05,0.7930979734911368,5,0.5350428055894331,0.001655217267977339,17,0.22368511905571775,1,po-rapec-quality-energy-only-20260731-loto-object_detection,231,0.0
0.0,0.0,0.0,0.0,0.0,0.0,0.0,-0.005588702998168535,0.0,64,3,5,0.1811861648019899,0.18283335519621452,6.1461809776615635,17,14,2.3113765107812644e-06,0.7930979734911368,8,0.5350428055894331,0.01165028681231272,22,0.22368511905571775,1,po-rapec-quality-energy-only-20260731-loto-object_detection,232,0.0
0.003235921873821842,0.004980809920152598,0.018915531242931105,0.07329042106228399,0.003235921873821842,0.004980809920152598,0.0,-0.0035664909274869157,0.8413625384561836,192,5,14,0.3786786714337511,0.14728949707285816,4.945386186089685,40,8,3.274116442978566e-05,2.4975572044255068,8,0.5350428055894331,0.06530030839330797,7,0.199803047141763,0,po-rapec-quality-energy-only-20260731-loto-object_detection,233,0.8413625384561836
0.0,0.0,0.0,0.0,0.0,0.0,0.0,-0.005588702998168535,0.0,128,3,4,0.26734535406053295,0.21086616622255616,2.3408300074322663,10,15,2.3113765107812644e-06,0.7930979734911368,7,0.27815308632588565,0.006941443022895257,10,0.1185750959305687,1,po-rapec-quality-energy-only-20260731-loto-object_detection,234,0.0
0.0032015999697745192,0.0,0.019209599818647116,0.07180337361410526,0.0032015999697745192,0.0,0.0,-0.0032724223517709046,0.8544427041764607,192,3,10,0.34065394517985664,0.3652175397193492,1.5136899631293677,40,12,8.893585234985786e-05,1.3374812577847566,7,0.42238691798829675,0.008485904383522336,7,0.199803047141763,0,po-rapec-quality-energy-only-20260731-loto-object_detection,235,0.8544427041764607
0.07088292697120006,0.5791747136276723,0.14770000000000005,0.5018153059732923,0.07088292697120006,0.5791747136276723,0.11873063807329202,0.12410178055469423,8.055312823017784,128,9,13,0.09419999960135171,0.3652175397193492,1.5136899631293677,20,10,1.049157761634226e-06,2.449529680475239,8,0.6568903106725658,0.004397240233431928,17,0.3761706093843743,0,po-rapec-quality-energy-only-20260731-loto-object_detection,236,8.055312823017784
0.0,0.0,0.0,0.0,0.0,0.0,0.0,-0.005588702998168535,0.0,128,3,7,0.008561405614695662,0.266883920975316,1.584145450898106,22,16,0.00025577344180006083,2.449529680475239,6,0.7448228785928936,0.004397240233431928,17,0.11702302497620454,1,po-rapec-quality-energy-only-20260731-loto-object_detection,237,0.0
0.0016971919380215361,0.0,0.010183151628129217,0.07144679188472063,0.0016971919380215361,0.0,0.0,0.0022660433090095737,1.28622108194947,128,8,4,0.12708363992369645,0.39612294798116987,7.695240955552773,38,13,1.049157761634226e-06,0.9008712249171811,5,0.27025645956524325,0.0012525593393950944,24,0.1287806449711737,0,po-rapec-quality-energy-only-20260731-loto-object_detection,238,1.28622108194947
0.0,0.0,0.0,0.0,0.0,0.0,0.0,-0.005588702998168535,0.0,64,14,14,0.5258338949008938,0.16574109365200435,6.1461809776615635,40,12,3.274116442978566e-05,0.7930979734911368,5,0.5350428055894331,0.0012525593393950944,7,0.199803047141763,1,po-rapec-quality-energy-only-20260731-loto-object_detection,239,0.0
0.0032015999697745192,0.0,0.019209599818647116,0.07514695104226993,0.0032015999697745192,0.0,0.0,-0.0032724223517709046,0.8544427041764607,192,3,15,0.7267287103850608,0.16574109365200435,1.584145450898106,40,12,3.274116442978566e-05,2.449529680475239,5,0.5350428055894331,0.001655217267977339,7,0.199803047141763,0,po-rapec-quality-energy-only-20260731-loto-object_detection,240,0.8544427041764607
0.0,0.0,0.0,0.0,0.0,0.0,0.0,-0.005588702998168535,0.0,96,6,5,0.12708363992369645,0.22249716324955404,2.3408300074322663,32,7,0.000409934929500598,0.9008712249171811,5,0.31605937940430673,0.005213219454233873,10,0.1185750959305687,1,po-rapec-quality-energy-only-20260731-loto-object_detection,241,0.0
0.019004954354896204,0.2202545159755409,0.07140000000000002,0.2643282775390833,0.019004954354896204,0.2202545159755409,0.0,0.05163990720000014,3.6133433543389253,128,8,5,0.12708363992369645,0.266883920975316,6.328429433669586,38,17,1.049157761634226e-06,0.6588043345268373,2,0.6809228268930211,0.0012525593393950944,10,0.06277027456699352,0,po-rapec-quality-energy-only-20260731-loto-object_detection,242,3.6133433543389253
0.0,0.0,0.0,0.0,0.0,0.0,0.0,-0.005588702998168535,0.0,128,4,4,0.6483021260443056,0.21086616622255616,2.1877253035892466,10,17,4.714649581161684e-05,1.5035231235741928,8,0.6642847559127573,0.06530030839330797,22,0.1657301947280217,1,po-rapec-quality-energy-only-20260731-loto-object_detection,243,0.0
0.0,0.0,0.0,0.0,0.0,0.0,0.0,-0.005588702998168535,0.0,128,6,9,0.12708363992369645,0.16424735823111047,2.3408300074322663,32,13,1.3051561307268949e-05,1.5035231235741928,8,0.27815308632588565,0.0026741393858299538,10,0.1185750959305687,1,po-rapec-quality-energy-only-20260731-loto-object_detection,244,0.0
0.0,0.0,0.0,0.0,0.0,0.0,0.0,-0.005588702998168535,0.0,128,6,4,0.5829134334924898,0.19526253189887177,2.1877253035892466,10,20,0.00025577344180006083,0.6898750558694906,8,0.7448228785928936,0.002063747644353726,17,0.09804758289611025,1,po-rapec-quality-energy-only-20260731-loto-object_detection,245,0.0
0.0,0.0,0.0,0.0,0.0,0.0,0.0,-0.005588702998168535,0.0,96,3,5,0.26734535406053295,0.22249716324955404,2.3408300074322663,10,15,2.3113765107812644e-06,1.2684005065783863,5,0.4283670742686383,0.0026741393858299538,17,0.09804758289611025,1,po-rapec-quality-energy-only-20260731-loto-object_detection,246,0.0
0.0,0.0,0.0,0.0,0.0,0.0,0.0,-0.005588702998168535,0.0,192,3,15,0.1811861648019899,0.266883920975316,6.1461809776615635,22,9,3.274116442978566e-05,0.6588043345268373,5,0.5300120444283324,0.01665310648305167,22,0.22368511905571775,1,po-rapec-quality-energy-only-20260731-loto-object_detection,247,0.0
0.0,0.0,0.0,0.0,0.0,0.0,0.0,-0.005588702998168535,0.0,96,3,10,0.1811861648019899,0.266883920975316,1.5136899631293677,10,10,0.0002994695569663171,1.3374812577847566,8,0.6568903106725658,0.01665310648305167,9,0.22368511905571775,1,po-rapec-quality-energy-only-20260731-loto-object_detection,248,0.0
0.0,0.0,0.0,0.0,0.0,0.0,0.0,-0.005588702998168535,0.0,128,8,3,0.0808445435630649,0.29573352945508913,5.4623983783786425,9,20,0.0003738043215049657,0.5606701056740272,5,0.6809228268930211,0.0012525593393950944,13,0.06277027456699352,1,po-rapec-quality-energy-only-20260731-loto-object_detection,249,0.0
0.00039839526797605385,0.0,0.002390371607856323,0.027022654969274904,0.00039839526797605385,0.0,0.0,-0.003198331390312212,0.42771491142751156,128,6,4,0.1313749898792892,0.21086616622255616,2.1877253035892466,38,10,0.0003054824486747329,0.6588043345268373,7,0.7794404056863412,0.0080881376724591,17,0.4651860672913148,0,po-rapec-quality-energy-only-20260731-loto-object_detection,250,0.42771491142751156
0.0,0.0,0.0,0.0,0.0,0.0,0.0,-0.005588702998168535,0.0,128,8,13,0.09419999960135171,0.39612294798116987,5.4623983783786425,15,20,1.049157761634226e-06,0.5606701056740272,5,0.6809228268930211,0.0012525593393950944,13,0.06277027456699352,1,po-rapec-quality-energy-only-20260731-loto-object_detection,251,0.0
0.0,0.0,0.0,0.0,0.0,0.0,0.0,-0.005588702998168535,0.0,192,3,14,0.26734535406053295,0.3652175397193492,6.1461809776615635,21,12,3.274116442978566e-05,1.3374812577847566,6,0.19865956817672065,0.001655217267977339,7,0.1708841689915172,1,po-rapec-quality-energy-only-20260731-loto-object_detection,252,0.0
0.0,0.0,0.0,0.0,0.0,0.0,0.0,-0.005588702998168535,0.0,32,15,10,0.7892191532663276,0.21086616622255616,2.1877253035892466,32,10,8.893585234985786e-05,0.6559152780358181,8,0.42238691798829675,0.008485904383522336,25,0.1605450783927297,1,po-rapec-quality-energy-only-20260731-loto-object_detection,253,0.0
0.0,0.0,0.0,0.0,0.0,0.0,0.0,-0.005588702998168535,0.0,96,3,5,0.26734535406053295,0.21086616622255616,2.3408300074322663,32,15,2.3113765107812644e-06,0.9008712249171811,8,0.6568903106725658,0.01947867143469798,10,0.09804758289611025,1,po-rapec-quality-energy-only-20260731-loto-object_detection,254,0.0
0.003518641832568288,0.0,0.017499272480562156,0.09205691975666246,0.003518641832568288,0.0,0.0,-0.0019761244833209624,0.7783673705111724,128,8,10,0.26734535406053295,0.29573352945508913,1.5136899631293677,9,10,8.893585234985786e-05,1.3374812577847566,8,0.6568903106725658,0.006941443022895257,9,0.1708841689915172,0,po-rapec-quality-energy-only-20260731-loto-object_detection,255,0.7783673705111724
0.0,0.0,0.0,0.0,0.0,0.0,0.0,-0.005588702998168535,0.0,32,3,4,0.7892191532663276,0.21086616622255616,2.1877253035892466,10,9,2.0484829269537454e-05,0.6588043345268373,8,0.7066447202974404,0.01665310648305167,17,0.22368511905571775,1,po-rapec-quality-energy-only-20260731-loto-object_detection,256,0.0
0.0,0.0,0.0,0.0,0.0,0.0,0.0,-0.005588702998168535,0.0,128,6,15,0.26734535406053295,0.21086616622255616,2.1877253035892466,17,20,0.00025577344180006083,0.6898750558694906,7,0.6568903106725658,0.006941443022895257,17,0.09804758289611025,1,po-rapec-quality-energy-only-20260731-loto-object_detection,257,0.0
0.0,0.0,0.0,0.0,0.0,0.0,0.0,-0.005588702998168535,0.0,32,6,5,0.12708363992369645,0.15708810812751933,2.1877253035892466,10,7,3.274116442978566e-05,0.6588043345268373,5,0.27815308632588565,0.001655217267977339,10,0.1185750959305687,1,po-rapec-quality-energy-only-20260731-loto-object_detection,258,0.0
0.0,0.0,0.0,0.0,0.0,0.0,0.0,-0.005588702998168535,0.0,32,3,3,0.0808445435630649,0.29573352945508913,5.120964931670326,10,20,2.0484829269537454e-05,2.4842888718583773,5,0.14056987453669778,0.01665310648305167,17,0.06277027456699352,1,po-rapec-quality-energy-only-20260731-loto-object_detection,259,0.0
0.018686566465215382,0.19028701167946976,0.07140000000000002,0.2543391094403929,0.018686566465215382,0.19028701167946976,0.0,0.05163990720000014,3.6133433543389253,64,14,4,0.26734535406053295,0.21086616622255616,6.1461809776615635,18,15,2.3113765107812644e-06,1.2684005065783863,5,0.6568903106725658,0.0012525593393950944,7,0.09804758289611025,0,po-rapec-quality-energy-only-20260731-loto-object_detection,260,3.6133433543389253
0.022455909832040166,0.3368018744805799,0.07140000000000002,0.31451370904751835,0.022455909832040166,0.3368018744805799,0.0,0.05163990720000014,3.6133433543389253,128,8,7,0.12708363992369645,0.39612294798116987,6.328429433669586,38,20,1.049157761634226e-06,0.6898750558694906,3,0.6809228268930211,0.024545651957823003,10,0.11702302497620454,0,po-rapec-quality-energy-only-20260731-loto-object_detection,261,3.6133433543389253
0.0,0.0,0.0,0.0,0.0,0.0,0.0,-0.005588702998168535,0.0,32,6,14,0.7267287103850608,0.22249716324955404,6.1461809776615635,10,12,3.274116442978566e-05,0.7930979734911368,5,0.5350428055894331,0.001655217267977339,7,0.08260340563092605,1,po-rapec-quality-energy-only-20260731-loto-object_detection,262,0.0
0.002916545413427026,0.0,0.017499272480562156,0.06176018172558315,0.002916545413427026,0.0,0.0,-0.004982749689855865,0.7783673705111724,96,6,10,0.12708363992369645,0.3652175397193492,2.3408300074322663,32,7,0.000409934929500598,1.3374812577847566,8,0.27815308632588565,0.006941443022895257,9,0.1708841689915172,0,po-rapec-quality-energy-only-20260731-loto-object_detection,263,0.7783673705111724
0.016541394371747824,0.09964475650810077,0.07140000000000002,0.2241250243832699,0.016541394371747824,0.09964475650810077,0.0,0.05163990720000014,3.6133433543389253,192,14,14,0.5258338949008938,0.16574109365200435,6.1461809776615635,18,12,3.274116442978566e-05,0.7113319796648119,5,0.5350428055894331,0.0012525593393950944,7,0.199803047141763,0,po-rapec-quality-energy-only-20260731-loto-object_detection,264,3.6133433543389253
0.03940089023908588,0.36475576841328156,0.14090000000000003,0.30586895141194187,0.03940089023908588,0.36475576841328156,0.0,0.1173017805546942,5.970789462593457,64,14,9,0.5258338949008938,0.43341961855346306,6.638110755872421,18,12,3.274116442978566e-05,1.123200977956422,5,0.3943123601335786,0.0012525593393950944,24,0.199803047141763,0,po-rapec-quality-energy-only-20260731-loto-object_detection,265,5.970789462593457
0.0,0.0,0.0,0.0,0.0,0.0,0.0,-0.005588702998168535,0.0,32,3,4,0.26734535406053295,0.21086616622255616,2.1877253035892466,10,9,2.3113765107812644e-06,0.6588043345268373,8,0.6568903106725658,0.006941443022895257,17,0.09804758289611025,1,po-rapec-quality-energy-only-20260731-loto-object_detection,266,0.0
0.001713756111972553,0.015405757950545265,0.010282536671835318,0.09674020893381417,0.001713756111972553,0.015405757950545265,0.0,0.0023654283527156754,1.298774281893203,192,7,9,0.014199398019748056,0.16424735823111047,7.599139264143306,40,12,1.3051561307268949e-05,0.7842671814389602,2,0.27025645956524325,0.06722755541312639,24,0.1287806449711737,0,po-rapec-quality-energy-only-20260731-loto-object_detection,267,1.298774281893203
0.0,0.0,0.0,0.0,0.0,0.0,0.0,-0.005588702998168535,0.0,64,3,15,0.1811861648019899,0.266883920975316,1.584145450898106,34,9,0.000578164871361237,0.6588043345268373,7,0.5300120444283324,0.01665310648305167,22,0.22368511905571775,1,po-rapec-quality-energy-only-20260731-loto-object_detection,268,0.0
0.0,0.0,0.0,0.0,0.0,0.0,0.0,-0.005588702998168535,0.0,192,8,14,0.09419999960135171,0.39612294798116987,5.4623983783786425,38,20,3.274116442978566e-05,0.7930979734911368,5,0.6809228268930211,0.001655217267977339,10,0.06277027456699352,1,po-rapec-quality-energy-only-20260731-loto-object_detection,269,0.0
0.0094,0.0,0.056400000000000006,0.08585293369662828,0.0094,0.0,0.0,0.03663990720000013,2.8542376076290665,128,3,4,0.5258338949008938,0.21086616622255616,5.833284745695912,38,20,1.049157761634226e-06,0.6588043345268373,5,0.7794404056863412,0.0012525593393950944,13,0.4651860672913148,0,po-rapec-quality-energy-only-20260731-loto-object_detection,270,2.8542376076290665
0.0,0.0,0.0,0.0,0.0,0.0,0.0,-0.005588702998168535,0.0,192,3,14,0.4122813063197642,0.16574109365200435,6.1461809776615635,40,12,3.274116442978566e-05,0.7930979734911368,5,0.5350428055894331,0.001655217267977339,7,0.199803047141763,1,po-rapec-quality-energy-only-20260731-loto-object_detection,271,0.0
0.044889997124387064,0.4826839186927873,0.16340000000000005,0.35570999318467567,0.044889997124387064,0.4826839186927873,0.0,0.13980178055469422,6.924251229153804,32,6,4,0.12708363992369645,0.22249716324955404,7.695240955552773,10,9,1.3051561307268949e-05,1.5035231235741928,5,0.27815308632588565,0.0026741393858299538,10,0.15970101608433526,0,po-rapec-quality-energy-only-20260731-loto-object_detection,272,6.924251229153804
0.04228592187382186,0.1953739509938671,0.16340000000000005,0.25734270281230903,0.04228592187382186,0.1953739509938671,0.0,0.13980178055469422,6.924251229153804,192,6,5,0.7267287103850608,0.16574109365200435,6.1461809776615635,32,12,3.274116442978566e-05,0.7930979734911368,5,0.7489763179920437,0.001655217267977339,10,0.199803047141763,0,po-rapec-quality-energy-only-20260731-loto-object_detection,273,6.924251229153804
0.0031525885404885177,0.0,0.018915531242931105,0.06512465033128903,0.0031525885404885177,0.0,0.0,-0.0035664909274869157,0.8413625384561836,128,6,10,0.34065394517985664,0.16424735823111047,7.695240955552773,10,10,8.893585234985786e-05,1.3374812577847566,7,0.42238691798829675,0.002063747644353726,10,0.1605450783927297,0,po-rapec-quality-energy-only-20260731-loto-object_detection,274,0.8413625384561836
0.0,0.0,0.0,0.0,0.0,0.0,0.0,-0.005588702998168535,0.0,128,3,4,0.1811861648019899,0.21086616622255616,2.1877253035892466,35,14,2.3113765107812644e-06,2.318039089565877,8,0.6568903106725658,0.01665310648305167,17,0.09804758289611025,1,po-rapec-quality-energy-only-20260731-loto-object_detection,275,0.0
0.0,0.0,0.0,0.0,0.0,0.0,0.0,-0.005588702998168535,0.0,128,5,5,0.1313749898792892,0.14728949707285816,4.945386186089685,25,8,0.0003054824486747329,2.4975572044255068,7,0.7794404056863412,0.06530030839330797,17,0.09804758289611025,1,po-rapec-quality-energy-only-20260731-loto-object_detection,276,0.0
0.046198027543559984,0.4928579349695986,0.16340000000000005,0.3692302728732539,0.046198027543559984,0.4928579349695986,0.0,0.13980178055469422,6.924251229153804,192,3,14,0.44877078384950714,0.29573352945508913,5.120964931670326,32,12,0.0003738043215049657,1.3656755905681168,5,0.14056987453669778,0.008485904383522336,15,0.34524247575539074,0,po-rapec-quality-energy-only-20260731-loto-object_detection,277,6.924251229153804
0.022404557773230315,0.28505612716605255,0.07140000000000002,0.305780811483587,0.022404557773230315,0.28505612716605255,0.0,0.05163990720000014,3.6133433543389253,64,3,10,0.008561405614695662,0.3652175397193492,1.5136899631293677,22,10,8.893585234985786e-05,2.449529680475239,3,0.42238691798829675,0.008485904383522336,17,0.22368511905571775,0,po-rapec-quality-energy-only-20260731-loto-object_detection,278,3.6133433543389253
0.0038700210517883527,0.0,0.023220126310730116,0.09850493716042957,0.0038700210517883527,0.0,0.0,0.015303017991610473,2.9329049666598626,96,6,5,0.12708363992369645,0.22249716324955404,2.3408300074322663,32,16,0.0005221769501251871,2.1488283345497114,5,0.27815308632588565,0.004397240233431928,17,0.1185750959305687,0,po-rapec-quality-energy-only-20260731-loto-object_detection,279,2.9329049666598626
0.0,0.0,0.0,0.0,0.0,0.0,0.0,-0.005588702998168535,0.0,96,3,5,0.12708363992369645,0.22249716324955404,2.3408300074322663,10,16,2.0484829269537454e-05,0.9008712249171811,8,0.27815308632588565,0.0015444546694416315,17,0.1185750959305687,1,po-rapec-quality-energy-only-20260731-loto-object_detection,280,0.0
0.0016971919380215361,0.0,0.010183151628129217,0.0748751753442486,0.0016971919380215361,0.0,0.0,0.0022660433090095737,1.28622108194947,128,6,10,0.6483021260443056,0.15412463755037234,1.584145450898106,10,11,0.0003054824486747329,1.1703516388344901,7,0.7066447202974404,0.002063747644353726,17,0.15970101608433526,0,po-rapec-quality-energy-only-20260731-loto-object_detection,281,1.28622108194947
0.028928987025048748,0.2284693986275946,0.14770000000000005,0.23268117747032066,0.028928987025048748,0.2284693986275946,0.0,0.12410178055469423,6.258946796487252,32,8,9,0.014199398019748056,0.16424735823111047,7.695240955552773,22,14,3.274116442978566e-05,1.859049127521412,8,0.7116681951796816,0.06722755541312639,17,0.22368511905571775,0,po-rapec-quality-energy-only-20260731-loto-object_detection,282,6.258946796487252
0.0,0.0,0.0,0.0,0.0,0.0,0.0,-0.005588702998168535,0.0,192,3,3,0.0808445435630649,0.29573352945508913,5.120964931670326,32,7,3.274116442978566e-05,1.3656755905681168,5,0.14056987453669778,0.0012525593393950944,15,0.1185750959305687,1,po-rapec-quality-energy-only-20260731-loto-object_detection,283,0.0
0.0,0.0,0.0,0.0,0.0,0.0,0.0,-0.005588702998168535,0.0,128,3,13,0.09419999960135171,0.266883920975316,2.1877253035892466,10,11,1.049157761634226e-06,2.4636828950783753,8,0.7066447202974404,0.06530030839330797,17,0.06277027456699352,1,po-rapec-quality-energy-only-20260731-loto-object_detection,284,0.0
0.07561480157317256,0.6083741750414946,0.16340000000000005,0.5240672404524986,0.07561480157317256,0.6083741750414946,0.17220287577848364,0.14084636762014327,9.023773346294323,128,3,13,0.09419999960135171,0.29573352945508913,5.4623983783786425,29,17,3.385385671604718e-05,1.5035231235741928,5,0.6809228268930211,0.0012525593393950944,15,0.4454813825031213,0,po-rapec-quality-energy-only-20260731-loto-object_detection,285,9.023773346294323
0.00331494068140308,0.004748880144070718,0.017499272480562156,0.08891076187616233,0.00331494068140308,0.004748880144070718,0.0,-0.003198331390312212,0.7783673705111724,64,14,10,0.5258338949008938,0.15412463755037234,1.584145450898106,22,20,0.0003054824486747329,2.5902914644454627,7,0.1882759151826114,0.01665310648305167,13,0.09660310297537418,0,po-rapec-quality-energy-only-20260731-loto-object_detection,286,0.7783673705111724
0.0,0.0,0.0,0.0,0.0,0.0,0.0,-0.005588702998168535,0.0,192,5,14,0.3786786714337511,0.14728949707285816,4.945386186089685,25,8,3.274116442978566e-05,2.4975572044255068,8,0.6642847559127573,0.06530030839330797,7,0.09804758289611025,1,po-rapec-quality-energy-only-20260731-loto-object_detection,287,0.0
0.0,0.0,0.0,0.0,0.0,0.0,0.0,-0.005588702998168535,0.0,128,8,3,0.12708363992369645,0.39612294798116987,6.328429433669586,9,20,0.0003738043215049657,0.9008712249171811,5,0.30137020349233806,0.0012525593393950944,10,0.06277027456699352,1,po-rapec-quality-energy-only-20260731-loto-object_detection,288,0.0
0.03043493330310786,0.0,0.16340000000000005,0.16984747168316647,0.03043493330310786,0.0,0.0,0.13980178055469422,6.924251229153804,96,6,5,0.12708363992369645,0.22249716324955404,2.3408300074322663,32,7,0.00025577344180006083,0.9008712249171811,5,0.7066447202974404,0.0026741393858299538,10,0.15970101608433526,0,po-rapec-quality-energy-only-20260731-loto-object_detection,289,6.924251229153804
0.0016971919380215361,0.015405757950545265,0.010183151628129217,0.08327466623557885,0.0016971919380215361,0.015405757950545265,0.0,0.0022660433090095737,1.28622108194947,192,5,14,0.7267287103850608,0.16574109365200435,6.638110755872421,37,12,7.956900406662393e-06,0.7930979734911368,3,0.3943123601335786,0.0080881376724591,24,0.199803047141763,0,po-rapec-quality-energy-only-20260731-loto-object_detection,290,1.28622108194947
0.0038700210517883527,0.0,0.023220126310730116,0.09666779024586448,0.0038700210517883527,0.0,0.0,0.015303017991610473,2.9329049666598626,192,3,14,0.26734535406053295,0.3652175397193492,4.927031745771854,20,13,3.274116442978566e-05,0.7930979734911368,5,0.6568903106725658,0.001655217267977339,7,0.199803047141763,0,po-rapec-quality-energy-only-20260731-loto-object_detection,291,2.9329049666598626
0.002916545413427026,0.0,0.017499272480562156,0.06342900389315659,0.002916545413427026,0.0,0.0,-0.004982749689855865,0.7783673705111724,128,5,14,0.3786786714337511,0.16424735823111047,7.695240955552773,10,13,3.274116442978566e-05,1.5035231235741928,8,0.5350428055894331,0.008350104394040634,10,0.199803047141763,0,po-rapec-quality-energy-only-20260731-loto-object_detection,292,0.7783673705111724
0.004613737351448562,0.0,0.017499272480562156,0.1333126517779941,0.004613737351448562,0.0,0.0,0.0022660433090095737,1.28622108194947,128,6,9,0.1811861648019899,0.16424735823111047,5.821350643501032,10,20,2.4938631246932834e-06,1.5035231235741928,8,0.7448228785928936,0.002063747644353726,17,0.22368511905571775,0,po-rapec-quality-energy-only-20260731-loto-object_detection,293,1.28622108194947
0.0035330798053528414,0.029551571167517193,0.017499272480562156,0.100277164685811,0.0035330798053528414,0.029551571167517193,0.0,-0.0019761244833209624,0.7783673705111724,64,14,5,0.12708363992369645,0.1569165418169604,5.4623983783786425,32,10,1.049157761634226e-06,0.9008712249171811,5,0.31605937940430673,0.01266166220948162,13,0.09660310297537418,0,po-rapec-quality-energy-only-20260731-loto-object_detection,294,0.7783673705111724
0.06716207227914034,0.5775179758517934,0.16340000000000005,0.49601607780596174,0.06716207227914034,0.5775179758517934,0.24356790999363295,0.13980178055469422,6.924251229153804,96,9,14,0.26734535406053295,0.3652175397193492,1.5136899631293677,10,12,3.274116442978566e-05,2.460026361096425,5,0.5602695149371616,0.006941443022895257,7,0.199803047141763,0,po-rapec-quality-energy-only-20260731-loto-object_detection,295,6.924251229153804
0.0,0.0,0.0,0.0,0.0,0.0,0.0,-0.005588702998168535,0.0,128,8,4,0.6483021260443056,0.21086616622255616,5.120964931670326,9,11,0.0003054824486747329,2.4636828950783753,8,0.7066447202974404,0.0012525593393950944,15,0.06277027456699352,1,po-rapec-quality-energy-only-20260731-loto-object_detection,296,0.0
0.0,0.0,0.0,0.0,0.0,0.0,0.0,-0.005588702998168535,0.0,128,6,13,0.6483021260443056,0.2849841254372533,5.4623983783786425,10,13,1.049157761634226e-06,0.7113319796648119,5,0.1882759151826114,0.0012525593393950944,10,0.09660310297537418,1,po-rapec-quality-energy-only-20260731-loto-object_detection,297,0.0
0.0,0.0,0.0,0.0,0.0,0.0,0.0,-0.005588702998168535,0.0,32,8,9,0.1811861648019899,0.13771361178995545,1.584145450898106,22,14,7.014200015357308e-06,1.5035231235741928,7,0.27025645956524325,0.01665310648305167,17,0.1287806449711737,1,po-rapec-quality-energy-only-20260731-loto-object_detection,298,0.0
0.02850447147876851,0.17403701829596332,0.14770000000000005,0.21125671839125873,0.02850447147876851,0.17403701829596332,0.0,0.12410178055469423,6.258946796487252,96,9,10,0.26734535406053295,0.21086616622255616,2.1877253035892466,10,11,0.0003054824486747329,2.4636828950783753,8,0.7066447202974404,0.06530030839330797,17,0.1708841689915172,0,po-rapec-quality-energy-only-20260731-loto-object_detection,299,6.258946796487252
0.017371609234706226,0.18528054517674947,0.07140000000000002,0.24762270322709243,0.017371609234706226,0.18528054517674947,0.0,0.05163990720000014,3.6133433543389253,64,6,10,0.1313749898792892,0.21086616622255616,2.144285649022976,38,10,0.0003054824486747329,2.449529680475239,7,0.7794404056863412,0.0017934414957361169,17,0.22368511905571775,0,po-rapec-quality-energy-only-20260731-loto-object_detection,300,3.6133433543389253
0.0025550638212791985,0.0,0.01533038292767519,0.08822807531827231,0.0025550638212791985,0.0,0.0,0.007413274608555547,1.9363613973365315,96,3,5,0.314342056361319,0.15412463755037234,2.3408300074322663,32,7,0.000409934929500598,2.318039089565877,5,0.5300120444283324,0.005213219454233873,17,0.22368511905571775,0,po-rapec-quality-energy-only-20260731-loto-object_detection,301,1.9363613973365315
0.0,0.0,0.0,0.0,0.0,0.0,0.0,-0.005588702998168535,0.0,64,3,10,0.34065394517985664,0.3652175397193492,1.5136899631293677,22,10,8.893585234985786e-05,2.449529680475239,7,0.42238691798829675,0.008485904383522336,17,0.1605450783927297,1,po-rapec-quality-energy-only-20260731-loto-object_detection,302,0.0
0.0,0.0,0.0,0.0,0.0,0.0,0.0,-0.005588702998168535,0.0,64,14,13,0.5258338949008938,0.1569165418169604,5.4623983783786425,18,20,1.049157761634226e-06,0.7113319796648119,5,0.1882759151826114,0.0012525593393950944,13,0.46157887277244775,1,po-rapec-quality-energy-only-20260731-loto-object_detection,303,0.0
0.0034920995192562567,0.019548767658335284,0.01916803895062974,0.09162298812417148,0.0034920995192562567,0.019548767658335284,0.0,-0.003313983219788281,0.8525940774069318,128,8,5,0.12708363992369645,0.29573352945508913,5.120964931670326,38,20,4.714649581161684e-05,0.9008712249171811,5,0.6809228268930211,0.01165028681231272,15,0.1657301947280217,0,po-rapec-quality-energy-only-20260731-loto-object_detection,304,0.8525940774069318
0.0,0.0,0.0,0.0,0.0,0.0,0.0,-0.005588702998168535,0.0,128,4,5,0.7267287103850608,0.21086616622255616,6.1461809776615635,10,11,2.3113765107812644e-06,0.7930979734911368,6,0.7066447202974404,0.01165028681231272,22,0.15970101608433526,1,po-rapec-quality-energy-only-20260731-loto-object_detection,305,0.0
0.0016971919380215361,0.0,0.010183151628129217,0.07662007340317208,0.0016971919380215361,0.0,0.0,0.0022660433090095737,1.28622108194947,128,6,3,0.0808445435630649,0.16424735823111047,5.120964931670326,10,20,0.0003738043215049657,1.3656755905681168,8,0.14056987453669778,0.002063747644353726,15,0.15970101608433526,0,po-rapec-quality-energy-only-20260731-loto-object_detection,306,1.28622108194947
0.018686566465215382,0.19028701167946976,0.07140000000000002,0.2543391094403929,0.018686566465215382,0.19028701167946976,0.0,0.05163990720000014,3.6133433543389253,64,8,14,0.0808445435630649,0.29573352945508913,5.120964931670326,39,12,3.274116442978566e-05,0.7113319796648119,5,0.14056987453669778,0.0012525593393950944,7,0.199803047141763,0,po-rapec-quality-energy-only-20260731-loto-object_detection,307,3.6133433543389253
0.0,0.0,0.0,0.0,0.0,0.0,0.0,-0.005588702998168535,0.0,128,4,4,0.6483021260443056,0.21086616622255616,2.1877253035892466,10,11,0.0003054824486747329,2.4636828950783753,8,0.7066447202974404,0.06530030839330797,17,0.15970101608433526,1,po-rapec-quality-energy-only-20260731-loto-object_detection,308,0.0
0.0,0.0,0.0,0.0,0.0,0.0,0.0,-0.005588702998168535,0.0,64,3,15,0.1811861648019899,0.266883920975316,5.821350643501032,17,20,0.000578164871361237,0.6898750558694906,7,0.7448228785928936,0.002063747644353726,22,0.22368511905571775,1,po-rapec-quality-energy-only-20260731-loto-object_detection,309,0.0
0.003219255207155177,0.0,0.018915531242931105,0.0716301510888998,0.003219255207155177,0.0,0.0,-0.0035664909274869157,0.8413625384561836,192,10,14,0.3786786714337511,0.266883920975316,4.945386186089685,40,16,1.3898720179997026e-05,2.449529680475239,8,0.5350428055894331,0.06530030839330797,7,0.06277027456699352,0,po-rapec-quality-energy-only-20260731-loto-object_detection,310,0.8413625384561836
0.0,0.0,0.0,0.0,0.0,0.0,0.0,-0.005588702998168535,0.0,128,3,14,0.7267287103850608,0.14728949707285816,6.1461809776615635,25,12,3.274116442978566e-05,0.7930979734911368,5,0.6642847559127573,0.01165028681231272,22,0.199803047141763,1,po-rapec-quality-energy-only-20260731-loto-object_detection,311,0.0
0.0,0.0,0.0,0.0,0.0,0.0,0.0,-0.005588702998168535,0.0,128,8,5,0.12708363992369645,0.39612294798116987,6.328429433669586,38,20,1.049157761634226e-06,0.9008712249171811,5,0.6809228268930211,0.0012525593393950944,10,0.06277027456699352,1,po-rapec-quality-energy-only-20260731-loto-object_detection,312,0.0
0.0,0.0,0.0,0.0,0.0,0.0,0.0,-0.005588702998168535,0.0,128,6,15,0.1811861648019899,0.18283335519621452,5.821350643501032,17,20,0.00025577344180006083,0.6898750558694906,5,0.7448228785928936,0.002063747644353726,25,0.22368511905571775,1,po-rapec-quality-energy-only-20260731-loto-object_detection,313,0.0
0.038312078905423604,0.38981079344153985,0.14770000000000005,0.30562044363549473,0.038312078905423604,0.38981079344153985,0.0,0.12410178055469423,6.258946796487252,32,8,10,0.014199398019748056,0.3652175397193492,3.5060335455607983,22,10,8.893585234985786e-05,1.5035231235741928,8,0.27025645956524325,0.06722755541312639,24,0.22368511905571775,0,po-rapec-quality-energy-only-20260731-loto-object_detection,314,6.258946796487252
0.01505258854048852,0.0,0.07140000000000002,0.15593127392303374,0.01505258854048852,0.0,0.0,0.05163990720000014,3.6133433543389253,128,14,13,0.6483021260443056,0.21086616622255616,5.821350643501032,18,20,0.00025577344180006083,0.6898750558694906,5,0.1882759151826114,0.0012525593393950944,10,0.15970101608433526,0,po-rapec-quality-energy-only-20260731-loto-object_detection,315,3.6133433543389253
0.0005965397066065026,0.0,0.0035792382396390154,0.028236195254716673,0.0005965397066065026,0.0,0.0,-0.005588702998168535,0.1592044617920802,96,8,13,0.1811861648019899,0.266883920975316,1.584145450898106,34,7,0.000578164871361237,0.6588043345268373,5,0.31605937940430673,0.005213219454233873,10,0.1185750959305687,0,po-rapec-quality-energy-only-20260731-loto-object_detection,316,0.1592044617920802
0.0,0.0,0.0,0.0,0.0,0.0,0.0,-0.005588702998168535,0.0,128,3,5,0.026490095775831446,0.266883920975316,6.1461809776615635,25,14,2.3113765107812644e-06,0.7930979734911368,8,0.5350428055894331,0.01165028681231272,22,0.22368511905571775,1,po-rapec-quality-energy-only-20260731-loto-object_detection,317,0.0
0.0,0.0,0.0,0.0,0.0,0.0,0.0,-0.005588702998168535,0.0,64,3,15,0.008561405614695662,0.266883920975316,1.584145450898106,22,16,0.0005221769501251871,2.449529680475239,6,0.5300120444283324,0.004397240233431928,17,0.22368511905571775,1,po-rapec-quality-energy-only-20260731-loto-object_detection,318,0.0
0.0,0.0,0.0,0.0,0.0,0.0,0.0,-0.005588702998168535,0.0,128,3,4,0.5829134334924898,0.19526253189887177,5.821350643501032,28,20,0.00025577344180006083,0.6898750558694906,7,0.6568903106725658,0.002063747644353726,10,0.09804758289611025,1,po-rapec-quality-energy-only-20260731-loto-object_detection,319,0.0
0.0,0.0,0.0,0.0,0.0,0.0,0.0,-0.005588702998168535,0.0,128,11,4,0.26734535406053295,0.21086616622255616,2.1877253035892466,10,15,2.3113765107812644e-06,1.2684005065783863,7,0.6568903106725658,0.006941443022895257,22,0.09804758289611025,1,po-rapec-quality-energy-only-20260731-loto-object_detection,320,0.0
0.0,0.0,0.0,0.0,0.0,0.0,0.0,-0.005588702998168535,0.0,128,8,4,0.014199398019748056,0.21086616622255616,7.695240955552773,38,10,0.0003054824486747329,0.6588043345268373,7,0.27025645956524325,0.0017934414957361169,17,0.4651860672913148,1,po-rapec-quality-energy-only-20260731-loto-object_detection,321,0.0
0.0,0.0,0.0,0.0,0.0,0.0,0.0,-0.005588702998168535,0.0,128,3,7,0.5829134334924898,0.15412463755037234,6.645451218584174,17,20,0.00025577344180006083,1.6599499463126997,7,0.7448228785928936,0.002063747644353726,17,0.22368511905571775,1,po-rapec-quality-energy-only-20260731-loto-object_detection,322,0.0
0.0038700210517883527,0.0,0.023220126310730116,0.10187795456763303,0.0038700210517883527,0.0,0.0,0.015303017991610473,2.9329049666598626,128,3,14,0.5829134334924898,0.19526253189887177,5.821350643501032,17,20,3.274116442978566e-05,0.6898750558694906,2,0.5350428055894331,0.042893176643097816,7,0.11702302497620454,0,po-rapec-quality-energy-only-20260731-loto-object_detection,323,2.9329049666598626
0.0,0.0,0.0,0.0,0.0,0.0,0.0,-0.005588702998168535,0.0,96,3,5,0.1811861648019899,0.22249716324955404,2.3408300074322663,10,16,1.6965549574321524e-06,0.9008712249171811,8,0.27815308632588565,0.0015444546694416315,17,0.22368511905571775,1,po-rapec-quality-energy-only-20260731-loto-object_detection,324,0.0
0.0,0.0,0.0,0.0,0.0,0.0,0.0,-0.005588702998168535,0.0,64,6,10,0.5258338949008938,0.25035666111283517,1.584145450898106,10,20,0.00025577344180006083,2.5902914644454627,8,0.1882759151826114,0.01665310648305167,13,0.09660310297537418,1,po-rapec-quality-energy-only-20260731-loto-object_detection,325,0.0
0.03038592187382186,0.0,0.16340000000000005,0.16653607922056432,0.03038592187382186,0.0,0.0,0.13980178055469422,6.924251229153804,32,9,10,0.12708363992369645,0.40719165041094046,1.5136899631293677,10,10,0.000409934929500598,1.3374812577847566,5,0.27815308632588565,0.0026741393858299538,10,0.10213726019907922,0,po-rapec-quality-energy-only-20260731-loto-object_detection,326,6.924251229153804
0.0,0.0,0.0,0.0,0.0,0.0,0.0,-0.005588702998168535,0.0,192,3,14,0.5258338949008938,0.22249716324955404,6.1461809776615635,18,7,3.274116442978566e-05,0.7930979734911368,5,0.5350428055894331,0.0012525593393950944,7,0.1185750959305687,1,po-rapec-quality-energy-only-20260731-loto-object_detection,327,0.0
0.0,0.0,0.0,0.0,0.0,0.0,0.0,-0.005588702998168535,0.0,128,6,9,0.6483021260443056,0.16424735823111047,7.695240955552773,10,13,1.3051561307268949e-05,1.5035231235741928,8,0.7066447202974404,0.002063747644353726,10,0.15970101608433526,1,po-rapec-quality-energy-only-20260731-loto-object_detection,328,0.0
0.0,0.0,0.0,0.0,0.0,0.0,0.0,-0.005588702998168535,0.0,128,6,5,0.12708363992369645,0.22249716324955404,6.328429433669586,38,9,1.049157761634226e-06,0.9008712249171811,5,0.6809228268930211,0.0026741393858299538,10,0.1185750959305687,1,po-rapec-quality-energy-only-20260731-loto-object_detection,329,0.0
0.0,0.0,0.0,0.0,0.0,0.0,0.0,-0.005588702998168535,0.0,96,6,7,0.3420409833022859,0.19526253189887177,5.821350643501032,17,20,7.956900406662393e-06,1.123200977956422,5,0.7448228785928936,0.0080881376724591,24,0.11702302497620454,1,po-rapec-quality-energy-only-20260731-loto-object_detection,330,0.0
0.0,0.0,0.0,0.0,0.0,0.0,0.0,-0.005588702998168535,0.0,32,5,3,0.1811861648019899,0.266883920975316,4.945386186089685,29,17,4.714649581161684e-05,0.6588043345268373,8,0.6642847559127573,0.01665310648305167,22,0.1657301947280217,1,po-rapec-quality-energy-only-20260731-loto-object_detection,331,0.0
0.04400433819358626,0.47771338505182637,0.1481,0.38014117459862246,0.04400433819358626,0.47771338505182637,0.0,0.12450178055469419,6.275897227892767,64,8,15,0.008561405614695662,0.266883920975316,1.584145450898106,22,20,0.0005221769501251871,2.449529680475239,6,0.5300120444283324,0.0012525593393950944,17,0.22368511905571775,0,po-rapec-quality-energy-only-20260731-loto-object_detection,332,6.275897227892767
0.0,0.0,0.0,0.0,0.0,0.0,0.0,-0.005588702998168535,0.0,128,9,10,0.7267287103850608,0.266883920975316,6.1461809776615635,10,14,8.893585234985786e-05,0.7930979734911368,8,0.6568903106725658,0.006941443022895257,22,0.1708841689915172,1,po-rapec-quality-energy-only-20260731-loto-object_detection,333,0.0
0.0032015999697745192,0.0,0.019209599818647116,0.07514695104226993,0.0032015999697745192,0.0,0.0,-0.0032724223517709046,0.8544427041764607,192,3,14,0.7267287103850608,0.16574109365200435,6.1461809776615635,40,12,0.0006186266753861046,1.0452323800832226,5,0.5350428055894331,0.001655217267977339,7,0.199803047141763,0,po-rapec-quality-energy-only-20260731-loto-object_detection,334,0.8544427041764607
0.0,0.0,0.0,0.0,0.0,0.0,0.0,-0.005588702998168535,0.0,96,3,5,0.3420409833022859,0.41229291461757933,6.638110755872421,37,14,2.3113765107812644e-06,0.7930979734911368,3,0.5350428055894331,0.01165028681231272,24,0.11702302497620454,1,po-rapec-quality-energy-only-20260731-loto-object_detection,335,0.0
0.04963789110656366,0.5775239965777844,0.16340000000000005,0.3924243649089663,0.04963789110656366,0.5775239965777844,0.0,0.13980178055469422,6.924251229153804,128,6,7,0.008561405614695662,0.266883920975316,1.584145450898106,22,20,0.00025577344180006083,2.449529680475239,5,0.5300120444283324,0.002063747644353726,10,0.22368511905571775,0,po-rapec-quality-energy-only-20260731-loto-object_detection,336,6.924251229153804
0.0035330798053528414,0.03449220181304469,0.017499272480562156,0.10522314252858411,0.0035330798053528414,0.03449220181304469,0.0,-0.0019761244833209624,0.7783673705111724,96,9,10,0.26734535406053295,0.3652175397193492,1.5136899631293677,20,10,8.893585234985786e-05,1.3374812577847566,8,0.6568903106725658,0.006941443022895257,9,0.1708841689915172,1,po-rapec-quality-energy-only-20260731-loto-object_detection,337,0.7783673705111724
0.0009203439163748458,0.019548767658335284,0.003117348913303397,0.0584627230962701,0.0009203439163748458,0.019548767658335284,0.0,-0.003198331390312212,0.42771491142751156,64,6,4,0.008561405614695662,0.3652175397193492,1.5136899631293677,22,10,0.0003054824486747329,0.6588043345268373,7,0.7794404056863412,0.008485904383522336,13,0.4651860672913148,1,po-rapec-quality-energy-only-20260731-loto-object_detection,338,0.42771491142751156
1.4437972784553388e-05,0.0,8.662783670732033e-05,0.014756307804381396,1.4437972784553388e-05,0.0,0.0,-0.005588702998168535,0.010941853163498598,96,9,5,0.12708363992369645,0.22249716324955404,2.3408300074322663,29,13,2.0484829269537454e-05,0.9008712249171811,8,0.5631594833976918,0.06722755541312639,24,0.1185750959305687,0,po-rapec-quality-energy-only-20260731-loto-object_detection,339,0.010941853163498598
0.0,0.0,0.0,0.0,0.0,0.0,0.0,-0.005588702998168535,0.0,192,8,3,0.0808445435630649,0.29573352945508913,6.1461809776615635,22,13,0.0003738043215049657,1.3656755905681168,5,0.5350428055894331,0.001655217267977339,17,0.06277027456699352,1,po-rapec-quality-energy-only-20260731-loto-object_detection,340,0.0
0.0,0.0,0.0,0.0,0.0,0.0,0.0,-0.005588702998168535,0.0,96,3,14,0.12708363992369645,0.08001911475476242,4.945386186089685,40,16,3.274116442978566e-05,2.4975572044255068,8,0.27815308632588565,0.02242927045965892,17,0.199803047141763,1,po-rapec-quality-energy-only-20260731-loto-object_detection,341,0.0
0.0,0.0,0.0,0.0,0.0,0.0,0.0,-0.005588702998168535,0.0,96,3,14,0.12708363992369645,0.3632544682211168,2.3408300074322663,32,7,3.274116442978566e-05,0.7930979734911368,5,0.31605937940430673,0.005213219454233873,10,0.1185750959305687,1,po-rapec-quality-energy-only-20260731-loto-object_detection,342,0.0
0.0,0.0,0.0,0.0,0.0,0.0,0.0,-0.005588702998168535,0.0,192,3,8,0.34065394517985664,0.39612294798116987,6.1461809776615635,38,12,3.274116442978566e-05,0.7930979734911368,5,0.6809228268930211,0.0012525593393950944,10,0.199803047141763,1,po-rapec-quality-energy-only-20260731-loto-object_detection,343,0.0
0.0,0.0,0.0,0.0,0.0,0.0,0.0,-0.005588702998168535,0.0,128,8,15,0.09419999960135171,0.266883920975316,5.609077954773229,34,9,1.049157761634226e-06,0.5606701056740272,7,0.6809228268930211,0.01665310648305167,13,0.06277027456699352,1,po-rapec-quality-energy-only-20260731-loto-object_detection,344,0.0
0.0,0.0,0.0,0.0,0.0,0.0,0.0,-0.005588702998168535,0.0,128,4,13,0.09419999960135171,0.21086616622255616,2.1877253035892466,10,11,1.049157761634226e-06,2.449529680475239,8,0.5300120444283324,0.06530030839330797,17,0.15970101608433526,1,po-rapec-quality-energy-only-20260731-loto-object_detection,345,0.0
0.046912523127659304,0.5377448954533945,0.16340000000000005,0.408952236743613,0.046912523127659304,0.5377448954533945,0.0,0.13980178055469422,6.924251229153804,96,9,10,0.26734535406053295,0.3652175397193492,1.5136899631293677,29,17,4.714649581161684e-05,1.5035231235741928,2,0.6642847559127573,0.006941443022895257,22,0.1708841689915172,0,po-rapec-quality-energy-only-20260731-loto-object_detection,346,6.924251229153804
0.0,0.0,0.0,0.0,0.0,0.0,0.0,-0.005588702998168535,0.0,128,14,13,0.5258338949008938,0.16574109365200435,1.584145450898106,22,16,1.049157761634226e-06,0.7113319796648119,8,0.5300120444283324,0.004397240233431928,17,0.06277027456699352,1,po-rapec-quality-energy-only-20260731-loto-object_detection,347,0.0
0.0002950358646364078,0.0,0.0017702151878184469,0.018310043718770815,0.0002950358646364078,0.0,0.0,-0.003818487810350088,0.31674883929215086,32,14,10,0.5258338949008938,0.266883920975316,5.4623983783786425,18,20,0.0002994695569663171,0.6588043345268373,5,0.5025983219193939,0.01665310648305167,22,0.22368511905571775,0,po-rapec-quality-energy-only-20260731-loto-object_detection,348,0.31674883929215086
0.0,0.0,0.0,0.0,0.0,0.0,0.0,-0.005588702998168535,0.0,128,3,5,0.1811861648019899,0.266883920975316,1.584145450898106,25,8,2.3113765107812644e-06,1.5035231235741928,8,0.4398692310292399,0.01165028681231272,22,0.22368511905571775,1,po-rapec-quality-energy-only-20260731-loto-object_detection,349,0.0
0.0,0.0,0.0,0.0,0.0,0.0,0.0,-0.005588702998168535,0.0,32,3,15,0.09419999960135171,0.266883920975316,4.945386186089685,22,16,2.3113765107812644e-06,1.3656755905681168,8,0.5300120444283324,0.004397240233431928,15,0.06277027456699352,1,po-rapec-quality-energy-only-20260731-loto-object_detection,350,0.0
0.0,0.0,0.0,0.0,0.0,0.0,0.0,-0.005588702998168535,0.0,192,5,14,0.3786786714337511,0.14728949707285816,5.821350643501032,10,11,0.00025577344180006083,0.6898750558694906,8,0.5350428055894331,0.002063747644353726,10,0.15970101608433526,1,po-rapec-quality-energy-only-20260731-loto-object_detection,351,0.0
0.0038700210517883527,0.0,0.023220126310730116,0.09666779024586448,0.0038700210517883527,0.0,0.0,0.015303017991610473,2.9329049666598626,192,3,14,0.34065394517985664,0.16574109365200435,6.1461809776615635,32,12,3.274116442978566e-05,0.7930979734911368,5,0.42238691798829675,0.008485904383522336,7,0.199803047141763,0,po-rapec-quality-energy-only-20260731-loto-object_detection,352,2.9329049666598626
0.0,0.0,0.0,0.0,0.0,0.0,0.0,-0.005588702998168535,0.0,32,3,15,0.1811861648019899,0.266883920975316,6.1461809776615635,34,14,0.0002994695569663171,0.6588043345268373,5,0.5300120444283324,0.01665310648305167,17,0.22368511905571775,1,po-rapec-quality-energy-only-20260731-loto-object_detection,353,0.0
0.0005195581522172329,0.0,0.003117348913303397,0.024939721947977864,0.0005195581522172329,0.0,0.0,-0.005588702998168535,0.13865963166806336,128,8,3,0.4445614221924992,0.39612294798116987,2.758684118314939,29,17,1.049157761634226e-06,0.5606701056740272,5,0.6510222112123185,0.0012525593393950944,13,0.1657301947280217,0,po-rapec-quality-energy-only-20260731-loto-object_detection,354,0.13865963166806336
0.0,0.0,0.0,0.0,0.0,0.0,0.0,-0.005588702998168535,0.0,128,6,9,0.6483021260443056,0.16424735823111047,7.695240955552773,10,13,1.3051561307268949e-05,1.5035231235741928,8,0.7066447202974404,0.002063747644353726,10,0.15970101608433526,1,po-rapec-quality-energy-only-20260731-loto-object_detection,355,0.0
0.0,0.0,0.0,0.0,0.0,0.0,0.0,-0.005588702998168535,0.0,128,5,4,0.12708363992369645,0.21086616622255616,6.328429433669586,38,10,1.049157761634226e-06,0.6588043345268373,7,0.6809228268930211,0.0012525593393950944,10,0.06277027456699352,1,po-rapec-quality-energy-only-20260731-loto-object_detection,356,0.0
0.0,0.0,0.0,0.0,0.0,0.0,0.0,-0.005588702998168535,0.0,96,8,10,0.014199398019748056,0.3652175397193492,7.695240955552773,29,10,1.3051561307268949e-05,1.5035231235741928,8,0.6568903106725658,0.006941443022895257,24,0.1287806449711737,1,po-rapec-quality-energy-only-20260731-loto-object_detection,357,0.0
0.002918935909608585,0.0,0.017499272480562156,0.06994525977926835,0.002918935909608585,0.0,0.0,-0.004982749689855865,0.7783673705111724,64,10,3,0.5258338949008938,0.15412463755037234,1.584145450898106,22,20,0.0003054824486747329,2.5902914644454627,7,0.1882759151826114,0.01665310648305167,13,0.09660310297537418,0,po-rapec-quality-energy-only-20260731-loto-object_detection,358,0.7783673705111724
0.0,0.0,0.0,0.0,0.0,0.0,0.0,-0.005588702998168535,0.0,128,3,5,0.4445614221924992,0.29573352945508913,5.120964931670326,25,8,2.3113765107812644e-06,0.9008712249171811,8,0.5699689057334735,0.01165028681231272,22,0.1657301947280217,1,po-rapec-quality-energy-only-20260731-loto-object_detection,359,0.0
0.0,0.0,0.0,0.0,0.0,0.0,0.0,-0.005588702998168535,0.0,192,3,13,0.6483021260443056,0.16424735823111047,6.1461809776615635,32,12,3.274116442978566e-05,1.5035231235741928,7,0.42238691798829675,0.008485904383522336,10,0.15970101608433526,1,po-rapec-quality-energy-only-20260731-loto-object_detection,360,0.0
0.0,0.0,0.0,0.0,0.0,0.0,0.0,-0.005588702998168535,0.0,192,3,14,0.12708363992369645,0.22249716324955404,2.3408300074322663,32,7,3.274116442978566e-05,0.7930979734911368,5,0.27815308632588565,0.001655217267977339,10,0.1185750959305687,1,po-rapec-quality-energy-only-20260731-loto-object_detection,361,0.0
0.0,0.0,0.0,0.0,0.0,0.0,0.0,-0.005588702998168535,0.0,64,3,5,0.12708363992369645,0.22249716324955404,2.3408300074322663,10,9,0.000409934929500598,1.8935014141128554,5,0.27815308632588565,0.001655217267977339,10,0.1185750959305687,1,po-rapec-quality-energy-only-20260731-loto-object_detection,362,0.0
0.0009203439163748458,0.019548767658335284,0.003117348913303397,0.05532986390241177,0.0009203439163748458,0.019548767658335284,0.0,-0.003198331390312212,0.42771491142751156,96,9,10,0.26734535406053295,0.3652175397193492,1.5136899631293677,20,10,8.893585234985786e-05,0.6588043345268373,7,0.7794404056863412,0.006941443022895257,13,0.4651860672913148,1,po-rapec-quality-energy-only-20260731-loto-object_detection,363,0.42771491142751156
0.004613737351448562,0.0,0.017499272480562156,0.13000887055702137,0.004613737351448562,0.0,0.0,0.0022660433090095737,1.28622108194947,64,6,10,0.008561405614695662,0.3652175397193492,1.5136899631293677,22,9,8.893585234985786e-05,1.3374812577847566,8,0.6568903106725658,0.008485904383522336,13,0.1708841689915172,0,po-rapec-quality-energy-only-20260731-loto-object_detection,364,1.28622108194947
0.0,0.0,0.0,0.0,0.0,0.0,0.0,-0.005588702998168535,0.0,192,3,14,0.34065394517985664,0.16574109365200435,6.1461809776615635,32,12,3.274116442978566e-05,0.7930979734911368,7,0.42238691798829675,0.008485904383522336,7,0.199803047141763,1,po-rapec-quality-energy-only-20260731-loto-object_detection,365,0.0
0.02962879928609129,0.2575603702383246,0.14770000000000005,0.25223752477852784,0.02962879928609129,0.2575603702383246,0.0,0.12410178055469423,6.258946796487252,96,11,9,0.4490841325358669,0.41229291461757933,6.638110755872421,37,20,0.0005221769501251871,1.123200977956422,6,0.5300120444283324,0.04102692903224994,17,0.22368511905571775,0,po-rapec-quality-energy-only-20260731-loto-object_detection,366,6.258946796487252
0.0,0.0,0.0,0.01993143756218785,0.0,0.0,0.0,-0.005588702998168535,0.0,32,6,5,0.1811861648019899,0.22249716324955404,2.1877253035892466,17,9,0.000409934929500598,0.6588043345268373,5,0.27815308632588565,0.002063747644353726,17,0.22368511905571775,1,po-rapec-quality-energy-only-20260731-loto-object_detection,367,0.0
0.0,0.0,0.0,0.0,0.0,0.0,0.0,-0.005588702998168535,0.0,128,3,3,0.7267287103850608,0.266883920975316,5.120964931670326,25,14,4.714649581161684e-05,1.5035231235741928,8,0.5350428055894331,0.01165028681231272,22,0.1657301947280217,1,po-rapec-quality-energy-only-20260731-loto-object_detection,368,0.0
0.015493068426414347,0.07670286030766683,0.07140000000000002,0.1848229053922158,0.015493068426414347,0.07670286030766683,0.0,0.05163990720000014,3.6133433543389253,32,6,5,0.12708363992369645,0.18283335519621452,5.821350643501032,17,20,0.00025577344180006083,0.6898750558694906,4,0.7448228785928936,0.0026741393858299538,10,0.26380534366321245,0,po-rapec-quality-energy-only-20260731-loto-object_detection,369,3.6133433543389253
0.02962879928609129,0.2669898719871366,0.14770000000000005,0.2570372450113723,0.02962879928609129,0.2669898719871366,0.0,0.12410178055469423,6.258946796487252,96,6,8,0.1313749898792892,0.21086616622255616,6.014735482883671,32,7,0.0003054824486747329,0.9008712249171811,5,0.7794404056863412,0.005213219454233873,17,0.4651860672913148,0,po-rapec-quality-energy-only-20260731-loto-object_detection,370,6.258946796487252
0.0,0.0,0.0,0.0,0.0,0.0,0.0,-0.005588702998168535,0.0,192,3,14,0.12708363992369645,0.22249716324955404,2.3408300074322663,32,7,3.274116442978566e-05,0.7930979734911368,5,0.27815308632588565,0.001655217267977339,12,0.1185750959305687,1,po-rapec-quality-energy-only-20260731-loto-object_detection,371,0.0
0.0,0.0,0.0,0.0,0.0,0.0,0.0,-0.005588702998168535,0.0,128,3,10,0.1811861648019899,0.266883920975316,6.1461809776615635,25,14,2.3113765107812644e-06,0.7930979734911368,5,0.5350428055894331,0.01165028681231272,22,0.22368511905571775,1,po-rapec-quality-energy-only-20260731-loto-object_detection,372,0.0
0.0,0.0,0.0,0.0,0.0,0.0,0.0,-0.005588702998168535,0.0,32,3,10,0.1811861648019899,0.16574109365200435,6.1461809776615635,40,12,0.0002994695569663171,0.7930979734911368,5,0.5350428055894331,0.01665310648305167,6,0.199803047141763,1,po-rapec-quality-energy-only-20260731-loto-object_detection,373,0.0
0.0,0.0,0.0,0.0,0.0,0.0,0.0,-0.005588702998168535,0.0,32,8,9,0.3420409833022859,0.16424735823111047,7.695240955552773,37,20,1.3051561307268949e-05,1.123200977956422,8,0.27025645956524325,0.06722755541312639,25,0.11702302497620454,1,po-rapec-quality-energy-only-20260731-loto-object_detection,374,0.0
0.0037546849596297796,0.0,0.018915531242931105,0.09902105621059722,0.0037546849596297796,0.0,0.0,-0.0019761244833209624,0.8413625384561836,192,11,13,0.7267287103850608,0.16574109365200435,6.1461809776615635,40,16,1.049157761634226e-06,2.449529680475239,8,0.5350428055894331,0.004397240233431928,7,0.06277027456699352,0,po-rapec-quality-energy-only-20260731-loto-object_detection,375,0.8413625384561836
0.0,0.0,0.0,0.0,0.0,0.0,0.0,-0.005588702998168535,0.0,128,8,5,0.0808445435630649,0.39612294798116987,6.328429433669586,9,20,0.0003738043215049657,1.3656755905681168,5,0.14056987453669778,0.0012525593393950944,15,0.06277027456699352,1,po-rapec-quality-energy-only-20260731-loto-object_detection,376,0.0
0.0,0.0,0.0,0.0,0.0,0.0,0.0,-0.005588702998168535,0.0,64,3,15,0.008561405614695662,0.266883920975316,4.445337892820795,10,9,0.0005221769501251871,0.6588043345268373,8,0.5300120444283324,0.004397240233431928,17,0.22368511905571775,1,po-rapec-quality-energy-only-20260731-loto-object_detection,377,0.0
0.0,0.0,0.0,0.0,0.0,0.0,0.0,-0.005588702998168535,0.0,192,3,14,0.008561405614695662,0.22249716324955404,1.584145450898106,22,7,3.274116442978566e-05,2.449529680475239,6,0.5300120444283324,0.001655217267977339,17,0.1185750959305687,1,po-rapec-quality-energy-only-20260731-loto-object_detection,378,0.0
0.0,0.0,0.0,0.0,0.0,0.0,0.0,-0.005588702998168535,0.0,64,3,10,0.7267287103850608,0.3652175397193492,1.5136899631293677,40,12,3.274116442978566e-05,0.7930979734911368,7,0.42238691798829675,0.008485904383522336,7,0.199803047141763,1,po-rapec-quality-energy-only-20260731-loto-object_detection,379,0.0
0.0,0.0,0.0,0.0,0.0,0.0,0.0,-0.005588702998168535,0.0,128,14,13,0.1313749898792892,0.1569165418169604,5.4623983783786425,38,10,0.0003054824486747329,0.6588043345268373,7,0.1882759151826114,0.0017934414957361169,15,0.4651860672913148,1,po-rapec-quality-energy-only-20260731-loto-object_detection,380,0.0
0.0,0.0,0.0,0.0,0.0,0.0,0.0,-0.005588702998168535,0.0,192,8,15,0.0808445435630649,0.266883920975316,6.1461809776615635,22,9,3.274116442978566e-05,0.7930979734911368,5,0.5350428055894331,0.001655217267977339,17,0.06277027456699352,1,po-rapec-quality-energy-only-20260731-loto-object_detection,381,0.0
0.0,0.0,0.0,0.0,0.0,0.0,0.0,-0.005588702998168535,0.0,128,5,9,0.3420409833022859,0.41229291461757933,6.638110755872421,37,20,2.3113765107812644e-06,1.123200977956422,3,0.3943123601335786,0.03892260131770678,24,0.11702302497620454,1,po-rapec-quality-energy-only-20260731-loto-object_detection,382,0.0
0.0,0.0,0.0,0.0,0.0,0.0,0.0,-0.005588702998168535,0.0,96,14,13,0.26734535406053295,0.3652175397193492,1.5136899631293677,18,10,1.049157761634226e-06,0.7113319796648119,5,0.6568903106725658,0.0012525593393950944,9,0.1708841689915172,1,po-rapec-quality-energy-only-20260731-loto-object_detection,383,0.0
0.0,0.0,0.0,0.0,0.0,0.0,0.0,-0.005588702998168535,0.0,128,5,5,0.3786786714337511,0.14728949707285816,4.945386186089685,25,8,2.3113765107812644e-06,1.3656755905681168,8,0.6642847559127573,0.06530030839330797,20,0.09804758289611025,1,po-rapec-quality-energy-only-20260731-loto-object_detection,384,0.0
0.0475317286594635,0.47703277149384216,0.16340000000000005,0.3619465625335176,0.0475317286594635,0.47703277149384216,0.0,0.13980178055469422,6.924251229153804,32,6,9,0.1811861648019899,0.266883920975316,7.695240955552773,34,9,1.3051561307268949e-05,0.6588043345268373,5,0.7066447202974404,0.033631078562819244,10,0.22368511905571775,0,po-rapec-quality-energy-only-20260731-loto-object_detection,385,6.924251229153804
0.0,0.0,0.0,0.0,0.0,0.0,0.0,-0.005588702998168535,0.0,128,8,3,0.0808445435630649,0.29573352945508913,6.778585731380873,9,20,1.049157761634226e-06,0.5606701056740272,5,0.6809228268930211,0.0012525593393950944,11,0.06277027456699352,1,po-rapec-quality-energy-only-20260731-loto-object_detection,386,0.0
0.0,0.0,0.0,0.0,0.0,0.0,0.0,-0.005588702998168535,0.0,128,3,5,0.7267287103850608,0.21086616622255616,6.1461809776615635,25,14,2.3113765107812644e-06,0.7930979734911368,8,0.5350428055894331,0.006941443022895257,17,0.09804758289611025,1,po-rapec-quality-energy-only-20260731-loto-object_detection,387,0.0
0.0,0.0,0.0,0.0,0.0,0.0,0.0,-0.005588702998168535,0.0,64,3,13,0.5258338949008938,0.16574109365200435,6.1461809776615635,40,12,3.274116442978566e-05,0.7930979734911368,5,0.1882759151826114,0.0012525593393950944,13,0.09660310297537418,1,po-rapec-quality-energy-only-20260731-loto-object_detection,388,0.0
0.01505258854048852,0.0,0.07140000000000002,0.15593127392303374,0.01505258854048852,0.0,0.0,0.05163990720000014,3.6133433543389253,64,6,7,0.5258338949008938,0.16574109365200435,5.821350643501032,17,12,0.00025577344180006083,0.6898750558694906,5,0.7448228785928936,0.002063747644353726,10,0.199803047141763,0,po-rapec-quality-energy-only-20260731-loto-object_detection,389,3.6133433543389253
0.0,0.0,0.0,0.0,0.0,0.0,0.0,-0.005588702998168535,0.0,32,5,9,0.3420409833022859,0.22249716324955404,2.1877253035892466,10,9,0.000409934929500598,1.123200977956422,5,0.3943123601335786,0.0026741393858299538,10,0.11702302497620454,1,po-rapec-quality-energy-only-20260731-loto-object_detection,390,0.0
0.0,0.0,0.0,0.0,0.0,0.0,0.0,-0.005588702998168535,0.0,128,3,15,0.7267287103850608,0.266883920975316,6.1461809776615635,25,14,2.3113765107812644e-06,0.7930979734911368,6,0.21887439708872586,0.004397240233431928,22,0.22368511905571775,1,po-rapec-quality-energy-only-20260731-loto-object_detection,391,0.0
0.0,0.0,0.0,0.0,0.0,0.0,0.0,-0.005588702998168535,0.0,32,3,10,0.1811861648019899,0.16574109365200435,1.584145450898106,34,12,0.0002994695569663171,0.6588043345268373,5,0.5350428055894331,0.001655217267977339,22,0.199803047141763,1,po-rapec-quality-energy-only-20260731-loto-object_detection,392,0.0
0.016804435469234425,0.2958349334878076,0.07140000000000002,0.2628736148804124,0.016804435469234425,0.2958349334878076,0.0,0.05163990720000014,3.6133433543389253,192,9,14,0.7267287103850608,0.3652175397193492,6.1461809776615635,10,10,3.274116442978566e-05,1.3374812577847566,5,0.6568903106725658,0.001655217267977339,9,0.199803047141763,0,po-rapec-quality-energy-only-20260731-loto-object_detection,393,3.6133433543389253
0.0,0.0,0.0,0.0,0.0,0.0,0.0,-0.005588702998168535,0.0,64,8,13,0.1811861648019899,0.15412463755037234,5.8974601458119,38,20,0.0003054824486747329,2.318039089565877,7,0.5300120444283324,0.0012525593393950944,17,0.06277027456699352,1,po-rapec-quality-energy-only-20260731-loto-object_detection,394,0.0
0.0688498443426634,0.558504014707414,0.14770000000000005,0.4894426950908097,0.0688498443426634,0.558504014707414,0.1445596501231503,0.12410178055469423,8.055312823017784,128,3,10,0.1811861648019899,0.15412463755037234,1.584145450898106,38,14,0.0003054824486747329,2.318039089565877,7,0.7794404056863412,0.0017934414957361169,17,0.4651860672913148,0,po-rapec-quality-energy-only-20260731-loto-object_detection,395,8.055312823017784
0.0,0.0,0.0,0.0,0.0,0.0,0.0,-0.005588702998168535,0.0,128,4,4,0.6483021260443056,0.16574109365200435,6.1461809776615635,18,12,0.0003054824486747329,0.7113319796648119,8,0.5350428055894331,0.0012525593393950944,17,0.15970101608433526,1,po-rapec-quality-energy-only-20260731-loto-object_detection,396,0.0
0.038612253872664266,0.2819167279359614,0.14770000000000005,0.28783488493990306,0.038612253872664266,0.2819167279359614,0.0,0.12410178055469423,6.258946796487252,128,8,4,0.6483021260443056,0.21086616622255616,6.328429433669586,10,11,1.049157761634226e-06,2.4636828950783753,5,0.7066447202974404,0.0012525593393950944,17,0.15970101608433526,0,po-rapec-quality-energy-only-20260731-loto-object_detection,397,6.258946796487252
0.0046470706847818915,0.0098603628507302,0.017499272480562156,0.13320063456581444,0.0046470706847818915,0.0098603628507302,0.0,0.0022660433090095737,1.28622108194947,128,7,5,0.3786786714337511,0.16574109365200435,6.1461809776615635,40,12,2.3113765107812644e-06,0.7930979734911368,5,0.6642847559127573,0.001655217267977339,7,0.09804758289611025,0,po-rapec-quality-energy-only-20260731-loto-object_detection,398,1.28622108194947
0.0,0.0,0.0,0.0,0.0,0.0,0.0,-0.005588702998168535,0.0,64,13,13,0.5258338949008938,0.1569165418169604,5.4623983783786425,10,16,1.049157761634226e-06,0.7113319796648119,5,0.27815308632588565,0.0015444546694416315,13,0.1185750959305687,1,po-rapec-quality-energy-only-20260731-loto-object_detection,399,0.0
0.018686566465215382,0.18528054517674947,0.07140000000000002,0.2559172617753583,0.018686566465215382,0.18528054517674947,0.0,0.05163990720000014,3.6133433543389253,128,6,10,0.6483021260443056,0.3652175397193492,7.695240955552773,22,10,8.893585234985786e-05,2.449529680475239,7,0.42238691798829675,0.008485904383522336,17,0.22368511905571775,0,po-rapec-quality-energy-only-20260731-loto-object_detection,400,3.6133433543389253
0.0028669605259570574,0.07227982506157515,0.010183151628129217,0.14062443693532597,0.0028669605259570574,0.07227982506157515,0.0,0.0022660433090095737,1.28622108194947,128,3,10,0.1313749898792892,0.21086616622255616,1.584145450898106,38,10,0.0003054824486747329,0.6588043345268373,7,0.5300120444283324,0.01665310648305167,17,0.4651860672913148,0,po-rapec-quality-energy-only-20260731-loto-object_detection,401,1.28622108194947
0.0,0.0,0.0,0.0,0.0,0.0,0.0,-0.005588702998168535,0.0,128,8,11,0.014199398019748056,0.21086616622255616,7.695240955552773,29,13,2.3113765107812644e-06,1.2684005065783863,7,0.5253654001662241,0.006941443022895257,24,0.09804758289611025,1,po-rapec-quality-energy-only-20260731-loto-object_detection,402,0.0
0.0,0.0,0.0,0.0,0.0,0.0,0.0,-0.005588702998168535,0.0,128,6,7,0.6483021260443056,0.21086616622255616,5.821350643501032,10,8,2.3113765107812644e-06,1.3656755905681168,8,0.7066447202974404,0.002063747644353726,20,0.15970101608433526,1,po-rapec-quality-energy-only-20260731-loto-object_detection,403,0.0
0.016541394371747824,0.08965984162245097,0.07140000000000002,0.22079671942138665,0.016541394371747824,0.08965984162245097,0.0,0.05163990720000014,3.6133433543389253,64,14,9,0.5362877539729864,0.41229291461757933,6.1461809776615635,18,12,7.956900406662393e-06,0.7113319796648119,5,0.5350428055894331,0.0012525593393950944,7,0.4853686244725673,0,po-rapec-quality-energy-only-20260731-loto-object_detection,404,3.6133433543389253
0.0,0.0,0.0,0.0,0.0,0.0,0.0,-0.005588702998168535,0.0,192,4,4,0.12708363992369645,0.39612294798116987,2.1877253035892466,10,11,0.0003054824486747329,0.9008712249171811,5,0.6809228268930211,0.0012525593393950944,10,0.06277027456699352,1,po-rapec-quality-energy-only-20260731-loto-object_detection,405,0.0
0.0,0.0,0.0,0.0,0.0,0.0,0.0,-0.005588702998168535,0.0,32,8,14,0.014199398019748056,0.22249716324955404,7.695240955552773,29,13,1.3051561307268949e-05,0.7930979734911368,5,0.27815308632588565,0.06722755541312639,24,0.1287806449711737,1,po-rapec-quality-energy-only-20260731-loto-object_detection,406,0.0
0.0,0.0,0.0,0.0,0.0,0.0,0.0,-0.005588702998168535,0.0,128,8,15,0.0808445435630649,0.1614965037659679,5.120964931670326,9,19,0.0003738043215049657,1.3656755905681168,5,0.5300120444283324,0.004397240233431928,17,0.06277027456699352,1,po-rapec-quality-energy-only-20260731-loto-object_detection,407,0.0
0.0002950358646364078,0.0,0.0017702151878184469,0.021154911896651588,0.0002950358646364078,0.0,0.0,-0.003818487810350088,0.31674883929215086,64,9,10,0.1811861648019899,0.266883920975316,1.584145450898106,15,10,8.893585234985786e-05,0.6588043345268373,7,0.7325597936447815,0.006941443022895257,18,0.4651860672913148,0,po-rapec-quality-energy-only-20260731-loto-object_detection,408,0.31674883929215086
0.07056588253099894,0.588329382755679,0.15659999999999996,0.49986855114989415,0.07056588253099894,0.588329382755679,0.13597590510494906,0.13904636762014325,8.921230467359159,192,3,10,0.008561405614695662,0.22249716324955404,1.5136899631293677,32,10,3.274116442978566e-05,2.449529680475239,7,0.27815308632588565,0.008485904383522336,17,0.3948644775421796,0,po-rapec-quality-energy-only-20260731-loto-object_detection,409,8.921230467359159
0.0,0.0,0.0,0.0,0.0,0.0,0.0,-0.005588702998168535,0.0,64,6,14,0.1313749898792892,0.16574109365200435,6.1461809776615635,38,10,4.383462944068723e-06,0.6588043345268373,8,0.7794404056863412,0.0012525593393950944,7,0.199803047141763,1,po-rapec-quality-energy-only-20260731-loto-object_detection,410,0.0
0.0,0.0,0.0,0.0,0.0,0.0,0.0,-0.005588702998168535,0.0,128,6,5,0.6483021260443056,0.16424735823111047,7.695240955552773,10,15,2.3113765107812644e-06,1.5035231235741928,7,0.7066447202974404,0.006941443022895257,22,0.09804758289611025,1,po-rapec-quality-energy-only-20260731-loto-object_detection,411,0.0
0.0031525885404885177,0.0,0.018915531242931105,0.06512465033128903,0.0031525885404885177,0.0,0.0,-0.0035664909274869157,0.8413625384561836,192,6,15,0.5829134334924898,0.1814762621266769,5.821350643501032,22,14,3.274116442978566e-05,0.6898750558694906,5,0.7448228785928936,0.001655217267977339,10,0.15615571090997005,0,po-rapec-quality-energy-only-20260731-loto-object_detection,412,0.8413625384561836
0.01571120755036411,0.15594040634491946,0.07140000000000002,0.21123542073796667,0.01571120755036411,0.15594040634491946,0.0,0.05163990720000014,3.6133433543389253,128,14,10,0.26734535406053295,0.3652175397193492,1.5136899631293677,29,10,4.714649581161684e-05,1.3374812577847566,5,0.6568903106725658,0.006941443022895257,9,0.1708841689915172,0,po-rapec-quality-energy-only-20260731-loto-object_detection,413,3.6133433543389253
0.0,0.0,0.0,0.0,0.0,0.0,0.0,-0.005588702998168535,0.0,64,3,10,0.008561405614695662,0.15412463755037234,1.5136899631293677,22,14,8.893585234985786e-05,2.449529680475239,7,0.5300120444283324,0.01665310648305167,17,0.22368511905571775,1,po-rapec-quality-energy-only-20260731-loto-object_detection,414,0.0
0.0,0.0,0.0,0.0,0.0,0.0,0.0,-0.005588702998168535,0.0,192,3,9,0.12708363992369645,0.10370785587428935,2.3408300074322663,32,7,3.274116442978566e-05,1.123200977956422,3,0.4292125583440475,0.0017486397382382934,24,0.1185750959305687,1,po-rapec-quality-energy-only-20260731-loto-object_detection,415,0.0
0.0034897090230746977,0.0,0.01916803895062974,0.08510673223805972,0.0034897090230746977,0.0,0.0,-0.003313983219788281,0.8525940774069318,128,8,3,0.6598124856737595,0.29573352945508913,7.695240955552773,29,13,0.0003738043215049657,1.5035231235741928,5,0.27025645956524325,0.0012525593393950944,15,0.1287806449711737,0,po-rapec-quality-energy-only-20260731-loto-object_detection,416,0.8525940774069318
0.00039839526797605385,0.0,0.002390371607856323,0.02409327502052505,0.00039839526797605385,0.0,0.0,-0.003198331390312212,0.42771491142751156,32,9,6,0.26734535406053295,0.21086616622255616,2.1877253035892466,20,9,2.0484829269537454e-05,0.6588043345268373,8,0.787771738823887,0.006941443022895257,13,0.22368511905571775,0,po-rapec-quality-energy-only-20260731-loto-object_detection,417,0.42771491142751156
0.028499389027464822,0.05388110237956429,0.14770000000000005,0.1961579545798714,0.028499389027464822,0.05388110237956429,0.0,0.12410178055469423,6.258946796487252,96,9,9,0.3420409833022859,0.09646638311222154,6.638110755872421,20,20,7.956900406662393e-06,1.8105041158186068,7,0.7794404056863412,0.0080881376724591,13,0.4651860672913148,0,po-rapec-quality-energy-only-20260731-loto-object_detection,418,6.258946796487252
0.0,0.0,0.0,0.0,0.0,0.0,0.0,-0.005588702998168535,0.0,128,6,9,0.3420409833022859,0.41229291461757933,5.821350643501032,17,20,0.00025577344180006083,1.123200977956422,5,0.3943123601335786,0.002063747644353726,10,0.11702302497620454,1,po-rapec-quality-energy-only-20260731-loto-object_detection,419,0.0
0.0,0.0,0.0,0.0,0.0,0.0,0.0,-0.005588702998168535,0.0,96,9,14,0.26734535406053295,0.16574109365200435,6.1461809776615635,20,10,3.274116442978566e-05,0.6588043345268373,5,0.5350428055894331,0.0012525593393950944,13,0.199803047141763,1,po-rapec-quality-energy-only-20260731-loto-object_detection,420,0.0
0.0,0.0,0.0,0.0,0.0,0.0,0.0,-0.005588702998168535,0.0,192,3,13,0.5258338949008938,0.1569165418169604,6.1461809776615635,18,12,1.049157761634226e-06,1.5035231235741928,5,0.42238691798829675,0.008485904383522336,10,0.09660310297537418,1,po-rapec-quality-energy-only-20260731-loto-object_detection,421,0.0
0.0,0.0,0.0,0.0,0.0,0.0,0.0,-0.005588702998168535,0.0,64,14,14,0.5258338949008938,0.16574109365200435,6.1461809776615635,18,12,3.274116442978566e-05,0.7113319796648119,5,0.5350428055894331,0.0012525593393950944,7,0.199803047141763,1,po-rapec-quality-energy-only-20260731-loto-object_detection,422,0.0
0.016541394371747824,0.09964475650810077,0.07140000000000002,0.2241250243832699,0.016541394371747824,0.09964475650810077,0.0,0.05163990720000014,3.6133433543389253,64,14,5,0.5258338949008938,0.22249716324955404,2.3408300074322663,32,12,0.000409934929500598,0.7113319796648119,5,0.31605937940430673,0.0012525593393950944,7,0.199803047141763,0,po-rapec-quality-energy-only-20260731-loto-object_detection,423,3.6133433543389253
0.0,0.0,0.0,0.0,0.0,0.0,0.0,-0.005588702998168535,0.0,64,3,5,0.1811861648019899,0.266883920975316,2.3408300074322663,34,9,2.0484829269537454e-05,0.6588043345268373,7,0.27815308632588565,0.01665310648305167,14,0.22368511905571775,1,po-rapec-quality-energy-only-20260731-loto-object_detection,424,0.0
0.015094673158438293,0.0,0.07140000000000002,0.15925528528966018,0.015094673158438293,0.0,0.0,0.05163990720000014,3.6133433543389253,128,3,3,0.6483021260443056,0.29573352945508913,5.120964931670326,29,17,0.00025577344180006083,0.6898750558694906,8,0.7655599224020917,0.002063747644353726,6,0.3672495372173562,0,po-rapec-quality-energy-only-20260731-loto-object_detection,425,3.6133433543389253
0.0016971919380215361,0.0,0.010183151628129217,0.06987896762479541,0.0016971919380215361,0.0,0.0,0.0022660433090095737,1.28622108194947,32,8,15,0.4445614221924992,0.29573352945508913,5.120964931670326,29,8,2.3113765107812644e-06,1.3656755905681168,5,0.7655599224020917,0.01165028681231272,22,0.1287806449711737,0,po-rapec-quality-energy-only-20260731-loto-object_detection,426,1.28622108194947
0.002916545413427026,0.0,0.017499272480562156,0.060129902932225955,0.002916545413427026,0.0,0.0,-0.004982749689855865,0.7783673705111724,128,9,10,0.26734535406053295,0.21086616622255616,1.5136899631293677,20,10,8.893585234985786e-05,0.6898750558694906,8,0.7066447202974404,0.002063747644353726,10,0.1708841689915172,0,po-rapec-quality-energy-only-20260731-loto-object_detection,427,0.7783673705111724
0.002916545413427026,0.0,0.017499272480562156,0.060129902932225955,0.002916545413427026,0.0,0.0,-0.004982749689855865,0.7783673705111724,96,6,7,0.5829134334924898,0.20390054419452708,1.5136899631293677,20,20,0.00025577344180006083,1.3374812577847566,8,0.7448228785928936,0.006941443022895257,9,0.11702302497620454,0,po-rapec-quality-energy-only-20260731-loto-object_detection,428,0.7783673705111724
0.0,0.0,0.0,0.0,0.0,0.0,0.0,-0.005588702998168535,0.0,128,3,13,0.09419999960135171,0.266883920975316,1.584145450898106,22,14,1.049157761634226e-06,2.449529680475239,8,0.5300120444283324,0.004397240233431928,17,0.22368511905571775,1,po-rapec-quality-energy-only-20260731-loto-object_detection,429,0.0
0.0031525885404885177,0.0,0.018915531242931105,0.06512465033128903,0.0031525885404885177,0.0,0.0,-0.0035664909274869157,0.8413625384561836,96,5,5,0.3420409833022859,0.41229291461757933,6.638110755872421,32,20,0.000409934929500598,1.123200977956422,5,0.3943123601335786,0.005213219454233873,10,0.11702302497620454,0,po-rapec-quality-energy-only-20260731-loto-object_detection,430,0.8413625384561836
0.0,0.0,0.0,0.0,0.0,0.0,0.0,-0.005588702998168535,0.0,128,8,3,0.12708363992369645,0.39612294798116987,6.328429433669586,34,20,1.049157761634226e-06,0.9008712249171811,5,0.14056987453669778,0.0012525593393950944,15,0.06277027456699352,1,po-rapec-quality-energy-only-20260731-loto-object_detection,431,0.0
0.0,0.0,0.0,0.0,0.0,0.0,0.0,-0.005588702998168535,0.0,192,3,14,0.7267287103850608,0.22249716324955404,2.3408300074322663,25,7,2.3113765107812644e-06,0.6184756504269193,2,0.5350428055894331,0.01165028681231272,22,0.22368511905571775,1,po-rapec-quality-energy-only-20260731-loto-object_detection,432,0.0
0.011454684959629783,0.0908902140932379,0.04620000000000002,0.15692159974391567,0.011454684959629783,0.0908902140932379,0.0,0.026439907200000137,2.3380456998663637,192,9,3,0.26734535406053295,0.29573352945508913,5.120964931670326,20,20,0.0004479186373422014,1.3656755905681168,8,0.14056987453669778,0.0012525593393950944,9,0.1708841689915172,0,po-rapec-quality-energy-only-20260731-loto-object_detection,433,2.3380456998663637
0.015121996217689974,0.2753908482378799,0.04620000000000002,0.25358464476519627,0.015121996217689974,0.2753908482378799,0.0,0.026439907200000137,2.9329049666598626,128,9,10,0.26734535406053295,0.3652175397193492,4.945386186089685,20,10,4.714649581161684e-05,1.3374812577847566,8,0.6568903106725658,0.06530030839330797,9,0.1708841689915172,0,po-rapec-quality-energy-only-20260731-loto-object_detection,434,2.9329049666598626
0.0,0.0,0.0,0.0,0.0,0.0,0.0,-0.005588702998168535,0.0,128,3,13,0.5258338949008938,0.1569165418169604,5.4623983783786425,22,20,1.049157761634226e-06,0.7113319796648119,5,0.5300120444283324,0.0012525593393950944,17,0.09660310297537418,1,po-rapec-quality-energy-only-20260731-loto-object_detection,435,0.0
0.0,0.0,0.0,0.0,0.0,0.0,0.0,-0.005588702998168535,0.0,128,6,13,0.6483021260443056,0.39612294798116987,5.4623983783786425,10,13,1.049157761634226e-06,1.5035231235741928,8,0.7066447202974404,0.0012525593393950944,10,0.06277027456699352,1,po-rapec-quality-energy-only-20260731-loto-object_detection,436,0.0
0.0,0.0,0.0,0.0,0.0,0.0,0.0,-0.005588702998168535,0.0,32,3,14,0.09419999960135171,0.16574109365200435,6.1461809776615635,22,12,3.274116442978566e-05,0.7930979734911368,7,0.5300120444283324,0.004397240233431928,17,0.199803047141763,1,po-rapec-quality-energy-only-20260731-loto-object_detection,437,0.0
0.0,0.0,0.0,0.0,0.0,0.0,0.0,-0.005588702998168535,0.0,32,5,9,0.3786786714337511,0.4323921741725318,7.695240955552773,29,17,1.3051561307268949e-05,1.5035231235741928,8,0.27025645956524325,0.06530030839330797,22,0.1287806449711737,1,po-rapec-quality-energy-only-20260731-loto-object_detection,438,0.0
0.002916545413427026,0.0,0.017499272480562156,0.060129902932225955,0.002916545413427026,0.0,0.0,-0.004982749689855865,0.7783673705111724,96,6,10,0.12708363992369645,0.3652175397193492,1.5136899631293677,10,10,0.00020086606904802398,0.9008712249171811,8,0.31605937940430673,0.005213219454233873,9,0.1185750959305687,0,po-rapec-quality-energy-only-20260731-loto-object_detection,439,0.7783673705111724
0.058599215864332276,0.5445577944733955,0.15659999999999996,0.4067306956104622,0.058599215864332276,0.5445577944733955,0.0,0.13904636762014325,8.921230467359159,96,3,13,0.26734535406053295,0.16424735823111047,1.5136899631293677,20,18,8.893585234985786e-05,1.5035231235741928,7,0.42238691798829675,0.005370967650235346,13,0.4651860672913148,0,po-rapec-quality-energy-only-20260731-loto-object_detection,440,8.921230467359159
0.0,0.0,0.0,0.0,0.0,0.0,0.0,-0.005588702998168535,0.0,96,3,5,0.014199398019748056,0.22249716324955404,2.3408300074322663,29,16,2.3113765107812644e-06,1.2684005065783863,8,0.5253654001662241,0.006941443022895257,17,0.1185750959305687,1,po-rapec-quality-energy-only-20260731-loto-object_detection,441,0.0
0.0,0.0,0.0,0.0,0.0,0.0,0.0,-0.005588702998168535,0.0,128,11,5,0.26734535406053295,0.269283931896336,4.286924794337882,25,8,2.3113765107812644e-06,1.2684005065783863,7,0.6642847559127573,0.006941443022895257,22,0.09804758289611025,1,po-rapec-quality-energy-only-20260731-loto-object_detection,442,0.0
0.0,0.0,0.0,0.0,0.0,0.0,0.0,-0.005588702998168535,0.0,96,5,4,0.5870770520433266,0.21086616622255616,2.1877253035892466,37,9,7.956900406662393e-06,0.6588043345268373,8,0.7066447202974404,0.0080881376724591,17,0.11702302497620454,1,po-rapec-quality-energy-only-20260731-loto-object_detection,443,0.0
0.022404557773230315,0.2724198707752341,0.07140000000000002,0.2808009048375711,0.022404557773230315,0.2724198707752341,0.0,0.05163990720000014,3.6133433543389253,96,6,12,0.12708363992369645,0.266883920975316,7.469270783788,32,7,0.0005221769501251871,2.449529680475239,6,0.46634118411288916,0.005213219454233873,10,0.22368511905571775,0,po-rapec-quality-energy-only-20260731-loto-object_detection,444,3.6133433543389253
0.002787065731783195,0.0,0.01672239439069917,0.05847984942373166,0.002787065731783195,0.0,0.0,-0.005588702998168535,0.743811845035123,32,3,15,0.1811861648019899,0.266883920975316,1.584145450898106,34,16,0.0005221769501251871,2.449529680475239,5,0.5300120444283324,0.01665310648305167,17,0.22368511905571775,0,po-rapec-quality-energy-only-20260731-loto-object_detection,445,0.743811845035123
0.01592209070661509,0.27634549946201303,0.06640000000000001,0.24637819078337822,0.01592209070661509,0.27634549946201303,0.0,0.046639907200000136,3.3603081054356387,96,9,11,0.1811861648019899,0.15412463755037234,1.584145450898106,20,10,8.893585234985786e-05,2.318039089565877,7,0.6568903106725658,0.01665310648305167,9,0.22368511905571775,0,po-rapec-quality-energy-only-20260731-loto-object_detection,446,3.3603081054356387
0.00319467315843829,0.0,0.01916803895062974,0.06679668851928891,0.00319467315843829,0.0,0.0,-0.003313983219788281,0.8525940774069318,96,6,5,0.12708363992369645,0.22249716324955404,2.1877253035892466,32,9,0.000409934929500598,0.9008712249171811,7,0.31605937940430673,0.005213219454233873,7,0.1185750959305687,0,po-rapec-quality-energy-only-20260731-loto-object_detection,447,0.8525940774069318
0.0,0.0,0.0,0.0,0.0,0.0,0.0,-0.005588702998168535,0.0,192,9,15,0.26734535406053295,0.3652175397193492,1.5136899631293677,20,10,3.274116442978566e-05,0.7930979734911368,8,0.6568903106725658,0.006941443022895257,17,0.1236622347166258,1,po-rapec-quality-energy-only-20260731-loto-object_detection,448,0.0
0.008947539833262056,0.0,0.04620000000000002,0.11494758082780561,0.008947539833262056,0.0,0.0,0.026439907200000137,2.3380456998663637,128,13,9,0.3786786714337511,0.29573352945508913,4.945386186089685,29,17,1.3051561307268949e-05,1.5035231235741928,8,0.6642847559127573,0.002063747644353726,22,0.1657301947280217,0,po-rapec-quality-energy-only-20260731-loto-object_detection,449,2.3380456998663637
0.002916545413427026,0.0,0.017499272480562156,0.060129902932225955,0.002916545413427026,0.0,0.0,-0.004982749689855865,0.7783673705111724,64,9,14,0.5258338949008938,0.16574109365200435,6.1461809776615635,18,10,3.274116442978566e-05,0.7113319796648119,5,0.5350428055894331,0.0012525593393950944,13,0.4651860672913148,0,po-rapec-quality-energy-only-20260731-loto-object_detection,450,0.7783673705111724
0.0,0.0,0.0,0.0,0.0,0.0,0.0,-0.005588702998168535,0.0,192,3,14,0.1811861648019899,0.22249716324955404,2.3408300074322663,34,7,0.0002994695569663171,0.7930979734911368,8,0.5300120444283324,0.01665310648305167,22,0.1185750959305687,1,po-rapec-quality-energy-only-20260731-loto-object_detection,451,0.0
0.0,0.0,0.0,0.0,0.0,0.0,0.0,-0.005588702998168535,0.0,128,3,5,0.12708363992369645,0.39612294798116987,4.945386186089685,25,8,9.201700563337084e-05,0.9008712249171811,5,0.6809228268930211,0.0012525593393950944,10,0.06277027456699352,1,po-rapec-quality-energy-only-20260731-loto-object_detection,452,0.0
0.0,0.0,0.0,0.0,0.0,0.0,0.0,-0.005588702998168535,0.0,192,3,13,0.7267287103850608,0.39612294798116987,6.1461809776615635,22,14,3.274116442978566e-05,0.7930979734911368,5,0.6809228268930211,0.001655217267977339,17,0.06277027456699352,1,po-rapec-quality-energy-only-20260731-loto-object_detection,453,0.0
0.0002685894828969466,0.0,0.0016115368973816796,0.01637740741183119,0.0002685894828969466,0.0,0.0,-0.003977166100786855,0.2883561531020335,64,8,15,0.008561405614695662,0.14728949707285816,4.945386186089685,22,10,2.3113765107812644e-06,0.5595589236813782,8,0.5321695403947068,0.008485904383522336,20,0.4651860672913148,0,po-rapec-quality-energy-only-20260731-loto-object_detection,454,0.2883561531020335
0.06584997843267597,0.5594763895246725,0.14770000000000005,0.4602945705854726,0.06584997843267597,0.5594763895246725,0.11873063807329202,0.12410178055469423,8.055312823017784,96,3,5,0.26734535406053295,0.3074974965555521,2.3408300074322663,10,16,2.0484829269537454e-05,0.9008712249171811,8,0.6568903106725658,0.0015444546694416315,17,0.4095544879159686,0,po-rapec-quality-energy-only-20260731-loto-object_detection,455,8.055312823017784
0.019321996217689975,0.28117722577270765,0.07140000000000002,0.2879226350883823,0.019321996217689975,0.28117722577270765,0.0,0.05163990720000014,3.6133433543389253,192,8,5,0.7267287103850608,0.39612294798116987,6.328429433669586,38,20,1.049157761634226e-06,0.7930979734911368,5,0.5350428055894331,0.001655217267977339,7,0.199803047141763,0,po-rapec-quality-energy-only-20260731-loto-object_detection,456,3.6133433543389253
0.0,0.0,0.0,0.0,0.0,0.0,0.0,-0.005588702998168535,0.0,32,8,11,0.12708363992369645,0.22249716324955404,7.695240955552773,29,13,0.000409934929500598,1.2684005065783863,5,0.5253654001662241,0.0026741393858299538,24,0.1185750959305687,1,po-rapec-quality-energy-only-20260731-loto-object_detection,457,0.0
0.0,0.0,0.0,0.0,0.0,0.0,0.0,-0.005588702998168535,0.0,128,9,3,0.0808445435630649,0.3652175397193492,1.5136899631293677,10,10,0.0003738043215049657,1.3656755905681168,8,0.14056987453669778,0.006941443022895257,15,0.06277027456699352,1,po-rapec-quality-energy-only-20260731-loto-object_detection,458,0.0
6.666666666665932e-05,0.0,0.00039999999999995595,0.00650550075761077,6.666666666665932e-05,0.0,0.0,-0.005588702998168535,0.02278730643003366,32,8,9,0.014199398019748056,0.16424735823111047,7.695240955552773,29,13,1.049157761634226e-06,1.5035231235741928,5,0.27025645956524325,0.06722755541312639,10,0.06277027456699352,0,po-rapec-quality-energy-only-20260731-loto-object_detection,459,0.02278730643003366
0.0038700210517883527,0.0,0.023220126310730116,0.09666779024586448,0.0038700210517883527,0.0,0.0,0.015303017991610473,2.9329049666598626,192,3,14,0.7267287103850608,0.266883920975316,6.1461809776615635,32,12,3.274116442978566e-05,0.7930979734911368,5,0.5350428055894331,0.008485904383522336,7,0.199803047141763,0,po-rapec-quality-energy-only-20260731-loto-object_detection,460,2.9329049666598626
0.0,0.0,0.0,0.0,0.0,0.0,0.0,-0.005588702998168535,0.0,32,3,9,0.6086181253847855,0.16424735823111047,2.441794611798836,29,12,3.274116442978566e-05,1.5035231235741928,8,0.27025645956524325,0.008485904383522336,10,0.15970101608433526,1,po-rapec-quality-energy-only-20260731-loto-object_detection,461,0.0
0.0,0.0,0.0,0.0,0.0,0.0,0.0,-0.005588702998168535,0.0,128,8,5,0.5258338949008938,0.16574109365200435,6.1461809776615635,18,20,6.736094956274663e-06,0.7113319796648119,5,0.5350428055894331,0.0012525593393950944,10,0.06277027456699352,1,po-rapec-quality-energy-only-20260731-loto-object_detection,462,0.0
0.0009203439163748458,0.019548767658335284,0.003117348913303397,0.05532986390241177,0.0009203439163748458,0.019548767658335284,0.0,-0.003198331390312212,0.42771491142751156,96,9,10,0.26734535406053295,0.3652175397193492,1.5136899631293677,20,10,0.00018679759913425937,0.6588043345268373,7,0.7794404056863412,0.006941443022895257,13,0.4651860672913148,1,po-rapec-quality-energy-only-20260731-loto-object_detection,463,0.42771491142751156
0.013773705653847489,0.2753908482378799,0.04620000000000002,0.2486298780369212,0.013773705653847489,0.2753908482378799,0.0,0.026439907200000137,2.3380456998663637,128,9,3,0.26734535406053295,0.29573352945508913,4.945386186089685,29,10,1.0250810973573967e-06,2.9853284539549487,8,0.6568903106725658,0.006941443022895257,9,0.1657301947280217,0,po-rapec-quality-energy-only-20260731-loto-object_detection,464,2.3380456998663637
0.028375785466766095,0.14377008045030268,0.14770000000000005,0.20117729592921219,0.028375785466766095,0.14377008045030268,0.0,0.12410178055469423,6.258946796487252,128,9,4,0.6483021260443056,0.21086616622255616,2.1877253035892466,10,16,0.0003054824486747329,1.6404664224203844,6,0.7066447202974404,0.06530030839330797,17,0.1708841689915172,0,po-rapec-quality-energy-only-20260731-loto-object_detection,465,6.258946796487252
0.0,0.0,0.0,0.0,0.0,0.0,0.0,-0.005588702998168535,0.0,128,3,11,0.6483021260443056,0.16424735823111047,1.584145450898106,34,9,1.195261770243641e-06,0.6588043345268373,2,0.7066447202974404,0.0025096726609167993,22,0.15970101608433526,1,po-rapec-quality-energy-only-20260731-loto-object_detection,466,0.0
0.0,0.0,0.0,0.0,0.0,0.0,0.0,-0.005588702998168535,0.0,32,5,9,0.014199398019748056,0.4119866683968176,6.638110755872421,29,14,1.3051561307268949e-05,1.008789569726333,8,0.27025645956524325,0.0080881376724591,24,0.11702302497620454,1,po-rapec-quality-energy-only-20260731-loto-object_detection,467,0.0
0.02477881120462048,0.0,0.14770000000000005,0.10129081715728648,0.02477881120462048,0.0,0.0,0.12410178055469423,6.258946796487252,96,9,10,0.26734535406053295,0.3652175397193492,1.584145450898106,20,11,3.4600072652490924e-06,0.8014113597491352,7,0.5300120444283324,0.006941443022895257,22,0.44566949118565535,0,po-rapec-quality-energy-only-20260731-loto-object_detection,468,6.258946796487252
0.0,0.0,0.0,0.0,0.0,0.0,0.0,-0.005588702998168535,0.0,96,6,5,0.12708363992369645,0.22249716324955404,2.3408300074322663,32,7,0.000409934929500598,0.9008712249171811,5,0.31605937940430673,0.005213219454233873,10,0.1185750959305687,1,po-rapec-quality-energy-only-20260731-loto-object_detection,469,0.0
0.0046464022077585335,0.04436754524013377,0.01672239439069917,0.15160547772561753,0.0046464022077585335,0.04436754524013377,0.0,0.0022660433090095737,1.28622108194947,128,5,15,0.7267287103850608,0.266883920975316,6.328429433669586,22,20,0.0009545364376328952,1.1412630274505293,5,0.6809228268930211,0.001655217267977339,17,0.22368511905571775,0,po-rapec-quality-energy-only-20260731-loto-object_detection,470,1.28622108194947
0.0,0.0,0.0,0.0,0.0,0.0,0.0,-0.005588702998168535,0.0,128,3,4,0.008561405614695662,0.21086616622255616,1.5136899631293677,10,10,8.893585234985786e-05,1.2684005065783863,7,0.6568903106725658,0.008485904383522336,17,0.09804758289611025,1,po-rapec-quality-energy-only-20260731-loto-object_detection,471,0.0
0.0,0.0,0.0,0.0,0.0,0.0,0.0,-0.005588702998168535,0.0,128,11,4,0.26734535406053295,0.21086616622255616,2.1877253035892466,10,15,2.3113765107812644e-06,1.2684005065783863,7,0.6568903106725658,0.006941443022895257,22,0.09804758289611025,1,po-rapec-quality-energy-only-20260731-loto-object_detection,472,0.0
2.3904961815590653e-06,0.0,1.4342977089354392e-05,0.0065162558861117615,2.3904961815590653e-06,0.0,0.0,-0.005588702998168535,0.0018116434070652306,96,9,5,0.26734535406053295,0.22249716324955404,1.5136899631293677,10,16,2.0484829269537454e-05,0.9008712249171811,7,0.27815308632588565,0.006941443022895257,13,0.1185750959305687,0,po-rapec-quality-energy-only-20260731-loto-object_detection,473,0.0018116434070652306
0.0016971919380215361,0.0,0.010183151628129217,0.0781394135853971,0.0016971919380215361,0.0,0.0,0.0022660433090095737,1.28622108194947,96,7,9,0.3420409833022859,0.16424735823111047,7.695240955552773,37,13,1.3051561307268949e-05,1.5035231235741928,3,0.27025645956524325,0.06722755541312639,24,0.1287806449711737,0,po-rapec-quality-energy-only-20260731-loto-object_detection,474,1.28622108194947
0.0005195581522172329,0.0,0.003117348913303397,0.024939721947977864,0.0005195581522172329,0.0,0.0,-0.005588702998168535,0.13865963166806336,96,9,5,0.26734535406053295,0.22249716324955404,2.1877253035892466,20,9,8.893585234985786e-05,0.6588043345268373,5,0.27815308632588565,0.0026741393858299538,13,0.4651860672913148,0,po-rapec-quality-energy-only-20260731-loto-object_detection,475,0.13865963166806336
0.0,0.0,0.0,0.0,0.0,0.0,0.0,-0.005588702998168535,0.0,64,3,4,0.26734535406053295,0.266883920975316,1.584145450898106,10,9,6.51086049993508e-05,0.6588043345268373,8,0.5300120444283324,0.01665310648305167,22,0.22368511905571775,1,po-rapec-quality-energy-only-20260731-loto-object_detection,476,0.0
0.0,0.0,0.0,0.0,0.0,0.0,0.0,-0.005588702998168535,0.0,32,3,10,0.014199398019748056,0.14728949707285816,1.584145450898106,25,9,0.0002994695569663171,1.3656755905681168,5,0.5300120444283324,0.06530030839330797,22,0.22368511905571775,1,po-rapec-quality-energy-only-20260731-loto-object_detection,477,0.0
0.0,0.0,0.0,0.0,0.0,0.0,0.0,-0.005588702998168535,0.0,128,4,4,0.6483021260443056,0.3652175397193492,1.5136899631293677,10,10,0.0003054824486747329,2.4636828950783753,8,0.7066447202974404,0.06530030839330797,17,0.15970101608433526,1,po-rapec-quality-energy-only-20260731-loto-object_detection,478,0.0
0.004389579204005585,0.0,0.023220126310730116,0.12160751219384236,0.004389579204005585,0.0,0.0,0.015303017991610473,2.9329049666598626,32,5,10,0.1811861648019899,0.29573352945508913,1.584145450898106,34,17,4.714649581161684e-05,0.6588043345268373,5,0.5300120444283324,0.0624273685155498,22,0.22368511905571775,0,po-rapec-quality-energy-only-20260731-loto-object_detection,479,2.9329049666598626
0.0,0.0,0.0,0.0,0.0,0.0,0.0,-0.005588702998168535,0.0,128,8,9,0.3420409833022859,0.41229291461757933,6.638110755872421,38,20,1.049157761634226e-06,0.9008712249171811,5,0.6809228268930211,0.0012525593393950944,24,0.06277027456699352,1,po-rapec-quality-energy-only-20260731-loto-object_detection,480,0.0
0.0,0.0,0.0,0.0,0.0,0.0,0.0,-0.005588702998168535,0.0,32,3,4,0.12708363992369645,0.22249716324955404,2.1877253035892466,10,9,2.0484829269537454e-05,0.6588043345268373,5,0.27815308632588565,0.01665310648305167,17,0.1185750959305687,1,po-rapec-quality-energy-only-20260731-loto-object_detection,481,0.0
0.00331494068140308,0.0,0.017499272480562156,0.08883038222863988,0.00331494068140308,0.0,0.0,-0.003198331390312212,0.7783673705111724,96,9,10,0.6483021260443056,0.16424735823111047,7.695240955552773,20,10,8.893585234985786e-05,1.5035231235741928,8,0.6568903106725658,0.002063747644353726,10,0.1708841689915172,0,po-rapec-quality-energy-only-20260731-loto-object_detection,482,0.7783673705111724
0.0,0.0,0.0,0.0,0.0,0.0,0.0,-0.005588702998168535,0.0,128,6,4,0.1313749898792892,0.21086616622255616,2.1877253035892466,38,20,0.0003738043215049657,0.6588043345268373,7,0.7794404056863412,0.0017934414957361169,17,0.4651860672913148,1,po-rapec-quality-energy-only-20260731-loto-object_detection,483,0.0
0.0035330798053528414,0.03449220181304469,0.017499272480562156,0.10522314252858411,0.0035330798053528414,0.03449220181304469,0.0,-0.0019761244833209624,0.7783673705111724,96,9,7,0.26734535406053295,0.3652175397193492,2.1256228454268635,20,11,0.00025577344180006083,1.3374812577847566,8,0.7066447202974404,0.006941443022895257,9,0.1708841689915172,1,po-rapec-quality-energy-only-20260731-loto-object_detection,484,0.7783673705111724
0.0,0.0,0.0,0.0,0.0,0.0,0.0,-0.005588702998168535,0.0,32,3,14,0.014199398019748056,0.16574109365200435,6.1461809776615635,32,12,3.274116442978566e-05,0.7930979734911368,8,0.6642847559127573,0.008485904383522336,7,0.199803047141763,1,po-rapec-quality-energy-only-20260731-loto-object_detection,485,0.0
0.0,0.0,0.0,0.0,0.0,0.0,0.0,-0.005588702998168535,0.0,192,6,4,0.26734535406053295,0.21086616622255616,2.1877253035892466,38,10,2.3113765107812644e-06,1.2684005065783863,7,0.6568903106725658,0.006941443022895257,22,0.09804758289611025,1,po-rapec-quality-energy-only-20260731-loto-object_detection,486,0.0
0.0,0.0,0.0,0.0,0.0,0.0,0.0,-0.005588702998168535,0.0,128,8,5,0.12708363992369645,0.39612294798116987,6.328429433669586,38,20,1.049157761634226e-06,0.9008712249171811,5,0.6809228268930211,0.0012525593393950944,10,0.06277027456699352,1,po-rapec-quality-energy-only-20260731-loto-object_detection,487,0.0
0.0,0.0,0.0,0.0,0.0,0.0,0.0,-0.005588702998168535,0.0,128,6,7,0.6483021260443056,0.21086616622255616,5.821350643501032,10,11,0.00025577344180006083,0.6898750558694906,8,0.7066447202974404,0.002063747644353726,10,0.15970101608433526,1,po-rapec-quality-energy-only-20260731-loto-object_detection,488,0.0
0.0,0.0,0.0,0.0,0.0,0.0,0.0,-0.005588702998168535,0.0,192,6,13,0.6483021260443056,0.16424735823111047,6.1461809776615635,10,11,3.274116442978566e-05,1.5035231235741928,7,0.7066447202974404,0.002063747644353726,10,0.15970101608433526,1,po-rapec-quality-energy-only-20260731-loto-object_detection,489,0.0
0.0007713733199594675,0.0,0.004628239919756805,0.03664418295824721,0.0007713733199594675,0.0,0.0,-0.005588702998168535,0.20586404037296388,32,14,9,0.5258338949008938,0.16574109365200435,7.695240955552773,29,9,1.3051561307268949e-05,0.7113319796648119,8,0.5350428055894331,0.06722755541312639,24,0.1287806449711737,0,po-rapec-quality-energy-only-20260731-loto-object_detection,490,0.20586404037296388
0.0,0.0,0.0,0.0,0.0,0.0,0.0,-0.005588702998168535,0.0,128,3,5,0.4445614221924992,0.14728949707285816,4.945386186089685,25,8,2.3113765107812644e-06,0.7930979734911368,8,0.5350428055894331,0.01165028681231272,22,0.09804758289611025,1,po-rapec-quality-energy-only-20260731-loto-object_detection,491,0.0
0.0,0.0,0.0,0.0,0.0,0.0,0.0,-0.005588702998168535,0.0,128,6,5,0.6483021260443056,0.14728949707285816,5.821350643501032,25,8,2.3113765107812644e-06,1.5035231235741928,5,0.7066447202974404,0.002063747644353726,22,0.09804758289611025,1,po-rapec-quality-energy-only-20260731-loto-object_detection,492,0.0
0.0,0.0,0.0,0.0,0.0,0.0,0.0,-0.005588702998168535,0.0,64,3,15,0.014199398019748056,0.266883920975316,4.945386186089685,22,8,1.7944401947937375e-06,2.449529680475239,6,0.6642847559127573,0.06530030839330797,20,0.2061171386779349,1,po-rapec-quality-energy-only-20260731-loto-object_detection,493,0.0
0.0,0.0,0.0,0.0,0.0,0.0,0.0,-0.005588702998168535,0.0,128,6,4,0.26734535406053295,0.21086616622255616,2.1877253035892466,10,15,2.3113765107812644e-06,0.6898750558694906,8,0.6568903106725658,0.002063747644353726,22,0.15970101608433526,1,po-rapec-quality-energy-only-20260731-loto-object_detection,494,0.0
0.0,0.0,0.0,0.0,0.0,0.0,0.0,-0.005588702998168535,0.0,128,3,5,0.4445614221924992,0.344346299564129,6.1461809776615635,25,14,2.3113765107812644e-06,0.7930979734911368,8,0.6642847559127573,0.01165028681231272,22,0.09804758289611025,1,po-rapec-quality-energy-only-20260731-loto-object_detection,495,0.0
0.0,0.0,0.0,0.0,0.0,0.0,0.0,-0.005588702998168535,0.0,128,8,5,0.12708363992369645,0.21086616622255616,7.695240955552773,10,16,2.0484829269537454e-05,1.2684005065783863,8,0.27815308632588565,0.0015444546694416315,24,0.09804758289611025,1,po-rapec-quality-energy-only-20260731-loto-object_detection,496,0.0
0.0,0.0,0.0,0.0,0.0,0.0,0.0,-0.005588702998168535,0.0,128,3,10,0.8252392983979683,0.3652175397193492,1.5136899631293677,22,10,8.893585234985786e-05,2.449529680475239,7,0.42238691798829675,0.008485904383522336,17,0.22368511905571775,1,po-rapec-quality-energy-only-20260731-loto-object_detection,497,0.0
0.0039226936297944255,0.04952620074078499,0.018821294022302426,0.1176717559347459,0.0039226936297944255,0.04952620074078499,0.0,0.013232591024133891,3.3677391746296634,64,6,4,0.34065394517985664,0.3652175397193492,1.5136899631293677,22,10,3.274116442978566e-05,0.6588043345268373,7,0.7794404056863412,0.008485904383522336,7,0.4651860672913148,0,po-rapec-quality-energy-only-20260731-loto-object_detection,498,3.3677391746296634
0.0,0.0,0.0,0.0,0.0,0.0,0.0,-0.005588702998168535,0.0,64,14,13,0.5258338949008938,0.16574109365200435,6.883187037628727,18,12,1.049157761634226e-06,0.7113319796648119,5,0.5350428055894331,0.0012525593393950944,24,0.199803047141763,1,po-rapec-quality-energy-only-20260731-loto-object_detection,499,0.0
0.060508333333333324,0.5805028499572931,0.14970000000000006,0.4869884271267102,0.060508333333333324,0.5805028499572931,0.0,0.12610178055469423,12.039357013089377,96,12,12,0.060514551815486164,0.36365997827479557,1.8614338905022185,21,12,6.720025980619265e-05,2.8352697843582106,6,0.3357107431102615,0.0015294608713817286,21,0.27002994794448515,0,po-rapec-quality-energy-only-20260731-loto-semantic_segmentation,0,12.039357013089377
0.011900000000000003,0.0,0.07140000000000002,0.09245859677037127,0.011900000000000003,0.0,0.0,0.05163990720000014,3.6133433543389253,128,10,11,0.4254575719297037,0.07997014590837376,7.962428486211424,23,11,3.30747198249804e-06,2.2635327144856987,4,0.11595466199410345,0.0013939818288844056,22,0.07219010577895829,0,po-rapec-quality-energy-only-20260731-loto-semantic_segmentation,1,3.6133433543389253
0.07535833333333333,0.5708639703656744,0.14770000000000005,0.4636577942569849,0.07535833333333333,0.5708639703656744,0.0,0.12410178055469423,8.055312823017784,32,6,15,0.8349092219027763,0.44579804380642835,4.391075916583085,33,14,0.00013264073934902786,0.8261399806296955,4,0.1982087635754055,0.0033889437566996775,20,0.37250791102712816,0,po-rapec-quality-energy-only-20260731-loto-semantic_segmentation,2,8.055312823017784
0.05712333333333331,0.5363352549444416,0.14970000000000006,0.4185146527953379,0.05712333333333331,0.5363352549444416,0.0,0.12610178055469423,6.3436989535148385,32,12,15,0.7067350419732451,0.4010188061224293,4.109080294922885,9,16,4.686396077168099e-05,2.283833897150983,5,0.7062699817812312,0.03310613238870795,15,0.3428947761063414,0,po-rapec-quality-energy-only-20260731-loto-semantic_segmentation,3,6.3436989535148385
0.07304499999999998,0.5464501722472728,0.16340000000000005,0.4599534425384459,0.07304499999999998,0.5464501722472728,0.08591436375328534,0.13980178055469422,6.924251229153804,128,3,13,0.18382223190011512,0.17144591419359778,4.970904093370037,13,11,1.8198249713015975e-06,1.2309148207888903,4,0.6120679218631515,0.004497752780981362,9,0.46493872493823685,0,po-rapec-quality-energy-only-20260731-loto-semantic_segmentation,4,6.924251229153804
0.08664999999999999,0.5878386673044289,0.15659999999999996,0.5883543867833436,0.08664999999999999,0.5878386673044289,0.583575609147618,0.13904636762014325,11.09676074709681,192,4,8,0.5749671557462632,0.41184936108706244,6.322695064894948,34,13,2.200390730395628e-05,2.4301327565111452,7,0.6262808136270359,0.06764770779188334,24,0.41278918300281914,0,po-rapec-quality-energy-only-20260731-loto-semantic_segmentation,5,11.09676074709681
0.013723333333333318,0.11884220865179446,0.05347999999999997,0.198353506081453,0.013723333333333318,0.11884220865179446,0.0,0.02132470602420129,8.882583636000541,192,3,15,0.1958397671735582,0.3306951989170591,4.336954733811688,8,11,0.0005324170727432189,1.224665324854622,3,0.5090975120609226,0.01220409718998751,24,0.20901520003416846,0,po-rapec-quality-energy-only-20260731-loto-semantic_segmentation,6,8.882583636000541
0.0,0.0,0.0,0.0,0.0,0.0,0.0,-0.0027052939757986508,0.0,64,14,7,0.7884347937041504,0.39378931744671614,4.1508190145933375,15,17,4.269586961191152e-05,0.6668395320163063,6,0.21070097837302884,0.0016687548926843194,24,0.3100736152347674,1,po-rapec-quality-energy-only-20260731-loto-semantic_segmentation,7,0.0
0.049973333333333314,0.4621363072129148,0.14090000000000003,0.3707571246081706,0.049973333333333314,0.4621363072129148,0.0197207257014604,0.1173017805546942,11.09676074709681,192,11,13,0.18214171034687923,0.06882799951501394,2.097050076353149,14,19,4.824834362781239e-05,0.6697777639472333,3,0.37372618071582187,0.04616613166369782,10,0.3748364185206756,0,po-rapec-quality-energy-only-20260731-loto-semantic_segmentation,8,11.09676074709681
0.0,0.0,0.0,0.0,0.0,0.0,0.0,-0.0027052939757986508,0.0,96,3,15,0.8362472766983152,0.2746212998423223,2.4771635933479983,37,6,9.497726741572412e-06,0.9566752024279961,3,0.41174995744798226,0.044287700138903444,23,0.1029285288006275,1,po-rapec-quality-energy-only-20260731-loto-semantic_segmentation,9,0.0
0.02128333333333331,0.21761197324783038,0.06640000000000001,0.22917255418194585,0.02128333333333331,0.21761197324783038,0.0,0.046639907200000136,3.526418971595706,32,15,5,0.7170917725525299,0.384249545639672,2.003836669431877,38,9,1.5064028592833676e-05,1.7720872152430471,4,0.7303381093427304,0.04386617290209967,12,0.08723699276989823,0,po-rapec-quality-energy-only-20260731-loto-semantic_segmentation,10,3.526418971595706
0.0,0.0,0.0,0.0,0.0,0.0,0.0,-0.0027052939757986508,0.0,32,11,8,0.6984989204744887,0.07174135606791254,5.8638625531409625,36,14,1.3056928660773648e-06,1.3503436967811009,6,0.48508630903409067,0.005607511276793914,15,0.4249410508181116,1,po-rapec-quality-energy-only-20260731-loto-semantic_segmentation,11,0.0
0.0,0.0,0.0,0.01592370724449025,0.0,0.0,0.0,-0.0027052939757986508,0.0,96,7,8,0.4262100611827209,0.18645380058704547,6.965905607498048,8,17,2.438395734313396e-06,0.7597511907968628,5,0.2197567049694901,0.04852899908187486,22,0.11390710032579149,1,po-rapec-quality-energy-only-20260731-loto-semantic_segmentation,12,0.0
0.051461666666666656,0.48170542989170256,0.14770000000000005,0.3871281781513507,0.051461666666666656,0.48170542989170256,0.03903300454566462,0.12410178055469423,11.09676074709681,128,7,5,0.3556583562173186,0.11979356425176771,5.325187084662971,22,15,1.4866082092114949e-05,0.7360890406531932,4,0.6957824318081679,0.03306881822422643,7,0.4138173397146375,0,po-rapec-quality-energy-only-20260731-loto-semantic_segmentation,13,11.09676074709681
0.09211666666666664,0.6179705002624022,0.16340000000000005,0.6118303507695718,0.09211666666666664,0.6179705002624022,0.5686294668944076,0.14084636762014327,12.675147435641229,192,9,8,0.7341240395057089,0.3132461175240426,5.462776195879485,20,6,0.0008430583967539203,2.9658720067551263,4,0.7422208963925196,0.028583169948363206,11,0.3670120140013492,0,po-rapec-quality-energy-only-20260731-loto-semantic_segmentation,14,12.675147435641229
0.03722499999999998,0.34140296599569675,0.14770000000000005,0.2696791849955346,0.03722499999999998,0.34140296599569675,0.0,0.12410178055469423,6.258946796487252,96,12,5,0.15334435518292946,0.23014633496757408,2.932660779513686,40,7,0.0003349368097621909,0.5979620538805173,6,0.1038157605426315,0.06640695607426943,15,0.08140658559612865,0,po-rapec-quality-energy-only-20260731-loto-semantic_segmentation,15,6.258946796487252
0.012113333333333328,0.023952752270776246,0.05347999999999997,0.1416347063950619,0.012113333333333328,0.023952752270776246,0.0,0.0176065020291553,2.0754817873116025,128,5,10,0.6978531643003266,0.3934061932605459,3.746150224400408,34,18,0.00015711657935856398,1.502437904959954,4,0.4255964694571055,0.0015081150031107788,8,0.09778869553992958,0,po-rapec-quality-energy-only-20260731-loto-semantic_segmentation,16,2.0754817873116025
0.0,0.0,0.0,0.0,0.0,0.0,0.0,-0.0027052939757986508,0.0,192,5,5,0.3987492485179956,0.1391550303086943,1.7632247652330009,36,9,2.545823561653829e-06,0.5129114393475593,4,0.2888978289476148,0.002763817222511814,17,0.21701554877729756,1,po-rapec-quality-energy-only-20260731-loto-semantic_segmentation,17,0.0
0.04591499999999999,0.323605902689166,0.14770000000000005,0.294845976513639,0.04591499999999999,0.323605902689166,0.0,0.12410178055469423,6.258946796487252,96,11,9,0.4677325733649177,0.15185676945636187,2.0701229413038194,26,12,0.0004398974123143929,2.204392411890521,7,0.1559729869073446,0.01101872755447444,16,0.31344299772473433,0,po-rapec-quality-energy-only-20260731-loto-semantic_segmentation,18,6.258946796487252
0.07692499999999998,0.5704876161767578,0.16340000000000005,0.5417548151819297,0.07692499999999998,0.5704876161767578,0.4092102778357804,0.13980178055469422,9.629267736904467,128,14,14,0.3523351663609016,0.05496666929041738,5.09246962757617,30,14,2.0196638323407828e-05,2.8564108883722543,2,0.45279757146004984,0.07860226052490712,17,0.32294241292775777,0,po-rapec-quality-energy-only-20260731-loto-semantic_segmentation,19,9.629267736904467
0.0,0.0,0.0,0.003177581176165919,0.0,0.0,0.0,-0.0027052939757986508,0.0,192,13,9,0.6739372425966972,0.3001619086369836,4.093481526479692,30,18,0.00035628344573909016,2.7212683491065457,8,0.7617618589019979,0.04490461578910558,22,0.06982470084699402,1,po-rapec-quality-energy-only-20260731-loto-semantic_segmentation,20,0.0
0.04568833333333334,0.2568494550873577,0.14770000000000005,0.2694956294119785,0.04568833333333334,0.2568494550873577,0.0,0.12410178055469423,6.258946796487252,64,14,15,0.397293436860027,0.19588998285417458,5.921955569540932,20,17,3.561744790288082e-06,2.2131372161896876,7,0.5266877178010094,0.018153680592019494,20,0.4080564477577946,0,po-rapec-quality-energy-only-20260731-loto-semantic_segmentation,21,6.258946796487252
0.000661666666666653,0.0,0.003969999999999918,0.03600688769417704,0.000661666666666653,0.0,0.0,0.0012647060242012673,1.4674930101923225,96,12,11,0.5553320756404908,0.33085399107079216,3.6949090412165644,25,20,4.173798661891048e-05,0.8670043052285821,4,0.6511768243181172,0.04483304888165299,24,0.15120462566208093,0,po-rapec-quality-energy-only-20260731-loto-semantic_segmentation,22,1.4674930101923225
0.010036666666666647,0.0,0.05067999999999995,0.12187083875202709,0.010036666666666647,0.0,0.0,0.014806502029155275,3.526418971595706,96,13,10,0.468501018783211,0.3636078015894519,3.0788704306621195,31,13,0.0005971948348358656,1.034685534969165,6,0.3951702256148373,0.03640225991881526,12,0.15527631025225588,0,po-rapec-quality-energy-only-20260731-loto-semantic_segmentation,23,3.526418971595706
0.09027999999999999,0.5979687351912719,0.15839999999999999,0.5982972166493189,0.09027999999999999,0.5979687351912719,0.5937328841581345,0.14084636762014327,12.039357013089377,192,5,11,0.033365727223216804,0.33805210156822285,4.165382288654836,23,13,4.0215216917906955e-06,2.613970941228364,6,0.22051176617318416,0.0013136549175350519,15,0.43702421796420476,0,po-rapec-quality-energy-only-20260731-loto-semantic_segmentation,24,12.039357013089377
0.0,0.0,0.0,0.0,0.0,0.0,0.0,-0.0027052939757986508,0.0,192,11,15,0.5663649656336952,0.11805305705517198,2.8522122006152637,15,8,0.00010367593723050479,0.5380535183239766,8,0.2789307482238157,0.001343785712632798,9,0.32871231657171385,1,po-rapec-quality-energy-only-20260731-loto-semantic_segmentation,25,0.0
0.02781333333333332,0.10802066308253111,0.14770000000000005,0.17546652268825905,0.02781333333333332,0.10802066308253111,0.0,0.12410178055469423,6.258946796487252,32,10,11,0.24211087331992986,0.19162397019072225,5.917479486071526,19,11,0.0003399271127413018,2.3145527900475895,2,0.4854833971297332,0.00836740699872152,24,0.09617130081557247,0,po-rapec-quality-energy-only-20260731-loto-semantic_segmentation,26,6.258946796487252
0.08616666666666666,0.5884387571508037,0.14970000000000006,0.5868387078386551,0.08616666666666666,0.5884387571508037,0.5348302437885091,0.12610178055469423,12.675147435641229,32,3,10,0.12706081785200168,0.16662152586916057,3.334157358304915,14,14,2.3255756532889317e-06,0.8929836683266077,4,0.2931399344827178,0.02596975635695654,20,0.4483316072405057,0,po-rapec-quality-energy-only-20260731-loto-semantic_segmentation,27,12.675147435641229
0.06982500000000001,0.486260162593132,0.16340000000000005,0.4400605417248313,0.06982500000000001,0.486260162593132,0.05746060171378818,0.13980178055469422,6.924251229153804,192,14,7,0.6370144852379652,0.05861385538667117,7.067765564623517,22,19,1.4387744380489981e-05,2.8320139218658724,2,0.39418558783121227,0.004141426353220049,8,0.15980169868782676,0,po-rapec-quality-energy-only-20260731-loto-semantic_segmentation,28,6.924251229153804
0.07508499999999999,0.5271375878437492,0.14770000000000005,0.5152188909953536,0.07508499999999999,0.5271375878437492,0.4466558831590459,0.12410178055469423,9.629267736904467,192,9,8,0.39783425104866815,0.05389053152338757,1.6005733730584981,11,20,1.562002309392083e-05,2.501791439960735,8,0.6870797952159885,0.0025586448983548685,25,0.3491779317102249,0,po-rapec-quality-energy-only-20260731-loto-semantic_segmentation,29,9.629267736904467
0.003986666666666657,0.0,0.02391999999999994,0.0342038432838779,0.003986666666666657,0.0,0.0,-0.0027052939757986508,0.6667874992129385,96,3,13,0.5244844221887537,0.15655835360679188,7.01100487194532,23,16,3.504538249148981e-05,0.609299701963187,3,0.2621819928487732,0.003050816458230341,23,0.23586810295493493,0,po-rapec-quality-energy-only-20260731-loto-semantic_segmentation,30,0.6667874992129385
0.0,0.0,0.0,0.0,0.0,0.0,0.0,-0.0027052939757986508,0.0,128,5,8,0.5294591011690759,0.23454921406037482,6.373351759505689,14,12,2.514595387978441e-06,0.6415729326589932,6,0.534514428443218,0.0017868182210359874,14,0.1780048166728045,1,po-rapec-quality-energy-only-20260731-loto-semantic_segmentation,31,0.0
0.045463333333333335,0.2752873770845386,0.14770000000000005,0.274091193672033,0.045463333333333335,0.2752873770845386,0.0,0.12410178055469423,6.258946796487252,32,14,6,0.8369816326387275,0.42827283127936966,3.883213447563553,35,17,9.405465715885319e-06,0.886658565326885,5,0.5784274175083768,0.03856503912984372,6,0.1535675304380284,0,po-rapec-quality-energy-only-20260731-loto-semantic_segmentation,32,6.258946796487252
0.014051666666666657,0.052832538259866675,0.05502999999999997,0.18120304364673098,0.014051666666666657,0.052832538259866675,0.0,0.019829135879014383,3.143490123699032,32,8,8,0.36881601067996733,0.2299819651958001,7.413160059257806,32,19,3.958072702260484e-06,2.2030186719019658,3,0.6782130862162676,0.033128873409183725,18,0.09000828595944424,0,po-rapec-quality-energy-only-20260731-loto-semantic_segmentation,33,3.143490123699032
0.03306333333333333,0.0,0.14770000000000005,0.16059285903123718,0.03306333333333333,0.0,0.0,0.12410178055469423,6.258946796487252,128,10,9,0.20010801375708778,0.412085300172944,2.072223319858313,16,16,0.00034720803614195445,1.0974481501299025,5,0.7080733890888905,0.0023484177715229885,13,0.21212266985307704,0,po-rapec-quality-energy-only-20260731-loto-semantic_segmentation,34,6.258946796487252
0.008446666666666658,0.0,0.05067999999999995,0.06740750457968846,0.008446666666666658,0.0,0.0,0.014806502029155275,1.4127420760916292,192,11,15,0.6904520924178287,0.3540965581002839,4.204436622432451,29,14,7.361996320107113e-06,1.747687179785812,8,0.44998010697159063,0.012846232431252226,13,0.1480452360636415,0,po-rapec-quality-energy-only-20260731-loto-semantic_segmentation,35,1.4127420760916292
0.044963333333333334,0.21679794785224635,0.14770000000000005,0.26114365683894114,0.044963333333333334,0.21679794785224635,0.0,0.12410178055469423,6.258946796487252,128,12,14,0.7899821618339303,0.29725251455679363,5.419655681850919,31,18,1.8417331695969164e-06,1.9783309789333134,7,0.24750135382256946,0.0025807505436965116,14,0.35398000136733265,0,po-rapec-quality-energy-only-20260731-loto-semantic_segmentation,36,6.258946796487252
0.08968166666666666,0.6133702996409307,0.16340000000000005,0.5663718056452166,0.08968166666666666,0.6133702996409307,0.29595745414605396,0.14084636762014327,9.023773346294323,96,10,14,0.538828291597705,0.4107814056480147,7.474117341755415,29,9,1.5516160866440585e-06,1.6339607038049635,2,0.36928512872834585,0.001713134926515985,17,0.16479662592972386,0,po-rapec-quality-energy-only-20260731-loto-semantic_segmentation,37,9.023773346294323
0.05750666666666666,0.5692072325897954,0.14770000000000005,0.4686370807959914,0.05750666666666666,0.5692072325897954,0.0,0.12410178055469423,12.675147435641229,32,7,7,0.19289645366775487,0.05716607892702426,3.504584673163905,35,11,0.00016541500112234915,1.6821604040134464,4,0.4031548406118498,0.0015606199630910991,20,0.35707135465736994,0,po-rapec-quality-energy-only-20260731-loto-semantic_segmentation,38,12.675147435641229
0.048046666666666675,0.21707842048070294,0.16340000000000005,0.2645775259745876,0.048046666666666675,0.21707842048070294,0.0,0.13980178055469422,6.924251229153804,192,10,10,0.45784106875222064,0.19815651928842187,4.0351828293636025,26,6,0.0001589207005914629,1.1991562402914733,3,0.2325021581154388,0.0014112897845676583,12,0.19416308543211258,0,po-rapec-quality-energy-only-20260731-loto-semantic_segmentation,39,6.924251229153804
0.02367833333333331,0.19369649367885822,0.08857999999999994,0.26648230889644775,0.02367833333333331,0.19369649367885822,0.0,0.052706502029155264,12.675147435641229,192,3,13,0.5244844221887537,0.05861385538667117,7.01100487194532,23,16,1.4387744380489981e-05,2.8320139218658724,3,0.39418558783121227,0.004141426353220049,8,0.15980169868782676,0,po-rapec-quality-energy-only-20260731-loto-semantic_segmentation,40,12.675147435641229
0.00017999999999999497,0.0,0.0010799999999999699,0.01481825080456073,0.00017999999999999497,0.0,0.0,-0.0027052939757986508,0.11674585053627443,96,5,10,0.468501018783211,0.3934061932605459,3.746150224400408,34,18,0.0005971948348358656,1.034685534969165,6,0.4255964694571055,0.0015081150031107788,11,0.09778869553992958,0,po-rapec-quality-energy-only-20260731-loto-semantic_segmentation,41,0.11674585053627443
0.0,0.0,0.0,0.0,0.0,0.0,0.0,-0.0027052939757986508,0.0,32,11,8,0.6984989204744887,0.15655835360679188,7.01100487194532,23,16,1.3056928660773648e-06,0.609299701963187,6,0.48508630903409067,0.005607511276793914,15,0.15150234099541546,1,po-rapec-quality-energy-only-20260731-loto-semantic_segmentation,42,0.0
0.05786333333333332,0.48500496951885325,0.16340000000000005,0.42004854000025,0.05786333333333332,0.48500496951885325,0.0,0.13980178055469422,6.924251229153804,96,13,10,0.468501018783211,0.32678650196285497,3.0788704306621195,31,19,0.0005971948348358656,2.2030186719019658,3,0.6782130862162676,0.03640225991881526,12,0.09000828595944424,0,po-rapec-quality-energy-only-20260731-loto-semantic_segmentation,43,6.924251229153804
0.008446666666666658,0.0,0.05067999999999995,0.07539087297923515,0.008446666666666658,0.0,0.0,0.014806502029155275,1.4127420760916292,32,15,5,0.8349092219027763,0.44579804380642835,4.391075916583085,38,14,0.00013264073934902786,0.8261399806296955,5,0.7303381093427304,0.04386617290209967,12,0.08723699276989823,0,po-rapec-quality-energy-only-20260731-loto-semantic_segmentation,44,1.4127420760916292
0.000279999999999984,0.0,0.0016799999999999038,0.03096282794977206,0.000279999999999984,0.0,0.0,-0.001025293975798747,0.6210045987715395,32,5,11,0.24211087331992986,0.1391550303086943,5.917479486071526,19,11,2.545823561653829e-06,0.5129114393475593,2,0.2888978289476148,0.00836740699872152,17,0.21701554877729756,0,po-rapec-quality-energy-only-20260731-loto-semantic_segmentation,45,0.6210045987715395
0.0009449999999999922,0.0,0.005669999999999953,0.045994803455805304,0.0009449999999999922,0.0,0.0,0.002964706024201302,2.095890520854048,192,12,11,0.5663649656336952,0.33085399107079216,2.1406632564463766,32,8,0.00010367593723050479,0.5380535183239766,4,0.2789307482238157,0.04483304888165299,24,0.32871231657171385,0,po-rapec-quality-energy-only-20260731-loto-semantic_segmentation,46,2.095890520854048
0.021103333333333318,0.16811946777852524,0.06640000000000001,0.21267505235884412,0.021103333333333318,0.16811946777852524,0.0,0.046639907200000136,3.526418971595706,192,11,15,0.7170917725525299,0.08592141715130489,2.003836669431877,38,9,7.361996320107113e-06,1.7720872152430471,4,0.7303381093427304,0.04386617290209967,12,0.1196626104619263,0,po-rapec-quality-energy-only-20260731-loto-semantic_segmentation,47,3.526418971595706
0.03849166666666665,0.19744231808081134,0.14770000000000005,0.26185851532841226,0.03849166666666665,0.19744231808081134,0.0,0.12410178055469423,12.039357013089377,192,11,8,0.6984989204744887,0.41184936108706244,6.322695064894948,34,13,2.200390730395628e-05,1.3503436967811009,6,0.6262808136270359,0.06764770779188334,15,0.4249410508181116,0,po-rapec-quality-energy-only-20260731-loto-semantic_segmentation,48,12.039357013089377
0.040321666666666645,0.3611813514331915,0.14090000000000003,0.30493150968184485,0.040321666666666645,0.3611813514331915,0.0,0.1173017805546942,12.723201362927131,96,3,13,0.397293436860027,0.15655835360679188,7.01100487194532,20,7,3.561744790288082e-06,0.609299701963187,3,0.5266877178010094,0.03906862338125362,20,0.4080564477577946,0,po-rapec-quality-energy-only-20260731-loto-semantic_segmentation,49,12.723201362927131
0.0,0.0,0.0,0.0,0.0,0.0,0.0,-0.0027052939757986508,0.0,128,3,14,0.8362472766983152,0.2746212998423223,5.419655681850919,31,6,1.8417331695969164e-06,1.9783309789333134,7,0.41174995744798226,0.0025807505436965116,14,0.1029285288006275,1,po-rapec-quality-energy-only-20260731-loto-semantic_segmentation,50,0.0
0.0009583333333333203,0.0,0.005749999999999922,0.047656909591638354,0.0009583333333333203,0.0,0.0,0.003044706024201271,2.125462168414588,96,12,11,0.6893124647736524,0.19588998285417458,5.921955569540932,20,17,4.173798661891048e-05,0.8670043052285821,7,0.6511768243181172,0.04483304888165299,20,0.15120462566208093,0,po-rapec-quality-energy-only-20260731-loto-semantic_segmentation,51,2.125462168414588
0.0,0.0,0.0,0.0,0.0,0.0,0.0,-0.0027052939757986508,0.0,96,3,11,0.5553320756404908,0.33085399107079216,2.4771635933479983,25,6,9.497726741572412e-06,0.9566752024279961,4,0.41174995744798226,0.044287700138903444,24,0.1029285288006275,1,po-rapec-quality-energy-only-20260731-loto-semantic_segmentation,52,0.0
0.08664999999999999,0.5878386673044289,0.15659999999999996,0.5883543867833436,0.08664999999999999,0.5878386673044289,0.583575609147618,0.13904636762014325,11.09676074709681,192,4,8,0.5749671557462632,0.41184936108706244,6.322695064894948,34,13,2.200390730395628e-05,2.4301327565111452,7,0.6262808136270359,0.06764770779188334,24,0.41278918300281914,0,po-rapec-quality-energy-only-20260731-loto-semantic_segmentation,53,11.09676074709681
0.08664999999999999,0.5878386673044289,0.15659999999999996,0.5883543867833436,0.08664999999999999,0.5878386673044289,0.583575609147618,0.13904636762014325,11.09676074709681,192,4,4,0.5749671557462632,0.41184936108706244,6.322695064894948,34,13,2.200390730395628e-05,2.4301327565111452,7,0.6262808136270359,0.06764770779188334,24,0.41278918300281914,0,po-rapec-quality-energy-only-20260731-loto-semantic_segmentation,54,11.09676074709681
0.010036666666666647,0.0,0.05067999999999995,0.12185392861977885,0.010036666666666647,0.0,0.0,0.014806502029155275,3.526418971595706,192,11,15,0.6904520924178287,0.3001619086369836,4.204436622432451,12,18,7.361996320107113e-06,2.1437649926349165,8,0.44998010697159063,0.04490461578910558,13,0.06982470084699402,0,po-rapec-quality-energy-only-20260731-loto-semantic_segmentation,55,3.526418971595706
0.0,0.0,0.0,0.0,0.0,0.0,0.0,-0.0027052939757986508,0.0,128,6,9,0.4254575719297037,0.3001619086369836,7.962428486211424,23,11,3.30747198249804e-06,2.2635327144856987,4,0.7617618589019979,0.04490461578910558,22,0.06982470084699402,1,po-rapec-quality-energy-only-20260731-loto-semantic_segmentation,56,0.0
0.0,0.0,0.0,0.0,0.0,0.0,0.0,-0.0027052939757986508,0.0,192,11,13,0.5663649656336952,0.11805305705517198,2.8522122006152637,15,19,4.824834362781239e-05,0.5380535183239766,8,0.37372618071582187,0.001343785712632798,9,0.32871231657171385,1,po-rapec-quality-energy-only-20260731-loto-semantic_segmentation,57,0.0
0.0,0.0,0.0,0.0,0.0,0.0,0.0,-0.0027052939757986508,0.0,64,5,5,0.6984989204744887,0.1391550303086943,1.7632247652330009,36,14,7.574769170376313e-06,0.5129114393475593,4,0.2888978289476148,0.005607511276793914,17,0.21701554877729756,1,po-rapec-quality-energy-only-20260731-loto-semantic_segmentation,58,0.0
0.05011499999999999,0.4263000819728447,0.14770000000000005,0.3341277459715501,0.05011499999999999,0.4263000819728447,0.0,0.12410178055469423,6.258946796487252,96,11,9,0.7899821618339303,0.29725251455679363,2.0701229413038194,26,13,0.0004398974123143929,1.9783309789333134,7,0.24750135382256946,0.0025807505436965116,14,0.31344299772473433,0,po-rapec-quality-energy-only-20260731-loto-semantic_segmentation,59,6.258946796487252
0.042586666666666655,0.281686267338857,0.16340000000000005,0.30156973124145997,0.042586666666666655,0.281686267338857,0.0,0.13980178055469422,13.536421670842282,192,7,15,0.6904520924178287,0.3540965581002839,6.965905607498048,29,17,7.361996320107113e-06,0.7597511907968628,2,0.2197567049694901,0.04852899908187486,13,0.1480452360636415,0,po-rapec-quality-energy-only-20260731-loto-semantic_segmentation,60,13.536421670842282
0.055966666666666665,0.5311600838882008,0.14970000000000006,0.37576464674266435,0.055966666666666665,0.5311600838882008,0.0,0.12610178055469423,6.3436989535148385,32,12,12,0.7170917725525299,0.384249545639672,1.8614338905022185,21,12,1.5064028592833676e-05,2.8352697843582106,6,0.7132921444890081,0.0015294608713817286,12,0.27002994794448515,0,po-rapec-quality-energy-only-20260731-loto-semantic_segmentation,61,6.3436989535148385
0.003986666666666657,0.0,0.02391999999999994,0.0342038432838779,0.003986666666666657,0.0,0.0,-0.0027052939757986508,0.6667874992129385,96,3,13,0.17434815474108156,0.15655835360679188,7.01100487194532,23,16,3.504538249148981e-05,0.609299701963187,3,0.2621819928487732,0.003050816458230341,23,0.23586810295493493,0,po-rapec-quality-energy-only-20260731-loto-semantic_segmentation,62,0.6667874992129385
0.0,0.0,0.0,0.0,0.0,0.0,0.0,-0.0027052939757986508,0.0,32,13,9,0.6984989204744887,0.3001619086369836,4.093481526479692,30,18,0.00035628344573909016,2.7212683491065457,6,0.48508630903409067,0.005607511276793914,22,0.06982470084699402,1,po-rapec-quality-energy-only-20260731-loto-semantic_segmentation,63,0.0
0.0,0.0,0.0,0.0,0.0,0.0,0.0,-0.0027052939757986508,0.0,64,14,15,0.8362472766983152,0.2746212998423223,2.4771635933479983,15,17,9.497726741572412e-06,0.9566752024279961,6,0.41174995744798226,0.044287700138903444,24,0.1029285288006275,1,po-rapec-quality-energy-only-20260731-loto-semantic_segmentation,64,0.0
0.03306333333333333,0.0,0.14770000000000005,0.15727765649796932,0.03306333333333333,0.0,0.0,0.12410178055469423,6.258946796487252,128,14,9,0.7884347937041504,0.39378931744671614,4.1508190145933375,16,16,4.269586961191152e-05,1.0974481501299025,6,0.21070097837302884,0.0023484177715229885,13,0.3100736152347674,0,po-rapec-quality-energy-only-20260731-loto-semantic_segmentation,65,6.258946796487252
0.025334999999999996,0.0,0.14770000000000005,0.12259520573408028,0.025334999999999996,0.0,0.0,0.12410178055469423,6.258946796487252,96,13,15,0.468501018783211,0.2746212998423223,3.0788704306621195,37,13,0.0005971948348358656,1.034685534969165,3,0.3951702256148373,0.03640225991881526,23,0.1029285288006275,0,po-rapec-quality-energy-only-20260731-loto-semantic_segmentation,66,6.258946796487252
0.010036666666666647,0.0,0.05067999999999995,0.12187083875202709,0.010036666666666647,0.0,0.0,0.014806502029155275,3.526418971595706,96,13,10,0.468501018783211,0.24014502211251815,3.0788704306621195,31,13,0.0005971948348358656,1.034685534969165,6,0.3951702256148373,0.03640225991881526,12,0.15527631025225588,0,po-rapec-quality-energy-only-20260731-loto-semantic_segmentation,67,3.526418971595706
0.0,0.0,0.0,0.0,0.0,0.0,0.0,-0.0027052939757986508,0.0,64,14,7,0.7884347937041504,0.39378931744671614,4.093481526479692,30,17,4.269586961191152e-05,0.6668395320163063,8,0.21070097837302884,0.0016687548926843194,24,0.3139866878172519,1,po-rapec-quality-energy-only-20260731-loto-semantic_segmentation,68,0.0
0.05666666666666664,0.5096034326613645,0.16340000000000005,0.4419162366222416,0.05666666666666664,0.5096034326613645,0.04885224405610085,0.13980178055469422,12.675147435641229,128,5,5,0.18214171034687923,0.06882799951501394,1.7632247652330009,14,19,4.824834362781239e-05,0.5129114393475593,4,0.37372618071582187,0.04616613166369782,10,0.21701554877729756,0,po-rapec-quality-energy-only-20260731-loto-semantic_segmentation,69,12.675147435641229
0.0,0.0,0.0,0.0,0.0,0.0,0.0,-0.0027052939757986508,0.0,192,11,15,0.5294591011690759,0.23454921406037482,2.8522122006152637,15,8,1.0228489735755496e-06,0.5380535183239766,8,0.2789307482238157,0.0017868182210359874,9,0.1780048166728045,1,po-rapec-quality-energy-only-20260731-loto-semantic_segmentation,70,0.0
0.04156833333333331,0.3810091528513938,0.14770000000000005,0.3246552152762951,0.04156833333333331,0.3810091528513938,0.0,0.12410178055469423,12.675147435641229,128,7,14,0.3523351663609016,0.11979356425176771,5.325187084662971,30,15,1.4866082092114949e-05,0.7360890406531932,4,0.6957824318081679,0.07860226052490712,17,0.4610425282310683,0,po-rapec-quality-energy-only-20260731-loto-semantic_segmentation,71,12.675147435641229
0.05911166666666665,0.5464501722472728,0.16340000000000005,0.3972318783991317,0.05911166666666665,0.5464501722472728,0.009929466558876,0.13980178055469422,6.924251229153804,32,8,8,0.18382223190011512,0.43220139136517,5.03320618756829,32,19,3.958072702260484e-06,2.2030186719019658,4,0.6120679218631515,0.004497752780981362,9,0.15278356984162628,0,po-rapec-quality-energy-only-20260731-loto-semantic_segmentation,72,6.924251229153804
0.05682666666666666,0.5095265294298332,0.16340000000000005,0.448454520185342,0.05682666666666666,0.5095265294298332,0.0584730030737783,0.13980178055469422,12.675147435641229,192,11,7,0.18214171034687923,0.39378931744671614,7.842571175025739,15,19,4.824834362781239e-05,0.6697777639472333,3,0.37372618071582187,0.04616613166369782,10,0.3748364185206756,0,po-rapec-quality-energy-only-20260731-loto-semantic_segmentation,73,12.675147435641229
0.0025683333333333205,0.0,0.015209999999999946,0.07880997859492127,0.0025683333333333205,0.0,0.0,0.005959135879014334,1.6441707283859048,32,10,11,0.24211087331992986,0.19162397019072225,5.917479486071526,23,11,3.30747198249804e-06,2.2635327144856987,4,0.4854833971297332,0.00836740699872152,22,0.09617130081557247,0,po-rapec-quality-energy-only-20260731-loto-semantic_segmentation,74,1.6441707283859048
0.0,0.0,0.0,0.0,0.0,0.0,0.0,-0.0027052939757986508,0.0,192,3,15,0.1958397671735582,0.39378931744671614,4.336954733811688,8,11,4.269586961191152e-05,0.6668395320163063,3,0.5090975120609226,0.01220409718998751,24,0.09685509985624119,1,po-rapec-quality-energy-only-20260731-loto-semantic_segmentation,75,0.0
0.008446666666666658,0.0,0.05067999999999995,0.06740750457968846,0.008446666666666658,0.0,0.0,0.014806502029155275,1.4127420760916292,192,11,15,0.6904520924178287,0.3540965581002839,4.204436622432451,29,14,7.361996320107113e-06,1.747687179785812,8,0.44998010697159063,0.012846232431252226,13,0.1480452360636415,0,po-rapec-quality-energy-only-20260731-loto-semantic_segmentation,76,1.4127420760916292
0.03312999999999999,0.0,0.1481,0.16391788594967657,0.03312999999999999,0.0,0.0,0.12450178055469419,6.275897227892767,32,10,15,0.8349092219027763,0.412085300172944,2.072223319858313,16,18,0.00034720803614195445,1.0974481501299025,4,0.1982087635754055,0.0033889437566996775,13,0.37250791102712816,0,po-rapec-quality-energy-only-20260731-loto-semantic_segmentation,77,6.275897227892767
0.08648499999999999,0.5963744075327599,0.17620000000000002,0.5519293116456211,0.08648499999999999,0.5963744075327599,0.38739298735771643,0.1586463676201433,12.675147435641229,192,7,5,0.18214171034687923,0.11979356425176771,4.965177492260393,22,15,1.4866082092114949e-05,0.7360890406531932,4,0.6957824318081679,0.04616613166369782,7,0.3748364185206756,0,po-rapec-quality-energy-only-20260731-loto-semantic_segmentation,78,12.675147435641229
0.0,0.0,0.0,0.0,0.0,0.0,0.0,-0.0027052939757986508,0.0,192,11,15,0.5663649656336952,0.3540965581002839,4.204436622432451,29,14,7.361996320107113e-06,0.5380535183239766,8,0.44998010697159063,0.012846232431252226,9,0.32871231657171385,1,po-rapec-quality-energy-only-20260731-loto-semantic_segmentation,79,0.0
0.0,0.0,0.0,0.0,0.0,0.0,0.0,-0.0027052939757986508,0.0,192,5,15,0.5663649656336952,0.23454921406037482,6.373351759505689,14,8,7.792218764165392e-06,0.5380535183239766,8,0.534514428443218,0.0017868182210359874,14,0.32871231657171385,1,po-rapec-quality-energy-only-20260731-loto-semantic_segmentation,80,0.0
0.0,0.0,0.0,0.0,0.0,0.0,0.0,-0.0027052939757986508,0.0,64,14,7,0.7884347937041504,0.39378931744671614,4.093481526479692,30,17,4.269586961191152e-05,0.6668395320163063,6,0.21070097837302884,0.0016687548926843194,24,0.3139866878172519,1,po-rapec-quality-energy-only-20260731-loto-semantic_segmentation,81,0.0
0.0015899999999999896,0.0,0.009539999999999937,0.05770386132088068,0.0015899999999999896,0.0,0.0,0.006834706024201286,3.526418971595706,32,11,8,0.6984989204744887,0.18645380058704547,6.965905607498048,23,16,2.438395734313396e-06,0.7597511907968628,6,0.2197567049694901,0.04852899908187486,15,0.11390710032579149,0,po-rapec-quality-energy-only-20260731-loto-semantic_segmentation,82,3.526418971595706
0.0,0.0,0.0,0.003177581176165919,0.0,0.0,0.0,-0.0027052939757986508,0.0,192,11,9,0.12203371018457355,0.11805305705517198,4.093481526479692,30,8,8.249240390706264e-05,0.5380535183239766,6,0.2789307482238157,0.005607511276793914,9,0.06982470084699402,1,po-rapec-quality-energy-only-20260731-loto-semantic_segmentation,83,0.0
0.002534999999999991,0.0,0.015209999999999946,0.07376372981710645,0.002534999999999991,0.0,0.0,0.005959135879014334,1.6441707283859048,96,10,15,0.24211087331992986,0.2746212998423223,5.917479486071526,37,6,3.30747198249804e-06,2.2635327144856987,4,0.41174995744798226,0.00836740699872152,22,0.09617130081557247,0,po-rapec-quality-energy-only-20260731-loto-semantic_segmentation,84,1.6441707283859048
0.0,0.0,0.0,0.0,0.0,0.0,0.0,-0.0027052939757986508,0.0,96,12,11,0.7884347937041504,0.39378931744671614,4.1508190145933375,20,17,4.173798661891048e-05,0.6668395320163063,6,0.21070097837302884,0.0016687548926843194,20,0.15120462566208093,1,po-rapec-quality-energy-only-20260731-loto-semantic_segmentation,85,0.0
0.05115833333333331,0.43081098133474705,0.16340000000000005,0.365446896410386,0.05115833333333331,0.43081098133474705,0.0197207257014604,0.13980178055469422,6.924251229153804,128,12,11,0.5663649656336952,0.33085399107079216,3.6949090412165644,25,15,7.361996320107113e-06,0.8670043052285821,4,0.6511768243181172,0.04483304888165299,9,0.32871231657171385,0,po-rapec-quality-energy-only-20260731-loto-semantic_segmentation,86,6.924251229153804
0.0022099999999999898,0.0,0.013259999999999939,0.04966243340608723,0.0022099999999999898,0.0,0.0,0.004009135879014327,1.4333796093620694,128,5,8,0.5294591011690759,0.07174135606791254,6.373351759505689,14,12,2.514595387978441e-06,1.3503436967811009,6,0.2962935710725363,0.0017868182210359874,14,0.1780048166728045,0,po-rapec-quality-energy-only-20260731-loto-semantic_segmentation,87,1.4333796093620694
0.0,0.0,0.0,0.0,0.0,0.0,0.0,-0.0027052939757986508,0.0,128,14,7,0.17434815474108156,0.39378931744671614,7.01100487194532,30,17,3.504538249148981e-05,0.8430498193817657,8,0.21070097837302884,0.0016687548926843194,24,0.3139866878172519,1,po-rapec-quality-energy-only-20260731-loto-semantic_segmentation,88,0.0
0.008446666666666658,0.0,0.05067999999999995,0.07386413303605951,0.008446666666666658,0.0,0.0,0.014806502029155275,1.4127420760916292,192,5,13,0.5663649656336952,0.11805305705517198,2.8522122006152637,36,19,7.574769170376313e-06,0.5380535183239766,4,0.37372618071582187,0.005607511276793914,9,0.21701554877729756,0,po-rapec-quality-energy-only-20260731-loto-semantic_segmentation,89,1.4127420760916292
0.01955499999999998,0.009744928937692032,0.08857999999999994,0.18853176539606642,0.01955499999999998,0.009744928937692032,0.0,0.052706502029155264,3.107817780479608,192,11,15,0.6904520924178287,0.3001619086369836,4.204436622432451,12,18,3.504538249148981e-05,2.1437649926349165,3,0.2621819928487732,0.003050816458230341,13,0.06982470084699402,0,po-rapec-quality-energy-only-20260731-loto-semantic_segmentation,90,3.107817780479608
0.0,0.0,0.0,0.011165715219462987,0.0,0.0,0.0,-0.0027052939757986508,0.0,192,11,15,0.6984989204744887,0.11805305705517198,4.093481526479692,30,18,3.188911041296988e-05,0.5380535183239766,6,0.2789307482238157,0.0276277612856523,9,0.06982470084699402,1,po-rapec-quality-energy-only-20260731-loto-semantic_segmentation,91,0.0
0.0,0.0,0.0,0.0,0.0,0.0,0.0,-0.0027052939757986508,0.0,192,11,14,0.5663649656336952,0.11805305705517198,2.8522122006152637,15,8,1.8417331695969164e-06,0.5380535183239766,8,0.2581612235529456,0.001343785712632798,14,0.32871231657171385,1,po-rapec-quality-energy-only-20260731-loto-semantic_segmentation,92,0.0
0.019513333333333327,0.0,0.06640000000000001,0.15495247999168862,0.019513333333333327,0.0,0.0,0.046639907200000136,3.3603081054356387,192,13,15,0.6904520924178287,0.3540965581002839,4.204436622432451,29,14,7.361996320107113e-06,1.747687179785812,8,0.44998010697159063,0.012846232431252226,13,0.1480452360636415,0,po-rapec-quality-energy-only-20260731-loto-semantic_segmentation,93,3.3603081054356387
0.05424999999999999,0.5542206330357877,0.12530000000000008,0.4538493542687916,0.05424999999999999,0.5542206330357877,0.0,0.10170178055469425,10.265058159456318,64,13,5,0.8702390424769507,0.39378931744671614,4.093481526479692,30,17,4.269586961191152e-05,2.7212683491065457,8,0.7617618589019979,0.0016687548926843194,22,0.3139866878172519,0,po-rapec-quality-energy-only-20260731-loto-semantic_segmentation,94,10.265058159456318
0.024616666666666676,0.0,0.14770000000000005,0.08483944483994284,0.024616666666666676,0.0,0.0,0.12410178055469423,6.258946796487252,96,13,9,0.8362472766983152,0.3001619086369836,2.4771635933479983,30,6,9.497726741572412e-06,0.9566752024279961,3,0.48508630903409067,0.005607511276793914,22,0.06982470084699402,0,po-rapec-quality-energy-only-20260731-loto-semantic_segmentation,95,6.258946796487252
0.05666999999999999,0.5441104872829725,0.14770000000000005,0.45533134880563847,0.05666999999999999,0.5441104872829725,0.0,0.12410178055469423,10.265058159456318,128,11,15,0.4254575719297037,0.3001619086369836,7.962428486211424,15,8,0.00010367593723050479,2.2635327144856987,8,0.7617618589019979,0.001343785712632798,22,0.32871231657171385,0,po-rapec-quality-energy-only-20260731-loto-semantic_segmentation,96,10.265058159456318
0.0,0.0,0.0,0.0,0.0,0.0,0.0,-0.0027052939757986508,0.0,32,5,10,0.468501018783211,0.15655835360679188,7.01100487194532,23,18,0.0005971948348358656,0.609299701963187,6,0.4255964694571055,0.0015081150031107788,15,0.15150234099541546,1,po-rapec-quality-energy-only-20260731-loto-semantic_segmentation,97,0.0
0.0,0.0,0.0,0.0,0.0,0.0,0.0,-0.0027052939757986508,0.0,96,3,13,0.17434815474108156,0.15655835360679188,7.01100487194532,15,19,4.824834362781239e-05,0.609299701963187,8,0.2621819928487732,0.001343785712632798,21,0.23586810295493493,1,po-rapec-quality-energy-only-20260731-loto-semantic_segmentation,98,0.0
0.0,0.0,0.0,0.014319060625547558,0.0,0.0,0.0,-0.0027052939757986508,0.0,96,7,8,0.4262100611827209,0.3001619086369836,4.093481526479692,8,18,0.00035628344573909016,2.7212683491065457,5,0.2197567049694901,0.0011877350844497253,22,0.06982470084699402,1,po-rapec-quality-energy-only-20260731-loto-semantic_segmentation,99,0.0
0.0007183333333333208,0.0,0.004309999999999925,0.03936579809713011,0.0007183333333333208,0.0,0.0,0.0016047060242012742,1.5931725123246676,192,12,11,0.5553320756404908,0.33085399107079216,3.6949090412165644,25,8,4.173798661891048e-05,0.5380535183239766,8,0.2789307482238157,0.04483304888165299,24,0.4000950601424794,0,po-rapec-quality-energy-only-20260731-loto-semantic_segmentation,100,1.5931725123246676
0.010944999999999983,0.0,0.05347999999999997,0.11716877495569689,0.010944999999999983,0.0,0.0,0.0176065020291553,1.4907941244944822,128,3,14,0.7884347937041504,0.2746212998423223,5.419655681850919,31,17,4.269586961191152e-05,0.6668395320163063,7,0.21070097837302884,0.0025807505436965116,14,0.3100736152347674,0,po-rapec-quality-energy-only-20260731-loto-semantic_segmentation,101,1.4907941244944822
0.0,0.0,0.0,0.0,0.0,0.0,0.0,-0.0027052939757986508,0.0,64,5,5,0.6984989204744887,0.1391550303086943,1.7632247652330009,36,14,6.190519777562885e-05,0.5129114393475593,4,0.2888978289476148,0.005607511276793914,17,0.21701554877729756,1,po-rapec-quality-energy-only-20260731-loto-semantic_segmentation,102,0.0
0.0,0.0,0.0,0.0,0.0,0.0,0.0,-0.0027052939757986508,0.0,192,11,8,0.5663649656336952,0.3540965581002839,4.204436622432451,29,17,7.361996320107113e-06,0.7597511907968628,8,0.2197567049694901,0.012846232431252226,22,0.32871231657171385,1,po-rapec-quality-energy-only-20260731-loto-semantic_segmentation,103,0.0
0.0,0.0,0.0,0.0,0.0,0.0,0.0,-0.0027052939757986508,0.0,64,13,15,0.5663649656336952,0.39378931744671614,2.8522122006152637,37,8,0.00010367593723050479,0.5380535183239766,8,0.2789307482238157,0.001343785712632798,24,0.3139866878172519,1,po-rapec-quality-energy-only-20260731-loto-semantic_segmentation,104,0.0
0.0025683333333333205,0.0,0.015209999999999946,0.07880997859492127,0.0025683333333333205,0.0,0.0,0.005959135879014334,1.6441707283859048,32,10,11,0.4956083397306835,0.19162397019072225,5.917479486071526,23,11,3.30747198249804e-06,2.2635327144856987,4,0.4854833971297332,0.00836740699872152,22,0.09617130081557247,0,po-rapec-quality-energy-only-20260731-loto-semantic_segmentation,105,1.6441707283859048
0.008446666666666658,0.0,0.05067999999999995,0.07379835678386253,0.008446666666666658,0.0,0.0,0.014806502029155275,1.4127420760916292,192,3,6,0.5294591011690759,0.39378931744671614,2.8522122006152637,8,11,1.0228489735755496e-06,0.5380535183239766,8,0.2789307482238157,0.004615616666226137,9,0.1780048166728045,0,po-rapec-quality-energy-only-20260731-loto-semantic_segmentation,106,1.4127420760916292
0.002586666666666654,0.0,0.015519999999999923,0.07279534074871734,0.002586666666666654,0.0,0.0,0.012814706024201272,5.736899626746903,128,6,10,0.468501018783211,0.3001619086369836,7.962428486211424,23,13,0.0005971948348358656,1.034685534969165,4,0.3951702256148373,0.04490461578910558,12,0.06982470084699402,0,po-rapec-quality-energy-only-20260731-loto-semantic_segmentation,107,5.736899626746903
0.009164999999999979,0.0,0.05067999999999995,0.1068323144344173,0.009164999999999979,0.0,0.0,0.014806502029155275,1.5931725123246676,128,3,15,0.8362472766983152,0.23454921406037482,2.8522122006152637,31,8,1.0228489735755496e-06,1.9783309789333134,7,0.41174995744798226,0.0017868182210359874,14,0.1780048166728045,0,po-rapec-quality-energy-only-20260731-loto-semantic_segmentation,108,1.5931725123246676
0.0,0.0,0.0,0.0,0.0,0.0,0.0,-0.0027052939757986508,0.0,192,11,9,0.5663649656336952,0.3001619086369836,4.204436622432451,29,14,0.00035628344573909016,2.7212683491065457,8,0.44998010697159063,0.04490461578910558,22,0.06982470084699402,1,po-rapec-quality-energy-only-20260731-loto-semantic_segmentation,109,0.0
0.0,0.0,0.0,0.0,0.0,0.0,0.0,-0.0027052939757986508,0.0,192,11,15,0.6904520924178287,0.20914387019681635,4.204436622432451,29,14,7.361996320107113e-06,1.747687179785812,8,0.44998010697159063,0.012846232431252226,13,0.1480452360636415,1,po-rapec-quality-energy-only-20260731-loto-semantic_segmentation,110,0.0
0.0,0.0,0.0,0.0,0.0,0.0,0.0,-0.0027052939757986508,0.0,192,3,15,0.1958397671735582,0.39378931744671614,4.336954733811688,29,11,4.269586961191152e-05,0.6668395320163063,8,0.44998010697159063,0.012846232431252226,24,0.09685509985624119,1,po-rapec-quality-energy-only-20260731-loto-semantic_segmentation,111,0.0
0.01099166666666665,0.0,0.05347999999999997,0.13356777231872122,0.01099166666666665,0.0,0.0,0.0176065020291553,4.609480563500889,192,11,15,0.5294591011690759,0.3001619086369836,2.8522122006152637,30,18,1.0228489735755496e-06,2.7212683491065457,8,0.2789307482238157,0.04389245035550889,9,0.06982470084699402,0,po-rapec-quality-energy-only-20260731-loto-semantic_segmentation,112,4.609480563500889
0.000279999999999984,0.0,0.0016799999999999038,0.027649210457400514,0.000279999999999984,0.0,0.0,-0.001025293975798747,0.6210045987715395,96,13,11,0.6893124647736524,0.3001619086369836,4.093481526479692,30,17,0.00035628344573909016,2.7212683491065457,7,0.6511768243181172,0.04490461578910558,22,0.06982470084699402,0,po-rapec-quality-energy-only-20260731-loto-semantic_segmentation,113,0.6210045987715395
0.05852999999999999,0.5603924390785444,0.14770000000000005,0.462103437495693,0.05852999999999999,0.5603924390785444,0.0,0.12410178055469423,9.629267736904467,96,5,7,0.7884347937041504,0.3934061932605459,4.093481526479692,30,17,4.269586961191152e-05,1.034685534969165,8,0.21070097837302884,0.0015081150031107788,24,0.3139866878172519,0,po-rapec-quality-energy-only-20260731-loto-semantic_segmentation,114,9.629267736904467
0.0,0.0,0.0,0.0,0.0,0.0,0.0,-0.0027052939757986508,0.0,128,3,14,0.8362472766983152,0.2746212998423223,5.419655681850919,31,6,1.8417331695969164e-06,1.9783309789333134,7,0.41174995744798226,0.0025807505436965116,14,0.1029285288006275,1,po-rapec-quality-energy-only-20260731-loto-semantic_segmentation,115,0.0
0.011381666666666651,0.0,0.05502999999999997,0.1336359394638026,0.011381666666666651,0.0,0.0,0.019156502029155295,1.5340015084317755,64,7,14,0.8362472766983152,0.18645380058704547,4.001115724556804,31,17,1.8417331695969164e-06,1.9783309789333134,5,0.2197567049694901,0.0025807505436965116,14,0.08529174517061025,0,po-rapec-quality-energy-only-20260731-loto-semantic_segmentation,116,1.5340015084317755
0.0,0.0,0.0,0.0,0.0,0.0,0.0,-0.0027052939757986508,0.0,192,5,5,0.3987492485179956,0.1391550303086943,1.7632247652330009,29,9,2.545823561653829e-06,0.5129114393475593,8,0.2888978289476148,0.002763817222511814,17,0.21701554877729756,1,po-rapec-quality-energy-only-20260731-loto-semantic_segmentation,117,0.0
0.057926666666666654,0.565473696173438,0.14770000000000005,0.47384991122006276,0.057926666666666654,0.565473696173438,0.0,0.12410178055469423,10.265058159456318,192,11,9,0.6739372425966972,0.3001619086369836,4.470657063188855,11,18,0.00035628344573909016,2.7212683491065457,8,0.4258353621965607,0.001343785712632798,22,0.32871231657171385,0,po-rapec-quality-energy-only-20260731-loto-semantic_segmentation,118,10.265058159456318
0.01614666666666666,0.0,0.05067999999999995,0.1323237945969097,0.01614666666666666,0.0,0.0,0.026439907200000137,2.3380456998663637,64,15,5,0.7170917725525299,0.2746212998423223,2.003836669431877,38,17,9.497726741572412e-06,1.7720872152430471,4,0.41174995744798226,0.004585393905623741,24,0.08723699276989823,0,po-rapec-quality-energy-only-20260731-loto-semantic_segmentation,119,2.3380456998663637
0.0,0.0,0.0,0.0,0.0,0.0,0.0,-0.0027052939757986508,0.0,64,13,7,0.6984989204744887,0.39378931744671614,4.093481526479692,30,18,0.00035628344573909016,0.6668395320163063,6,0.21070097837302884,0.005607511276793914,24,0.3139866878172519,1,po-rapec-quality-energy-only-20260731-loto-semantic_segmentation,120,0.0
0.009069999999999995,0.0,0.05441999999999997,0.0821224422646249,0.009069999999999995,0.0,0.0,0.018546502029155296,1.5169973121725826,192,3,15,0.1958397671735582,0.11805305705517198,4.336954733811688,8,19,1.6844980026797067e-05,0.5380535183239766,3,0.37372618071582187,0.001343785712632798,9,0.32871231657171385,0,po-rapec-quality-energy-only-20260731-loto-semantic_segmentation,121,1.5169973121725826
0.0009449999999999922,0.0,0.005669999999999953,0.045994803455805304,0.0009449999999999922,0.0,0.0,0.002964706024201302,2.095890520854048,64,14,9,0.5663649656336952,0.3001619086369836,4.093481526479692,29,14,4.269586961191152e-05,0.6668395320163063,8,0.21070097837302884,0.04490461578910558,22,0.3139866878172519,0,po-rapec-quality-energy-only-20260731-loto-semantic_segmentation,122,2.095890520854048
0.008479999999999988,0.0,0.05067999999999995,0.08509838248556441,0.008479999999999988,0.0,0.0,0.014806502029155275,1.4127420760916292,192,5,8,0.5663649656336952,0.3540965581002839,4.204436622432451,36,14,7.574769170376313e-06,0.5129114393475593,8,0.2888978289476148,0.012846232431252226,9,0.32871231657171385,0,po-rapec-quality-energy-only-20260731-loto-semantic_segmentation,123,1.4127420760916292
0.0,0.0,0.0,0.00477626278464591,0.0,0.0,0.0,-0.0027052939757986508,0.0,128,14,4,0.7884347937041504,0.3001619086369836,7.962428486211424,30,17,4.269586961191152e-05,0.6668395320163063,4,0.7617618589019979,0.04490461578910558,24,0.06982470084699402,1,po-rapec-quality-energy-only-20260731-loto-semantic_segmentation,124,0.0
0.0,0.0,0.0,0.006367277234808632,0.0,0.0,0.0,-0.0027052939757986508,0.0,64,11,5,0.6984989204744887,0.1391550303086943,4.093481526479692,36,18,3.188911041296988e-05,0.5380535183239766,4,0.2888978289476148,0.005607511276793914,9,0.21701554877729756,1,po-rapec-quality-energy-only-20260731-loto-semantic_segmentation,125,0.0
0.0,0.0,0.0,0.0,0.0,0.0,0.0,-0.0027052939757986508,0.0,32,13,9,0.6984989204744887,0.3001619086369836,4.093481526479692,30,18,0.00035628344573909016,2.7212683491065457,6,0.48508630903409067,0.008421470646374994,22,0.06982470084699402,1,po-rapec-quality-energy-only-20260731-loto-semantic_segmentation,126,0.0
0.000279999999999984,0.0,0.0016799999999999038,0.03096282794977206,0.000279999999999984,0.0,0.0,-0.001025293975798747,0.6210045987715395,64,7,7,0.7884347937041504,0.39378931744671614,4.093481526479692,30,17,4.269586961191152e-05,0.7597511907968628,5,0.21070097837302884,0.04852899908187486,24,0.11390710032579149,0,po-rapec-quality-energy-only-20260731-loto-semantic_segmentation,127,0.6210045987715395
0.0,0.0,0.0,0.0,0.0,0.0,0.0,-0.0027052939757986508,0.0,64,11,4,0.5663649656336952,0.11805305705517198,4.16867107300542,15,8,6.190519777562885e-05,0.5129114393475593,8,0.2888978289476148,0.001343785712632798,17,0.21701554877729756,1,po-rapec-quality-energy-only-20260731-loto-semantic_segmentation,128,0.0
0.00017999999999999497,0.0,0.0010799999999999699,0.02923664203397931,0.00017999999999999497,0.0,0.0,-0.0027052939757986508,0.11674585053627443,96,11,8,0.4262100611827209,0.3001619086369836,4.093481526479692,8,18,3.93151235995899e-05,2.7212683491065457,5,0.2789307482238157,0.0011877350844497253,22,0.06982470084699402,0,po-rapec-quality-energy-only-20260731-loto-semantic_segmentation,129,0.11674585053627443
0.0,0.0,0.0,0.0,0.0,0.0,0.0,-0.0027052939757986508,0.0,64,3,7,0.7884347937041504,0.39378931744671614,4.336954733811688,8,11,4.269586961191152e-05,0.6668395320163063,6,0.21070097837302884,0.0011562699845994286,24,0.09685509985624119,1,po-rapec-quality-energy-only-20260731-loto-semantic_segmentation,130,0.0
0.0,0.0,0.0,0.0,0.0,0.0,0.0,-0.0027052939757986508,0.0,96,14,15,0.17434815474108156,0.39378931744671614,7.01100487194532,15,15,4.824834362781239e-05,0.6668395320163063,8,0.2621819928487732,0.001343785712632798,24,0.23586810295493493,1,po-rapec-quality-energy-only-20260731-loto-semantic_segmentation,131,0.0
0.0014566666666666617,0.0,0.00873999999999997,0.05435680801788565,0.0014566666666666617,0.0,0.0,0.006034706024201319,3.230702495990206,192,11,14,0.5663649656336952,0.11805305705517198,2.8522122006152637,15,8,1.8417331695969164e-06,0.5380535183239766,8,0.2581612235529456,0.047120791275685914,14,0.32871231657171385,0,po-rapec-quality-energy-only-20260731-loto-semantic_segmentation,132,3.230702495990206
0.0,0.0,0.0,0.0,0.0,0.0,0.0,-0.0027052939757986508,0.0,32,8,10,0.468501018783211,0.15655835360679188,4.1508190145933375,23,17,4.269586961191152e-05,0.609299701963187,6,0.4255964694571055,0.0016687548926843194,24,0.15150234099541546,1,po-rapec-quality-energy-only-20260731-loto-semantic_segmentation,133,0.0
0.007700000000000003,0.0,0.04620000000000002,0.07440370574795688,0.007700000000000003,0.0,0.0,0.026439907200000137,2.3380456998663637,64,13,15,0.6984989204744887,0.2746212998423223,4.093481526479692,30,17,0.00035628344573909016,2.7212683491065457,6,0.48508630903409067,0.044287700138903444,24,0.1029285288006275,0,po-rapec-quality-energy-only-20260731-loto-semantic_segmentation,134,2.3380456998663637
0.024616666666666676,0.0,0.14770000000000005,0.09142054761248802,0.024616666666666676,0.0,0.0,0.12410178055469423,6.258946796487252,32,13,9,0.6503347384365448,0.3001619086369836,4.093481526479692,36,14,1.3056928660773648e-06,1.3503436967811009,6,0.48508630903409067,0.005607511276793914,15,0.4249410508181116,0,po-rapec-quality-energy-only-20260731-loto-semantic_segmentation,135,6.258946796487252
0.008446666666666658,0.0,0.05067999999999995,0.06416697743114641,0.008446666666666658,0.0,0.0,0.014806502029155275,1.4127420760916292,64,14,7,0.7884347937041504,0.2746212998423223,5.419655681850919,30,6,4.269586961191152e-05,1.9783309789333134,6,0.21070097837302884,0.0016687548926843194,14,0.1029285288006275,0,po-rapec-quality-energy-only-20260731-loto-semantic_segmentation,136,1.4127420760916292
0.0,0.0,0.0,0.0,0.0,0.0,0.0,-0.0027052939757986508,0.0,64,13,7,0.17434815474108156,0.39378931744671614,2.8522122006152637,37,8,3.504538249148981e-05,0.8430498193817657,8,0.21070097837302884,0.0016687548926843194,24,0.3139866878172519,1,po-rapec-quality-energy-only-20260731-loto-semantic_segmentation,137,0.0
0.0,0.0,0.0,0.0,0.0,0.0,0.0,-0.0027052939757986508,0.0,192,11,9,0.6984989204744887,0.11805305705517198,4.093481526479692,36,14,0.00031943476238991244,0.5380535183239766,6,0.2789307482238157,0.005607511276793914,12,0.06982470084699402,1,po-rapec-quality-energy-only-20260731-loto-semantic_segmentation,138,0.0
0.06527833333333331,0.5893343114907992,0.16340000000000005,0.4953967272210457,0.06527833333333331,0.5893343114907992,0.0,0.13980178055469422,12.675147435641229,64,6,9,0.6984989204744887,0.3001619086369836,1.7632247652330009,36,14,3.30747198249804e-06,2.2635327144856987,4,0.2888978289476148,0.005607511276793914,17,0.21701554877729756,0,po-rapec-quality-energy-only-20260731-loto-semantic_segmentation,139,12.675147435641229
0.0,0.0,0.0,0.0,0.0,0.0,0.0,-0.0027052939757986508,0.0,192,14,7,0.7884347937041504,0.39378931744671614,4.093481526479692,29,17,4.269586961191152e-05,0.6668395320163063,8,0.6368645508439337,0.012846232431252226,24,0.09685509985624119,1,po-rapec-quality-energy-only-20260731-loto-semantic_segmentation,140,0.0
0.0,0.0,0.0,0.0,0.0,0.0,0.0,-0.0027052939757986508,0.0,64,14,6,0.7884347937041504,0.2746212998423223,4.093481526479692,30,17,4.269586961191152e-05,0.6668395320163063,6,0.41174995744798226,0.0016687548926843194,24,0.4003438576875056,1,po-rapec-quality-energy-only-20260731-loto-semantic_segmentation,141,0.0
0.0,0.0,0.0,0.0,0.0,0.0,0.0,-0.0027052939757986508,0.0,64,11,7,0.7884347937041504,0.39378931744671614,7.01100487194532,23,16,4.269586961191152e-05,0.609299701963187,6,0.21070097837302884,0.0016687548926843194,15,0.09699222999470702,1,po-rapec-quality-energy-only-20260731-loto-semantic_segmentation,142,0.0
0.0,0.0,0.0,0.001593398552751344,0.0,0.0,0.0,-0.0027052939757986508,0.0,192,7,8,0.5663649656336952,0.18645380058704547,4.204436622432451,8,14,2.438395734313396e-06,0.7597511907968628,8,0.44998010697159063,0.012846232431252226,22,0.11390710032579149,1,po-rapec-quality-energy-only-20260731-loto-semantic_segmentation,143,0.0
0.05161499999999999,0.43811293189255374,0.14090000000000003,0.3885818326204107,0.05161499999999999,0.43811293189255374,0.0,0.1173017805546942,5.970789462593457,192,11,9,0.1419884146338411,0.3001619086369836,4.204436622432451,29,17,3.188911041296988e-05,2.7212683491065457,6,0.2789307482238157,0.036946110707175926,9,0.06982470084699402,0,po-rapec-quality-energy-only-20260731-loto-semantic_segmentation,144,5.970789462593457
0.0,0.0,0.0,0.011165715219462987,0.0,0.0,0.0,-0.0027052939757986508,0.0,192,11,15,0.6984989204744887,0.11805305705517198,4.093481526479692,30,18,3.188911041296988e-05,0.5380535183239766,6,0.2789307482238157,0.0276277612856523,9,0.06982470084699402,1,po-rapec-quality-energy-only-20260731-loto-semantic_segmentation,145,0.0
0.0,0.0,0.0,0.0,0.0,0.0,0.0,-0.0027052939757986508,0.0,64,5,5,0.6984989204744887,0.1391550303086943,1.7632247652330009,36,14,6.190519777562885e-05,0.5129114393475593,4,0.2888978289476148,0.005607511276793914,17,0.21701554877729756,1,po-rapec-quality-energy-only-20260731-loto-semantic_segmentation,146,0.0
0.0,0.0,0.0,0.0,0.0,0.0,0.0,-0.0027052939757986508,0.0,64,14,6,0.1958397671735582,0.39378931744671614,4.1508190145933375,15,17,4.269586961191152e-05,0.6668395320163063,8,0.21070097837302884,0.0016687548926843194,24,0.3100736152347674,1,po-rapec-quality-energy-only-20260731-loto-semantic_segmentation,147,0.0
0.04042500000000001,0.1374954824425647,0.14770000000000005,0.22147183685618166,0.04042500000000001,0.1374954824425647,0.0,0.12410178055469423,6.258946796487252,32,14,8,0.6984989204744887,0.39378931744671614,5.8638625531409625,15,9,1.3056928660773648e-06,1.3503436967811009,6,0.21070097837302884,0.0016687548926843194,24,0.3100736152347674,0,po-rapec-quality-energy-only-20260731-loto-semantic_segmentation,148,6.258946796487252
0.0,0.0,0.0,0.0,0.0,0.0,0.0,-0.0027052939757986508,0.0,128,14,8,0.17434815474108156,0.3540965581002839,7.01100487194532,29,17,2.5522131200410583e-05,0.7597511907968628,8,0.2197567049694901,0.012846232431252226,24,0.32871231657171385,1,po-rapec-quality-energy-only-20260731-loto-semantic_segmentation,149,0.0
0.0,0.0,0.0,0.0,0.0,0.0,0.0,-0.0027052939757986508,0.0,64,5,5,0.5294591011690759,0.1391550303086943,1.7632247652330009,36,14,6.190519777562885e-05,0.6415729326589932,6,0.534514428443218,0.0017868182210359874,14,0.1780048166728045,1,po-rapec-quality-energy-only-20260731-loto-semantic_segmentation,150,0.0
0.0,0.0,0.0,0.0,0.0,0.0,0.0,-0.0027052939757986508,0.0,192,5,10,0.5663649656336952,0.11805305705517198,7.01100487194532,23,18,0.0005971948348358656,0.609299701963187,8,0.2789307482238157,0.0019216239118196215,15,0.15150234099541546,1,po-rapec-quality-energy-only-20260731-loto-semantic_segmentation,151,0.0
0.008446666666666658,0.0,0.05067999999999995,0.07559586098751993,0.008446666666666658,0.0,0.0,0.014806502029155275,1.4127420760916292,128,13,9,0.8362472766983152,0.2746212998423223,4.093481526479692,31,10,1.8417331695969164e-06,2.7212683491065457,7,0.41174995744798226,0.0025807505436965116,14,0.1029285288006275,0,po-rapec-quality-energy-only-20260731-loto-semantic_segmentation,152,1.4127420760916292
0.0,0.0,0.0,0.0,0.0,0.0,0.0,-0.0027052939757986508,0.0,192,11,14,0.5663649656336952,0.11805305705517198,2.0878667613534043,30,8,1.8417331695969164e-06,0.5380535183239766,6,0.2581612235529456,0.005607511276793914,14,0.06982470084699402,1,po-rapec-quality-energy-only-20260731-loto-semantic_segmentation,153,0.0
0.014599999999999983,0.0,0.05502999999999997,0.18030338705037685,0.014599999999999983,0.0,0.0,0.02986470602420128,12.039357013089377,96,3,15,0.8362472766983152,0.2746212998423223,2.4771635933479983,37,6,6.190519777562885e-05,0.5129114393475593,4,0.41174995744798226,0.044287700138903444,17,0.21701554877729756,0,po-rapec-quality-energy-only-20260731-loto-semantic_segmentation,154,12.039357013089377
0.0,0.0,0.0,0.00957676695229803,0.0,0.0,0.0,-0.0027052939757986508,0.0,192,11,15,0.1958397671735582,0.39378931744671614,2.8522122006152637,15,8,4.269586961191152e-05,0.6668395320163063,8,0.5133314336790372,0.01220409718998751,9,0.32871231657171385,1,po-rapec-quality-energy-only-20260731-loto-semantic_segmentation,155,0.0
0.0,0.0,0.0,0.006367277234808632,0.0,0.0,0.0,-0.0027052939757986508,0.0,192,13,5,0.12203371018457355,0.11805305705517198,1.7632247652330009,30,8,8.249240390706264e-05,0.5380535183239766,4,0.2888978289476148,0.005607511276793914,9,0.06982470084699402,1,po-rapec-quality-energy-only-20260731-loto-semantic_segmentation,156,0.0
0.0,0.0,0.0,0.0,0.0,0.0,0.0,-0.0027052939757986508,0.0,32,5,5,0.468501018783211,0.15655835360679188,7.01100487194532,36,14,7.574769170376313e-06,0.5129114393475593,4,0.2888978289476148,0.005607511276793914,17,0.21701554877729756,1,po-rapec-quality-energy-only-20260731-loto-semantic_segmentation,157,0.0
0.0,0.0,0.0,0.0,0.0,0.0,0.0,-0.0027052939757986508,0.0,64,14,7,0.7884347937041504,0.39378931744671614,4.1508190145933375,15,17,4.269586961191152e-05,0.6668395320163063,8,0.21070097837302884,0.0016687548926843194,24,0.3139866878172519,1,po-rapec-quality-energy-only-20260731-loto-semantic_segmentation,158,0.0
0.025435000000000003,0.0,0.14770000000000005,0.1291633112195005,0.025435000000000003,0.0,0.0,0.12410178055469423,6.258946796487252,96,11,8,0.5553320756404908,0.3540965581002839,2.4771635933479983,13,6,9.497726741572412e-06,0.7597511907968628,5,0.2197567049694901,0.044287700138903444,24,0.18086750616104125,0,po-rapec-quality-energy-only-20260731-loto-semantic_segmentation,159,6.258946796487252
0.0,0.0,0.0,0.0,0.0,0.0,0.0,-0.0027052939757986508,0.0,96,3,13,0.17434815474108156,0.15655835360679188,7.01100487194532,15,19,4.824834362781239e-05,0.609299701963187,8,0.2621819928487732,0.001343785712632798,21,0.23586810295493493,1,po-rapec-quality-energy-only-20260731-loto-semantic_segmentation,160,0.0
0.0,0.0,0.0,0.0,0.0,0.0,0.0,-0.0027052939757986508,0.0,64,15,15,0.8362472766983152,0.39378931744671614,2.8522122006152637,37,10,0.00010367593723050479,0.5380535183239766,3,0.2789307482238157,0.044287700138903444,23,0.3139866878172519,1,po-rapec-quality-energy-only-20260731-loto-semantic_segmentation,161,0.0
0.0015899999999999896,0.0,0.009539999999999937,0.05770386132088068,0.0015899999999999896,0.0,0.0,0.006834706024201286,3.526418971595706,192,11,8,0.31935531882877755,0.18645380058704547,2.8522122006152637,8,8,1.0228489735755496e-06,0.5380535183239766,5,0.3924992225999715,0.04852899908187486,22,0.11390710032579149,0,po-rapec-quality-energy-only-20260731-loto-semantic_segmentation,162,3.526418971595706
0.002841666666666668,0.0,0.01705000000000001,0.07551129917082826,0.002841666666666668,0.0,0.0,0.007799135879014398,1.843071066336607,128,6,9,0.12203371018457355,0.3001619086369836,4.093481526479692,30,11,8.249240390706264e-05,2.2635327144856987,4,0.2789307482238157,0.005607511276793914,9,0.06982470084699402,0,po-rapec-quality-energy-only-20260731-loto-semantic_segmentation,163,1.843071066336607
0.0,0.0,0.0,0.0,0.0,0.0,0.0,-0.0027052939757986508,0.0,64,14,7,0.5663649656336952,0.39378931744671614,2.8522122006152637,37,17,4.269586961191152e-05,0.6668395320163063,8,0.2789307482238157,0.0016687548926843194,24,0.3139866878172519,1,po-rapec-quality-energy-only-20260731-loto-semantic_segmentation,164,0.0
0.05706833333333331,0.5417456451690007,0.14770000000000005,0.4572622266373152,0.05706833333333331,0.5417456451690007,0.0,0.12410178055469423,10.209611320280269,128,6,9,0.4254575719297037,0.3001619086369836,4.093481526479692,30,11,0.0004942012721604861,2.7212683491065457,8,0.7617618589019979,0.04490461578910558,22,0.28810466369329735,0,po-rapec-quality-energy-only-20260731-loto-semantic_segmentation,165,10.209611320280269
0.013071666666666648,0.14297072877491507,0.05347999999999997,0.17970537480698012,0.013071666666666648,0.14297072877491507,0.0,0.0176065020291553,2.125462168414588,32,13,9,0.8615018107802616,0.18645380058704547,2.831493848765846,24,18,2.438395734313396e-06,2.7212683491065457,5,0.3805586674564645,0.04852899908187486,22,0.11390710032579149,0,po-rapec-quality-energy-only-20260731-loto-semantic_segmentation,166,2.125462168414588
0.0,0.0,0.0,0.0,0.0,0.0,0.0,-0.0027052939757986508,0.0,96,12,15,0.7884347937041504,0.23454921406037482,4.1508190145933375,20,17,4.173798661891048e-05,0.6668395320163063,6,0.534514428443218,0.0016687548926843194,15,0.15120462566208093,1,po-rapec-quality-energy-only-20260731-loto-semantic_segmentation,167,0.0
0.04574333333333332,0.28544056773669474,0.14770000000000005,0.2724696747578365,0.04574333333333332,0.28544056773669474,0.0,0.12410178055469423,6.258946796487252,192,11,15,0.1958397671735582,0.39378931744671614,2.8522122006152637,15,8,1.0228489735755496e-06,0.5380535183239766,3,0.2789307482238157,0.01220409718998751,9,0.1780048166728045,0,po-rapec-quality-energy-only-20260731-loto-semantic_segmentation,168,6.258946796487252
0.0,0.0,0.0,0.0,0.0,0.0,0.0,-0.0027052939757986508,0.0,32,7,9,0.4254575719297037,0.3001619086369836,7.962428486211424,30,11,0.00035628344573909016,2.2635327144856987,4,0.48508630903409067,0.005607511276793914,22,0.06982470084699402,1,po-rapec-quality-energy-only-20260731-loto-semantic_segmentation,169,0.0
0.0,0.0,0.0,0.0,0.0,0.0,0.0,-0.0027052939757986508,0.0,192,11,14,0.6500636598777213,0.11805305705517198,2.8522122006152637,15,8,1.8417331695969164e-06,0.5380535183239766,8,0.2581612235529456,0.001374614300555785,14,0.32871231657171385,1,po-rapec-quality-energy-only-20260731-loto-semantic_segmentation,170,0.0
0.0,0.0,0.0,0.0,0.0,0.0,0.0,-0.0027052939757986508,0.0,64,5,5,0.6984989204744887,0.1391550303086943,2.8522122006152637,15,14,1.0031386789121864e-06,0.5380535183239766,8,0.2888978289476148,0.005607511276793914,17,0.32871231657171385,1,po-rapec-quality-energy-only-20260731-loto-semantic_segmentation,171,0.0
0.008446666666666658,0.0,0.05067999999999995,0.07559586098751993,0.008446666666666658,0.0,0.0,0.014806502029155275,1.4127420760916292,192,11,9,0.5663649656336952,0.2746212998423223,4.204436622432451,29,6,0.00035628344573909016,2.7212683491065457,7,0.44998010697159063,0.0025807505436965116,14,0.06982470084699402,0,po-rapec-quality-energy-only-20260731-loto-semantic_segmentation,172,1.4127420760916292
0.0,0.0,0.0,0.0,0.0,0.0,0.0,-0.0027052939757986508,0.0,192,3,15,0.1958397671735582,0.39378931744671614,4.336954733811688,8,11,2.438395734313396e-06,2.5863711087708254,3,0.2197567049694901,0.01220409718998751,22,0.09685509985624119,1,po-rapec-quality-energy-only-20260731-loto-semantic_segmentation,173,0.0
0.0,0.0,0.0,0.0,0.0,0.0,0.0,-0.0027052939757986508,0.0,64,14,13,0.7884347937041504,0.39378931744671614,4.093481526479692,15,17,4.269586961191152e-05,0.8474910452964541,6,0.2621819928487732,0.0016687548926843194,21,0.23586810295493493,1,po-rapec-quality-energy-only-20260731-loto-semantic_segmentation,174,0.0
0.0,0.0,0.0,0.0,0.0,0.0,0.0,-0.0027052939757986508,0.0,64,5,15,0.5663649656336952,0.23454921406037482,6.373351759505689,33,17,4.269586961191152e-05,0.5380535183239766,7,0.534514428443218,0.0016687548926843194,14,0.32871231657171385,1,po-rapec-quality-energy-only-20260731-loto-semantic_segmentation,175,0.0
0.0,0.0,0.0,0.0,0.0,0.0,0.0,-0.0027052939757986508,0.0,32,11,8,0.468501018783211,0.15655835360679188,5.8638625531409625,36,14,7.574769170376313e-06,0.5129114393475593,4,0.48508630903409067,0.005607511276793914,15,0.21701554877729756,1,po-rapec-quality-energy-only-20260731-loto-semantic_segmentation,176,0.0
0.03306333333333333,0.0,0.14770000000000005,0.16059285903123718,0.03306333333333333,0.0,0.0,0.12410178055469423,6.258946796487252,128,11,8,0.6984989204744887,0.39378931744671614,5.8638625531409625,36,17,3.504538249148981e-05,1.3503436967811009,6,0.20817915099089268,0.0016687548926843194,15,0.3139866878172519,0,po-rapec-quality-energy-only-20260731-loto-semantic_segmentation,177,6.258946796487252
0.0,0.0,0.0,0.0,0.0,0.0,0.0,-0.0027052939757986508,0.0,32,14,10,0.468501018783211,0.39378931744671614,3.807714306482898,23,18,0.0005971948348358656,0.609299701963187,6,0.21070097837302884,0.0015081150031107788,24,0.3139866878172519,1,po-rapec-quality-energy-only-20260731-loto-semantic_segmentation,178,0.0
0.0,0.0,0.0,0.0,0.0,0.0,0.0,-0.0027052939757986508,0.0,192,11,10,0.6877848597312333,0.2746212998423223,2.8522122006152637,15,8,1.0228489735755496e-06,0.5380535183239766,3,0.41174995744798226,0.0017868182210359874,23,0.1780048166728045,1,po-rapec-quality-energy-only-20260731-loto-semantic_segmentation,179,0.0
0.0,0.0,0.0,0.0,0.0,0.0,0.0,-0.0027052939757986508,0.0,128,5,8,0.4262100611827209,0.3001619086369836,4.093481526479692,8,18,2.514595387978441e-06,0.8260444903954118,6,0.534514428443218,0.0017868182210359874,22,0.06982470084699402,1,po-rapec-quality-energy-only-20260731-loto-semantic_segmentation,180,0.0
0.0007183333333333208,0.0,0.004309999999999925,0.03936579809713011,0.0007183333333333208,0.0,0.0,0.0016047060242012742,1.5931725123246676,64,13,15,0.5663649656336952,0.39378931744671614,2.4771635933479983,37,6,0.00010367593723050479,0.5380535183239766,8,0.2789307482238157,0.044287700138903444,23,0.3139866878172519,0,po-rapec-quality-energy-only-20260731-loto-semantic_segmentation,181,1.5931725123246676
0.079635,0.5434225131806029,0.14770000000000005,0.5420549707515073,0.079635,0.5434225131806029,0.4841091560939547,0.12410178055469423,9.629267736904467,192,3,11,0.5663649656336952,0.3540965581002839,2.4771635933479983,29,6,9.497726741572412e-06,1.6514826576877342,8,0.41174995744798226,0.044287700138903444,24,0.32871231657171385,0,po-rapec-quality-energy-only-20260731-loto-semantic_segmentation,182,9.629267736904467
0.0,0.0,0.0,0.011165715219462987,0.0,0.0,0.0,-0.0027052939757986508,0.0,192,11,15,0.5663649656336952,0.23454921406037482,4.093481526479692,14,8,7.792218764165392e-06,0.5380535183239766,8,0.2789307482238157,0.0276277612856523,9,0.32871231657171385,1,po-rapec-quality-energy-only-20260731-loto-semantic_segmentation,183,0.0
0.0,0.0,0.0,0.0,0.0,0.0,0.0,-0.0027052939757986508,0.0,192,5,5,0.3987492485179956,0.1391550303086943,1.7632247652330009,29,9,3.6422757538531996e-06,0.5129114393475593,8,0.2888978289476148,0.002763817222511814,17,0.21701554877729756,1,po-rapec-quality-energy-only-20260731-loto-semantic_segmentation,184,0.0
0.05335999999999999,0.5255160152189595,0.14770000000000005,0.40010384482638345,0.05335999999999999,0.5255160152189595,0.0,0.12410178055469423,6.258946796487252,64,13,15,0.3987492485179956,0.39378931744671614,2.8522122006152637,36,9,2.545823561653829e-06,2.7596257716124484,8,0.2789307482238157,0.002763817222511814,17,0.3139866878172519,0,po-rapec-quality-energy-only-20260731-loto-semantic_segmentation,185,6.258946796487252
0.05705333333333334,0.5667540044903554,0.14770000000000005,0.4588194944181006,0.05705333333333334,0.5667540044903554,0.0,0.12410178055469423,10.265058159456318,96,7,8,0.4262100611827209,0.3001619086369836,4.093481526479692,15,19,0.00035628344573909016,2.7212683491065457,5,0.2621819928487732,0.001343785712632798,21,0.23586810295493493,0,po-rapec-quality-energy-only-20260731-loto-semantic_segmentation,186,10.265058159456318
0.0,0.0,0.0,0.0,0.0,0.0,0.0,-0.0027052939757986508,0.0,32,5,10,0.468501018783211,0.23454921406037482,7.01100487194532,23,8,9.583257099199976e-05,0.5879958733661359,8,0.2789307482238157,0.0017868182210359874,15,0.15150234099541546,1,po-rapec-quality-energy-only-20260731-loto-semantic_segmentation,187,0.0
0.0,0.0,0.0,0.0,0.0,0.0,0.0,-0.0027052939757986508,0.0,32,5,5,0.3987492485179956,0.1391550303086943,6.373351759505689,29,9,7.792218764165392e-06,0.5380535183239766,8,0.2888978289476148,0.002763817222511814,14,0.21701554877729756,1,po-rapec-quality-energy-only-20260731-loto-semantic_segmentation,188,0.0
0.0,0.0,0.0,0.0,0.0,0.0,0.0,-0.0027052939757986508,0.0,64,11,13,0.5663649656336952,0.11805305705517198,2.4771635933479983,13,17,9.497726741572412e-06,0.9566752024279961,5,0.41174995744798226,0.001343785712632798,9,0.1029285288006275,1,po-rapec-quality-energy-only-20260731-loto-semantic_segmentation,189,0.0
0.0,0.0,0.0,0.0,0.0,0.0,0.0,-0.0027052939757986508,0.0,96,7,13,0.17434815474108156,0.11805305705517198,4.093481526479692,15,19,3.188911041296988e-05,0.5380535183239766,6,0.2789307482238157,0.0276277612856523,21,0.06982470084699402,1,po-rapec-quality-energy-only-20260731-loto-semantic_segmentation,190,0.0
0.0,0.0,0.0,0.0,0.0,0.0,0.0,-0.0027052939757986508,0.0,64,14,15,0.10082866598482906,0.39378931744671614,2.8522122006152637,15,17,0.00010367593723050479,0.6668395320163063,6,0.2789307482238157,0.0016687548926843194,24,0.3100736152347674,1,po-rapec-quality-energy-only-20260731-loto-semantic_segmentation,191,0.0
0.0,0.0,0.0,0.0,0.0,0.0,0.0,-0.0027052939757986508,0.0,64,11,7,0.6984989204744887,0.07174135606791254,5.8638625531409625,30,17,4.269586961191152e-05,1.3503436967811009,6,0.48508630903409067,0.0016687548926843194,15,0.4249410508181116,1,po-rapec-quality-energy-only-20260731-loto-semantic_segmentation,192,0.0
0.04839833333333333,0.32333742018576916,0.14090000000000003,0.2700948118880787,0.04839833333333333,0.32333742018576916,0.0,0.1173017805546942,5.970789462593457,192,5,8,0.5663649656336952,0.3540965581002839,4.204436622432451,29,8,7.361996320107113e-06,0.7597511907968628,8,0.534514428443218,0.004650298005273656,22,0.32871231657171385,0,po-rapec-quality-energy-only-20260731-loto-semantic_segmentation,193,5.970789462593457
0.024616666666666676,0.0,0.14770000000000005,0.09142054761248802,0.024616666666666676,0.0,0.0,0.12410178055469423,6.258946796487252,128,5,15,0.5663649656336952,0.23454921406037482,6.373351759505689,14,17,3.504538249148981e-05,0.8430498193817657,8,0.21070097837302884,0.0016687548926843194,14,0.3139866878172519,0,po-rapec-quality-energy-only-20260731-loto-semantic_segmentation,194,6.258946796487252
0.0,0.0,0.0,0.0,0.0,0.0,0.0,-0.0027052939757986508,0.0,192,5,8,0.6984989204744887,0.23454921406037482,7.703510726637824,14,16,7.792218764165392e-06,0.609299701963187,6,0.534514428443218,0.005607511276793914,15,0.15150234099541546,1,po-rapec-quality-energy-only-20260731-loto-semantic_segmentation,195,0.0
0.000279999999999984,0.0,0.0016799999999999038,0.025964963594829846,0.000279999999999984,0.0,0.0,-0.001025293975798747,0.6210045987715395,192,7,15,0.6904520924178287,0.38936695488268924,6.965905607498048,8,17,2.438395734313396e-06,0.7597511907968628,8,0.44998010697159063,0.04852899908187486,22,0.1480452360636415,0,po-rapec-quality-energy-only-20260731-loto-semantic_segmentation,196,0.6210045987715395
0.006701666666666661,0.0,0.04020999999999997,0.05923944887662347,0.006701666666666661,0.0,0.0,0.004336502029155295,1.1208831665281063,32,11,13,0.6904520924178287,0.20914387019681635,7.01100487194532,29,16,7.361996320107113e-06,1.747687179785812,6,0.48508630903409067,0.012846232431252226,15,0.1480452360636415,0,po-rapec-quality-energy-only-20260731-loto-semantic_segmentation,197,1.1208831665281063
0.0,0.0,0.0,0.0,0.0,0.0,0.0,-0.0027052939757986508,0.0,192,6,9,0.6739372425966972,0.3001619086369836,7.962428486211424,30,11,0.00035628344573909016,1.3331813373509789,8,0.7617618589019979,0.04490461578910558,22,0.06982470084699402,1,po-rapec-quality-energy-only-20260731-loto-semantic_segmentation,198,0.0
0.0,0.0,0.0,0.0,0.0,0.0,0.0,-0.0027052939757986508,0.0,192,13,5,0.5663649656336952,0.11805305705517198,2.8522122006152637,30,8,0.00035628344573909016,0.5380535183239766,8,0.2789307482238157,0.007081040241017589,22,0.32871231657171385,1,po-rapec-quality-energy-only-20260731-loto-semantic_segmentation,199,0.0
0.0,0.0,0.0,0.0,0.0,0.0,0.0,-0.0027052939757986508,0.0,64,14,7,0.5663649656336952,0.11805305705517198,4.093481526479692,9,17,4.269586961191152e-05,0.6668395320163063,8,0.21070097837302884,0.0016687548926843194,24,0.3139866878172519,1,po-rapec-quality-energy-only-20260731-loto-semantic_segmentation,200,0.0
0.02348333333333334,0.0,0.14090000000000003,0.0958863137936336,0.02348333333333334,0.0,0.0,0.1173017805546942,5.970789462593457,64,14,7,0.7884347937041504,0.39378931744671614,4.1508190145933375,8,18,4.269586961191152e-05,2.7212683491065457,5,0.2197567049694901,0.0011877350844497253,22,0.06982470084699402,0,po-rapec-quality-energy-only-20260731-loto-semantic_segmentation,201,5.970789462593457
0.000279999999999984,0.0,0.0016799999999999038,0.029307699797282025,0.000279999999999984,0.0,0.0,-0.001025293975798747,0.6210045987715395,192,13,15,0.6984989204744887,0.11805305705517198,4.093481526479692,30,18,0.00035628344573909016,1.1381021463789336,6,0.2789307482238157,0.04490461578910558,22,0.06982470084699402,0,po-rapec-quality-energy-only-20260731-loto-semantic_segmentation,202,0.6210045987715395
0.05613499999999999,0.5270640132219643,0.14770000000000005,0.4455111494184582,0.05613499999999999,0.5270640132219643,0.0,0.12410178055469423,9.629267736904467,192,11,9,0.5663649656336952,0.39378931744671614,4.204436622432451,29,17,0.00035628344573909016,2.7212683491065457,7,0.21070097837302884,0.0016687548926843194,25,0.3139866878172519,0,po-rapec-quality-energy-only-20260731-loto-semantic_segmentation,203,9.629267736904467
0.0,0.0,0.0,0.0,0.0,0.0,0.0,-0.0027052939757986508,0.0,192,14,7,0.7884347937041504,0.39378931744671614,4.093481526479692,29,11,4.269586961191152e-05,0.6668395320163063,8,0.21070097837302884,0.012846232431252226,24,0.09685509985624119,1,po-rapec-quality-energy-only-20260731-loto-semantic_segmentation,204,0.0
0.0,0.0,0.0,0.0,0.0,0.0,0.0,-0.0027052939757986508,0.0,128,6,9,0.1958397671735582,0.39378931744671614,4.336954733811688,8,11,3.30747198249804e-06,2.2635327144856987,3,0.5090975120609226,0.04490461578910558,24,0.06982470084699402,1,po-rapec-quality-energy-only-20260731-loto-semantic_segmentation,205,0.0
0.0009449999999999922,0.0,0.005669999999999953,0.045994803455805304,0.0009449999999999922,0.0,0.0,0.002964706024201302,2.095890520854048,128,11,7,0.5663649656336952,0.2746212998423223,4.204436622432451,29,17,7.361996320107113e-06,0.9566752024279961,8,0.2197567049694901,0.044287700138903444,22,0.32871231657171385,0,po-rapec-quality-energy-only-20260731-loto-semantic_segmentation,206,2.095890520854048
0.09038833333333333,0.615947199087423,0.16340000000000005,0.6020252057399212,0.09038833333333333,0.615947199087423,0.5393656887501665,0.13980178055469422,12.675147435641229,96,3,11,0.5553320756404908,0.3540965581002839,4.204436622432451,26,9,7.361996320107113e-06,0.9566752024279961,4,0.10387604180967053,0.012846232431252226,22,0.32871231657171385,0,po-rapec-quality-energy-only-20260731-loto-semantic_segmentation,207,12.675147435641229
0.016918333333333303,0.14396064791488544,0.05502999999999997,0.22830523032414066,0.016918333333333303,0.14396064791488544,0.0,0.031584706024201284,12.675147435641229,32,5,5,0.6984989204744887,0.1391550303086943,1.7632247652330009,36,14,7.574769170376313e-06,0.5129114393475593,4,0.2888978289476148,0.06453191589646874,17,0.21701554877729756,0,po-rapec-quality-energy-only-20260731-loto-semantic_segmentation,208,12.675147435641229
0.0007183333333333208,0.0,0.004309999999999925,0.03936579809713011,0.0007183333333333208,0.0,0.0,0.0016047060242012742,1.5931725123246676,96,13,15,0.5663649656336952,0.39378931744671614,2.8522122006152637,8,8,0.00010367593723050479,0.7597511907968628,8,0.2197567049694901,0.04852899908187486,24,0.3139866878172519,0,po-rapec-quality-energy-only-20260731-loto-semantic_segmentation,209,1.5931725123246676
0.0,0.0,0.0,0.0,0.0,0.0,0.0,-0.0027052939757986508,0.0,192,11,15,0.6984989204744887,0.3001619086369836,4.093481526479692,30,18,0.00035628344573909016,1.584648920741182,6,0.48508630903409067,0.005607511276793914,22,0.06982470084699402,1,po-rapec-quality-energy-only-20260731-loto-semantic_segmentation,210,0.0
0.0,0.0,0.0,0.0,0.0,0.0,0.0,-0.0027052939757986508,0.0,192,11,8,0.5663649656336952,0.3540965581002839,7.01100487194532,23,17,1.3056928660773648e-06,0.7597511907968628,6,0.48508630903409067,0.012846232431252226,22,0.15150234099541546,1,po-rapec-quality-energy-only-20260731-loto-semantic_segmentation,211,0.0
0.038981666666666644,0.38109580323581205,0.14090000000000003,0.3047859123979164,0.038981666666666644,0.38109580323581205,0.0,0.1173017805546942,9.629267736904467,96,3,15,0.5663649656336952,0.11805305705517198,2.4771635933479983,37,8,9.497726741572412e-06,0.9566752024279961,8,0.2789307482238157,0.044287700138903444,9,0.32871231657171385,0,po-rapec-quality-energy-only-20260731-loto-semantic_segmentation,212,9.629267736904467
0.009083333333333323,0.0,0.028449999999999975,0.14211391960671546,0.009083333333333323,0.0,0.0,0.02334470602420131,9.629267736904467,192,5,15,0.5663649656336952,0.1256410535185773,4.204436622432451,14,8,7.792218764165392e-06,0.5380535183239766,8,0.44998010697159063,0.04490461578910558,22,0.32871231657171385,0,po-rapec-quality-energy-only-20260731-loto-semantic_segmentation,213,9.629267736904467
0.0,0.0,0.0,0.0,0.0,0.0,0.0,-0.0027052939757986508,0.0,192,11,15,0.5663649656336952,0.3540965581002839,4.204436622432451,29,14,7.361996320107113e-06,0.5380535183239766,8,0.44998010697159063,0.012846232431252226,9,0.32871231657171385,1,po-rapec-quality-energy-only-20260731-loto-semantic_segmentation,214,0.0
0.0,0.0,0.0,0.0,0.0,0.0,0.0,-0.0027052939757986508,0.0,192,5,15,0.1958397671735582,0.39378931744671614,6.373351759505689,14,8,4.269586961191152e-05,0.6668395320163063,3,0.5090975120609226,0.01220409718998751,24,0.09685509985624119,1,po-rapec-quality-energy-only-20260731-loto-semantic_segmentation,215,0.0
0.000661666666666653,0.0,0.003969999999999918,0.03600688769417704,0.000661666666666653,0.0,0.0,0.0012647060242012673,1.4674930101923225,192,11,8,0.8362472766983152,0.3540965581002839,7.9462052966629075,29,17,9.497726741572412e-06,0.7597511907968628,6,0.2197567049694901,0.044287700138903444,22,0.1029285288006275,0,po-rapec-quality-energy-only-20260731-loto-semantic_segmentation,216,1.4674930101923225
0.0,0.0,0.0,0.0,0.0,0.0,0.0,-0.0027052939757986508,0.0,192,11,13,0.5663649656336952,0.11805305705517198,2.8522122006152637,29,11,4.269586961191152e-05,0.6668395320163063,8,0.37372618071582187,0.001343785712632798,9,0.32871231657171385,1,po-rapec-quality-energy-only-20260731-loto-semantic_segmentation,217,0.0
3.333333333332966e-05,0.0,0.00019999999999997797,0.017610846086622226,3.333333333332966e-05,0.0,0.0,-0.002505293975798673,0.07392911890136983,32,11,8,0.6739372425966972,0.15655835360679188,7.01100487194532,23,16,1.3056928660773648e-06,0.609299701963187,8,0.12552301079550598,0.04490461578910558,15,0.06982470084699402,0,po-rapec-quality-energy-only-20260731-loto-semantic_segmentation,218,0.07392911890136983
0.0,0.0,0.0,0.0,0.0,0.0,0.0,-0.0027052939757986508,0.0,64,5,5,0.6984989204744887,0.1391550303086943,1.7632247652330009,36,14,6.190519777562885e-05,0.5129114393475593,4,0.2888978289476148,0.005607511276793914,17,0.21701554877729756,1,po-rapec-quality-energy-only-20260731-loto-semantic_segmentation,219,0.0
0.0,0.0,0.0,0.0,0.0,0.0,0.0,-0.0027052939757986508,0.0,96,3,9,0.5553320756404908,0.33085399107079216,2.4771635933479983,30,18,9.497726741572412e-06,2.7212683491065457,4,0.48508630903409067,0.005607511276793914,24,0.06982470084699402,1,po-rapec-quality-energy-only-20260731-loto-semantic_segmentation,220,0.0
0.008446666666666658,0.0,0.05067999999999995,0.06734455860731232,0.008446666666666658,0.0,0.0,0.014806502029155275,1.4127420760916292,192,11,7,0.6984989204744887,0.39378931744671614,4.093481526479692,30,18,4.269586961191152e-05,0.5380535183239766,6,0.2789307482238157,0.006107788803823145,9,0.06982470084699402,0,po-rapec-quality-energy-only-20260731-loto-semantic_segmentation,221,1.4127420760916292
0.0,0.0,0.0,0.0,0.0,0.0,0.0,-0.0027052939757986508,0.0,192,11,15,0.6739372425966972,0.3540965581002839,4.204436622432451,26,18,7.361996320107113e-06,0.5380535183239766,8,0.7617618589019979,0.012846232431252226,9,0.06982470084699402,1,po-rapec-quality-energy-only-20260731-loto-semantic_segmentation,222,0.0
0.0,0.0,0.0,0.0,0.0,0.0,0.0,-0.0027052939757986508,0.0,32,5,5,0.6904520924178287,0.15655835360679188,4.204436622432451,10,14,7.361996320107113e-06,1.747687179785812,8,0.2888978289476148,0.005607511276793914,13,0.1480452360636415,1,po-rapec-quality-energy-only-20260731-loto-semantic_segmentation,223,0.0
0.0,0.0,0.0,0.0,0.0,0.0,0.0,-0.0027052939757986508,0.0,32,13,7,0.6984989204744887,0.3001619086369836,3.9828128172001427,20,18,4.173798661891048e-05,1.090348796191166,6,0.21070097837302884,0.005607511276793914,22,0.06982470084699402,1,po-rapec-quality-energy-only-20260731-loto-semantic_segmentation,224,0.0
0.0009449999999999922,0.0,0.005669999999999953,0.045994803455805304,0.0009449999999999922,0.0,0.0,0.002964706024201302,2.095890520854048,192,5,5,0.6904520924178287,0.12850162210900176,4.204436622432451,29,14,7.361996320107113e-06,1.747687179785812,8,0.2888978289476148,0.0015576943603234606,17,0.1480452360636415,0,po-rapec-quality-energy-only-20260731-loto-semantic_segmentation,225,2.095890520854048
0.008446666666666658,0.0,0.05067999999999995,0.06899168720310303,0.008446666666666658,0.0,0.0,0.014806502029155275,1.4127420760916292,96,5,10,0.468501018783211,0.15655835360679188,7.01100487194532,29,8,8.249240390706264e-05,0.5380535183239766,6,0.2789307482238157,0.009255343432408634,9,0.4040370354093153,0,po-rapec-quality-energy-only-20260731-loto-semantic_segmentation,226,1.4127420760916292
0.0,0.0,0.0,0.0,0.0,0.0,0.0,-0.0027052939757986508,0.0,64,14,9,0.8362472766983152,0.3001619086369836,4.204436622432451,29,17,9.497726741572412e-06,0.7959550780978357,6,0.44998010697159063,0.04490461578910558,22,0.06982470084699402,1,po-rapec-quality-energy-only-20260731-loto-semantic_segmentation,227,0.0
0.0,0.0,0.0,0.011165715219462987,0.0,0.0,0.0,-0.0027052939757986508,0.0,96,7,13,0.4262100611827209,0.18645380058704547,6.964177683498093,15,19,2.438395734313396e-06,0.7597511907968628,8,0.2197567049694901,0.04852899908187486,22,0.11390710032579149,1,po-rapec-quality-energy-only-20260731-loto-semantic_segmentation,228,0.0
0.0,0.0,0.0,0.0,0.0,0.0,0.0,-0.0027052939757986508,0.0,32,5,5,0.6984989204744887,0.1391550303086943,4.093481526479692,29,18,2.545823561653829e-06,2.7212683491065457,8,0.2888978289476148,0.005607511276793914,22,0.06982470084699402,1,po-rapec-quality-energy-only-20260731-loto-semantic_segmentation,229,0.0
0.0,0.0,0.0,0.0,0.0,0.0,0.0,-0.0027052939757986508,0.0,96,5,5,0.468501018783211,0.15655835360679188,4.1508190145933375,20,14,4.173798661891048e-05,0.6668395320163063,6,0.2888978289476148,0.0016687548926843194,20,0.15120462566208093,1,po-rapec-quality-energy-only-20260731-loto-semantic_segmentation,230,0.0
0.0,0.0,0.0,0.0,0.0,0.0,0.0,-0.0027052939757986508,0.0,192,5,5,0.4262100611827209,0.18645380058704547,6.965905607498048,36,17,2.438395734313396e-06,0.7597511907968628,4,0.2888978289476148,0.002763817222511814,22,0.11390710032579149,1,po-rapec-quality-energy-only-20260731-loto-semantic_segmentation,231,0.0
0.010524999999999979,0.0,0.05067999999999995,0.1301999860282566,0.010524999999999979,0.0,0.0,0.014806502029155275,4.609480563500889,128,11,9,0.4254575719297037,0.11805305705517198,7.962428486211424,23,8,3.30747198249804e-06,0.5380535183239766,8,0.2789307482238157,0.04490461578910558,9,0.06982470084699402,0,po-rapec-quality-energy-only-20260731-loto-semantic_segmentation,232,4.609480563500889
0.011900000000000003,0.0,0.07140000000000002,0.0908066235917447,0.011900000000000003,0.0,0.0,0.05163990720000014,3.6133433543389253,128,11,14,0.8362472766983152,0.2746212998423223,5.8638625531409625,31,14,1.3056928660773648e-06,0.7229726016773376,7,0.41174995744798226,0.005607511276793914,8,0.1029285288006275,0,po-rapec-quality-energy-only-20260731-loto-semantic_segmentation,233,3.6133433543389253
0.0,0.0,0.0,0.0,0.0,0.0,0.0,-0.0027052939757986508,0.0,192,5,5,0.468501018783211,0.15655835360679188,2.8522122006152637,15,17,1.8417331695969164e-06,0.5129114393475593,8,0.2888978289476148,0.005607511276793914,17,0.21701554877729756,1,po-rapec-quality-energy-only-20260731-loto-semantic_segmentation,234,0.0
0.0,0.0,0.0,0.0,0.0,0.0,0.0,-0.0027052939757986508,0.0,192,5,5,0.3987492485179956,0.1391550303086943,1.7632247652330009,29,9,2.545823561653829e-06,0.5129114393475593,8,0.2888978289476148,0.002763817222511814,17,0.21701554877729756,1,po-rapec-quality-energy-only-20260731-loto-semantic_segmentation,235,0.0
0.0014566666666666617,0.0,0.00873999999999997,0.05435680801788565,0.0014566666666666617,0.0,0.0,0.006034706024201319,3.230702495990206,32,5,9,0.5663649656336952,0.15655835360679188,7.01100487194532,36,14,0.00035628344573909016,0.5129114393475593,8,0.44998010697159063,0.04490461578910558,17,0.1702354792824463,0,po-rapec-quality-energy-only-20260731-loto-semantic_segmentation,236,3.230702495990206
0.0,0.0,0.0,0.0,0.0,0.0,0.0,-0.0027052939757986508,0.0,128,11,8,0.12203371018457355,0.11805305705517198,4.093481526479692,20,20,8.249240390706264e-05,0.6415729326589932,6,0.534514428443218,0.0017868182210359874,14,0.1780048166728045,1,po-rapec-quality-energy-only-20260731-loto-semantic_segmentation,237,0.0
0.0,0.0,0.0,0.0,0.0,0.0,0.0,-0.0027052939757986508,0.0,192,6,9,0.5663649656336952,0.3001619086369836,4.204436622432451,29,14,3.188911041296988e-05,0.5380535183239766,8,0.44998010697159063,0.0276277612856523,22,0.06982470084699402,1,po-rapec-quality-energy-only-20260731-loto-semantic_segmentation,238,0.0
0.0,0.0,0.0,0.0,0.0,0.0,0.0,-0.0027052939757986508,0.0,64,14,10,0.7884347937041504,0.056202086689004685,4.093481526479692,23,18,0.0005971948348358656,0.6668395320163063,8,0.21070097837302884,0.0015081150031107788,15,0.3139866878172519,1,po-rapec-quality-energy-only-20260731-loto-semantic_segmentation,239,0.0
0.0,0.0,0.0,0.0,0.0,0.0,0.0,-0.0027052939757986508,0.0,128,14,7,0.17434815474108156,0.39378931744671614,7.01100487194532,30,17,3.504538249148981e-05,0.8430498193817657,8,0.21070097837302884,0.0016687548926843194,24,0.33294285546580904,1,po-rapec-quality-energy-only-20260731-loto-semantic_segmentation,240,0.0
0.0,0.0,0.0,0.001593398552751344,0.0,0.0,0.0,-0.0027052939757986508,0.0,64,14,7,0.1958397671735582,0.39378931744671614,4.336954733811688,30,11,4.269586961191152e-05,0.6668395320163063,6,0.21070097837302884,0.012846232431252226,24,0.09685509985624119,1,po-rapec-quality-energy-only-20260731-loto-semantic_segmentation,241,0.0
0.0,0.0,0.0,0.0,0.0,0.0,0.0,-0.0027052939757986508,0.0,192,7,15,0.4262100611827209,0.18645380058704547,6.965905607498048,15,8,2.438395734313396e-06,0.5380535183239766,8,0.2789307482238157,0.0017868182210359874,22,0.1780048166728045,1,po-rapec-quality-energy-only-20260731-loto-semantic_segmentation,242,0.0
0.009398333333333323,0.0,0.05347999999999997,0.1035110008305261,0.009398333333333323,0.0,0.0,0.0176065020291553,1.4907941244944822,192,11,13,0.6739372425966972,0.11805305705517198,4.093481526479692,30,18,4.824834362781239e-05,2.7212683491065457,8,0.37372618071582187,0.04490461578910558,9,0.06982470084699402,0,po-rapec-quality-energy-only-20260731-loto-semantic_segmentation,243,1.4907941244944822
0.0,0.0,0.0,0.0,0.0,0.0,0.0,-0.0027052939757986508,0.0,96,3,11,0.5553320756404908,0.33085399107079216,2.4771635933479983,25,6,9.497726741572412e-06,0.9566752024279961,4,0.41174995744798226,0.044287700138903444,24,0.07182111288928769,1,po-rapec-quality-energy-only-20260731-loto-semantic_segmentation,244,0.0
0.0,0.0,0.0,0.00477626278464591,0.0,0.0,0.0,-0.0027052939757986508,0.0,128,5,10,0.468501018783211,0.15655835360679188,7.01100487194532,36,18,0.0005971948348358656,0.5129114393475593,6,0.4255964694571055,0.005607511276793914,8,0.15150234099541546,1,po-rapec-quality-energy-only-20260731-loto-semantic_segmentation,245,0.0
0.0,0.0,0.0,0.0,0.0,0.0,0.0,-0.0027052939757986508,0.0,64,3,14,0.8362472766983152,0.2936662537281926,3.9941473274084704,31,14,1.8417331695969164e-06,1.9783309789333134,4,0.2888978289476148,0.005607511276793914,17,0.1029285288006275,1,po-rapec-quality-energy-only-20260731-loto-semantic_segmentation,246,0.0
0.0,0.0,0.0,0.0,0.0,0.0,0.0,-0.0027052939757986508,0.0,192,11,8,0.5663649656336952,0.33085399107079216,2.4771635933479983,25,17,9.497726741572412e-06,0.7597511907968628,4,0.2197567049694901,0.012846232431252226,24,0.32871231657171385,1,po-rapec-quality-energy-only-20260731-loto-semantic_segmentation,247,0.0
0.0,0.0,0.0,0.0,0.0,0.0,0.0,-0.0027052939757986508,0.0,192,5,5,0.3987492485179956,0.1391550303086943,1.7632247652330009,29,12,2.545823561653829e-06,0.5129114393475593,8,0.2888978289476148,0.002763817222511814,25,0.21701554877729756,1,po-rapec-quality-energy-only-20260731-loto-semantic_segmentation,248,0.0
0.0,0.0,0.0,0.0,0.0,0.0,0.0,-0.0027052939757986508,0.0,192,3,15,0.6904520924178287,0.33085399107079216,2.4771635933479983,25,14,7.361996320107113e-06,1.747687179785812,4,0.41174995744798226,0.012846232431252226,24,0.1480452360636415,1,po-rapec-quality-energy-only-20260731-loto-semantic_segmentation,249,0.0
0.024616666666666676,0.0,0.14770000000000005,0.08322940763695016,0.024616666666666676,0.0,0.0,0.12410178055469423,6.258946796487252,96,11,11,0.5553320756404908,0.33085399107079216,2.4771635933479983,29,17,9.497726741572412e-06,0.9566752024279961,4,0.41174995744798226,0.012846232431252226,22,0.1029285288006275,0,po-rapec-quality-energy-only-20260731-loto-semantic_segmentation,250,6.258946796487252
0.0,0.0,0.0,0.0,0.0,0.0,0.0,-0.0027052939757986508,0.0,192,14,7,0.3987492485179956,0.39378931744671614,7.485808221520585,30,17,2.545823561653829e-06,0.8430498193817657,8,0.2888978289476148,0.002763817222511814,17,0.3139866878172519,1,po-rapec-quality-energy-only-20260731-loto-semantic_segmentation,251,0.0
0.002841666666666668,0.0,0.01705000000000001,0.06755951578008933,0.002841666666666668,0.0,0.0,0.007799135879014398,1.843071066336607,128,6,13,0.5663649656336952,0.11805305705517198,2.8522122006152637,15,19,3.30747198249804e-06,2.2635327144856987,4,0.28282014758949636,0.0057038208051228625,9,0.06982470084699402,0,po-rapec-quality-energy-only-20260731-loto-semantic_segmentation,252,1.843071066336607
0.0,0.0,0.0,0.0,0.0,0.0,0.0,-0.0027052939757986508,0.0,64,5,7,0.6984989204744887,0.39378931744671614,1.7632247652330009,37,8,0.00010367593723050479,0.5380535183239766,4,0.2888978289476148,0.001343785712632798,17,0.21701554877729756,1,po-rapec-quality-energy-only-20260731-loto-semantic_segmentation,253,0.0
0.0,0.0,0.0,0.0,0.0,0.0,0.0,-0.0027052939757986508,0.0,64,14,10,0.468501018783211,0.39378931744671614,4.093481526479692,30,17,4.269586961191152e-05,0.6668395320163063,6,0.21070097837302884,0.0016687548926843194,15,0.3139866878172519,1,po-rapec-quality-energy-only-20260731-loto-semantic_segmentation,254,0.0
0.0,0.0,0.0,0.0,0.0,0.0,0.0,-0.0027052939757986508,0.0,64,13,15,0.5663649656336952,0.39378931744671614,2.8522122006152637,37,8,0.00010367593723050479,0.5380535183239766,8,0.2789307482238157,0.001343785712632798,11,0.3139866878172519,1,po-rapec-quality-energy-only-20260731-loto-semantic_segmentation,255,0.0
0.04529666666666667,0.19250093229343923,0.14970000000000006,0.261412071988632,0.04529666666666667,0.19250093229343923,0.0,0.12610178055469423,6.3436989535148385,64,5,15,0.5663649656336952,0.39378931744671614,2.8522122006152637,37,8,2.545823561653829e-06,0.5380535183239766,4,0.2888978289476148,0.002763817222511814,17,0.4558768405199983,0,po-rapec-quality-energy-only-20260731-loto-semantic_segmentation,256,6.3436989535148385
0.0,0.0,0.0,0.0,0.0,0.0,0.0,-0.0027052939757986508,0.0,96,3,15,0.1958397671735582,0.39378931744671614,4.336954733811688,37,6,4.269586961191152e-05,0.6668395320163063,3,0.44998010697159063,0.044287700138903444,23,0.1029285288006275,1,po-rapec-quality-energy-only-20260731-loto-semantic_segmentation,257,0.0
0.048741666666666655,0.31556634003473627,0.16340000000000005,0.30572519822249744,0.048741666666666655,0.31556634003473627,0.0,0.13980178055469422,6.924251229153804,192,11,15,0.6984989204744887,0.39378931744671614,4.093481526479692,8,11,4.269586961191152e-05,0.6668395320163063,3,0.5090975120609226,0.0276277612856523,9,0.42391520640653635,0,po-rapec-quality-energy-only-20260731-loto-semantic_segmentation,258,6.924251229153804
0.0,0.0,0.0,0.00957676695229803,0.0,0.0,0.0,-0.0027052939757986508,0.0,64,14,5,0.8362472766983152,0.2746212998423223,2.4771635933479983,36,17,9.497726741572412e-06,0.5129114393475593,4,0.7802855458735709,0.044287700138903444,13,0.1029285288006275,1,po-rapec-quality-energy-only-20260731-loto-semantic_segmentation,259,0.0
0.008446666666666658,0.0,0.05067999999999995,0.06749685580125088,0.008446666666666658,0.0,0.0,0.014806502029155275,1.4127420760916292,192,13,9,0.6904520924178287,0.3001619086369836,4.093481526479692,29,18,0.00035628344573909016,2.7212683491065457,8,0.44998010697159063,0.012846232431252226,11,0.06982470084699402,0,po-rapec-quality-energy-only-20260731-loto-semantic_segmentation,260,1.4127420760916292
0.0,0.0,0.0,0.0,0.0,0.0,0.0,-0.0027052939757986508,0.0,32,5,8,0.6984989204744887,0.15655835360679188,6.373351759505689,14,12,1.3056928660773648e-06,0.609299701963187,6,0.534514428443218,0.0017868182210359874,14,0.1780048166728045,1,po-rapec-quality-energy-only-20260731-loto-semantic_segmentation,261,0.0
0.0,0.0,0.0,0.0,0.0,0.0,0.0,-0.0027052939757986508,0.0,96,14,7,0.7884347937041504,0.39378931744671614,4.1508190145933375,20,17,4.173798661891048e-05,0.6668395320163063,8,0.788271394359045,0.0016687548926843194,20,0.15120462566208093,1,po-rapec-quality-energy-only-20260731-loto-semantic_segmentation,262,0.0
0.0006399999999999925,0.0,0.0038399999999999546,0.03733406019463895,0.0006399999999999925,0.0,0.0,-0.0027052939757986508,0.4150963574623157,128,5,8,0.5294591011690759,0.23454921406037482,4.093481526479692,30,18,0.0004418695714458544,2.7212683491065457,6,0.534514428443218,0.04490461578910558,14,0.06982470084699402,0,po-rapec-quality-energy-only-20260731-loto-semantic_segmentation,263,0.4150963574623157
0.0,0.0,0.0,0.00957676695229803,0.0,0.0,0.0,-0.0027052939757986508,0.0,192,13,15,0.6739372425966972,0.3001619086369836,4.093481526479692,30,8,3.188911041296988e-05,0.5380535183239766,8,0.2789307482238157,0.0276277612856523,9,0.06982470084699402,1,po-rapec-quality-energy-only-20260731-loto-semantic_segmentation,264,0.0
0.0,0.0,0.0,0.0,0.0,0.0,0.0,-0.0027052939757986508,0.0,96,11,8,0.6984989204744887,0.3001619086369836,7.01100487194532,23,18,1.3056928660773648e-06,0.609299701963187,5,0.48508630903409067,0.005607511276793914,22,0.06982470084699402,1,po-rapec-quality-energy-only-20260731-loto-semantic_segmentation,265,0.0
0.0,0.0,0.0,0.00477626278464591,0.0,0.0,0.0,-0.0027052939757986508,0.0,96,4,10,0.4262100611827209,0.3001619086369836,4.093481526479692,8,6,0.0005971948348358656,2.7212683491065457,5,0.4255964694571055,0.0015081150031107788,15,0.06982470084699402,1,po-rapec-quality-energy-only-20260731-loto-semantic_segmentation,266,0.0
0.0007183333333333208,0.0,0.004309999999999925,0.03936579809713011,0.0007183333333333208,0.0,0.0,0.0016047060242012742,1.5931725123246676,128,14,7,0.17434815474108156,0.2746212998423223,2.4771635933479983,20,17,3.504538249148981e-05,0.9566752024279961,8,0.41174995744798226,0.044287700138903444,24,0.3139866878172519,0,po-rapec-quality-energy-only-20260731-loto-semantic_segmentation,267,1.5931725123246676
0.0,0.0,0.0,0.0,0.0,0.0,0.0,-0.0027052939757986508,0.0,192,11,11,0.5663649656336952,0.1391550303086943,1.7632247652330009,36,9,0.00010367593723050479,0.5380535183239766,4,0.2888978289476148,0.001343785712632798,17,0.32871231657171385,1,po-rapec-quality-energy-only-20260731-loto-semantic_segmentation,268,0.0
0.0,0.0,0.0,0.0,0.0,0.0,0.0,-0.0027052939757986508,0.0,192,5,9,0.4254575719297037,0.3001619086369836,1.7632247652330009,28,9,3.30747198249804e-06,0.5129114393475593,4,0.2888978289476148,0.002763817222511814,22,0.30640797675197007,1,po-rapec-quality-energy-only-20260731-loto-semantic_segmentation,269,0.0
0.0,0.0,0.0,0.0,0.0,0.0,0.0,-0.0027052939757986508,0.0,64,14,15,0.12203371018457355,0.11805305705517198,4.093481526479692,30,8,8.249240390706264e-05,0.9566752024279961,6,0.2789307482238157,0.005607511276793914,9,0.06982470084699402,1,po-rapec-quality-energy-only-20260731-loto-semantic_segmentation,270,0.0
0.021429999999999987,0.2717674733553122,0.059779999999999944,0.2847616189157949,0.021429999999999987,0.2717674733553122,0.0,0.0317791358790144,10.265058159456318,96,3,15,0.6739372425966972,0.3001619086369836,2.4771635933479983,37,18,0.0001246909016927098,2.7212683491065457,3,0.7617618589019979,0.044287700138903444,23,0.25661371371647185,0,po-rapec-quality-energy-only-20260731-loto-semantic_segmentation,271,10.265058159456318
0.0,0.0,0.0,0.0,0.0,0.0,0.0,-0.0027052939757986508,0.0,128,5,7,0.3987492485179956,0.1391550303086943,7.01100487194532,29,9,3.504538249148981e-05,0.5129114393475593,8,0.2888978289476148,0.0016687548926843194,24,0.3139866878172519,1,po-rapec-quality-energy-only-20260731-loto-semantic_segmentation,272,0.0
0.0,0.0,0.0,0.0,0.0,0.0,0.0,-0.0027052939757986508,0.0,192,11,14,0.8362472766983152,0.11805305705517198,5.419655681850919,31,8,1.8417331695969164e-06,1.4036062356982664,6,0.41174995744798226,0.005607511276793914,21,0.1029285288006275,1,po-rapec-quality-energy-only-20260731-loto-semantic_segmentation,273,0.0
0.0,0.0,0.0,0.0,0.0,0.0,0.0,-0.0027052939757986508,0.0,96,14,15,0.5663649656336952,0.39378931744671614,2.8522122006152637,30,8,0.00010367593723050479,0.8430498193817657,8,0.2789307482238157,0.0016687548926843194,24,0.3139866878172519,1,po-rapec-quality-energy-only-20260731-loto-semantic_segmentation,274,0.0
0.0,0.0,0.0,0.0,0.0,0.0,0.0,-0.0027052939757986508,0.0,96,7,15,0.4262100611827209,0.11805305705517198,4.093481526479692,8,18,0.00035628344573909016,0.5380535183239766,5,0.2197567049694901,0.001343785712632798,15,0.42156701049110895,1,po-rapec-quality-energy-only-20260731-loto-semantic_segmentation,275,0.0
0.008913333333333329,0.0,0.05347999999999997,0.08034760753686472,0.008913333333333329,0.0,0.0,0.0176065020291553,1.4907941244944822,192,3,11,0.6984989204744887,0.11805305705517198,4.093481526479692,30,6,3.188911041296988e-05,0.5380535183239766,6,0.2789307482238157,0.0276277612856523,9,0.1029285288006275,0,po-rapec-quality-energy-only-20260731-loto-semantic_segmentation,276,1.4907941244944822
0.0015899999999999896,0.0,0.009539999999999937,0.056039822592841744,0.0015899999999999896,0.0,0.0,0.006834706024201286,3.526418971595706,96,11,8,0.2501610732605812,0.15655835360679188,6.965905607498048,8,6,1.3056928660773648e-06,0.7597511907968628,6,0.45120975205336267,0.04852899908187486,22,0.15150234099541546,0,po-rapec-quality-energy-only-20260731-loto-semantic_segmentation,277,3.526418971595706
0.006701666666666661,0.0,0.04020999999999997,0.05763243784648613,0.006701666666666661,0.0,0.0,0.004336502029155295,1.1208831665281063,192,5,5,0.3987492485179956,0.39378931744671614,4.336954733811688,29,9,4.269586961191152e-05,0.5129114393475593,8,0.2888978289476148,0.002763817222511814,17,0.21701554877729756,0,po-rapec-quality-energy-only-20260731-loto-semantic_segmentation,278,1.1208831665281063
0.0,0.0,0.0,0.0,0.0,0.0,0.0,-0.0027052939757986508,0.0,192,11,5,0.3987492485179956,0.11805305705517198,1.7632247652330009,29,9,1.8417331695969164e-06,0.5129114393475593,8,0.2581612235529456,0.001343785712632798,14,0.32871231657171385,1,po-rapec-quality-energy-only-20260731-loto-semantic_segmentation,279,0.0
0.008446666666666658,0.0,0.05067999999999995,0.06734455860731232,0.008446666666666658,0.0,0.0,0.014806502029155275,1.4127420760916292,192,11,12,0.5367126175491804,0.4336143228297003,2.016441368534505,30,8,8.249240390706264e-05,0.5380535183239766,6,0.2789307482238157,0.005607511276793914,9,0.06982470084699402,0,po-rapec-quality-energy-only-20260731-loto-semantic_segmentation,280,1.4127420760916292
0.0,0.0,0.0,0.0,0.0,0.0,0.0,-0.0027052939757986508,0.0,192,14,14,0.7884347937041504,0.11805305705517198,2.8522122006152637,30,17,1.8417331695969164e-06,0.6668395320163063,6,0.2581612235529456,0.0016687548926843194,14,0.3139866878172519,1,po-rapec-quality-energy-only-20260731-loto-semantic_segmentation,281,0.0
0.035739999999999994,0.1489873002182617,0.14770000000000005,0.2185664975757302,0.035739999999999994,0.1489873002182617,0.0,0.12410178055469423,6.258946796487252,96,12,11,0.8362472766983152,0.39378931744671614,5.419655681850919,20,17,4.173798661891048e-05,1.9783309789333134,6,0.21070097837302884,0.0025807505436965116,14,0.1029285288006275,0,po-rapec-quality-energy-only-20260731-loto-semantic_segmentation,282,6.258946796487252
0.013721666666666651,0.05449917196698296,0.05347999999999997,0.18520971699076416,0.013721666666666651,0.05449917196698296,0.0,0.02506470602420131,10.265058159456318,128,3,13,0.4254575719297037,0.3001619086369836,7.01100487194532,13,11,4.824834362781239e-05,2.2635327144856987,8,0.2621819928487732,0.0013693375462044814,21,0.23586810295493493,0,po-rapec-quality-energy-only-20260731-loto-semantic_segmentation,283,10.265058159456318
0.0,0.0,0.0,0.0,0.0,0.0,0.0,-0.0027052939757986508,0.0,64,8,7,0.7884347937041504,0.39378931744671614,4.093481526479692,15,8,0.00010367593723050479,0.5380535183239766,8,0.2789307482238157,0.001343785712632798,24,0.32871231657171385,1,po-rapec-quality-energy-only-20260731-loto-semantic_segmentation,284,0.0
0.05237833333333331,0.4769294018545089,0.14090000000000003,0.4073517855664884,0.05237833333333331,0.4769294018545089,0.009929466558876,0.1173017805546942,12.675147435641229,192,5,5,0.4254575719297037,0.3001619086369836,7.962428486211424,23,11,2.545823561653829e-06,0.5154960921068128,4,0.7617618589019979,0.04490461578910558,18,0.4772347993271701,0,po-rapec-quality-energy-only-20260731-loto-semantic_segmentation,285,12.675147435641229
0.08238333333333332,0.5779496736747989,0.14770000000000005,0.5784052481372735,0.08238333333333332,0.5779496736747989,0.5736110222830665,0.12410178055469423,10.265058159456318,192,11,9,0.12203371018457355,0.3001619086369836,4.093481526479692,30,18,3.10675853812336e-05,2.7212683491065457,8,0.7617618589019979,0.005607511276793914,22,0.4874480638567057,0,po-rapec-quality-energy-only-20260731-loto-semantic_segmentation,286,10.265058159456318
0.010478333333333312,0.0,0.05067999999999995,0.11044222028194046,0.010478333333333312,0.0,0.0,0.014806502029155275,1.4127420760916292,192,11,14,0.8362472766983152,0.2746212998423223,2.8522122006152637,31,6,4.824834362781239e-05,1.9783309789333134,8,0.37372618071582187,0.0025807505436965116,14,0.1029285288006275,0,po-rapec-quality-energy-only-20260731-loto-semantic_segmentation,287,1.4127420760916292
0.0,0.0,0.0,0.0,0.0,0.0,0.0,-0.0027052939757986508,0.0,192,5,8,0.8362472766983152,0.23807627480587273,1.7632247652330009,36,9,1.8417331695969164e-06,0.5129114393475593,4,0.41174995744798226,0.0025807505436965116,17,0.21701554877729756,1,po-rapec-quality-energy-only-20260731-loto-semantic_segmentation,288,0.0
0.0,0.0,0.0,0.001593398552751344,0.0,0.0,0.0,-0.0027052939757986508,0.0,192,7,15,0.5663649656336952,0.23454921406037482,6.373351759505689,14,14,3.3878793657125027e-06,0.5380535183239766,8,0.44998010697159063,0.012846232431252226,14,0.32871231657171385,1,po-rapec-quality-energy-only-20260731-loto-semantic_segmentation,289,0.0
0.0,0.0,0.0,0.0,0.0,0.0,0.0,-0.0027052939757986508,0.0,192,11,15,0.1958397671735582,0.11805305705517198,4.336954733811688,15,11,4.269586961191152e-05,0.6668395320163063,8,0.44998010697159063,0.001343785712632798,9,0.32871231657171385,1,po-rapec-quality-energy-only-20260731-loto-semantic_segmentation,290,0.0
0.04161499999999999,0.3603303752936164,0.14770000000000005,0.3157323849526163,0.04161499999999999,0.3603303752936164,0.0,0.12410178055469423,6.258946796487252,96,13,9,0.5553320756404908,0.3001619086369836,2.4771635933479983,25,18,0.00035628344573909016,2.7212683491065457,4,0.7617618589019979,0.04490461578910558,22,0.1029285288006275,0,po-rapec-quality-energy-only-20260731-loto-semantic_segmentation,291,6.258946796487252
3.333333333332966e-05,0.0,0.00019999999999997797,0.019284276458627302,3.333333333332966e-05,0.0,0.0,-0.002505293975798673,0.07392911890136983,192,13,15,0.5061015229242388,0.23454921406037482,6.373351759505689,14,18,7.792218764165392e-06,0.5380535183239766,8,0.2789307482238157,0.0276277612856523,14,0.32871231657171385,0,po-rapec-quality-energy-only-20260731-loto-semantic_segmentation,292,0.07392911890136983
0.0,0.0,0.0,0.0,0.0,0.0,0.0,-0.0027052939757986508,0.0,96,11,15,0.5663649656336952,0.2746212998423223,2.4771635933479983,37,14,9.497726741572412e-06,0.5380535183239766,8,0.41174995744798226,0.012846232431252226,23,0.1029285288006275,1,po-rapec-quality-energy-only-20260731-loto-semantic_segmentation,293,0.0
0.008946666666666658,0.0,0.05347999999999997,0.09182184208765744,0.008946666666666658,0.0,0.0,0.0176065020291553,1.4907941244944822,192,5,10,0.5663649656336952,0.3540965581002839,7.01100487194532,29,18,0.0005971948348358656,0.5380535183239766,6,0.4255964694571055,0.012846232431252226,9,0.32871231657171385,0,po-rapec-quality-energy-only-20260731-loto-semantic_segmentation,294,1.4907941244944822
0.0,0.0,0.0,0.0,0.0,0.0,0.0,-0.0027052939757986508,0.0,96,7,14,0.4262100611827209,0.11805305705517198,7.043329066735846,8,17,1.8417331695969164e-06,0.7597511907968628,5,0.2581612235529456,0.001343785712632798,22,0.11390710032579149,1,po-rapec-quality-energy-only-20260731-loto-semantic_segmentation,295,0.0
0.009171666666666661,0.0,0.05502999999999997,0.08720988358187058,0.009171666666666661,0.0,0.0,0.019156502029155295,1.5340015084317755,192,3,8,0.5294591011690759,0.23454921406037482,4.336954733811688,9,11,4.269586961191152e-05,0.6415729326589932,3,0.5090975120609226,0.0017868182210359874,14,0.1780048166728045,0,po-rapec-quality-energy-only-20260731-loto-semantic_segmentation,296,1.5340015084317755
0.0,0.0,0.0,0.0,0.0,0.0,0.0,-0.0027052939757986508,0.0,192,11,15,0.5663649656336952,0.3540965581002839,7.460254425551291,29,14,7.361996320107113e-06,0.5380535183239766,8,0.5251358550510835,0.012846232431252226,9,0.1480452360636415,1,po-rapec-quality-energy-only-20260731-loto-semantic_segmentation,297,0.0
0.0,0.0,0.0,0.0,0.0,0.0,0.0,-0.0027052939757986508,0.0,128,5,8,0.6984989204744887,0.15655835360679188,7.01100487194532,23,16,1.3056928660773648e-06,0.609299701963187,6,0.534514428443218,0.005607511276793914,14,0.1780048166728045,1,po-rapec-quality-energy-only-20260731-loto-semantic_segmentation,298,0.0
0.03509499999999999,0.14396064791488544,0.14770000000000005,0.20357440768192958,0.03509499999999999,0.14396064791488544,0.0,0.12410178055469423,6.258946796487252,128,11,14,0.6984989204744887,0.15655835360679188,5.419655681850919,31,16,1.3056928660773648e-06,1.9783309789333134,6,0.48508630903409067,0.005607511276793914,15,0.1029285288006275,0,po-rapec-quality-energy-only-20260731-loto-semantic_segmentation,299,6.258946796487252
0.0,0.0,0.0,0.0,0.0,0.0,0.0,-0.0027052939757986508,0.0,64,14,7,0.5294591011690759,0.23454921406037482,4.093481526479692,14,12,4.269586961191152e-05,0.6415729326589932,8,0.21070097837302884,0.0017868182210359874,14,0.1780048166728045,1,po-rapec-quality-energy-only-20260731-loto-semantic_segmentation,300,0.0
0.0,0.0,0.0,0.0,0.0,0.0,0.0,-0.0027052939757986508,0.0,64,14,15,0.8362472766983152,0.2746212998423223,7.579225272212482,30,17,9.497726741572412e-06,0.6668395320163063,6,0.21070097837302884,0.044287700138903444,24,0.3139866878172519,1,po-rapec-quality-energy-only-20260731-loto-semantic_segmentation,301,0.0
0.0,0.0,0.0,0.0,0.0,0.0,0.0,-0.0027052939757986508,0.0,128,13,15,0.5663649656336952,0.39378931744671614,6.373351759505689,14,8,2.514595387978441e-06,0.6415729326589932,8,0.2789307482238157,0.0017868182210359874,14,0.3139866878172519,1,po-rapec-quality-energy-only-20260731-loto-semantic_segmentation,302,0.0
0.0,0.0,0.0,0.0,0.0,0.0,0.0,-0.0027052939757986508,0.0,192,14,9,0.12203371018457355,0.11805305705517198,4.093481526479692,30,8,4.269586961191152e-05,0.6668395320163063,6,0.2789307482238157,0.0016687548926843194,24,0.06982470084699402,1,po-rapec-quality-energy-only-20260731-loto-semantic_segmentation,303,0.0
0.08149333333333332,0.5709886250600995,0.14770000000000005,0.5651649242974549,0.08149333333333332,0.5709886250600995,0.528221476378627,0.12410178055469423,10.265058159456318,32,3,8,0.8362472766983152,0.07174135606791254,5.8638625531409625,36,7,1.3056928660773648e-06,1.9783309789333134,7,0.41174995744798226,0.005607511276793914,14,0.4249410508181116,0,po-rapec-quality-energy-only-20260731-loto-semantic_segmentation,304,10.265058159456318
0.0,0.0,0.0,0.006367277234808632,0.0,0.0,0.0,-0.0027052939757986508,0.0,128,14,15,0.17434815474108156,0.39378931744671614,7.01100487194532,30,11,3.504538249148981e-05,0.8430498193817657,3,0.5090975120609226,0.01220409718998751,24,0.09685509985624119,1,po-rapec-quality-energy-only-20260731-loto-semantic_segmentation,305,0.0
0.011101666666666649,0.0,0.05441999999999997,0.1236844569675443,0.011101666666666649,0.0,0.0,0.018546502029155296,1.5169973121725826,96,11,14,0.5663649656336952,0.11805305705517198,6.965905607498048,8,17,2.438395734313396e-06,2.9339606535698497,8,0.2197567049694901,0.001343785712632798,14,0.11390710032579149,0,po-rapec-quality-energy-only-20260731-loto-semantic_segmentation,306,1.5169973121725826
0.05411,0.4819194807548241,0.14770000000000005,0.40865458070220034,0.05411,0.4819194807548241,0.0,0.12410178055469423,6.258946796487252,96,15,9,0.5663649656336952,0.3001619086369836,4.204436622432451,29,14,0.00035628344573909016,2.7212683491065457,2,0.31990540216624785,0.04490461578910558,22,0.06982470084699402,0,po-rapec-quality-energy-only-20260731-loto-semantic_segmentation,307,6.258946796487252
0.05994999999999998,0.5856610942456865,0.14970000000000006,0.4904510207293267,0.05994999999999998,0.5856610942456865,0.0,0.12610178055469423,12.039357013089377,192,11,15,0.6984989204744887,0.3001619086369836,4.093481526479692,30,18,0.00035628344573909016,2.7212683491065457,6,0.2789307482238157,0.005607511276793914,22,0.32871231657171385,0,po-rapec-quality-energy-only-20260731-loto-semantic_segmentation,308,12.039357013089377
0.0,0.0,0.0,0.0,0.0,0.0,0.0,-0.0027052939757986508,0.0,192,11,8,0.5663649656336952,0.39378931744671614,4.1508190145933375,29,14,4.173798661891048e-05,0.6668395320163063,8,0.2197567049694901,0.0016687548926843194,22,0.32871231657171385,1,po-rapec-quality-energy-only-20260731-loto-semantic_segmentation,309,0.0
0.0,0.0,0.0,0.0,0.0,0.0,0.0,-0.0027052939757986508,0.0,192,5,15,0.5294591011690759,0.23454921406037482,2.8522122006152637,14,8,2.514595387978441e-06,0.5380535183239766,8,0.534514428443218,0.0017868182210359874,14,0.1780048166728045,1,po-rapec-quality-energy-only-20260731-loto-semantic_segmentation,310,0.0
0.020346666666666662,0.009532743528497757,0.07140000000000002,0.15815118219905702,0.020346666666666662,0.009532743528497757,0.0,0.05163990720000014,3.6133433543389253,192,11,9,0.4262100611827209,0.11805305705517198,4.093481526479692,30,8,8.249240390706264e-05,0.7597511907968628,6,0.2197567049694901,0.005607511276793914,9,0.06982470084699402,0,po-rapec-quality-energy-only-20260731-loto-semantic_segmentation,311,3.6133433543389253
0.0,0.0,0.0,0.0,0.0,0.0,0.0,-0.0027052939757986508,0.0,64,14,7,0.7884347937041504,0.39378931744671614,4.1508190145933375,15,17,4.269586961191152e-05,0.6668395320163063,6,0.21070097837302884,0.0016687548926843194,24,0.3100736152347674,1,po-rapec-quality-energy-only-20260731-loto-semantic_segmentation,312,0.0
0.0,0.0,0.0,0.0,0.0,0.0,0.0,-0.0027052939757986508,0.0,64,14,11,0.7884347937041504,0.39378931744671614,4.093481526479692,30,17,4.173798661891048e-05,0.6668395320163063,6,0.21070097837302884,0.0016687548926843194,20,0.15120462566208093,1,po-rapec-quality-energy-only-20260731-loto-semantic_segmentation,313,0.0
0.0,0.0,0.0,0.0,0.0,0.0,0.0,-0.0027052939757986508,0.0,32,11,8,0.6984989204744887,0.07174135606791254,5.8638625531409625,36,14,1.3056928660773648e-06,1.3503436967811009,6,0.23948831287876535,0.005607511276793914,15,0.4249410508181116,1,po-rapec-quality-energy-only-20260731-loto-semantic_segmentation,314,0.0
0.003391666666666654,0.0,0.015519999999999923,0.10912483018902754,0.003391666666666654,0.0,0.0,0.012814706024201272,5.736899626746903,192,5,8,0.6984989204744887,0.15655835360679188,7.01100487194532,23,16,1.3056928660773648e-06,1.9392591055981723,6,0.48508630903409067,0.005607511276793914,22,0.15150234099541546,0,po-rapec-quality-energy-only-20260731-loto-semantic_segmentation,315,5.736899626746903
0.02348333333333334,0.0,0.14090000000000003,0.08156725316808604,0.02348333333333334,0.0,0.0,0.1173017805546942,5.970789462593457,96,12,11,0.7884347937041504,0.12518694556956683,4.1508190145933375,31,6,1.8417331695969164e-06,1.9783309789333134,7,0.21070097837302884,0.0024443207306667765,20,0.15120462566208093,0,po-rapec-quality-energy-only-20260731-loto-semantic_segmentation,316,5.970789462593457
0.0,0.0,0.0,0.0,0.0,0.0,0.0,-0.0027052939757986508,0.0,96,3,13,0.4262100611827209,0.15655835360679188,7.01100487194532,8,18,0.00035628344573909016,2.6493521817806083,5,0.2621819928487732,0.001343785712632798,22,0.06982470084699402,1,po-rapec-quality-energy-only-20260731-loto-semantic_segmentation,317,0.0
0.0,0.0,0.0,0.0,0.0,0.0,0.0,-0.0027052939757986508,0.0,192,11,15,0.6904520924178287,0.18645380058704547,4.204436622432451,33,14,2.438395734313396e-06,0.7597511907968628,8,0.2197567049694901,0.012846232431252226,13,0.1480452360636415,1,po-rapec-quality-energy-only-20260731-loto-semantic_segmentation,318,0.0
0.01987999999999997,0.24205457804697736,0.05502999999999997,0.2700333096212891,0.01987999999999997,0.24205457804697736,0.0,0.02737913587901433,10.209611320280269,64,3,7,0.7884347937041504,0.39378931744671614,4.093481526479692,30,17,4.269586961191152e-05,0.6668395320163063,8,0.21070097837302884,0.0016687548926843194,24,0.3139866878172519,0,po-rapec-quality-energy-only-20260731-loto-semantic_segmentation,319,10.209611320280269
0.0,0.0,0.0,0.0,0.0,0.0,0.0,-0.0027052939757986508,0.0,192,11,9,0.5663649656336952,0.3001619086369836,4.204436622432451,29,14,7.361996320107113e-06,0.5380535183239766,8,0.44998010697159063,0.0018889214735796614,9,0.06982470084699402,1,po-rapec-quality-energy-only-20260731-loto-semantic_segmentation,320,0.0
0.0,0.0,0.0,0.0,0.0,0.0,0.0,-0.0027052939757986508,0.0,96,11,15,0.7884347937041504,0.23454921406037482,2.8522122006152637,15,8,4.173798661891048e-05,0.5380535183239766,6,0.2789307482238157,0.0016687548926843194,9,0.1780048166728045,1,po-rapec-quality-energy-only-20260731-loto-semantic_segmentation,321,0.0
0.0,0.0,0.0,0.00477626278464591,0.0,0.0,0.0,-0.0027052939757986508,0.0,192,11,8,0.5663649656336952,0.3540965581002839,4.204436622432451,29,14,7.361996320107113e-06,0.7597511907968628,8,0.44998010697159063,0.017406086920848052,13,0.1480452360636415,1,po-rapec-quality-energy-only-20260731-loto-semantic_segmentation,322,0.0
0.0,0.0,0.0,0.0,0.0,0.0,0.0,-0.0027052939757986508,0.0,192,5,5,0.6984989204744887,0.3001619086369836,1.7632247652330009,29,14,7.574769170376313e-06,2.7212683491065457,8,0.44998010697159063,0.04490461578910558,22,0.08661834943424207,1,po-rapec-quality-energy-only-20260731-loto-semantic_segmentation,323,0.0
0.08339666666666663,0.5566865945246298,0.16340000000000005,0.5235510737419681,0.08339666666666663,0.5566865945246298,0.25588377332266143,0.13980178055469422,8.032525516587752,32,5,10,0.12203371018457355,0.11805305705517198,7.01100487194532,30,18,8.249240390706264e-05,2.1434490089306557,3,0.4255964694571055,0.005607511276793914,9,0.43173369355978325,0,po-rapec-quality-energy-only-20260731-loto-semantic_segmentation,324,8.032525516587752
0.0,0.0,0.0,0.0,0.0,0.0,0.0,-0.0027052939757986508,0.0,192,14,14,0.5663649656336952,0.2746212998423223,2.8522122006152637,15,8,9.497726741572412e-06,0.5380535183239766,6,0.2581612235529456,0.004691034209463174,24,0.1029285288006275,1,po-rapec-quality-energy-only-20260731-loto-semantic_segmentation,325,0.0
0.0,0.0,0.0,0.0,0.0,0.0,0.0,-0.0027052939757986508,0.0,128,7,8,0.4262100611827209,0.2746212998423223,6.965905607498048,8,6,1.8417331695969164e-06,0.7597511907968628,5,0.2197567049694901,0.0025807505436965116,22,0.11390710032579149,1,po-rapec-quality-energy-only-20260731-loto-semantic_segmentation,326,0.0
0.0,0.0,0.0,0.0,0.0,0.0,0.0,-0.0027052939757986508,0.0,32,5,8,0.6984989204744887,0.1391550303086943,1.7632247652330009,36,14,6.190519777562885e-05,0.5129114393475593,6,0.2888978289476148,0.005607511276793914,17,0.4249410508181116,1,po-rapec-quality-energy-only-20260731-loto-semantic_segmentation,327,0.0
0.0,0.0,0.0,0.014319060625547558,0.0,0.0,0.0,-0.0027052939757986508,0.0,96,7,15,0.4262100611827209,0.2746212998423223,2.4771635933479983,15,17,9.497726741572412e-06,0.7597511907968628,6,0.2197567049694901,0.04852899908187486,22,0.1029285288006275,1,po-rapec-quality-energy-only-20260731-loto-semantic_segmentation,328,0.0
0.0,0.0,0.0,0.0,0.0,0.0,0.0,-0.0027052939757986508,0.0,192,5,5,0.7356338802148445,0.1391550303086943,4.336954733811688,29,11,4.269586961191152e-05,0.6668395320163063,8,0.44998010697159063,0.012846232431252226,17,0.21701554877729756,1,po-rapec-quality-energy-only-20260731-loto-semantic_segmentation,329,0.0
0.0,0.0,0.0,0.0,0.0,0.0,0.0,-0.0027052939757986508,0.0,128,3,14,0.8362472766983152,0.2746212998423223,5.419655681850919,31,6,1.8417331695969164e-06,1.9783309789333134,7,0.41174995744798226,0.0025807505436965116,14,0.1029285288006275,1,po-rapec-quality-energy-only-20260731-loto-semantic_segmentation,330,0.0
0.0,0.0,0.0,0.0,0.0,0.0,0.0,-0.0027052939757986508,0.0,32,5,10,0.468501018783211,0.15655835360679188,7.01100487194532,23,18,0.0005971948348358656,0.609299701963187,6,0.4255964694571055,0.0015081150031107788,15,0.15150234099541546,1,po-rapec-quality-energy-only-20260731-loto-semantic_segmentation,331,0.0
0.011203333333333315,0.0,0.05502999999999997,0.13201382138274634,0.011203333333333315,0.0,0.0,0.019156502029155295,1.5340015084317755,192,11,7,0.6904520924178287,0.20914387019681635,4.204436622432451,15,17,4.269586961191152e-05,2.8179255681029565,8,0.44998010697159063,0.0016687548926843194,13,0.1480452360636415,0,po-rapec-quality-energy-only-20260731-loto-semantic_segmentation,332,1.5340015084317755
0.0,0.0,0.0,0.0,0.0,0.0,0.0,-0.0027052939757986508,0.0,192,5,8,0.5294591011690759,0.23454921406037482,6.373351759505689,14,9,2.545823561653829e-06,0.5129114393475593,6,0.2888978289476148,0.0017868182210359874,17,0.1780048166728045,1,po-rapec-quality-energy-only-20260731-loto-semantic_segmentation,333,0.0
0.0,0.0,0.0,0.0,0.0,0.0,0.0,-0.0027052939757986508,0.0,64,6,9,0.4254575719297037,0.14627071098777622,2.651724862652622,23,11,7.575312051894802e-05,2.2635327144856987,8,0.7617618589019979,0.001343785712632798,24,0.06982470084699402,1,po-rapec-quality-energy-only-20260731-loto-semantic_segmentation,334,0.0
0.01661333333333333,0.0,0.05347999999999997,0.13068210369894906,0.01661333333333333,0.0,0.0,0.026439907200000137,2.3380456998663637,192,11,15,0.5294591011690759,0.4126091160219347,2.8522122006152637,29,14,1.0228489735755496e-06,1.747687179785812,8,0.2789307482238157,0.0017868182210359874,9,0.1780048166728045,0,po-rapec-quality-energy-only-20260731-loto-semantic_segmentation,335,2.3380456998663637
0.0,0.0,0.0,0.0,0.0,0.0,0.0,-0.0027052939757986508,0.0,96,3,13,0.17434815474108156,0.15655835360679188,7.01100487194532,15,19,4.824834362781239e-05,0.609299701963187,8,0.2621819928487732,0.003605123864426904,21,0.23586810295493493,1,po-rapec-quality-energy-only-20260731-loto-semantic_segmentation,336,0.0
0.03465333333333332,0.17311158396264203,0.14770000000000005,0.20671862369388594,0.03465333333333332,0.17311158396264203,0.0,0.12410178055469423,6.258946796487252,64,11,15,0.8362472766983152,0.2746212998423223,2.4771635933479983,15,14,9.497726741572412e-06,1.747687179785812,6,0.44998010697159063,0.044287700138903444,13,0.1480452360636415,0,po-rapec-quality-energy-only-20260731-loto-semantic_segmentation,337,6.258946796487252
0.0,0.0,0.0,0.0,0.0,0.0,0.0,-0.0027052939757986508,0.0,192,5,5,0.17434815474108156,0.1391550303086943,1.7632247652330009,36,19,4.824834362781239e-05,0.609299701963187,4,0.2621819928487732,0.002763817222511814,21,0.21701554877729756,1,po-rapec-quality-energy-only-20260731-loto-semantic_segmentation,338,0.0
0.04042500000000001,0.1374954824425647,0.14770000000000005,0.22309948689342865,0.04042500000000001,0.1374954824425647,0.0,0.12410178055469423,6.258946796487252,32,14,8,0.7884347937041504,0.39378931744671614,5.8638625531409625,30,17,1.3056928660773648e-06,1.3503436967811009,6,0.48508630903409067,0.0016687548926843194,24,0.3139866878172519,0,po-rapec-quality-energy-only-20260731-loto-semantic_segmentation,339,6.258946796487252
0.0022099999999999898,0.0,0.013259999999999939,0.04966243340608723,0.0022099999999999898,0.0,0.0,0.004009135879014327,1.4333796093620694,192,5,11,0.7884347937041504,0.39378931744671614,4.1508190145933375,20,17,4.173798661891048e-05,0.6668395320163063,6,0.6180033985934552,0.0017868182210359874,14,0.15120462566208093,0,po-rapec-quality-energy-only-20260731-loto-semantic_segmentation,340,1.4333796093620694
0.0,0.0,0.0,0.0,0.0,0.0,0.0,-0.0027052939757986508,0.0,192,11,8,0.6984989204744887,0.15655835360679188,4.204436622432451,23,17,1.3056928660773648e-06,0.7597511907968628,8,0.48508630903409067,0.005607511276793914,22,0.15150234099541546,1,po-rapec-quality-energy-only-20260731-loto-semantic_segmentation,341,0.0
0.0,0.0,0.0,0.0,0.0,0.0,0.0,-0.0027052939757986508,0.0,32,5,14,0.5663649656336952,0.15655835360679188,2.8522122006152637,23,8,0.0005971948348358656,0.609299701963187,6,0.4255964694571055,0.0015081150031107788,14,0.15150234099541546,1,po-rapec-quality-energy-only-20260731-loto-semantic_segmentation,342,0.0
0.0,0.0,0.0,0.0,0.0,0.0,0.0,-0.0027052939757986508,0.0,96,3,8,0.4262100611827209,0.15655835360679188,7.01100487194532,8,17,2.438395734313396e-06,0.609299701963187,5,0.2621819928487732,0.04852899908187486,22,0.11390710032579149,1,po-rapec-quality-energy-only-20260731-loto-semantic_segmentation,343,0.0
0.0022099999999999898,0.0,0.013259999999999939,0.04966243340608723,0.0022099999999999898,0.0,0.0,0.004009135879014327,1.4333796093620694,32,5,14,0.5294591011690759,0.11805305705517198,6.373351759505689,15,12,1.8417331695969164e-06,1.6344564598995368,6,0.2581612235529456,0.001343785712632798,14,0.1780048166728045,0,po-rapec-quality-energy-only-20260731-loto-semantic_segmentation,344,1.4333796093620694
0.0,0.0,0.0,0.0,0.0,0.0,0.0,-0.0027052939757986508,0.0,64,12,15,0.8362472766983152,0.2746212998423223,2.4771635933479983,15,17,4.173798661891048e-05,0.9566752024279961,6,0.41174995744798226,0.0016687548926843194,24,0.1029285288006275,1,po-rapec-quality-energy-only-20260731-loto-semantic_segmentation,345,0.0
0.0,0.0,0.0,0.0,0.0,0.0,0.0,-0.0027052939757986508,0.0,96,3,14,0.8362472766983152,0.2746212998423223,5.419655681850919,31,6,1.8417331695969164e-06,0.9566752024279961,7,0.41174995744798226,0.044287700138903444,23,0.1029285288006275,1,po-rapec-quality-energy-only-20260731-loto-semantic_segmentation,346,0.0
0.0,0.0,0.0,0.0,0.0,0.0,0.0,-0.0027052939757986508,0.0,96,3,14,0.17434815474108156,0.2746212998423223,7.01100487194532,31,19,4.824834362781239e-05,1.9783309789333134,8,0.41174995744798226,0.001343785712632798,14,0.1029285288006275,1,po-rapec-quality-energy-only-20260731-loto-semantic_segmentation,347,0.0
0.0,0.0,0.0,0.0,0.0,0.0,0.0,-0.0027052939757986508,0.0,96,11,13,0.8362472766983152,0.11805305705517198,2.8522122006152637,15,19,4.824834362781239e-05,0.5380535183239766,8,0.41174995744798226,0.001343785712632798,23,0.1029285288006275,1,po-rapec-quality-energy-only-20260731-loto-semantic_segmentation,348,0.0
0.0,0.0,0.0,0.0,0.0,0.0,0.0,-0.0027052939757986508,0.0,192,11,14,0.5663649656336952,0.11805305705517198,2.8522122006152637,36,14,1.8417331695969164e-06,0.5380535183239766,8,0.2581612235529456,0.004206719309777485,14,0.4249410508181116,1,po-rapec-quality-energy-only-20260731-loto-semantic_segmentation,349,0.0
0.0,0.0,0.0,0.0,0.0,0.0,0.0,-0.0027052939757986508,0.0,192,11,15,0.6904520924178287,0.20914387019681635,4.204436622432451,29,14,7.361996320107113e-06,1.747687179785812,8,0.44998010697159063,0.012846232431252226,13,0.1480452360636415,1,po-rapec-quality-energy-only-20260731-loto-semantic_segmentation,350,0.0
0.0,0.0,0.0,0.0,0.0,0.0,0.0,-0.0027052939757986508,0.0,64,11,9,0.5663649656336952,0.2746212998423223,4.204436622432451,11,14,0.00035628344573909016,2.7212683491065457,6,0.44998010697159063,0.044287700138903444,24,0.06982470084699402,1,po-rapec-quality-energy-only-20260731-loto-semantic_segmentation,351,0.0
0.0,0.0,0.0,0.0,0.0,0.0,0.0,-0.0027052939757986508,0.0,32,5,15,0.5663649656336952,0.23454921406037482,7.01100487194532,36,7,7.792218764165392e-06,0.5129114393475593,8,0.2888978289476148,0.0017868182210359874,15,0.21701554877729756,1,po-rapec-quality-energy-only-20260731-loto-semantic_segmentation,352,0.0
0.0,0.0,0.0,0.0,0.0,0.0,0.0,-0.0027052939757986508,0.0,64,11,7,0.5294591011690759,0.23454921406037482,4.093481526479692,30,8,4.269586961191152e-05,0.5380535183239766,8,0.2789307482238157,0.0017868182210359874,24,0.1780048166728045,1,po-rapec-quality-energy-only-20260731-loto-semantic_segmentation,353,0.0
0.008726666666666641,0.0,0.05067999999999995,0.0968183782379652,0.008726666666666641,0.0,0.0,0.014806502029155275,1.4127420760916292,96,13,8,0.17434815474108156,0.11805305705517198,4.093481526479692,30,19,3.188911041296988e-05,0.5380535183239766,6,0.2621819928487732,0.0276277612856523,9,0.23586810295493493,0,po-rapec-quality-energy-only-20260731-loto-semantic_segmentation,354,1.4127420760916292
0.0,0.0,0.0,0.0,0.0,0.0,0.0,-0.0027052939757986508,0.0,32,11,8,0.7884347937041504,0.15655835360679188,7.01100487194532,30,17,4.269586961191152e-05,0.609299701963187,6,0.48508630903409067,0.005607511276793914,24,0.3139866878172519,1,po-rapec-quality-energy-only-20260731-loto-semantic_segmentation,355,0.0
0.0,0.0,0.0,0.011165715219462987,0.0,0.0,0.0,-0.0027052939757986508,0.0,192,13,9,0.6984989204744887,0.3001619086369836,4.093481526479692,30,18,3.188911041296988e-05,0.5380535183239766,6,0.7617618589019979,0.0276277612856523,9,0.06982470084699402,1,po-rapec-quality-energy-only-20260731-loto-semantic_segmentation,356,0.0
0.0,0.0,0.0,0.0,0.0,0.0,0.0,-0.0027052939757986508,0.0,192,3,5,0.1958397671735582,0.39378931744671614,4.336954733811688,8,11,4.269586961191152e-05,0.6668395320163063,3,0.5090975120609226,0.01220409718998751,24,0.09685509985624119,1,po-rapec-quality-energy-only-20260731-loto-semantic_segmentation,357,0.0
0.0,0.0,0.0,0.0,0.0,0.0,0.0,-0.0027052939757986508,0.0,128,14,9,0.8362472766983152,0.39378931744671614,5.419655681850919,30,6,1.8417331695969164e-06,0.6668395320163063,8,0.21070097837302884,0.0016687548926843194,14,0.1029285288006275,1,po-rapec-quality-energy-only-20260731-loto-semantic_segmentation,358,0.0
0.018601666666666666,0.0,0.07140000000000002,0.1549819991808735,0.018601666666666666,0.0,0.0,0.05163990720000014,3.6133433543389253,64,5,5,0.468501018783211,0.39378931744671614,4.1508190145933375,15,17,4.269586961191152e-05,0.5129114393475593,6,0.2888978289476148,0.0016687548926843194,17,0.21701554877729756,0,po-rapec-quality-energy-only-20260731-loto-semantic_segmentation,359,3.6133433543389253
0.0,0.0,0.0,0.0,0.0,0.0,0.0,-0.0027052939757986508,0.0,32,5,5,0.468501018783211,0.1391550303086943,1.7632247652330009,36,14,7.574769170376313e-06,0.5129114393475593,4,0.2888978289476148,0.005607511276793914,17,0.21701554877729756,1,po-rapec-quality-energy-only-20260731-loto-semantic_segmentation,360,0.0
0.0,0.0,0.0,0.0,0.0,0.0,0.0,-0.0027052939757986508,0.0,128,14,15,0.8362472766983152,0.2746212998423223,2.4771635933479983,31,17,1.8417331695969164e-06,0.9566752024279961,6,0.41174995744798226,0.0025807505436965116,24,0.1029285288006275,1,po-rapec-quality-energy-only-20260731-loto-semantic_segmentation,361,0.0
0.008446666666666658,0.0,0.05067999999999995,0.07559586098751993,0.008446666666666658,0.0,0.0,0.014806502029155275,1.4127420760916292,128,13,9,0.8362472766983152,0.3001619086369836,5.419655681850919,31,18,0.00035628344573909016,2.7212683491065457,7,0.48508630903409067,0.005607511276793914,14,0.06982470084699402,0,po-rapec-quality-energy-only-20260731-loto-semantic_segmentation,362,1.4127420760916292
0.0,0.0,0.0,0.0,0.0,0.0,0.0,-0.0027052939757986508,0.0,32,5,5,0.468501018783211,0.15655835360679188,7.01100487194532,36,18,7.574769170376313e-06,0.5129114393475593,4,0.2888978289476148,0.005607511276793914,17,0.21701554877729756,1,po-rapec-quality-energy-only-20260731-loto-semantic_segmentation,363,0.0
0.0,0.0,0.0,0.0,0.0,0.0,0.0,-0.0027052939757986508,0.0,192,11,11,0.5663649656336952,0.11805305705517198,2.8522122006152637,23,8,4.824834362781239e-05,0.5380535183239766,8,0.2581612235529456,0.001343785712632798,9,0.10853273107478612,1,po-rapec-quality-energy-only-20260731-loto-semantic_segmentation,364,0.0
0.0,0.0,0.0,0.00477626278464591,0.0,0.0,0.0,-0.0027052939757986508,0.0,32,11,8,0.6984989204744887,0.15655835360679188,7.01100487194532,37,16,1.3056928660773648e-06,0.5380535183239766,6,0.48508630903409067,0.0276277612856523,13,0.06982470084699402,1,po-rapec-quality-energy-only-20260731-loto-semantic_segmentation,365,0.0
0.0,0.0,0.0,0.0,0.0,0.0,0.0,-0.0027052939757986508,0.0,96,5,11,0.7884347937041504,0.39378931744671614,4.1508190145933375,36,17,8.880904282013478e-06,0.5129114393475593,4,0.2888978289476148,0.005607511276793914,17,0.15120462566208093,1,po-rapec-quality-energy-only-20260731-loto-semantic_segmentation,366,0.0
0.04118499999999998,0.4681712174786209,0.14090000000000003,0.34740787380140886,0.04118499999999998,0.4681712174786209,0.0,0.1173017805546942,9.629267736904467,96,12,9,0.7884347937041504,0.39378931744671614,4.093481526479692,20,17,0.00035628344573909016,2.7212683491065457,6,0.21070097837302884,0.0016687548926843194,22,0.15120462566208093,0,po-rapec-quality-energy-only-20260731-loto-semantic_segmentation,367,9.629267736904467
0.0,0.0,0.0,0.0,0.0,0.0,0.0,-0.0027052939757986508,0.0,32,5,10,0.5294591011690759,0.15655835360679188,6.373351759505689,14,12,0.0005971948348358656,0.609299701963187,6,0.4255964694571055,0.0015081150031107788,14,0.15150234099541546,1,po-rapec-quality-energy-only-20260731-loto-semantic_segmentation,368,0.0
0.0,0.0,0.0,0.0,0.0,0.0,0.0,-0.0027052939757986508,0.0,192,5,10,0.12203371018457355,0.43326783437788763,4.093481526479692,30,8,1.6117505222517022e-06,0.5380535183239766,6,0.2789307482238157,0.0015081150031107788,15,0.06982470084699402,1,po-rapec-quality-energy-only-20260731-loto-semantic_segmentation,369,0.0
0.0,0.0,0.0,0.0,0.0,0.0,0.0,-0.0027052939757986508,0.0,96,3,8,0.8362472766983152,0.2746212998423223,2.4771635933479983,21,6,9.497726741572412e-06,0.9566752024279961,3,0.2197567049694901,0.044287700138903444,22,0.06982470084699402,1,po-rapec-quality-energy-only-20260731-loto-semantic_segmentation,370,0.0
0.0,0.0,0.0,0.0,0.0,0.0,0.0,-0.0027052939757986508,0.0,192,5,5,0.3987492485179956,0.1391550303086943,1.7632247652330009,36,6,2.545823561653829e-06,0.5129114393475593,4,0.2888978289476148,0.002763817222511814,17,0.1029285288006275,1,po-rapec-quality-energy-only-20260731-loto-semantic_segmentation,371,0.0
0.010524999999999979,0.0,0.05067999999999995,0.1301999860282566,0.010524999999999979,0.0,0.0,0.014806502029155275,4.609480563500889,192,11,8,0.5663649656336952,0.18645380058704547,4.204436622432451,29,14,2.438395734313396e-06,0.5380535183239766,8,0.44998010697159063,0.04852899908187486,9,0.11390710032579149,0,po-rapec-quality-energy-only-20260731-loto-semantic_segmentation,372,4.609480563500889
0.002031666666666654,0.0,0.012189999999999923,0.04466475202043915,0.002031666666666654,0.0,0.0,0.0029391358790143117,1.3177147389233481,192,12,9,0.6739372425966972,0.15655835360679188,7.01100487194532,23,16,1.827920072142057e-05,2.7212683491065457,8,0.48508630903409067,0.005607511276793914,15,0.06982470084699402,0,po-rapec-quality-energy-only-20260731-loto-semantic_segmentation,373,1.3177147389233481
0.0,0.0,0.0,0.0,0.0,0.0,0.0,-0.0027052939757986508,0.0,64,14,14,0.6917393330382522,0.2746212998423223,6.436794652693334,15,6,1.8417331695969164e-06,0.9566752024279961,6,0.41174995744798226,0.0025807505436965116,24,0.1029285288006275,1,po-rapec-quality-energy-only-20260731-loto-semantic_segmentation,374,0.0
0.0,0.0,0.0,0.006367277234808632,0.0,0.0,0.0,-0.0027052939757986508,0.0,192,3,15,0.1958397671735582,0.39378931744671614,4.336954733811688,29,11,4.269586961191152e-05,0.6668395320163063,8,0.44998010697159063,0.008778309733467425,11,0.09685509985624119,1,po-rapec-quality-energy-only-20260731-loto-semantic_segmentation,375,0.0
0.0,0.0,0.0,0.0,0.0,0.0,0.0,-0.0027052939757986508,0.0,96,7,8,0.4262100611827209,0.15655835360679188,7.01100487194532,8,17,0.000873211180424918,0.7597511907968628,8,0.2621819928487732,0.001343785712632798,22,0.23586810295493493,1,po-rapec-quality-energy-only-20260731-loto-semantic_segmentation,376,0.0
0.0015899999999999896,0.0,0.009539999999999937,0.05770386132088068,0.0015899999999999896,0.0,0.0,0.006834706024201286,3.526418971595706,32,10,8,0.6984989204744887,0.15655835360679188,6.5670951014175225,23,16,8.054789056807138e-06,0.609299701963187,6,0.48508630903409067,0.044287700138903444,15,0.1029285288006275,0,po-rapec-quality-energy-only-20260731-loto-semantic_segmentation,377,3.526418971595706
0.0,0.0,0.0,0.01592370724449025,0.0,0.0,0.0,-0.0027052939757986508,0.0,192,3,5,0.3987492485179956,0.2746212998423223,1.7632247652330009,31,9,2.545823561653829e-06,1.9783309789333134,4,0.41174995744798226,0.07721551471040092,17,0.1029285288006275,1,po-rapec-quality-energy-only-20260731-loto-semantic_segmentation,378,0.0
0.0036766666666666428,0.0,0.020379999999999954,0.10708732959209148,0.0036766666666666428,0.0,0.0,0.011129135879014342,2.2030374388234573,96,13,8,0.4262100611827209,0.3001619086369836,1.587462369848445,8,18,0.00035628344573909016,2.7212683491065457,5,0.2197567049694901,0.07612736537103766,22,0.06982470084699402,0,po-rapec-quality-energy-only-20260731-loto-semantic_segmentation,379,2.2030374388234573
0.0,0.0,0.0,0.0,0.0,0.0,0.0,-0.0027052939757986508,0.0,192,11,9,0.852264926702205,0.12003183214441666,2.8522122006152637,30,8,1.0228489735755496e-06,0.5380535183239766,6,0.2789307482238157,0.0017868182210359874,9,0.06982470084699402,1,po-rapec-quality-energy-only-20260731-loto-semantic_segmentation,380,0.0
0.0,0.0,0.0,0.0,0.0,0.0,0.0,-0.0027052939757986508,0.0,192,3,15,0.23791110325641288,0.39378931744671614,4.336954733811688,29,11,4.269586961191152e-05,0.6668395320163063,8,0.7725674403366886,0.001343785712632798,24,0.09685509985624119,1,po-rapec-quality-energy-only-20260731-loto-semantic_segmentation,381,0.0
3.333333333332966e-05,0.0,0.00019999999999997797,0.024312334851508268,3.333333333332966e-05,0.0,0.0,-0.002505293975798673,0.07392911890136983,96,10,15,0.4262100611827209,0.18645380058704547,6.965905607498048,37,8,2.438395734313396e-06,0.5380535183239766,5,0.2197567049694901,0.04852899908187486,24,0.11390710032579149,0,po-rapec-quality-energy-only-20260731-loto-semantic_segmentation,382,0.07392911890136983
0.0,0.0,0.0,0.0,0.0,0.0,0.0,-0.0027052939757986508,0.0,192,14,7,0.5663649656336952,0.39378931744671614,2.8522122006152637,15,17,4.269586961191152e-05,0.5380535183239766,8,0.37372618071582187,0.001343785712632798,16,0.3139866878172519,1,po-rapec-quality-energy-only-20260731-loto-semantic_segmentation,383,0.0
0.0,0.0,0.0,0.0,0.0,0.0,0.0,-0.0027052939757986508,0.0,64,5,5,0.6984989204744887,0.1391550303086943,6.373351759505689,14,12,2.514595387978441e-06,0.5129114393475593,4,0.2888978289476148,0.005607511276793914,17,0.21701554877729756,1,po-rapec-quality-energy-only-20260731-loto-semantic_segmentation,384,0.0
0.047580000000000004,0.20222251373906536,0.16340000000000005,0.2679476988343712,0.047580000000000004,0.20222251373906536,0.0,0.13980178055469422,6.924251229153804,64,5,5,0.6984989204744887,0.36517292123169304,4.442935663258584,36,14,6.190519777562885e-05,0.5129114393475593,3,0.2888978289476148,0.005607511276793914,17,0.21701554877729756,0,po-rapec-quality-energy-only-20260731-loto-semantic_segmentation,385,6.924251229153804
0.0,0.0,0.0,0.0,0.0,0.0,0.0,-0.0027052939757986508,0.0,192,5,13,0.21026868563257992,0.11805305705517198,2.8522122006152637,29,9,4.824834362781239e-05,0.5129114393475593,8,0.37372618071582187,0.002763817222511814,9,0.32871231657171385,1,po-rapec-quality-energy-only-20260731-loto-semantic_segmentation,386,0.0
0.0,0.0,0.0,0.0,0.0,0.0,0.0,-0.0027052939757986508,0.0,192,5,15,0.3987492485179956,0.3540965581002839,4.204436622432451,32,14,2.545823561653829e-06,0.5380535183239766,8,0.44998010697159063,0.002763817222511814,14,0.21701554877729756,1,po-rapec-quality-energy-only-20260731-loto-semantic_segmentation,387,0.0
0.0,0.0,0.0,0.0,0.0,0.0,0.0,-0.0027052939757986508,0.0,192,11,15,0.6984989204744887,0.11805305705517198,7.01100487194532,15,19,4.824834362781239e-05,0.5380535183239766,8,0.2789307482238157,0.0276277612856523,21,0.280203763647997,1,po-rapec-quality-energy-only-20260731-loto-semantic_segmentation,388,0.0
0.022189999999999988,0.16366125552715538,0.06640000000000001,0.21287401812453835,0.022189999999999988,0.16366125552715538,0.0,0.046639907200000136,3.3603081054356387,192,13,15,0.5663649656336952,0.3001619086369836,4.093481526479692,30,18,7.361996320107113e-06,2.7212683491065457,8,0.44998010697159063,0.012846232431252226,9,0.06982470084699402,0,po-rapec-quality-energy-only-20260731-loto-semantic_segmentation,389,3.3603081054356387
0.0006399999999999925,0.0,0.0038399999999999546,0.027750321668404146,0.0006399999999999925,0.0,0.0,-0.0027052939757986508,0.4150963574623157,192,11,9,0.5663649656336952,0.3001619086369836,4.093481526479692,29,18,0.00035628344573909016,2.7212683491065457,5,0.44998010697159063,0.0011877350844497253,22,0.06982470084699402,0,po-rapec-quality-energy-only-20260731-loto-semantic_segmentation,390,0.4150963574623157
0.011381666666666651,0.0,0.05502999999999997,0.1336359394638026,0.011381666666666651,0.0,0.0,0.019156502029155295,1.5340015084317755,32,5,5,0.6984989204744887,0.07174135606791254,5.8638625531409625,36,14,7.574769170376313e-06,1.3503436967811009,4,0.48508630903409067,0.005607511276793914,15,0.21701554877729756,0,po-rapec-quality-energy-only-20260731-loto-semantic_segmentation,391,1.5340015084317755
0.0,0.0,0.0,0.0,0.0,0.0,0.0,-0.0027052939757986508,0.0,192,15,9,0.5663649656336952,0.11805305705517198,2.8522122006152637,30,8,8.249240390706264e-05,0.5380535183239766,8,0.2789307482238157,0.005607511276793914,9,0.32871231657171385,1,po-rapec-quality-energy-only-20260731-loto-semantic_segmentation,392,0.0
0.0,0.0,0.0,0.0,0.0,0.0,0.0,-0.0027052939757986508,0.0,96,3,13,0.17434815474108156,0.15655835360679188,7.01100487194532,15,15,4.824834362781239e-05,0.609299701963187,8,0.2621819928487732,0.001343785712632798,21,0.23586810295493493,1,po-rapec-quality-energy-only-20260731-loto-semantic_segmentation,393,0.0
0.0,0.0,0.0,0.0,0.0,0.0,0.0,-0.0027052939757986508,0.0,128,11,13,0.17434815474108156,0.11805305705517198,7.01100487194532,30,17,3.504538249148981e-05,0.5380535183239766,8,0.37372618071582187,0.0016687548926843194,9,0.3139866878172519,1,po-rapec-quality-energy-only-20260731-loto-semantic_segmentation,394,0.0
0.0,0.0,0.0,0.0,0.0,0.0,0.0,-0.0027052939757986508,0.0,192,3,15,0.1958397671735582,0.39378931744671614,4.336954733811688,29,11,6.297661667766508e-06,0.6668395320163063,5,0.44998010697159063,0.012846232431252226,24,0.09685509985624119,1,po-rapec-quality-energy-only-20260731-loto-semantic_segmentation,395,0.0
0.0,0.0,0.0,0.0,0.0,0.0,0.0,-0.0027052939757986508,0.0,64,14,15,0.8362472766983152,0.2746212998423223,2.4771635933479983,30,17,9.497726741572412e-06,0.6668395320163063,6,0.21070097837302884,0.0016687548926843194,24,0.1029285288006275,1,po-rapec-quality-energy-only-20260731-loto-semantic_segmentation,396,0.0
0.0,0.0,0.0,0.0,0.0,0.0,0.0,-0.0027052939757986508,0.0,96,11,8,0.6984989204744887,0.15655835360679188,6.373351759505689,16,16,1.3056928660773648e-06,0.609299701963187,6,0.6281281326818593,0.0017868182210359874,14,0.15150234099541546,1,po-rapec-quality-energy-only-20260731-loto-semantic_segmentation,397,0.0
0.0,0.0,0.0,0.0,0.0,0.0,0.0,-0.0027052939757986508,0.0,128,5,14,0.7417930999879261,0.1391550303086943,1.7632247652330009,36,16,1.8417331695969164e-06,0.5129114393475593,7,0.5615631315771855,0.002763817222511814,17,0.1029285288006275,1,po-rapec-quality-energy-only-20260731-loto-semantic_segmentation,398,0.0
0.0,0.0,0.0,0.0,0.0,0.0,0.0,-0.0027052939757986508,0.0,128,3,7,0.17434815474108156,0.39378931744671614,7.01100487194532,29,11,3.504538249148981e-05,0.8430498193817657,8,0.44998010697159063,0.012846232431252226,24,0.09685509985624119,1,po-rapec-quality-energy-only-20260731-loto-semantic_segmentation,399,0.0
0.0,0.0,0.0,0.0,0.0,0.0,0.0,-0.0027052939757986508,0.0,192,5,8,0.5663649656336952,0.34181351087377015,2.8522122006152637,15,12,1.8417331695969164e-06,0.6415729326589932,6,0.2581612235529456,0.001343785712632798,14,0.1780048166728045,1,po-rapec-quality-energy-only-20260731-loto-semantic_segmentation,400,0.0
0.0,0.0,0.0,0.0,0.0,0.0,0.0,-0.0027052939757986508,0.0,192,5,15,0.3987492485179956,0.1391550303086943,4.1508190145933375,15,17,4.269586961191152e-05,0.6668395320163063,6,0.2888978289476148,0.0010381128368606644,24,0.21701554877729756,1,po-rapec-quality-energy-only-20260731-loto-semantic_segmentation,401,0.0
0.0,0.0,0.0,0.0,0.0,0.0,0.0,-0.0027052939757986508,0.0,64,11,7,0.5663649656336952,0.11805305705517198,2.8522122006152637,27,19,4.269586961191152e-05,0.5380535183239766,8,0.21070097837302884,0.0016687548926843194,24,0.32871231657171385,1,po-rapec-quality-energy-only-20260731-loto-semantic_segmentation,402,0.0
0.024843333333333318,0.18761400779793164,0.06939999999999996,0.2455739190559272,0.024843333333333318,0.18761400779793164,0.0,0.046639907200000136,3.3603081054356387,192,11,8,0.4262100611827209,0.3001619086369836,4.093481526479692,8,18,7.361996320107113e-06,2.7212683491065457,8,0.44998010697159063,0.012846232431252226,9,0.32871231657171385,0,po-rapec-quality-energy-only-20260731-loto-semantic_segmentation,403,3.3603081054356387
0.000279999999999984,0.0,0.0016799999999999038,0.03265140080681878,0.000279999999999984,0.0,0.0,-0.001025293975798747,0.6210045987715395,96,11,11,0.5553320756404908,0.33085399107079216,4.093481526479692,25,6,3.188911041296988e-05,0.5380535183239766,6,0.41174995744798226,0.0276277612856523,24,0.23626858259191108,0,po-rapec-quality-energy-only-20260731-loto-semantic_segmentation,404,0.6210045987715395
0.0,0.0,0.0,0.0,0.0,0.0,0.0,-0.0027052939757986508,0.0,192,3,15,0.1958397671735582,0.39378931744671614,5.419655681850919,8,6,4.269586961191152e-05,0.6668395320163063,3,0.41174995744798226,0.041546523415514035,24,0.09685509985624119,1,po-rapec-quality-energy-only-20260731-loto-semantic_segmentation,405,0.0
0.0,0.0,0.0,0.0,0.0,0.0,0.0,-0.0027052939757986508,0.0,64,14,7,0.5294591011690759,0.39378931744671614,4.093481526479692,15,17,4.269586961191152e-05,0.6668395320163063,8,0.2789307482238157,0.0013216874590269172,24,0.1780048166728045,1,po-rapec-quality-energy-only-20260731-loto-semantic_segmentation,406,0.0
0.0,0.0,0.0,0.0,0.0,0.0,0.0,-0.0027052939757986508,0.0,192,3,15,0.1958397671735582,0.39378931744671614,4.336954733811688,17,17,4.173798661891048e-05,0.6668395320163063,8,0.21070097837302884,0.012846232431252226,20,0.09685509985624119,1,po-rapec-quality-energy-only-20260731-loto-semantic_segmentation,407,0.0
0.0,0.0,0.0,0.0,0.0,0.0,0.0,-0.0027052939757986508,0.0,32,11,8,0.6984989204744887,0.07174135606791254,7.01100487194532,36,16,1.3056928660773648e-06,1.416390343477437,6,0.48508630903409067,0.005607511276793914,15,0.15150234099541546,1,po-rapec-quality-energy-only-20260731-loto-semantic_segmentation,408,0.0
0.0,0.0,0.0,0.0,0.0,0.0,0.0,-0.0027052939757986508,0.0,192,14,15,0.1958397671735582,0.39378931744671614,4.1508190145933375,29,17,4.269586961191152e-05,0.6668395320163063,8,0.44998010697159063,0.012846232431252226,24,0.09685509985624119,1,po-rapec-quality-energy-only-20260731-loto-semantic_segmentation,409,0.0
0.0,0.0,0.0,0.0,0.0,0.0,0.0,-0.0027052939757986508,0.0,96,11,14,0.5553320756404908,0.33085399107079216,2.4771635933479983,25,8,1.8417331695969164e-06,0.5380535183239766,4,0.2581612235529456,0.001343785712632798,24,0.32871231657171385,1,po-rapec-quality-energy-only-20260731-loto-semantic_segmentation,410,0.0
0.0,0.0,0.0,0.0,0.0,0.0,0.0,-0.0027052939757986508,0.0,64,14,8,0.6984989204744887,0.0578685362661247,7.01100487194532,30,9,4.269586961191152e-05,0.6668395320163063,6,0.21070097837302884,0.009203001378894309,15,0.15150234099541546,1,po-rapec-quality-energy-only-20260731-loto-semantic_segmentation,411,0.0
0.0,0.0,0.0,0.006367277234808632,0.0,0.0,0.0,-0.0027052939757986508,0.0,96,6,9,0.4254575719297037,0.18645380058704547,6.965905607498048,23,17,2.438395734313396e-06,0.7597511907968628,4,0.7617618589019979,0.04490461578910558,22,0.06982470084699402,1,po-rapec-quality-energy-only-20260731-loto-semantic_segmentation,412,0.0
0.05858999999999998,0.5660449105176886,0.14770000000000005,0.4736056005301004,0.05858999999999998,0.5660449105176886,0.0,0.12410178055469423,12.675147435641229,64,13,9,0.6984989204744887,0.1391550303086943,1.7632247652330009,29,18,0.00035628344573909016,2.7212683491065457,4,0.48508630903409067,0.005607511276793914,17,0.21701554877729756,0,po-rapec-quality-energy-only-20260731-loto-semantic_segmentation,413,12.675147435641229
0.0,0.0,0.0,0.0,0.0,0.0,0.0,-0.0027052939757986508,0.0,96,7,9,0.4262100611827209,0.11805305705517198,4.093481526479692,8,18,8.249240390706264e-05,2.7212683491065457,6,0.2789307482238157,0.005607511276793914,22,0.06982470084699402,1,po-rapec-quality-energy-only-20260731-loto-semantic_segmentation,414,0.0
0.0,0.0,0.0,0.00957676695229803,0.0,0.0,0.0,-0.0027052939757986508,0.0,96,11,13,0.21807661745248355,0.3540965581002839,7.01100487194532,15,19,4.824834362781239e-05,0.5380535183239766,8,0.44998010697159063,0.012846232431252226,9,0.23586810295493493,1,po-rapec-quality-energy-only-20260731-loto-semantic_segmentation,415,0.0
0.0,0.0,0.0,0.0,0.0,0.0,0.0,-0.0027052939757986508,0.0,96,5,5,0.17434815474108156,0.15655835360679188,7.01100487194532,36,19,4.824834362781239e-05,0.609299701963187,8,0.2888978289476148,0.001343785712632798,21,0.21701554877729756,1,po-rapec-quality-energy-only-20260731-loto-semantic_segmentation,416,0.0
0.0,0.0,0.0,0.0,0.0,0.0,0.0,-0.0027052939757986508,0.0,64,14,15,0.8362472766983152,0.2746212998423223,4.093481526479692,30,18,0.00035628344573909016,2.7212683491065457,8,0.41174995744798226,0.044287700138903444,24,0.06982470084699402,1,po-rapec-quality-energy-only-20260731-loto-semantic_segmentation,417,0.0
0.008446666666666658,0.0,0.05067999999999995,0.06581410602693712,0.008446666666666658,0.0,0.0,0.014806502029155275,1.4127420760916292,128,11,15,0.5663649656336952,0.11805305705517198,2.8522122006152637,31,11,1.8417331695969164e-06,1.9783309789333134,8,0.2789307482238157,0.0025807505436965116,9,0.1029285288006275,0,po-rapec-quality-energy-only-20260731-loto-semantic_segmentation,418,1.4127420760916292
0.0,0.0,0.0,0.0,0.0,0.0,0.0,-0.0027052939757986508,0.0,64,11,15,0.8362472766983152,0.23454921406037482,2.8522122006152637,15,6,9.497726741572412e-06,0.9566752024279961,8,0.2789307482238157,0.0017868182210359874,9,0.1029285288006275,1,po-rapec-quality-energy-only-20260731-loto-semantic_segmentation,419,0.0
0.04009666666666667,0.2075456769522052,0.14090000000000003,0.22070191958557805,0.04009666666666667,0.2075456769522052,0.0,0.1173017805546942,5.970789462593457,128,12,14,0.8362472766983152,0.2746212998423223,5.419655681850919,11,6,4.173798661891048e-05,1.9783309789333134,7,0.41174995744798226,0.0016687548926843194,20,0.15120462566208093,0,po-rapec-quality-energy-only-20260731-loto-semantic_segmentation,420,5.970789462593457
0.0,0.0,0.0,0.0,0.0,0.0,0.0,-0.0027052939757986508,0.0,192,11,15,0.1958397671735582,0.16302770056092836,2.8522122006152637,29,8,0.00010367593723050479,0.6668395320163063,8,0.44998010697159063,0.001343785712632798,9,0.09685509985624119,1,po-rapec-quality-energy-only-20260731-loto-semantic_segmentation,421,0.0
0.0,0.0,0.0,0.0,0.0,0.0,0.0,-0.0027052939757986508,0.0,64,12,5,0.6984989204744887,0.1391550303086943,4.1508190145933375,36,14,2.931068248709048e-06,0.5129114393475593,6,0.2888978289476148,0.0016687548926843194,17,0.21701554877729756,1,po-rapec-quality-energy-only-20260731-loto-semantic_segmentation,422,0.0
0.0,0.0,0.0,0.0,0.0,0.0,0.0,-0.0027052939757986508,0.0,32,3,14,0.8362472766983152,0.2746212998423223,4.093481526479692,30,19,0.00035628344573909016,2.7212683491065457,7,0.4432394276438353,0.005607511276793914,14,0.1029285288006275,1,po-rapec-quality-energy-only-20260731-loto-semantic_segmentation,423,0.0
0.0,0.0,0.0,0.007984250756925415,0.0,0.0,0.0,-0.0027052939757986508,0.0,128,11,8,0.17434815474108156,0.3540965581002839,7.01100487194532,29,17,7.361996320107113e-06,0.7597511907968628,8,0.21070097837302884,0.012846232431252226,22,0.32871231657171385,1,po-rapec-quality-energy-only-20260731-loto-semantic_segmentation,424,0.0
0.0,0.0,0.0,0.0,0.0,0.0,0.0,-0.0027052939757986508,0.0,64,14,15,0.8362472766983152,0.20456745583602814,2.4771635933479983,37,17,3.051067379218707e-05,0.9566752024279961,3,0.7718929768595753,0.044287700138903444,24,0.1029285288006275,1,po-rapec-quality-energy-only-20260731-loto-semantic_segmentation,425,0.0
0.0,0.0,0.0,0.0,0.0,0.0,0.0,-0.0027052939757986508,0.0,192,5,5,0.3987492485179956,0.1391550303086943,1.7632247652330009,36,9,9.773044697571602e-06,0.5129114393475593,8,0.2888978289476148,0.002763817222511814,17,0.21701554877729756,1,po-rapec-quality-energy-only-20260731-loto-semantic_segmentation,426,0.0
0.0,0.0,0.0,0.0,0.0,0.0,0.0,-0.0027052939757986508,0.0,192,11,15,0.5294591011690759,0.23454921406037482,2.8522122006152637,15,8,1.0228489735755496e-06,0.5380535183239766,8,0.2789307482238157,0.001343785712632798,9,0.1780048166728045,1,po-rapec-quality-energy-only-20260731-loto-semantic_segmentation,427,0.0
0.05011499999999999,0.4211651626103414,0.14770000000000005,0.332416106184049,0.05011499999999999,0.4211651626103414,0.0,0.12410178055469423,6.258946796487252,32,11,14,0.7491546507442411,0.2746212998423223,5.8638625531409625,31,14,1.3056928660773648e-06,1.9783309789333134,6,0.41174995744798226,0.0025807505436965116,14,0.3283910311588184,0,po-rapec-quality-energy-only-20260731-loto-semantic_segmentation,428,6.258946796487252
0.0,0.0,0.0,0.0,0.0,0.0,0.0,-0.0027052939757986508,0.0,192,11,15,0.5663649656336952,0.39378931744671614,4.336954733811688,29,8,0.00010367593723050479,0.6668395320163063,4,0.2789307482238157,0.012846232431252226,24,0.09685509985624119,1,po-rapec-quality-energy-only-20260731-loto-semantic_segmentation,429,0.0
0.0,0.0,0.0,0.0,0.0,0.0,0.0,-0.0027052939757986508,0.0,192,11,15,0.5663649656336952,0.11805305705517198,4.093481526479692,32,8,8.249240390706264e-05,0.5380535183239766,8,0.2789307482238157,0.001343785712632798,9,0.23889071926317462,1,po-rapec-quality-energy-only-20260731-loto-semantic_segmentation,430,0.0
0.0,0.0,0.0,0.00957676695229803,0.0,0.0,0.0,-0.0027052939757986508,0.0,192,11,14,0.1958397671735582,0.39378931744671614,4.336954733811688,33,8,4.269586961191152e-05,0.5380535183239766,8,0.44998010697159063,0.012846232431252226,24,0.09685509985624119,1,po-rapec-quality-energy-only-20260731-loto-semantic_segmentation,431,0.0
0.0060183333333333104,0.0,0.02391999999999994,0.08373499582264331,0.0060183333333333104,0.0,0.0,0.0029391358790143117,1.3177147389233481,64,6,7,0.4254575719297037,0.39378931744671614,4.1508190145933375,15,11,3.30747198249804e-06,0.6668395320163063,6,0.32558380681687626,0.001053357309880294,22,0.2565463740215018,0,po-rapec-quality-energy-only-20260731-loto-semantic_segmentation,432,1.3177147389233481
0.05636999999999998,0.5305132773058371,0.14090000000000003,0.4454990804645433,0.05636999999999998,0.5305132773058371,0.0,0.1173017805546942,10.265058159456318,192,13,9,0.17434815474108156,0.3001619086369836,7.01100487194532,30,19,4.824834362781239e-05,2.7212683491065457,8,0.7617618589019979,0.04490461578910558,21,0.23586810295493493,0,po-rapec-quality-energy-only-20260731-loto-semantic_segmentation,433,10.265058159456318
0.0,0.0,0.0,0.0,0.0,0.0,0.0,-0.0027052939757986508,0.0,64,14,7,0.7884347937041504,0.39378931744671614,4.093481526479692,30,17,4.269586961191152e-05,0.6668395320163063,8,0.21070097837302884,0.0016687548926843194,24,0.3139866878172519,1,po-rapec-quality-energy-only-20260731-loto-semantic_segmentation,434,0.0
0.014324999999999996,0.0,0.08594999999999997,0.11169462090390002,0.014324999999999996,0.0,0.0,0.0500765020291553,2.395919128651847,128,3,14,0.8362472766983152,0.42862109169571977,5.419655681850919,36,14,6.190519777562885e-05,0.5129114393475593,4,0.2888978289476148,0.005607511276793914,8,0.13919297430850336,0,po-rapec-quality-energy-only-20260731-loto-semantic_segmentation,435,2.395919128651847
0.0,0.0,0.0,0.0,0.0,0.0,0.0,-0.0027052939757986508,0.0,128,3,7,0.1958397671735582,0.39378931744671614,4.1508190145933375,8,11,4.269586961191152e-05,0.6668395320163063,3,0.5090975120609226,0.01220409718998751,24,0.06803896965053309,1,po-rapec-quality-energy-only-20260731-loto-semantic_segmentation,436,0.0
0.0,0.0,0.0,0.0,0.0,0.0,0.0,-0.0027052939757986508,0.0,192,5,15,0.5294591011690759,0.23454921406037482,4.690132854465213,14,8,1.0228489735755496e-06,0.5380535183239766,8,0.534514428443218,0.0017868182210359874,14,0.1780048166728045,1,po-rapec-quality-energy-only-20260731-loto-semantic_segmentation,437,0.0
0.0,0.0,0.0,0.0,0.0,0.0,0.0,-0.0027052939757986508,0.0,64,5,7,0.7884347937041504,0.39378931744671614,4.1508190145933375,36,14,6.190519777562885e-05,0.5129114393475593,6,0.7523806239776591,0.0016687548926843194,24,0.3100736152347674,1,po-rapec-quality-energy-only-20260731-loto-semantic_segmentation,438,0.0
0.0,0.0,0.0,0.0,0.0,0.0,0.0,-0.0027052939757986508,0.0,192,5,10,0.5663649656336952,0.11805305705517198,2.8522122006152637,15,19,0.0005971948348358656,0.609299701963187,8,0.4255964694571055,0.0015081150031107788,9,0.15150234099541546,1,po-rapec-quality-energy-only-20260731-loto-semantic_segmentation,439,0.0
0.033530000000000004,0.004325298873540921,0.14770000000000005,0.15875939370067538,0.033530000000000004,0.004325298873540921,0.0,0.12410178055469423,6.258946796487252,192,13,9,0.6739372425966972,0.3001619086369836,1.7632247652330009,29,20,0.00035628344573909016,2.7212683491065457,8,0.5288280369771765,0.002763817222511814,17,0.06982470084699402,0,po-rapec-quality-energy-only-20260731-loto-semantic_segmentation,440,6.258946796487252
0.0,0.0,0.0,0.0,0.0,0.0,0.0,-0.0027052939757986508,0.0,32,8,8,0.5663649656336952,0.39378931744671614,2.8522122006152637,23,16,0.00010367593723050479,0.5380535183239766,6,0.2789307482238157,0.005607511276793914,24,0.3139866878172519,1,po-rapec-quality-energy-only-20260731-loto-semantic_segmentation,441,0.0
0.044263333333333314,0.4307661590564187,0.14970000000000006,0.34464670381272394,0.044263333333333314,0.4307661590564187,0.0,0.12610178055469423,12.675147435641229,64,5,5,0.8362472766983152,0.2746212998423223,2.4771635933479983,15,14,7.574769170376313e-06,0.9566752024279961,4,0.41174995744798226,0.044287700138903444,17,0.21701554877729756,0,po-rapec-quality-energy-only-20260731-loto-semantic_segmentation,442,12.675147435641229
0.0,0.0,0.0,0.0,0.0,0.0,0.0,-0.0027052939757986508,0.0,192,13,9,0.6739372425966972,0.3001619086369836,4.093481526479692,30,18,0.00035628344573909016,2.7212683491065457,8,0.7617618589019979,0.01840631117889398,22,0.06982470084699402,1,po-rapec-quality-energy-only-20260731-loto-semantic_segmentation,443,0.0
0.036883333333333324,0.30166228121006844,0.14770000000000005,0.2562616839431919,0.036883333333333324,0.30166228121006844,0.0,0.12410178055469423,6.258946796487252,128,12,11,0.8362472766983152,0.41418316757542556,5.419655681850919,20,6,1.8417331695969164e-06,1.9783309789333134,6,0.41174995744798226,0.0025807505436965116,20,0.1029285288006275,0,po-rapec-quality-energy-only-20260731-loto-semantic_segmentation,444,6.258946796487252
0.0,0.0,0.0,0.0,0.0,0.0,0.0,-0.0027052939757986508,0.0,64,5,8,0.17434815474108156,0.15655835360679188,1.7632247652330009,15,14,7.574769170376313e-06,0.609299701963187,4,0.2621819928487732,0.001343785712632798,17,0.23586810295493493,1,po-rapec-quality-energy-only-20260731-loto-semantic_segmentation,445,0.0
0.014979999999999985,0.09397222155972264,0.05502999999999997,0.21488076698801617,0.014979999999999985,0.09397222155972264,0.0,0.027314706024201284,11.09676074709681,96,3,9,0.17434815474108156,0.39378931744671614,4.336954733811688,8,19,4.269586961191152e-05,0.609299701963187,3,0.2621819928487732,0.024940963030340445,24,0.23586810295493493,0,po-rapec-quality-energy-only-20260731-loto-semantic_segmentation,446,11.09676074709681
0.0,0.0,0.0,0.0,0.0,0.0,0.0,-0.0027052939757986508,0.0,96,5,5,0.17434815474108156,0.1391550303086943,7.01100487194532,15,12,4.824834362781239e-05,0.5129114393475593,8,0.12628614005760097,0.001343785712632798,17,0.33494664821106407,1,po-rapec-quality-energy-only-20260731-loto-semantic_segmentation,447,0.0
0.0,0.0,0.0,0.0,0.0,0.0,0.0,-0.0027052939757986508,0.0,32,3,8,0.1958397671735582,0.39378931744671614,7.01100487194532,13,16,1.3056928660773648e-06,0.6668395320163063,3,0.48508630903409067,0.01220409718998751,24,0.09685509985624119,1,po-rapec-quality-energy-only-20260731-loto-semantic_segmentation,448,0.0
0.0,0.0,0.0,0.0,0.0,0.0,0.0,-0.0027052939757986508,0.0,64,5,5,0.6984989204744887,0.1391550303086943,1.7632247652330009,36,14,6.190519777562885e-05,0.5129114393475593,4,0.2888978289476148,0.005607511276793914,17,0.21701554877729756,1,po-rapec-quality-energy-only-20260731-loto-semantic_segmentation,449,0.0
0.0,0.0,0.0,0.001593398552751344,0.0,0.0,0.0,-0.0027052939757986508,0.0,192,11,14,0.8362472766983152,0.2746212998423223,2.8522122006152637,15,8,9.497726741572412e-06,0.9566752024279961,8,0.2581612235529456,0.044287700138903444,23,0.1029285288006275,1,po-rapec-quality-energy-only-20260731-loto-semantic_segmentation,450,0.0
0.0,0.0,0.0,0.0,0.0,0.0,0.0,-0.0027052939757986508,0.0,192,11,15,0.5663649656336952,0.3540965581002839,5.307403584657743,29,14,7.361996320107113e-06,0.5380535183239766,8,0.44998010697159063,0.012846232431252226,9,0.32871231657171385,1,po-rapec-quality-energy-only-20260731-loto-semantic_segmentation,451,0.0
0.0,0.0,0.0,0.0,0.0,0.0,0.0,-0.0027052939757986508,0.0,64,11,15,0.7884347937041504,0.11805305705517198,4.093481526479692,30,17,3.188911041296988e-05,0.6668395320163063,6,0.2789307482238157,0.0276277612856523,24,0.3100736152347674,1,po-rapec-quality-energy-only-20260731-loto-semantic_segmentation,452,0.0
0.0,0.0,0.0,0.0,0.0,0.0,0.0,-0.0027052939757986508,0.0,128,6,7,0.7884347937041504,0.39378931744671614,4.1508190145933375,23,11,4.269586961191152e-05,0.6668395320163063,8,0.21070097837302884,0.04490461578910558,22,0.06982470084699402,1,po-rapec-quality-energy-only-20260731-loto-semantic_segmentation,453,0.0
0.0,0.0,0.0,0.0,0.0,0.0,0.0,-0.0027052939757986508,0.0,192,14,15,0.5663649656336952,0.23454921406037482,4.093481526479692,30,8,7.792218764165392e-06,0.5380535183239766,8,0.21070097837302884,0.0016687548926843194,24,0.3139866878172519,1,po-rapec-quality-energy-only-20260731-loto-semantic_segmentation,454,0.0
0.0,0.0,0.0,0.0,0.0,0.0,0.0,-0.0027052939757986508,0.0,192,3,15,0.4262100611827209,0.3001619086369836,4.477759608800254,29,18,4.269586961191152e-05,1.1054319289226422,5,0.44998010697159063,0.0011877350844497253,22,0.09685509985624119,1,po-rapec-quality-energy-only-20260731-loto-semantic_segmentation,455,0.0
0.0,0.0,0.0,0.01592370724449025,0.0,0.0,0.0,-0.0027052939757986508,0.0,128,7,8,0.4262100611827209,0.18645380058704547,6.965905607498048,14,12,2.514595387978441e-06,0.6415729326589932,5,0.2197567049694901,0.04852899908187486,22,0.11390710032579149,1,po-rapec-quality-energy-only-20260731-loto-semantic_segmentation,456,0.0
0.0012466666666666553,0.0,0.007479999999999931,0.0510041104219519,0.0012466666666666553,0.0,0.0,0.00477470602420128,2.7649490469115108,192,13,9,0.12203371018457355,0.18645380058704547,4.093481526479692,30,8,2.438395734313396e-06,0.5380535183239766,5,0.2789307482238157,0.04852899908187486,22,0.11390710032579149,0,po-rapec-quality-energy-only-20260731-loto-semantic_segmentation,457,2.7649490469115108
0.005279999999999989,0.0,0.01705000000000001,0.13231771642064413,0.005279999999999989,0.0,0.0,0.01192470602420127,5.407915047635769,192,6,3,0.5663649656336952,0.11805305705517198,7.962428486211424,15,8,3.30747198249804e-06,2.2635327144856987,4,0.7617618589019979,0.04490461578910558,9,0.06982470084699402,0,po-rapec-quality-energy-only-20260731-loto-semantic_segmentation,458,5.407915047635769
0.0,0.0,0.0,0.0,0.0,0.0,0.0,-0.0027052939757986508,0.0,192,5,5,0.3987492485179956,0.1391550303086943,1.7632247652330009,29,9,2.545823561653829e-06,0.5129114393475593,8,0.2888978289476148,0.002763817222511814,17,0.21701554877729756,1,po-rapec-quality-energy-only-20260731-loto-semantic_segmentation,459,0.0
0.0,0.0,0.0,0.0,0.0,0.0,0.0,-0.0027052939757986508,0.0,192,11,14,0.5663649656336952,0.1391550303086943,2.8522122006152637,15,14,1.8417331695969164e-06,0.5129114393475593,4,0.2888978289476148,0.001343785712632798,14,0.21701554877729756,1,po-rapec-quality-energy-only-20260731-loto-semantic_segmentation,460,0.0
0.0,0.0,0.0,0.0,0.0,0.0,0.0,-0.0027052939757986508,0.0,64,14,15,0.8362472766983152,0.2746212998423223,2.4771635933479983,15,17,1.0228489735755496e-06,0.5380535183239766,6,0.41174995744798226,0.0017868182210359874,24,0.1780048166728045,1,po-rapec-quality-energy-only-20260731-loto-semantic_segmentation,461,0.0
0.0,0.0,0.0,0.003177581176165919,0.0,0.0,0.0,-0.0027052939757986508,0.0,192,13,9,0.6739372425966972,0.3001619086369836,4.093481526479692,30,18,0.00035628344573909016,2.7212683491065457,8,0.7617618589019979,0.04490461578910558,22,0.06982470084699402,1,po-rapec-quality-energy-only-20260731-loto-semantic_segmentation,462,0.0
0.07640999999999999,0.5612158273564536,0.14970000000000006,0.5081344340277802,0.07640999999999999,0.5612158273564536,0.25588377332266143,0.12610178055469423,8.032525516587752,64,14,7,0.7884347937041504,0.3001619086369836,7.962428486211424,23,17,4.269586961191152e-05,2.2635327144856987,6,0.21070097837302884,0.0016687548926843194,24,0.3139866878172519,0,po-rapec-quality-energy-only-20260731-loto-semantic_segmentation,463,8.032525516587752
0.04009833333333331,0.34140296599569675,0.14770000000000005,0.3048209965629401,0.04009833333333331,0.34140296599569675,0.0,0.12410178055469423,11.09676074709681,96,3,8,0.8362472766983152,0.07174135606791254,2.4771635933479983,36,6,9.497726741572412e-06,0.9566752024279961,6,0.41174995744798226,0.044287700138903444,15,0.4249410508181116,0,po-rapec-quality-energy-only-20260731-loto-semantic_segmentation,464,11.09676074709681
0.0,0.0,0.0,0.0,0.0,0.0,0.0,-0.0027052939757986508,0.0,64,14,15,0.5663649656336952,0.39378931744671614,4.204436622432451,29,17,7.361996320107113e-06,0.6668395320163063,8,0.21070097837302884,0.012846232431252226,9,0.2158099119963885,1,po-rapec-quality-energy-only-20260731-loto-semantic_segmentation,465,0.0
0.0,0.0,0.0,0.0,0.0,0.0,0.0,-0.0027052939757986508,0.0,64,14,7,0.7884347937041504,0.11805305705517198,2.8522122006152637,15,8,0.00010367593723050479,0.5380535183239766,6,0.2789307482238157,0.0016687548926843194,9,0.3139866878172519,1,po-rapec-quality-energy-only-20260731-loto-semantic_segmentation,466,0.0
0.0,0.0,0.0,0.0,0.0,0.0,0.0,-0.0027052939757986508,0.0,192,11,13,0.5663649656336952,0.11805305705517198,4.1508190145933375,15,17,4.824834362781239e-05,0.6668395320163063,6,0.37372618071582187,0.0016687548926843194,24,0.32871231657171385,1,po-rapec-quality-energy-only-20260731-loto-semantic_segmentation,467,0.0
0.0,0.0,0.0,0.0,0.0,0.0,0.0,-0.0027052939757986508,0.0,32,5,8,0.468501018783211,0.15655835360679188,7.01100487194532,23,18,1.3056928660773648e-06,0.609299701963187,6,0.48508630903409067,0.005607511276793914,15,0.15150234099541546,1,po-rapec-quality-energy-only-20260731-loto-semantic_segmentation,468,0.0
0.0,0.0,0.0,0.0,0.0,0.0,0.0,-0.0027052939757986508,0.0,128,3,14,0.7884347937041504,0.2746212998423223,5.419655681850919,31,6,1.8417331695969164e-06,1.9783309789333134,7,0.21070097837302884,0.0016687548926843194,14,0.1029285288006275,1,po-rapec-quality-energy-only-20260731-loto-semantic_segmentation,469,0.0
0.0,0.0,0.0,0.0,0.0,0.0,0.0,-0.0027052939757986508,0.0,192,6,15,0.5663649656336952,0.1391550303086943,1.7632247652330009,15,9,0.00010367593723050479,0.5380535183239766,8,0.2888978289476148,0.001343785712632798,17,0.32871231657171385,1,po-rapec-quality-energy-only-20260731-loto-semantic_segmentation,470,0.0
0.0,0.0,0.0,0.0,0.0,0.0,0.0,-0.0027052939757986508,0.0,32,13,13,0.6984989204744887,0.11805305705517198,2.8522122006152637,30,18,4.824834362781239e-05,2.7212683491065457,8,0.48508630903409067,0.011002587462839332,10,0.06982470084699402,1,po-rapec-quality-energy-only-20260731-loto-semantic_segmentation,471,0.0
0.0,0.0,0.0,0.0,0.0,0.0,0.0,-0.0027052939757986508,0.0,32,7,8,0.4262100611827209,0.07174135606791254,4.093481526479692,8,14,0.00035628344573909016,1.3503436967811009,6,0.48508630903409067,0.005607511276793914,15,0.06982470084699402,1,po-rapec-quality-energy-only-20260731-loto-semantic_segmentation,472,0.0
0.08238333333333332,0.5779496736747989,0.14770000000000005,0.5784052481372735,0.08238333333333332,0.5779496736747989,0.5736110222830665,0.12410178055469423,10.265058159456318,128,3,14,0.5663649656336952,0.3001619086369836,5.419655681850919,31,19,1.8417331695969164e-06,2.7212683491065457,8,0.44998010697159063,0.0025807505436965116,22,0.46886359206275646,0,po-rapec-quality-energy-only-20260731-loto-semantic_segmentation,473,10.265058159456318
0.0,0.0,0.0,0.0,0.0,0.0,0.0,-0.0027052939757986508,0.0,64,14,7,0.7884347937041504,0.3001619086369836,4.1508190145933375,15,17,0.00035628344573909016,0.6668395320163063,6,0.48508630903409067,0.005607511276793914,24,0.06982470084699402,1,po-rapec-quality-energy-only-20260731-loto-semantic_segmentation,474,0.0
0.0,0.0,0.0,0.011165715219462987,0.0,0.0,0.0,-0.0027052939757986508,0.0,192,11,15,0.6984989204744887,0.15655835360679188,7.01100487194532,23,10,1.3056928660773648e-06,0.609299701963187,6,0.48508630903409067,0.0276277612856523,9,0.06982470084699402,1,po-rapec-quality-energy-only-20260731-loto-semantic_segmentation,475,0.0
0.0,0.0,0.0,0.0,0.0,0.0,0.0,-0.0027052939757986508,0.0,128,3,5,0.8362472766983152,0.1391550303086943,1.7632247652330009,31,6,1.8417331695969164e-06,0.5129114393475593,7,0.2888978289476148,0.002763817222511814,17,0.21701554877729756,1,po-rapec-quality-energy-only-20260731-loto-semantic_segmentation,476,0.0
0.0,0.0,0.0,0.0,0.0,0.0,0.0,-0.0027052939757986508,0.0,64,14,15,0.8362472766983152,0.2746212998423223,2.4771635933479983,30,17,9.497726741572412e-06,0.6668395320163063,6,0.21070097837302884,0.0016687548926843194,24,0.1029285288006275,1,po-rapec-quality-energy-only-20260731-loto-semantic_segmentation,477,0.0
0.0,0.0,0.0,0.0,0.0,0.0,0.0,-0.0027052939757986508,0.0,192,14,15,0.5663649656336952,0.11805305705517198,4.1508190145933375,15,17,4.4634788307346503e-05,0.6448003638601897,8,0.2789307482238157,0.001343785712632798,24,0.32871231657171385,1,po-rapec-quality-energy-only-20260731-loto-semantic_segmentation,478,0.0
0.005988333333333318,0.0,0.028449999999999975,0.10015112830569324,0.005988333333333318,0.0,0.0,0.00477470602420128,2.7649490469115108,96,14,8,0.3202800928384847,0.39378931744671614,3.7724949634849736,8,17,4.269586961191152e-05,0.6668395320163063,5,0.21070097837302884,0.04852899908187486,22,0.3139866878172519,0,po-rapec-quality-energy-only-20260731-loto-semantic_segmentation,479,2.7649490469115108
0.0,0.0,0.0,0.0,0.0,0.0,0.0,-0.0027052939757986508,0.0,192,3,15,0.1958397671735582,0.39378931744671614,4.336954733811688,29,11,4.269586961191152e-05,0.6668395320163063,4,0.44998010697159063,0.0016687548926843194,24,0.09685509985624119,1,po-rapec-quality-energy-only-20260731-loto-semantic_segmentation,480,0.0
0.0,0.0,0.0,0.0,0.0,0.0,0.0,-0.0027052939757986508,0.0,192,11,13,0.5663649656336952,0.11805305705517198,2.8522122006152637,15,19,4.824834362781239e-05,0.5380535183239766,8,0.37372618071582187,0.001343785712632798,9,0.32871231657171385,1,po-rapec-quality-energy-only-20260731-loto-semantic_segmentation,481,0.0
0.0,0.0,0.0,0.0,0.0,0.0,0.0,-0.0027052939757986508,0.0,128,14,9,0.12203371018457355,0.11805305705517198,4.093481526479692,30,17,8.249240390706264e-05,0.5380535183239766,6,0.2789307482238157,0.0016687548926843194,24,0.3139866878172519,1,po-rapec-quality-energy-only-20260731-loto-semantic_segmentation,482,0.0
0.0,0.0,0.0,0.0,0.0,0.0,0.0,-0.0027052939757986508,0.0,32,3,10,0.468501018783211,0.24367854485292229,2.87696576671872,31,6,1.8417331695969164e-06,0.609299701963187,7,0.4255964694571055,0.0015081150031107788,15,0.15150234099541546,1,po-rapec-quality-energy-only-20260731-loto-semantic_segmentation,483,0.0
0.0,0.0,0.0,0.0,0.0,0.0,0.0,-0.0027052939757986508,0.0,96,15,5,0.4262100611827209,0.1391550303086943,1.7632247652330009,40,9,0.00035628344573909016,0.5129114393475593,4,0.2888978289476148,0.0011877350844497253,17,0.21701554877729756,1,po-rapec-quality-energy-only-20260731-loto-semantic_segmentation,484,0.0
0.0,0.0,0.0,0.0,0.0,0.0,0.0,-0.0027052939757986508,0.0,192,14,8,0.5663649656336952,0.39378931744671614,2.8522122006152637,15,17,4.269586961191152e-05,0.6668395320163063,8,0.21070097837302884,0.015414478002355373,24,0.32871231657171385,1,po-rapec-quality-energy-only-20260731-loto-semantic_segmentation,485,0.0
0.0,0.0,0.0,0.0,0.0,0.0,0.0,-0.0027052939757986508,0.0,128,5,8,0.5294591011690759,0.23454921406037482,6.373351759505689,14,12,2.514595387978441e-06,0.6415729326589932,6,0.3708586432704011,0.004306479511211271,14,0.1780048166728045,1,po-rapec-quality-energy-only-20260731-loto-semantic_segmentation,486,0.0
0.0,0.0,0.0,0.0,0.0,0.0,0.0,-0.0027052939757986508,0.0,96,3,8,0.8362472766983152,0.18645380058704547,2.4771635933479983,37,6,9.497726741572412e-06,0.9566752024279961,3,0.41174995744798226,0.044287700138903444,23,0.11390710032579149,1,po-rapec-quality-energy-only-20260731-loto-semantic_segmentation,487,0.0
0.0,0.0,0.0,0.0,0.0,0.0,0.0,-0.0027052939757986508,0.0,192,11,15,0.5663649656336952,0.11805305705517198,2.8522122006152637,15,19,4.824834362781239e-05,0.5380535183239766,8,0.37372618071582187,0.001343785712632798,9,0.32871231657171385,1,po-rapec-quality-energy-only-20260731-loto-semantic_segmentation,488,0.0
0.0,0.0,0.0,0.0,0.0,0.0,0.0,-0.0027052939757986508,0.0,192,14,13,0.06533130843247391,0.11805305705517198,2.8522122006152637,30,17,4.824834362781239e-05,0.5380535183239766,8,0.37372618071582187,0.0016687548926843194,9,0.32871231657171385,1,po-rapec-quality-energy-only-20260731-loto-semantic_segmentation,489,0.0
0.0,0.0,0.0,0.0,0.0,0.0,0.0,-0.0027052939757986508,0.0,96,7,9,0.4262100611827209,0.15655835360679188,6.965905607498048,15,19,2.438395734313396e-06,0.7597511907968628,5,0.2621819928487732,0.001343785712632798,21,0.11390710032579149,1,po-rapec-quality-energy-only-20260731-loto-semantic_segmentation,490,0.0
0.044189999999999986,0.4961598065158095,0.14770000000000005,0.3597696594088602,0.044189999999999986,0.4961598065158095,0.0,0.12410178055469423,12.039357013089377,128,11,9,0.6984989204744887,0.3001619086369836,7.01100487194532,29,14,1.3056928660773648e-06,2.7212683491065457,6,0.44998010697159063,0.04490461578910558,15,0.15150234099541546,0,po-rapec-quality-energy-only-20260731-loto-semantic_segmentation,491,12.039357013089377
0.0,0.0,0.0,0.0,0.0,0.0,0.0,-0.0027052939757986508,0.0,32,5,10,0.468501018783211,0.15655835360679188,7.01100487194532,23,18,0.0005971948348358656,0.609299701963187,6,0.4255964694571055,0.0015081150031107788,15,0.15150234099541546,1,po-rapec-quality-energy-only-20260731-loto-semantic_segmentation,492,0.0
0.010036666666666647,0.0,0.05067999999999995,0.12518246057094662,0.010036666666666647,0.0,0.0,0.014806502029155275,3.526418971595706,192,5,15,0.21899574266901062,0.23454921406037482,6.373351759505689,14,14,0.00035161064618107076,0.5380535183239766,3,0.534514428443218,0.012846232431252226,14,0.32871231657171385,0,po-rapec-quality-energy-only-20260731-loto-semantic_segmentation,493,3.526418971595706
0.0,0.0,0.0,0.0,0.0,0.0,0.0,-0.0027052939757986508,0.0,64,11,15,0.5294591011690759,0.1391550303086943,2.8522122006152637,15,8,1.0228489735755496e-06,0.5380535183239766,4,0.2789307482238157,0.002771003316720008,17,0.21701554877729756,1,po-rapec-quality-energy-only-20260731-loto-semantic_segmentation,494,0.0
0.008913333333333329,0.0,0.05347999999999997,0.07078388274019647,0.008913333333333329,0.0,0.0,0.0176065020291553,1.4907941244944822,128,12,11,0.8362472766983152,0.2746212998423223,5.419655681850919,31,6,4.173798661891048e-05,1.9783309789333134,7,0.32894796536187254,0.0016687548926843194,20,0.1029285288006275,0,po-rapec-quality-energy-only-20260731-loto-semantic_segmentation,495,1.4907941244944822
0.0,0.0,0.0,0.0,0.0,0.0,0.0,-0.0027052939757986508,0.0,192,5,8,0.5294591011690759,0.23454921406037482,2.8522122006152637,15,12,2.514595387978441e-06,0.5380535183239766,6,0.2789307482238157,0.0017868182210359874,14,0.1780048166728045,1,po-rapec-quality-energy-only-20260731-loto-semantic_segmentation,496,0.0
0.0,0.0,0.0,0.0,0.0,0.0,0.0,-0.0027052939757986508,0.0,128,11,4,0.5294591011690759,0.07174135606791254,6.373351759505689,14,14,2.514595387978441e-06,0.6415729326589932,6,0.48508630903409067,0.005607511276793914,15,0.4249410508181116,1,po-rapec-quality-energy-only-20260731-loto-semantic_segmentation,497,0.0
0.0,0.0,0.0,0.0,0.0,0.0,0.0,-0.0027052939757986508,0.0,192,3,15,0.1958397671735582,0.39378931744671614,4.336954733811688,29,11,4.269586961191152e-05,0.7709749053426536,8,0.44998010697159063,0.0630117217258742,24,0.09685509985624119,1,po-rapec-quality-energy-only-20260731-loto-semantic_segmentation,498,0.0
0.048046666666666675,0.22668043657452713,0.16340000000000005,0.27109049749580777,0.048046666666666675,0.22668043657452713,0.0,0.13980178055469422,6.924251229153804,192,11,9,0.6904520924178287,0.1391550303086943,4.204436622432451,29,14,7.361996320107113e-06,1.747687179785812,4,0.2888978289476148,0.012846232431252226,10,0.1480452360636415,0,po-rapec-quality-energy-only-20260731-loto-semantic_segmentation,499,6.924251229153804
0.0,0.0,0.0,0.0,0.0,0.0,0.0,-0.0027052939757986508,0.0,128,3,5,0.533903253334211,0.3358007855331379,4.334991162647201,11,9,2.3798803073215578e-05,0.6590475889402452,7,0.3898149950426655,0.01026713497013773,24,0.13316296962220858,1,po-rapec-quality-energy-only-20260731-final-all-tasks,0,0.0
0.01642097846335578,0.08853784682628837,0.07140000000000002,0.18683656904192875,0.01642097846335578,0.08853784682628837,0.0,0.05163990720000014,3.6133433543389253,192,14,15,0.49892952675159913,0.1988801595651069,3.8992117810068,28,10,5.901947754533e-06,2.1805138798578434,6,0.3524052000253012,0.0020599540554117803,9,0.3983907057223029,0,po-rapec-quality-energy-only-20260731-final-all-tasks,1,3.6133433543389253
0.0713577616844438,0.6379610891640484,0.16340000000000005,0.5601554553281183,0.0713577616844438,0.6379610891640484,0.0,0.14084636762014327,13.536421670842282,96,3,13,0.26410135891494274,0.42353034426639885,7.544543224054802,17,15,9.104366165091886e-05,1.6933383773055561,2,0.5052194519572089,0.0012468425452848112,17,0.2843385554162809,0,po-rapec-quality-energy-only-20260731-final-all-tasks,2,13.536421670842282
0.05289780297420563,0.6078130762420563,0.16340000000000005,0.49174114693777426,0.05289780297420563,0.6078130762420563,0.0,0.13980178055469422,12.675147435641229,64,6,9,0.7287152236289692,0.15084054822522563,7.800974412023694,16,19,0.00084037289068606,2.649250451557219,5,0.15009779737233292,0.01571890984471938,14,0.30672195372453814,0,po-rapec-quality-energy-only-20260731-final-all-tasks,3,12.675147435641229
0.06720630111205,0.5876412486339364,0.14770000000000005,0.5395888051178752,0.06720630111205,0.5876412486339364,0.15340572061533367,0.12410178055469423,11.09676074709681,32,7,3,0.5734500246496687,0.2272723940323998,3.1552177678907185,11,15,0.00037760864200470334,2.267996805457534,5,0.43760433225187745,0.02509135375559171,24,0.3957072788477969,0,po-rapec-quality-energy-only-20260731-final-all-tasks,4,11.09676074709681
0.0,0.0,0.0,0.0,0.0,0.0,0.0,-0.0027052939757986508,0.0,96,10,13,0.362392725298605,0.08971825174138304,1.6406182907387394,9,8,1.6641838613225804e-05,0.7304981539250575,4,0.37452572438238774,0.002731731463547026,20,0.27605412168594334,1,po-rapec-quality-energy-only-20260731-final-all-tasks,5,0.0
0.024295569590081098,0.21604132616506222,0.08857999999999994,0.2870348157875752,0.024295569590081098,0.21604132616506222,0.0,0.052706502029155264,3.6133433543389253,192,6,4,0.23282676725267432,0.42317049164244985,3.7204807324923355,11,9,0.00020989891954048496,0.9970200929687579,2,0.766775415345946,0.002949727583204148,14,0.07873734426385784,0,po-rapec-quality-energy-only-20260731-final-all-tasks,6,3.6133433543389253
0.0611564117274554,0.5686294668944076,0.1481,0.5162946809233303,0.0611564117274554,0.5686294668944076,0.1445596501231503,0.12450178055469419,12.039357013089377,128,3,10,0.39567814444300553,0.06767341500506063,7.401792835418872,27,20,1.3306903343618884e-06,1.6903495308775263,6,0.1285005510766885,0.005145861643814959,15,0.46847923799337576,0,po-rapec-quality-energy-only-20260731-final-all-tasks,7,12.039357013089377
0.07524018983293079,0.6182720259462099,0.16340000000000005,0.6211772496358621,0.07524018983293079,0.6182720259462099,0.6112677274057982,0.14084636762014327,12.675147435641229,32,3,3,0.05731179665675242,0.22337254086386077,3.061736919235814,32,6,1.1904304962175542e-06,2.470950850635294,4,0.4293671395139008,0.0052880182195439406,19,0.47919983306854513,0,po-rapec-quality-energy-only-20260731-final-all-tasks,8,12.675147435641229
0.03760610437301735,0.34704013543569723,0.16340000000000005,0.28371085921088546,0.03760610437301735,0.34704013543569723,0.0,0.13980178055469422,6.924251229153804,128,7,11,0.6499098261426614,0.07312564607125305,1.8080897888783132,29,20,0.000325694594089605,1.5812090274764827,4,0.41017474645360796,0.00559148557720807,11,0.24532087426607374,0,po-rapec-quality-energy-only-20260731-final-all-tasks,9,6.924251229153804
0.007575474720062456,0.0,0.05067999999999995,0.08504952516834684,0.007575474720062456,0.0,0.0,0.014806502029155275,1.4127420760916292,32,15,13,0.8970025802958334,0.2911920471178082,6.9104644808076054,37,20,0.0001817230167405515,1.478318994655364,6,0.20511581813868862,0.005512317866637148,11,0.12879596326261983,0,po-rapec-quality-energy-only-20260731-final-all-tasks,10,1.4127420760916292
0.02589551600982426,0.13597590510494906,0.14770000000000005,0.20721806226019013,0.02589551600982426,0.13597590510494906,0.0,0.12410178055469423,6.258946796487252,192,15,3,0.33929612856518887,0.1641389398471667,2.9755215158529236,21,19,8.536661485435068e-05,2.302091845099289,4,0.19954911227856326,0.009840044856659586,18,0.07289745725045572,0,po-rapec-quality-energy-only-20260731-final-all-tasks,11,6.258946796487252
0.0,0.0,0.0,0.0,0.0,0.0,0.0,-0.0027052939757986508,0.0,192,15,5,0.6833615696284627,0.3455045096304409,7.439644182541458,19,7,1.045342835737979e-05,0.5641453952079452,2,0.47352188749662516,0.003663356464954046,23,0.12086516253027227,1,po-rapec-quality-energy-only-20260731-final-all-tasks,12,0.0
0.0019443636089513507,0.0,0.017499272480562156,0.0411734544837221,0.0019443636089513507,0.0,0.0,-0.0027052939757986508,0.7783673705111724,64,12,13,0.6385203869938039,0.35313541185819913,3.986371095649654,26,17,6.089593881031223e-06,0.7793352622865081,5,0.2532150002810423,0.003781910585863543,12,0.3553853808102376,0,po-rapec-quality-energy-only-20260731-final-all-tasks,13,0.7783673705111724
0.07259772606531832,0.6112677274057982,0.18379999999999996,0.5442105443730687,0.07259772606531832,0.6112677274057982,0.08591436375328534,0.16624636762014325,10.470767304601619,96,14,9,0.24990045729676172,0.17527338206880855,5.93148119143318,31,8,6.0896397213710994e-05,1.746013845320419,2,0.4750557911843595,0.0038262828974143016,6,0.12922567179252803,0,po-rapec-quality-energy-only-20260731-final-all-tasks,14,10.470767304601619
0.04177890908568606,0.5348302437885091,0.14970000000000006,0.3742485616579685,0.04177890908568606,0.5348302437885091,0.0,0.12610178055469423,6.3436989535148385,128,12,8,0.11443891375770351,0.18261982964351597,2.929655360457317,19,9,7.605008040611465e-06,2.734042588541857,4,0.255187396711705,0.0017271451787269408,12,0.18416359767709584,0,po-rapec-quality-energy-only-20260731-final-all-tasks,15,6.3436989535148385
0.030764618020735015,0.38500186458687846,0.14970000000000006,0.3192754189586983,0.030764618020735015,0.38500186458687846,0.0,0.12610178055469423,12.039357013089377,96,9,12,0.5430995286968693,0.34338168329083935,3.873017787515106,32,12,0.0008855583653932206,1.1180252925825935,6,0.45646384251202166,0.06307005768439437,16,0.24771215616119113,0,po-rapec-quality-energy-only-20260731-final-all-tasks,16,12.039357013089377
0.07062436248036,0.6112677274057982,0.16340000000000005,0.6000319794475693,0.07062436248036,0.6112677274057982,0.5474708945932518,0.13980178055469422,9.629267736904467,96,14,4,0.1379155200149805,0.2825789648869767,5.154548695313167,25,14,1.0329110920508014e-05,2.5554869561885964,3,0.5689436427540231,0.038599965903060494,25,0.2690041202035815,0,po-rapec-quality-energy-only-20260731-final-all-tasks,17,9.629267736904467
0.06189360374164908,0.5750292102283999,0.16340000000000005,0.4752979942024018,0.06189360374164908,0.5750292102283999,0.04790550454155249,0.13980178055469422,7.200788831891428,96,5,11,0.4972391350638754,0.09814153346110938,3.9167259151842675,36,19,2.6748000262622425e-05,2.9442437806812647,4,0.363669017110569,0.0014654994157112724,8,0.3521613758621986,0,po-rapec-quality-energy-only-20260731-final-all-tasks,18,7.200788831891428
0.06258273871533514,0.5800067414751869,0.16340000000000005,0.5212259806900408,0.06258273871533514,0.5800067414751869,0.386315280007917,0.13980178055469422,7.200788831891428,192,13,6,0.3413103856008676,0.1841658589543011,1.6664473433953164,34,10,0.00028639139583098896,1.9836496259809677,2,0.1821886856442525,0.027116993001139796,9,0.4016006689913028,0,po-rapec-quality-energy-only-20260731-final-all-tasks,19,7.200788831891428
0.031478124783848066,0.42078830624962144,0.14770000000000005,0.3255213729023405,0.031478124783848066,0.42078830624962144,0.0,0.12410178055469423,6.258946796487252,192,8,7,0.228599061235832,0.09763544750594617,4.121543814111887,38,7,6.181964121554876e-06,2.571379875242537,7,0.6968814985129799,0.014065108086106169,15,0.2506739573423174,0,po-rapec-quality-energy-only-20260731-final-all-tasks,20,6.258946796487252
0.04989974647191535,0.597358476365055,0.14970000000000006,0.48924674049571365,0.04989974647191535,0.597358476365055,0.07859379174529643,0.12610178055469423,12.039357013089377,192,6,9,0.24572546360087008,0.31321755069083024,7.582980461395038,19,20,0.00018851345918426368,2.911970215287336,6,0.7800097972877437,0.005496663410104864,15,0.3393510618214319,0,po-rapec-quality-energy-only-20260731-final-all-tasks,21,12.039357013089377
0.014464363608951333,0.0,0.06939999999999996,0.20543650153606918,0.014464363608951333,0.0,0.0,0.03352650202915529,11.09676074709681,64,7,6,0.6519740535694692,0.05352255323101623,7.65916034426419,29,15,5.860040860884017e-06,2.242772846060676,7,0.19743005729433055,0.0687658380777314,9,0.17900083018924068,0,po-rapec-quality-energy-only-20260731-final-all-tasks,22,11.09676074709681
0.003265861271864037,0.0,0.019209599818647116,0.10289631692491316,0.003265861271864037,0.0,0.0,0.0022660433090095737,1.28622108194947,192,9,7,0.8465688795548559,0.27217102153488776,5.798213323031431,22,12,6.167206339602892e-06,1.5452523112100778,4,0.1133751943237745,0.009721796134682235,25,0.09190259775031957,0,po-rapec-quality-energy-only-20260731-final-all-tasks,23,1.28622108194947
0.0,0.0,0.0,0.0,0.0,0.0,0.0,-0.0027052939757986508,0.0,96,4,7,0.4030500278134722,0.10589930738809811,4.371504373658846,31,20,3.1100937747809476e-06,2.4847336813778322,6,0.36618906447935307,0.022580791866286552,23,0.0791600885457062,1,po-rapec-quality-energy-only-20260731-final-all-tasks,24,0.0
0.06548945986288396,0.6036877897789138,0.16340000000000005,0.5291885757127974,0.06548945986288396,0.6036877897789138,0.1098602623126249,0.13980178055469422,12.675147435641229,32,7,11,0.8669742454390984,0.15000921384978982,5.952826219114134,31,10,0.00031621436385847833,2.5545705831214875,5,0.2900269883816277,0.0014383032418634001,22,0.32318333890008605,0,po-rapec-quality-energy-only-20260731-final-all-tasks,25,12.675147435641229
0.042709144960469424,0.5383439788208595,0.14970000000000006,0.39314452591351556,0.042709144960469424,0.5383439788208595,0.0,0.12610178055469423,6.3436989535148385,64,3,5,0.02764679544951142,0.3056234993119702,3.5115600502319286,21,13,1.2904827592463403e-06,1.2934651879775285,6,0.3655526440148399,0.0015049101863129045,9,0.4046150948438859,0,po-rapec-quality-energy-only-20260731-final-all-tasks,26,6.3436989535148385
0.06189360374164908,0.5750292102283999,0.16340000000000005,0.48092975178609454,0.06189360374164908,0.5750292102283999,0.04790550454155249,0.13980178055469422,7.200788831891428,96,6,4,0.2698031655010286,0.051553241824667945,3.1545738138444293,31,17,0.0003103180252431692,2.3875430965503055,3,0.4534137941574522,0.0024560714825917485,9,0.37859494375468516,0,po-rapec-quality-energy-only-20260731-final-all-tasks,27,7.200788831891428
0.007734430468891156,0.0,0.05067999999999995,0.09162831489155993,0.007734430468891156,0.0,0.0,0.014806502029155275,1.4127420760916292,96,9,9,0.5862155066028948,0.3168751001723017,4.380056235578614,11,15,0.0001949148555556005,1.552618401953044,8,0.1307143989307438,0.009311702706589544,13,0.1325539000565849,0,po-rapec-quality-energy-only-20260731-final-all-tasks,28,1.4127420760916292
0.05509915929720466,0.49914364620582935,0.14770000000000005,0.436236325933645,0.05509915929720466,0.49914364620582935,0.06699429131677792,0.12410178055469423,7.246363444751502,192,6,12,0.28595933671887436,0.22787830866407616,4.547608694520519,39,13,0.00031797807837773275,1.1740039078985551,3,0.429463151697948,0.0027008072337673895,7,0.3920363623384793,0,po-rapec-quality-energy-only-20260731-final-all-tasks,29,7.246363444751502
0.019486936012076825,0.0,0.14770000000000005,0.14875624248286454,0.019486936012076825,0.0,0.0,0.12410178055469423,6.258946796487252,192,15,15,0.10687490192363419,0.2954105190518569,6.709554911726663,32,7,0.0004151537027351185,1.131610899256955,4,0.2056379227577444,0.004046566682754923,19,0.2736666654214377,0,po-rapec-quality-energy-only-20260731-final-all-tasks,30,6.258946796487252
0.054978397413803046,0.6279925404296942,0.17620000000000002,0.49369959909998623,0.054978397413803046,0.6279925404296942,0.0,0.1586463676201433,12.723201362927131,96,3,15,0.4824355724235675,0.3089205990378477,5.569261067242876,13,17,0.0005091430876278806,2.5916954890046764,3,0.1421495167294276,0.008513553345849885,12,0.2869455545662403,0,po-rapec-quality-energy-only-20260731-final-all-tasks,31,12.723201362927131
0.07013520214427038,0.6112677274057982,0.18379999999999996,0.5387475696259908,0.07013520214427038,0.6112677274057982,0.1776736836913972,0.16624636762014325,10.470767304601619,96,12,12,0.3527721452728413,0.24531357773131746,7.323469652559195,23,19,1.5556592774506382e-06,0.8362577840168925,2,0.5395054309204271,0.02069672649937032,6,0.2607874441521756,0,po-rapec-quality-energy-only-20260731-final-all-tasks,32,10.470767304601619
0.0002671905094384086,0.0,0.002390371607856323,0.02447766135436839,0.0002671905094384086,0.0,0.0,-0.0027052939757986508,0.42771491142751156,64,7,3,0.4058119423475506,0.37702534449312636,6.377723359121125,40,18,1.5522806283146122e-05,0.5496797074676079,8,0.5163289402097396,0.005212918201704737,12,0.4974777591085358,0,po-rapec-quality-energy-only-20260731-final-all-tasks,33,0.42771491142751156
0.0065411111111110965,0.0,0.05347999999999997,0.08447605404679522,0.0065411111111110965,0.0,0.0,0.0176065020291553,1.5931725123246676,192,4,14,0.7165961861424903,0.3777921652288431,1.7078512154579504,10,13,0.0001020561344642133,0.9343436517963137,3,0.5864240913027163,0.009006724712389827,12,0.11034725749245983,0,po-rapec-quality-energy-only-20260731-final-all-tasks,34,1.5931725123246676
0.06733095435706532,0.5880360859749214,0.16340000000000005,0.5122877925205529,0.06733095435706532,0.5880360859749214,0.028657576707875457,0.13980178055469422,8.921230467359159,192,14,12,0.36239259305831795,0.3504945644377,3.4471076043309914,18,17,6.915105476917281e-05,2.0592218393491524,2,0.3367430171518557,0.004623710983156326,12,0.49956012228777824,0,po-rapec-quality-energy-only-20260731-final-all-tasks,35,8.921230467359159
0.01919146636625649,0.34807403659192665,0.06939999999999996,0.2614518304774036,0.01919146636625649,0.34807403659192665,0.0,0.03352650202915529,2.7627968956317286,96,13,9,0.28570403959514307,0.40724556829181885,2.9169643749014402,33,14,4.465147867137525e-06,2.4168599834641,8,0.680948168159417,0.024064553197552612,9,0.2508544919010119,0,po-rapec-quality-energy-only-20260731-final-all-tasks,36,2.7627968956317286
0.009253333333333323,0.0,0.05441999999999997,0.13110234473182622,0.009253333333333323,0.0,0.0,0.02132470602420129,8.882583636000541,32,3,7,0.7550682922506323,0.1664500673694357,5.413484410825178,22,16,8.371802320523563e-05,2.91286079848821,4,0.1963553682878531,0.001100975769867675,23,0.2085764072944551,0,po-rapec-quality-energy-only-20260731-final-all-tasks,37,8.882583636000541
0.025471138425319634,0.16213592981564942,0.14770000000000005,0.21011748711439227,0.025471138425319634,0.16213592981564942,0.0,0.12410178055469423,6.258946796487252,32,13,5,0.2855729235635547,0.3552415704959199,4.116926298493725,35,17,0.0001859891861588341,2.0447998113313552,6,0.46676438806965415,0.04116633189147077,15,0.08094265706305803,0,po-rapec-quality-energy-only-20260731-final-all-tasks,38,6.258946796487252
0.06862804818609354,0.5982263041742375,0.15839999999999999,0.5604902684901111,0.06862804818609354,0.5982263041742375,0.2535828399211886,0.14084636762014327,12.039357013089377,32,8,12,0.207468365925079,0.14981561565760906,3.464031809878685,19,17,1.4309171915459122e-06,2.561196600620114,6,0.4408445964987632,0.03145167010003499,25,0.4932397776863343,0,po-rapec-quality-energy-only-20260731-final-all-tasks,39,12.039357013089377
0.0,0.0,0.0,0.0,0.0,0.0,0.0,-0.0027052939757986508,0.0,32,6,9,0.24572546360087008,0.31321755069083024,2.482670526858766,35,20,0.0001859891861588341,2.0447998113313552,6,0.7800097972877437,0.005496663410104864,15,0.08094265706305803,1,po-rapec-quality-energy-only-20260731-final-all-tasks,40,0.0
0.0013855555555555472,0.0,0.012469999999999926,0.04292392000087966,0.0013855555555555472,0.0,0.0,0.009764706024201274,4.609480563500889,128,3,5,0.228599061235832,0.09763544750594617,4.334991162647201,38,9,6.181964121554876e-06,0.6590475889402452,7,0.3898149950426655,0.014065108086106169,15,0.2506739573423174,0,po-rapec-quality-energy-only-20260731-final-all-tasks,41,4.609480563500889
0.021151843890837636,0.48765516709790097,0.059779999999999944,0.30660568086897383,0.021151843890837636,0.48765516709790097,0.0,0.03400418991944569,11.09676074709681,96,4,7,0.4030500278134722,0.18261982964351597,4.371504373658846,31,20,3.1100937747809476e-06,2.4847336813778322,4,0.36618906447935307,0.0017271451787269408,12,0.18416359767709584,0,po-rapec-quality-energy-only-20260731-final-all-tasks,42,11.09676074709681
0.006997777777777763,0.0,0.05067999999999995,0.09336801936019473,0.006997777777777763,0.0,0.0,0.014806502029155275,4.147423570367287,192,4,14,0.7165961861424903,0.3777921652288431,1.7078512154579504,10,13,0.0001817230167405515,0.9343436517963137,3,0.5864240913027163,0.012340547179072566,13,0.12879596326261983,0,po-rapec-quality-energy-only-20260731-final-all-tasks,43,4.147423570367287
0.03656891408531673,0.4697323984902268,0.14090000000000003,0.3700432553953367,0.03656891408531673,0.4697323984902268,0.0,0.1173017805546942,5.970789462593457,96,4,9,0.4030500278134722,0.10589930738809811,2.9169643749014402,31,20,4.465147867137525e-06,2.4168599834641,6,0.680948168159417,0.022580791866286552,9,0.2508544919010119,0,po-rapec-quality-energy-only-20260731-final-all-tasks,44,5.970789462593457
0.0,0.0,0.0,0.0,0.0,0.0,0.0,-0.0027052939757986508,0.0,128,3,5,0.533903253334211,0.3455045096304409,7.439644182541458,19,7,1.045342835737979e-05,0.6590475889402452,7,0.3898149950426655,0.01026713497013773,24,0.12086516253027227,1,po-rapec-quality-energy-only-20260731-final-all-tasks,45,0.0
0.00018666666666665598,0.0,0.0016799999999999038,0.02064188529984804,0.00018666666666665598,0.0,0.0,-0.001025293975798747,0.6210045987715395,32,7,3,0.8465688795548559,0.27217102153488776,5.798213323031431,11,15,0.00037760864200470334,1.5452523112100778,5,0.1133751943237745,0.009721796134682235,24,0.09190259775031957,0,po-rapec-quality-energy-only-20260731-final-all-tasks,46,0.6210045987715395
0.0,0.0,0.0,0.0,0.0,0.0,0.0,-0.0027052939757986508,0.0,96,3,7,0.39567814444300553,0.06767341500506063,4.371504373658846,31,20,1.3306903343618884e-06,1.6903495308775263,6,0.36618906447935307,0.06994099124639958,23,0.0791600885457062,1,po-rapec-quality-energy-only-20260731-final-all-tasks,47,0.0
0.0019443636089513507,0.0,0.017499272480562156,0.0411734544837221,0.0019443636089513507,0.0,0.0,-0.0027052939757986508,0.7783673705111724,192,14,14,0.49892952675159913,0.3455045096304409,3.8992117810068,28,7,5.901947754533e-06,0.5641453952079452,6,0.3524052000253012,0.0020599540554117803,9,0.12086516253027227,0,po-rapec-quality-energy-only-20260731-final-all-tasks,48,0.7783673705111724
0.0019459572730723901,0.0,0.017499272480562156,0.04874856063695618,0.0019459572730723901,0.0,0.0,-0.0027052939757986508,0.7783673705111724,192,9,9,0.5862155066028948,0.3168751001723017,4.380056235578614,11,12,6.915105476917281e-05,1.552618401953044,8,0.1307143989307438,0.009311702706589544,12,0.1325539000565849,0,po-rapec-quality-energy-only-20260731-final-all-tasks,49,0.7783673705111724
0.01600533766118108,0.0,0.07140000000000002,0.1565436205430017,0.01600533766118108,0.0,0.0,0.05163990720000014,3.6133433543389253,192,15,15,0.4328958111815542,0.2954105190518569,6.709554911726663,26,17,0.0004151537027351185,1.131610899256955,5,0.2056379227577444,0.004046566682754923,9,0.2736666654214377,0,po-rapec-quality-energy-only-20260731-final-all-tasks,50,3.6133433543389253
0.046099108589571086,0.499376445821701,0.14770000000000005,0.4429180658652366,0.046099108589571086,0.499376445821701,0.029202756986352028,0.12410178055469423,6.258946796487252,192,6,4,0.6833615696284627,0.42317049164244985,3.7204807324923355,19,9,0.00020989891954048496,1.9670006230045005,2,0.47352188749662516,0.008671663613122443,14,0.12086516253027227,0,po-rapec-quality-energy-only-20260731-final-all-tasks,51,6.258946796487252
0.019063137340945422,0.1817804281864758,0.07140000000000002,0.24353833346851209,0.019063137340945422,0.1817804281864758,0.0,0.05163990720000014,3.6133433543389253,96,10,13,0.362392725298605,0.22787830866407616,1.6406182907387394,9,13,1.6641838613225804e-05,1.1740039078985551,4,0.429463151697948,0.0027008072337673895,7,0.27605412168594334,0,po-rapec-quality-energy-only-20260731-final-all-tasks,52,3.6133433543389253
0.03834701367273696,0.4802010143499649,0.14770000000000005,0.3621793555606269,0.03834701367273696,0.4802010143499649,0.0,0.12410178055469423,6.258946796487252,64,3,9,0.5862155066028948,0.3168751001723017,3.5115600502319286,21,13,0.0001949148555556005,1.2934651879775285,8,0.1307143989307438,0.0015049101863129045,9,0.4046150948438859,0,po-rapec-quality-energy-only-20260731-final-all-tasks,53,6.258946796487252
0.025471138425319634,0.16213592981564942,0.14770000000000005,0.21011748711439227,0.025471138425319634,0.16213592981564942,0.0,0.12410178055469423,6.258946796487252,32,13,5,0.2855729235635547,0.3552415704959199,4.116926298493725,35,17,0.0001859891861588341,2.0447998113313552,6,0.46676438806965415,0.04116633189147077,15,0.08094265706305803,0,po-rapec-quality-energy-only-20260731-final-all-tasks,54,6.258946796487252
0.004535569590081112,0.0,0.023220126310730116,0.12295709714298517,0.004535569590081112,0.0,0.0,0.015303017991610473,6.106545221253793,128,6,4,0.5734500246496687,0.42317049164244985,3.7204807324923355,11,9,0.00020989891954048496,2.267996805457534,2,0.766775415345946,0.002949727583204148,20,0.07873734426385784,0,po-rapec-quality-energy-only-20260731-final-all-tasks,55,6.106545221253793
0.06434519000093891,0.5800067414751869,0.15839999999999999,0.49804519954693127,0.06434519000093891,0.5800067414751869,0.15340572061533367,0.14084636762014327,9.023773346294323,32,7,11,0.8669742454390984,0.2272723940323998,5.952826219114134,11,10,0.00037760864200470334,2.267996805457534,5,0.11553094074696434,0.0014383032418634001,11,0.3957072788477969,0,po-rapec-quality-energy-only-20260731-final-all-tasks,56,9.023773346294323
0.03756704783475387,0.4348690954173134,0.14970000000000006,0.37122431058119637,0.03756704783475387,0.4348690954173134,0.0,0.12610178055469423,6.3436989535148385,32,15,3,0.5734500246496687,0.2911920471178082,3.1552177678907185,9,15,0.00037760864200470334,2.267996805457534,5,0.43760433225187745,0.02509135375559171,11,0.3957072788477969,0,po-rapec-quality-energy-only-20260731-final-all-tasks,57,6.3436989535148385
0.03456962364615628,0.36847910719120214,0.14090000000000003,0.28997501468399883,0.03456962364615628,0.36847910719120214,0.0,0.1173017805546942,5.970789462593457,192,14,15,0.7165961861424903,0.3777921652288431,3.8992117810068,10,10,0.0001020561344642133,2.1805138798578434,6,0.3524052000253012,0.009006724712389827,9,0.3983907057223029,0,po-rapec-quality-energy-only-20260731-final-all-tasks,58,5.970789462593457
0.06548945986288396,0.6036877897789138,0.16340000000000005,0.5291885757127974,0.06548945986288396,0.6036877897789138,0.1098602623126249,0.13980178055469422,12.675147435641229,32,7,11,0.8669742454390984,0.15000921384978982,5.952826219114134,31,10,0.00031621436385847833,2.5545705831214875,5,0.2900269883816277,0.0014383032418634001,22,0.32318333890008605,0,po-rapec-quality-energy-only-20260731-final-all-tasks,59,12.675147435641229
0.038062426084048265,0.39928942583783067,0.14970000000000006,0.34135238415723734,0.038062426084048265,0.39928942583783067,0.0,0.12610178055469423,6.3436989535148385,128,10,10,0.39567814444300553,0.06767341500506063,7.401792835418872,27,8,1.6641838613225804e-05,2.418956670316952,4,0.1285005510766885,0.005145861643814959,15,0.46847923799337576,0,po-rapec-quality-energy-only-20260731-final-all-tasks,60,6.3436989535148385
0.02900253285739418,0.38057402335893953,0.14770000000000005,0.28392207014597126,0.02900253285739418,0.38057402335893953,0.0,0.12410178055469423,12.039357013089377,96,9,5,0.7076995450658923,0.3358007855331379,3.873017787515106,32,9,2.3798803073215578e-05,0.97953491073006,6,0.3898149950426655,0.06307005768439437,16,0.24771215616119113,0,po-rapec-quality-energy-only-20260731-final-all-tasks,61,12.039357013089377
2.2222222222219774e-05,0.0,0.00019999999999997797,0.015084110393728596,2.2222222222219774e-05,0.0,0.0,-0.002505293975798673,0.07392911890136983,32,15,12,0.207468365925079,0.14981561565760906,6.9104644808076054,19,20,1.4309171915459122e-06,1.478318994655364,6,0.20511581813868862,0.03145167010003499,25,0.12879596326261983,0,po-rapec-quality-energy-only-20260731-final-all-tasks,62,0.07392911890136983
0.030362986481321883,0.2646113450578774,0.14770000000000005,0.24288284303007085,0.030362986481321883,0.2646113450578774,0.0,0.12410178055469423,6.258946796487252,192,14,4,0.1379155200149805,0.3777921652288431,5.154548695313167,10,14,0.0001020561344642133,0.9343436517963137,3,0.5864240913027163,0.009006724712389827,25,0.2690041202035815,0,po-rapec-quality-energy-only-20260731-final-all-tasks,63,6.258946796487252
0.019244907036797328,0.38863460720006143,0.05067999999999995,0.2617110656329282,0.019244907036797328,0.38863460720006143,0.0,0.026657706678846187,2.3380456998663637,128,13,5,0.2855729235635547,0.3552415704959199,4.334991162647201,35,17,0.0001859891861588341,2.0447998113313552,6,0.46676438806965415,0.04116633189147077,24,0.13316296962220858,0,po-rapec-quality-energy-only-20260731-final-all-tasks,64,2.3380456998663637
0.03614008261829302,0.4192738057487725,0.16340000000000005,0.3590553023745762,0.03614008261829302,0.4192738057487725,0.0,0.13980178055469422,12.675147435641229,64,7,8,0.11443891375770351,0.05352255323101623,7.65916034426419,29,15,7.605008040611465e-06,2.242772846060676,4,0.255187396711705,0.0687658380777314,12,0.17900083018924068,0,po-rapec-quality-energy-only-20260731-final-all-tasks,65,12.675147435641229
0.02411207587456226,0.0,0.14770000000000005,0.19721209947470758,0.02411207587456226,0.0,0.0,0.12410178055469423,6.258946796487252,96,12,9,0.5430035334979836,0.3168751001723017,6.561270443065865,11,15,6.089593881031223e-06,1.552618401953044,8,0.1307143989307438,0.001210728569422276,13,0.3553853808102376,0,po-rapec-quality-energy-only-20260731-final-all-tasks,66,6.258946796487252
0.0,0.0,0.0,0.0,0.0,0.0,0.0,-0.0027052939757986508,0.0,32,9,11,0.8465688795548559,0.27217102153488776,5.798213323031431,22,10,0.00031621436385847833,2.733530175207833,5,0.2900269883816277,0.009721796134682235,25,0.09190259775031957,1,po-rapec-quality-energy-only-20260731-final-all-tasks,67,0.0
0.0052299555354052224,0.0,0.020379999999999954,0.12589874928767053,0.0052299555354052224,0.0,0.0,0.011129135879014342,2.7649490469115108,192,13,5,0.6833615696284627,0.3455045096304409,7.439644182541458,33,7,4.465147867137525e-06,2.4168599834641,8,0.680948168159417,0.024064553197552612,23,0.12086516253027227,0,po-rapec-quality-energy-only-20260731-final-all-tasks,68,2.7649490469115108
0.05289780297420563,0.6078130762420563,0.16340000000000005,0.49174114693777426,0.05289780297420563,0.6078130762420563,0.0,0.13980178055469422,12.675147435641229,64,6,9,0.7287152236289692,0.15084054822522563,7.800974412023694,16,19,0.00084037289068606,2.649250451557219,5,0.15009779737233292,0.016471878003111392,14,0.30672195372453814,0,po-rapec-quality-energy-only-20260731-final-all-tasks,69,12.675147435641229
0.0,0.0,0.0,0.0,0.0,0.0,0.0,-0.0027052939757986508,0.0,128,3,10,0.8465688795548559,0.06767341500506063,5.798213323031431,27,20,1.3306903343618884e-06,1.6903495308775263,4,0.1285005510766885,0.005145861643814959,15,0.09190259775031957,1,po-rapec-quality-energy-only-20260731-final-all-tasks,70,0.0
0.03548699449684762,0.4150913539044104,0.14090000000000003,0.3001875917637247,0.03548699449684762,0.4150913539044104,0.0,0.1173017805546942,5.970789462593457,64,13,3,0.4030500278134722,0.3754158350184001,6.377723359121125,31,18,3.1100937747809476e-06,2.4847336813778322,8,0.36618906447935307,0.005212918201704737,7,0.2621638994610748,0,po-rapec-quality-energy-only-20260731-final-all-tasks,71,5.970789462593457
0.05902663623659748,0.5785552896005446,0.14770000000000005,0.49498044557388454,0.05902663623659748,0.5785552896005446,0.0,0.12410178055469423,11.09676074709681,96,3,4,0.02764679544951142,0.3056234993119702,5.154548695313167,25,13,1.2904827592463403e-06,2.5554869561885964,4,0.3655526440148399,0.038599965903060494,25,0.3210336782340805,0,po-rapec-quality-energy-only-20260731-final-all-tasks,72,11.09676074709681
0.04480763143011782,0.3907479019877342,0.14770000000000005,0.33297282438653264,0.04480763143011782,0.3907479019877342,0.0,0.12410178055469423,6.258946796487252,64,7,13,0.6385203869938039,0.35313541185819913,1.8080897888783132,26,17,0.000325694594089605,0.7793352622865081,4,0.2532150002810423,0.00559148557720807,25,0.3553853808102376,0,po-rapec-quality-energy-only-20260731-final-all-tasks,73,6.258946796487252
0.0,0.0,0.0,0.0,0.0,0.0,0.0,-0.0027052939757986508,0.0,128,3,3,0.533903253334211,0.37702534449312636,4.334991162647201,16,9,1.5522806283146122e-05,0.6590475889402452,7,0.3898149950426655,0.005212918201704737,24,0.22739926538452598,1,po-rapec-quality-energy-only-20260731-final-all-tasks,74,0.0
0.0357423636625524,0.4049811348075053,0.14970000000000006,0.32228534212314175,0.0357423636625524,0.4049811348075053,0.0,0.12610178055469423,6.3436989535148385,128,15,8,0.33929612856518887,0.18261982964351597,2.9755215158529236,21,9,8.536661485435068e-05,2.302091845099289,4,0.19954911227856326,0.0017271451787269408,12,0.07289745725045572,0,po-rapec-quality-energy-only-20260731-final-all-tasks,75,6.3436989535148385
0.055523465612757325,0.5435349467106244,0.14770000000000005,0.49108003304895287,0.055523465612757325,0.5435349467106244,0.23619478858278067,0.12410178055469423,6.48599684923343,192,9,5,0.343945915640586,0.3056234993119702,5.393447644920118,17,12,1.2904827592463403e-06,1.2934651879775285,4,0.3655526440148399,0.009721796134682235,25,0.4046150948438859,0,po-rapec-quality-energy-only-20260731-final-all-tasks,76,6.48599684923343
0.01642097846335578,0.08853784682628837,0.07140000000000002,0.18683656904192875,0.01642097846335578,0.08853784682628837,0.0,0.05163990720000014,3.6133433543389253,192,14,13,0.49892952675159913,0.1988801595651069,3.8992117810068,28,10,5.901947754533e-06,2.1805138798578434,6,0.3524052000253012,0.0020599540554117803,9,0.3983907057223029,0,po-rapec-quality-energy-only-20260731-final-all-tasks,77,3.6133433543389253
0.01889617572758516,0.25588377332266143,0.07140000000000002,0.252523650090765,0.01889617572758516,0.25588377332266143,0.0,0.05163990720000014,3.6986548860326622,96,9,12,0.28570403959514307,0.34338168329083935,2.9169643749014402,33,12,4.465147867137525e-06,1.1180252925825935,6,0.680948168159417,0.024064553197552612,9,0.2508544919010119,0,po-rapec-quality-energy-only-20260731-final-all-tasks,78,3.6986548860326622
0.0027254201529236027,0.0,0.019209599818647116,0.09841658696826669,0.0027254201529236027,0.0,0.0,-0.001025293975798747,0.8544427041764607,96,10,13,0.4030500278134722,0.10589930738809811,1.9620008893235994,31,20,1.6641838613225804e-05,2.4847336813778322,4,0.37452572438238774,0.002731731463547026,23,0.0791600885457062,0,po-rapec-quality-energy-only-20260731-final-all-tasks,79,0.8544427041764607
0.0,0.0,0.0,0.0,0.0,0.0,0.0,-0.0027052939757986508,0.0,32,15,13,0.2346594747758373,0.14981561565760906,6.9104644808076054,37,20,1.4309171915459122e-06,1.478318994655364,6,0.20511581813868862,0.005512317866637148,25,0.12879596326261983,1,po-rapec-quality-energy-only-20260731-final-all-tasks,80,0.0
0.002538753486256947,0.0,0.019209599818647116,0.08403516417334159,0.002538753486256947,0.0,0.0,-0.0027052939757986508,0.8544427041764607,192,9,13,0.3670315446589042,0.10589930738809811,5.798213323031431,31,20,1.6641838613225804e-05,2.4847336813778322,4,0.37452572438238774,0.009721796134682235,25,0.09190259775031957,0,po-rapec-quality-energy-only-20260731-final-all-tasks,81,0.8544427041764607
0.009322222222222213,0.0,0.05347999999999997,0.13204148207538524,0.009322222222222213,0.0,0.0,0.0176065020291553,4.147423570367287,32,4,9,0.4030500278134722,0.10589930738809811,2.9169643749014402,31,20,4.465147867137525e-06,2.4168599834641,6,0.680948168159417,0.022580791866286552,9,0.1399067662386445,0,po-rapec-quality-energy-only-20260731-final-all-tasks,82,4.147423570367287
0.03211535156481721,0.3149606440851285,0.14770000000000005,0.27192522028542654,0.03211535156481721,0.3149606440851285,0.0,0.12410178055469423,6.258946796487252,96,15,9,0.5862155066028948,0.3455045096304409,4.380056235578614,19,15,0.0001949148555556005,1.552618401953044,2,0.1307143989307438,0.003663356464954046,23,0.1325539000565849,0,po-rapec-quality-energy-only-20260731-final-all-tasks,83,6.258946796487252
0.0009931377688618588,0.0,0.004628239919756805,0.06071836819690354,0.0009931377688618588,0.0,0.0,0.0016047060242012742,1.5931725123246676,64,9,3,0.4030500278134722,0.3754158350184001,6.377723359121125,31,7,3.1100937747809476e-06,0.5336162475721086,8,0.680948168159417,0.024064553197552612,23,0.2621638994610748,0,po-rapec-quality-energy-only-20260731-final-all-tasks,84,1.5931725123246676
0.00011999999999999666,0.0,0.0010799999999999699,0.014073892746190201,0.00011999999999999666,0.0,0.0,-0.0027052939757986508,0.11674585053627443,32,4,3,0.7165961861424903,0.27217102153488776,1.7078512154579504,11,15,0.0001020561344642133,0.9343436517963137,5,0.1133751943237745,0.009006724712389827,24,0.11034725749245983,0,po-rapec-quality-energy-only-20260731-final-all-tasks,85,0.11674585053627443
0.0,0.0,0.0,0.0,0.0,0.0,0.0,-0.0027052939757986508,0.0,96,4,7,0.4030500278134722,0.2342710022958256,4.371504373658846,31,20,3.1100937747809476e-06,1.6903495308775263,6,0.36618906447935307,0.022580791866286552,23,0.0791600885457062,1,po-rapec-quality-energy-only-20260731-final-all-tasks,86,0.0
0.001354444444444436,0.0,0.012189999999999923,0.02864933835895754,0.001354444444444436,0.0,0.0,0.0029391358790143117,1.3177147389233481,32,10,13,0.362392725298605,0.27217102153488776,5.798213323031431,11,8,1.6641838613225804e-05,1.5452523112100778,4,0.1133751943237745,0.002731731463547026,20,0.09190259775031957,0,po-rapec-quality-energy-only-20260731-final-all-tasks,87,1.3177147389233481
0.0,0.0,0.0,0.0,0.0,0.0,0.0,-0.0027052939757986508,0.0,192,15,7,0.07333701454887034,0.06767341500506063,7.439644182541458,11,20,1.045342835737979e-05,1.6903495308775263,6,0.47352188749662516,0.003663356464954046,23,0.12086516253027227,1,po-rapec-quality-energy-only-20260731-final-all-tasks,88,0.0
0.0011314612920143574,0.0,0.010183151628129217,0.05209294239026473,0.0011314612920143574,0.0,0.0,0.0022660433090095737,1.28622108194947,192,9,9,0.5862155066028948,0.3168751001723017,4.380056235578614,11,12,6.915105476917281e-05,1.552618401953044,8,0.1307143989307438,0.009311702706589544,19,0.1325539000565849,0,po-rapec-quality-energy-only-20260731-final-all-tasks,89,1.28622108194947
0.0,0.0,0.0,0.0010553066986823817,0.0,0.0,0.0,-0.0027052939757986508,0.0,96,10,13,0.1459364027448432,0.20139553485535916,7.439644182541458,9,7,1.6641838613225804e-05,0.6590475889402452,4,0.37452572438238774,0.002731731463547026,18,0.12086516253027227,1,po-rapec-quality-energy-only-20260731-final-all-tasks,90,0.0
0.021274724522381012,0.3406736843184252,0.08594999999999997,0.30133153519873124,0.021274724522381012,0.3406736843184252,0.0,0.0500765020291553,12.675147435641229,128,3,13,0.362392725298605,0.08971825174138304,1.6406182907387394,11,15,0.00037760864200470334,1.5452523112100778,4,0.1133751943237745,0.009721796134682235,20,0.27605412168594334,0,po-rapec-quality-energy-only-20260731-final-all-tasks,91,12.675147435641229
0.00011999999999999666,0.0,0.0010799999999999699,0.02049463869936732,0.00011999999999999666,0.0,0.0,-0.0027052939757986508,0.11674585053627443,32,7,12,0.207468365925079,0.27217102153488776,6.9104644808076054,19,20,1.4309171915459122e-06,1.7948126287784496,5,0.20511581813868862,0.009721796134682235,25,0.12879596326261983,0,po-rapec-quality-energy-only-20260731-final-all-tasks,92,0.11674585053627443
0.009814430468891158,0.0,0.06939999999999996,0.11035060586817863,0.009814430468891158,0.0,0.0,0.03352650202915529,1.9345757711278435,192,9,9,0.5862155066028948,0.3168751001723017,4.380056235578614,11,15,0.0001949148555556005,1.552618401953044,8,0.1307143989307438,0.009311702706589544,13,0.1325539000565849,0,po-rapec-quality-energy-only-20260731-final-all-tasks,93,1.9345757711278435
0.000441111111111102,0.0,0.003969999999999918,0.024004591796118024,0.000441111111111102,0.0,0.0,0.0012647060242012673,1.4674930101923225,128,3,5,0.533903253334211,0.3358007855331379,4.334991162647201,11,9,2.3798803073215578e-05,0.6590475889402452,7,0.3898149950426655,0.014065108086106169,15,0.13316296962220858,0,po-rapec-quality-energy-only-20260731-final-all-tasks,94,1.4674930101923225
0.005631111111111105,0.0,0.05067999999999995,0.05016817811553841,0.005631111111111105,0.0,0.0,0.014806502029155275,1.4127420760916292,128,4,14,0.533903253334211,0.3777921652288431,1.7078512154579504,10,9,0.0001020561344642133,0.7832079421424629,7,0.3898149950426655,0.01026713497013773,12,0.11034725749245983,0,po-rapec-quality-energy-only-20260731-final-all-tasks,95,1.4127420760916292
0.005942222222222219,0.0,0.05347999999999997,0.0556673019619662,0.005942222222222219,0.0,0.0,0.0176065020291553,1.4907941244944822,192,4,14,0.49892952675159913,0.3455045096304409,3.8992117810068,28,7,0.0001817230167405515,0.5641453952079452,6,0.3524052000253012,0.012340547179072566,9,0.12086516253027227,0,po-rapec-quality-energy-only-20260731-final-all-tasks,96,1.4907941244944822
0.0,0.0,0.0,0.005322833837950277,0.0,0.0,0.0,-0.0027052939757986508,0.0,128,3,7,0.8465688795548559,0.06767341500506063,4.371504373658846,27,20,3.1100937747809476e-06,2.4847336813778322,4,0.36618906447935307,0.022580791866286552,15,0.09190259775031957,1,po-rapec-quality-energy-only-20260731-final-all-tasks,97,0.0
0.023818417911849646,0.2749909648851294,0.14770000000000005,0.22431169196734327,0.023818417911849646,0.2749909648851294,0.0,0.12410178055469423,6.258946796487252,192,13,14,0.6833615696284627,0.3455045096304409,1.7078512154579504,33,13,4.465147867137525e-06,0.9343436517963137,3,0.680948168159417,0.06991103607550499,23,0.12879596326261983,0,po-rapec-quality-energy-only-20260731-final-all-tasks,98,6.258946796487252
0.0,0.0,0.0,0.0,0.0,0.0,0.0,-0.0027052939757986508,0.0,128,3,13,0.6385203869938039,0.06767341500506063,5.798213323031431,22,20,1.3306903343618884e-06,0.7793352622865081,4,0.2532150002810423,0.003781910585863543,12,0.09190259775031957,1,po-rapec-quality-energy-only-20260731-final-all-tasks,99,0.0
0.01672378240704728,0.1817804281864758,0.08857999999999994,0.23671619370221553,0.01672378240704728,0.1817804281864758,0.0,0.052706502029155264,2.4692323026873826,192,9,7,0.7165961861424903,0.36104013239293764,5.798213323031431,22,12,0.0001817230167405515,1.5452523112100778,4,0.1133751943237745,0.012340547179072566,13,0.12879596326261983,0,po-rapec-quality-energy-only-20260731-final-all-tasks,100,2.4692323026873826
0.0,0.0,0.0,0.0,0.0,0.0,0.0,-0.0027052939757986508,0.0,128,3,8,0.533903253334211,0.3455045096304409,7.439644182541458,19,7,1.045342835737979e-05,0.6590475889402452,7,0.3898149950426655,0.01026713497013773,24,0.12086516253027227,1,po-rapec-quality-energy-only-20260731-final-all-tasks,101,0.0
0.018308582811353842,0.21282841120826893,0.07140000000000002,0.23312155034343018,0.018308582811353842,0.21282841120826893,0.0,0.05163990720000014,3.6133433543389253,96,9,15,0.4328958111815542,0.2954105190518569,4.380056235578614,11,15,0.0001949148555556005,1.552618401953044,5,0.2056379227577444,0.009311702706589544,9,0.1325539000565849,0,po-rapec-quality-energy-only-20260731-final-all-tasks,102,3.6133433543389253
0.007575474720062456,0.0,0.05067999999999995,0.08728390646293832,0.007575474720062456,0.0,0.0,0.014806502029155275,1.4127420760916292,96,12,13,0.6385203869938039,0.35313541185819913,2.502636920643044,26,17,6.089593881031223e-06,0.7793352622865081,4,0.2532150002810423,0.003781910585863543,12,0.3553853808102376,0,po-rapec-quality-energy-only-20260731-final-all-tasks,103,1.4127420760916292
0.04098011292733628,0.5499860745041334,0.14970000000000006,0.37768615310333326,0.04098011292733628,0.5499860745041334,0.0,0.12610178055469423,6.3436989535148385,64,12,7,0.6385203869938039,0.35313541185819913,3.986371095649654,31,20,6.089593881031223e-06,2.081700031246418,5,0.36618906447935307,0.003781910585863543,12,0.3553853808102376,0,po-rapec-quality-energy-only-20260731-final-all-tasks,104,6.3436989535148385
0.0028200759611957085,0.0,0.02067068365076144,0.08803592240688018,0.0028200759611957085,0.0,0.0,0.015081980652592905,3.6986548860326622,192,10,13,0.49892952675159913,0.08971825174138304,1.6406182907387394,9,8,1.6641838613225804e-05,0.5641453952079452,4,0.37452572438238774,0.030927559444505495,20,0.3425041687999193,0,po-rapec-quality-energy-only-20260731-final-all-tasks,105,3.6986548860326622
0.0,0.0,0.0,0.007443810146308658,0.0,0.0,0.0,-0.0027052939757986508,0.0,128,3,14,0.7165961861424903,0.37702534449312636,4.334991162647201,16,13,0.0001817230167405515,0.6590475889402452,7,0.3898149950426655,0.012340547179072566,21,0.22739926538452598,1,po-rapec-quality-energy-only-20260731-final-all-tasks,106,0.0
0.0,0.0,0.0,0.0,0.0,0.0,0.0,-0.0027052939757986508,0.0,64,3,6,0.6519740535694692,0.05352255323101623,7.65916034426419,29,7,5.860040860884017e-06,0.6590475889402452,7,0.19743005729433055,0.01026713497013773,24,0.12086516253027227,1,po-rapec-quality-energy-only-20260731-final-all-tasks,107,0.0
0.01852659986569914,0.0197207257014604,0.07140000000000002,0.22117605904333495,0.01852659986569914,0.0197207257014604,0.0,0.05163990720000014,3.6133433543389253,128,10,10,0.8465688795548559,0.22787830866407616,5.798213323031431,9,20,1.6641838613225804e-05,1.1740039078985551,5,0.1285005510766885,0.005145861643814959,7,0.09190259775031957,0,po-rapec-quality-energy-only-20260731-final-all-tasks,108,3.6133433543389253
0.0,0.0,0.0,0.0011581320613127737,0.0,0.0,0.0,-0.0027052939757986508,0.0,128,9,11,0.5519760012776005,0.27217102153488776,5.798213323031431,36,10,6.167206339602892e-06,0.7418780697061534,4,0.1133751943237745,0.009721796134682235,25,0.09190259775031957,1,po-rapec-quality-energy-only-20260731-final-all-tasks,109,0.0
0.027208057855714354,0.5182226031586021,0.07140000000000002,0.36401492972857,0.027208057855714354,0.5182226031586021,0.0,0.05163990720000014,12.675147435641229,192,4,14,0.03986422953994412,0.22237775730114645,1.7078512154579504,10,13,0.0001817230167405515,0.9343436517963137,3,0.5864240913027163,0.012340547179072566,20,0.27605412168594334,0,po-rapec-quality-energy-only-20260731-final-all-tasks,110,12.675147435641229
0.0025800140345255684,0.0,0.023220126310730116,0.06566995810695304,0.0025800140345255684,0.0,0.0,0.015303017991610473,2.9329049666598626,192,6,5,0.5734500246496687,0.42317049164244985,3.7204807324923355,11,7,1.045342835737979e-05,0.5641453952079452,2,0.766775415345946,0.003663356464954046,20,0.07873734426385784,0,po-rapec-quality-energy-only-20260731-final-all-tasks,111,2.9329049666598626
0.0,0.0,0.0,0.0,0.0,0.0,0.0,-0.0027052939757986508,0.0,96,4,7,0.4030500278134722,0.10589930738809811,4.371504373658846,31,20,3.1100937747809476e-06,2.4847336813778322,6,0.36618906447935307,0.022580791866286552,23,0.0791600885457062,1,po-rapec-quality-energy-only-20260731-final-all-tasks,112,0.0
0.0,0.0,0.0,0.0,0.0,0.0,0.0,-0.0027052939757986508,0.0,32,6,11,0.8465688795548559,0.27217102153488776,2.482670526858766,35,20,0.0001859891861588341,2.0447998113313552,6,0.5787367832285027,0.009721796134682235,25,0.08094265706305803,1,po-rapec-quality-energy-only-20260731-final-all-tasks,113,0.0
0.0,0.0,0.0,0.0,0.0,0.0,0.0,-0.0027052939757986508,0.0,96,4,9,0.5862155066028948,0.3168751001723017,4.371504373658846,31,15,0.0001949148555556005,1.552618401953044,6,0.36618906447935307,0.009311702706589544,23,0.0791600885457062,1,po-rapec-quality-energy-only-20260731-final-all-tasks,114,0.0
0.0,0.0,0.0,0.0031628626167402914,0.0,0.0,0.0,-0.0027052939757986508,0.0,32,9,3,0.533903253334211,0.37702534449312636,4.334991162647201,16,9,1.5522806283146122e-05,2.733530175207833,7,0.3482444033722601,0.024024502205389233,25,0.09190259775031957,1,po-rapec-quality-energy-only-20260731-final-all-tasks,115,0.0
0.04171457997779338,0.5182226031586021,0.14770000000000005,0.42260722643490556,0.04171457997779338,0.5182226031586021,0.0,0.12410178055469423,6.258946796487252,128,3,5,0.6385203869938039,0.35313541185819913,4.334991162647201,38,17,6.089593881031223e-06,0.7793352622865081,5,0.3898149950426655,0.014065108086106169,15,0.3553853808102376,0,po-rapec-quality-energy-only-20260731-final-all-tasks,116,6.258946796487252
0.0,0.0,0.0,0.0,0.0,0.0,0.0,-0.0027052939757986508,0.0,192,15,5,0.6833615696284627,0.3168751001723017,4.380056235578614,11,7,6.915105476917281e-05,0.5641453952079452,8,0.1307143989307438,0.003663356464954046,12,0.47707073925838644,1,po-rapec-quality-energy-only-20260731-final-all-tasks,117,0.0
0.011301842663114535,0.08853784682628837,0.05067999999999995,0.18529209171098193,0.011301842663114535,0.08853784682628837,0.0,0.015081980652592905,4.724070697798037,64,14,6,0.49892952675159913,0.05352255323101623,7.65916034426419,28,15,5.860040860884017e-06,0.5641453952079452,6,0.7396466374007357,0.0687658380777314,9,0.12086516253027227,0,po-rapec-quality-energy-only-20260731-final-all-tasks,118,4.724070697798037
0.0011314612920143574,0.0,0.010183151628129217,0.04878849923051208,0.0011314612920143574,0.0,0.0,0.0022660433090095737,1.28622108194947,192,7,5,0.6833615696284627,0.27217102153488776,7.439644182541458,11,15,1.045342835737979e-05,0.5641453952079452,2,0.47352188749662516,0.003663356464954046,23,0.12086516253027227,0,po-rapec-quality-energy-only-20260731-final-all-tasks,119,1.28622108194947
0.0,0.0,0.0,0.0,0.0,0.0,0.0,-0.0027052939757986508,0.0,128,4,7,0.4030500278134722,0.3358007855331379,4.371504373658846,11,9,2.3798803073215578e-05,0.6590475889402452,6,0.3898149950426655,0.022580791866286552,24,0.0791600885457062,1,po-rapec-quality-energy-only-20260731-final-all-tasks,120,0.0
0.0,0.0,0.0,0.0,0.0,0.0,0.0,-0.0027052939757986508,0.0,192,3,7,0.39567814444300553,0.06767341500506063,4.371504373658846,11,20,1.045342835737979e-05,1.6903495308775263,6,0.47352188749662516,0.06994099124639958,23,0.12086516253027227,1,po-rapec-quality-energy-only-20260731-final-all-tasks,121,0.0
0.0,0.0,0.0,0.0,0.0,0.0,0.0,-0.0027052939757986508,0.0,32,13,7,0.533903253334211,0.06767341500506063,7.439644182541458,11,20,1.045342835737979e-05,1.6903495308775263,6,0.3482444033722601,0.003663356464954046,25,0.12086516253027227,1,po-rapec-quality-energy-only-20260731-final-all-tasks,122,0.0
0.0,0.0,0.0,0.0,0.0,0.0,0.0,-0.0027052939757986508,0.0,96,15,5,0.6833615696284627,0.3168751001723017,4.371504373658846,11,20,6.915105476917281e-05,0.5641453952079452,6,0.36618906447935307,0.003663356464954046,23,0.0791600885457062,1,po-rapec-quality-energy-only-20260731-final-all-tasks,123,0.0
0.00040435350640726723,0.0,0.003639181557665405,0.025462075952260268,0.00040435350640726723,0.0,0.0,-0.0027052939757986508,0.4596604481053848,128,9,11,0.5862155066028948,0.27217102153488776,5.798213323031431,22,10,6.167206339602892e-06,1.552618401953044,4,0.1133751943237745,0.009311702706589544,25,0.0791600885457062,0,po-rapec-quality-energy-only-20260731-final-all-tasks,124,0.4596604481053848
0.006042134039061649,0.0,0.05067999999999995,0.07517826574998156,0.006042134039061649,0.0,0.0,0.014806502029155275,1.4127420760916292,96,4,3,0.4058119423475506,0.2342710022958256,4.371504373658846,31,20,1.5522806283146122e-05,0.5496797074676079,6,0.5163289402097396,0.005212918201704737,12,0.4974777591085358,0,po-rapec-quality-energy-only-20260731-final-all-tasks,125,1.4127420760916292
0.0,0.0,0.0,0.0,0.0,0.0,0.0,-0.0027052939757986508,0.0,32,15,12,0.207468365925079,0.14981561565760906,6.9104644808076054,19,20,1.4309171915459122e-06,1.478318994655364,6,0.3601348405501965,0.0027399789687379203,25,0.12879596326261983,1,po-rapec-quality-energy-only-20260731-final-all-tasks,126,0.0
0.0,0.0,0.0,0.0,0.0,0.0,0.0,-0.0027052939757986508,0.0,128,3,8,0.533903253334211,0.3455045096304409,7.439644182541458,19,7,1.045342835737979e-05,0.5641453952079452,2,0.47352188749662516,0.003663356464954046,24,0.12086516253027227,1,po-rapec-quality-energy-only-20260731-final-all-tasks,127,0.0
0.0,0.0,0.0,0.0,0.0,0.0,0.0,-0.0027052939757986508,0.0,96,12,13,0.6385203869938039,0.35313541185819913,3.986371095649654,9,17,1.6641838613225804e-05,0.7793352622865081,5,0.37452572438238774,0.002731731463547026,23,0.12086516253027227,1,po-rapec-quality-energy-only-20260731-final-all-tasks,128,0.0
0.011515555555555545,0.0,0.05441999999999997,0.15882315852615564,0.011515555555555545,0.0,0.0,0.027314706024201284,11.09676074709681,32,9,3,0.533903253334211,0.37702534449312636,4.371504373658846,16,20,1.5522806283146122e-05,2.733530175207833,7,0.36618906447935307,0.022580791866286552,15,0.09190259775031957,0,po-rapec-quality-energy-only-20260731-final-all-tasks,129,11.09676074709681
0.0031611111111111085,0.0,0.028449999999999975,0.02829266215282319,0.0031611111111111085,0.0,0.0,-0.0027052939757986508,0.7930645632361258,128,3,13,0.533903253334211,0.08971825174138304,7.439644182541458,9,7,1.045342835737979e-05,0.7304981539250575,7,0.37452572438238774,0.002731731463547026,20,0.27605412168594334,0,po-rapec-quality-energy-only-20260731-final-all-tasks,130,0.7930645632361258
0.0,0.0,0.0,0.0,0.0,0.0,0.0,-0.0027052939757986508,0.0,128,3,5,0.533903253334211,0.3455045096304409,6.402063406128231,19,7,1.0712233666957743e-05,0.6590475889402452,7,0.3898149950426655,0.01026713497013773,24,0.12086516253027227,1,po-rapec-quality-energy-only-20260731-final-all-tasks,131,0.0
0.0,0.0,0.0,0.0,0.0,0.0,0.0,-0.0027052939757986508,0.0,192,3,7,0.8465688795548559,0.06767341500506063,7.439644182541458,11,20,3.1100937747809476e-06,1.6903495308775263,6,0.47352188749662516,0.003663356464954046,23,0.09190259775031957,1,po-rapec-quality-energy-only-20260731-final-all-tasks,132,0.0
0.0,0.0,0.0,0.0063845113015320205,0.0,0.0,0.0,-0.0027052939757986508,0.0,64,3,13,0.4058119423475506,0.37702534449312636,6.377723359121125,22,20,1.3306903343618884e-06,0.5496797074676079,4,0.2532150002810423,0.005212918201704737,12,0.09190259775031957,1,po-rapec-quality-energy-only-20260731-final-all-tasks,133,0.0
0.0,0.0,0.0,0.0,0.0,0.0,0.0,-0.0027052939757986508,0.0,96,10,14,0.1459364027448432,0.37702534449312636,7.439644182541458,9,7,0.0001817230167405515,0.6256619957248697,4,0.37452572438238774,0.002731731463547026,21,0.22739926538452598,1,po-rapec-quality-energy-only-20260731-final-all-tasks,134,0.0
0.0,0.0,0.0,0.0,0.0,0.0,0.0,-0.0027052939757986508,0.0,32,6,11,0.8465688795548559,0.27217102153488776,5.798213323031431,35,10,0.0001859891861588341,0.7418780697061534,4,0.1133751943237745,0.009721796134682235,25,0.08094265706305803,1,po-rapec-quality-energy-only-20260731-final-all-tasks,135,0.0
0.0,0.0,0.0,0.0010553066986823817,0.0,0.0,0.0,-0.0027052939757986508,0.0,96,12,13,0.1459364027448432,0.35313541185819913,7.439644182541458,26,7,1.6641838613225804e-05,0.7793352622865081,5,0.2532150002810423,0.003781910585863543,18,0.12086516253027227,1,po-rapec-quality-energy-only-20260731-final-all-tasks,136,0.0
0.0018944444444444456,0.0,0.01705000000000001,0.0407948256968538,0.0018944444444444456,0.0,0.0,0.007799135879014398,1.843071066336607,96,9,9,0.09976548369348427,0.3168751001723017,4.371504373658846,22,10,0.0001949148555556005,1.552618401953044,5,0.5588448343079274,0.009721796134682235,23,0.0791600885457062,0,po-rapec-quality-energy-only-20260731-final-all-tasks,137,1.843071066336607
0.02346122625454387,0.13868147109733625,0.08594999999999997,0.2580781057737206,0.02346122625454387,0.13868147109733625,0.0,0.05163990720000014,12.675147435641229,192,9,7,0.4030500278134722,0.2342710022958256,4.371504373658846,31,9,1.6641838613225804e-05,2.4847336813778322,4,0.36618906447935307,0.022580791866286552,16,0.0791600885457062,0,po-rapec-quality-energy-only-20260731-final-all-tasks,138,12.675147435641229
0.0,0.0,0.0,0.0,0.0,0.0,0.0,-0.0027052939757986508,0.0,32,15,12,0.6833615696284627,0.14981561565760906,6.9104644808076054,19,7,6.915105476917281e-05,0.5641453952079452,6,0.1307143989307438,0.003663356464954046,12,0.12879596326261983,1,po-rapec-quality-energy-only-20260731-final-all-tasks,139,0.0
0.007575474720062456,0.0,0.05067999999999995,0.08728390646293832,0.007575474720062456,0.0,0.0,0.014806502029155275,1.4127420760916292,192,15,10,0.8465688795548559,0.06767341500506063,4.380056235578614,11,20,6.915105476917281e-05,1.6903495308775263,4,0.1307143989307438,0.005145861643814959,12,0.47707073925838644,0,po-rapec-quality-energy-only-20260731-final-all-tasks,140,1.4127420760916292
0.0,0.0,0.0,0.0,0.0,0.0,0.0,-0.0027052939757986508,0.0,192,15,5,0.6833615696284627,0.3168751001723017,7.439644182541458,31,15,1.045342835737979e-05,0.5641453952079452,6,0.47352188749662516,0.003663356464954046,17,0.32274812982870205,1,po-rapec-quality-energy-only-20260731-final-all-tasks,141,0.0
0.0,0.0,0.0,0.0021183874507772794,0.0,0.0,0.0,-0.0027052939757986508,0.0,128,3,13,0.533903253334211,0.08971825174138304,1.6406182907387394,9,7,1.045342835737979e-05,0.6590475889402452,7,0.37452572438238774,0.01026713497013773,24,0.27605412168594334,1,po-rapec-quality-energy-only-20260731-final-all-tasks,142,0.0
2.381588634325915e-05,0.0,0.00019999999999997797,0.016084734648489325,2.381588634325915e-05,0.0,0.0,-0.002505293975798673,0.07392911890136983,192,11,7,0.4030500278134722,0.10589930738809811,4.371504373658846,31,7,0.0006174020772205183,0.5641453952079452,8,0.36618906447935307,0.022580791866286552,12,0.0791600885457062,0,po-rapec-quality-energy-only-20260731-final-all-tasks,143,0.07392911890136983
0.06325885845881969,0.597358476365055,0.16340000000000005,0.5124069810558435,0.06325885845881969,0.597358476365055,0.0,0.13980178055469422,12.675147435641229,64,3,13,0.6385203869938039,0.35313541185819913,7.65916034426419,29,7,6.089593881031223e-06,2.5957412808783413,5,0.2532150002810423,0.01026713497013773,24,0.3553853808102376,0,po-rapec-quality-energy-only-20260731-final-all-tasks,144,12.675147435641229
0.0,0.0,0.0,0.0,0.0,0.0,0.0,-0.0027052939757986508,0.0,192,3,5,0.38793667563191203,0.05352255323101623,7.65916034426419,29,7,1.045342835737979e-05,0.6590475889402452,7,0.3898149950426655,0.01026713497013773,25,0.12086516253027227,1,po-rapec-quality-energy-only-20260731-final-all-tasks,145,0.0
0.0,0.0,0.0,0.0,0.0,0.0,0.0,-0.0027052939757986508,0.0,96,7,7,0.4030500278134722,0.37702534449312636,6.377723359121125,40,18,3.1100937747809476e-06,0.5496797074676079,6,0.5163289402097396,0.00890177678215828,23,0.0791600885457062,1,po-rapec-quality-energy-only-20260731-final-all-tasks,146,0.0
0.0,0.0,0.0,0.0,0.0,0.0,0.0,-0.0027052939757986508,0.0,32,9,7,0.4030500278134722,0.10589930738809811,5.798213323031431,22,20,0.00031621436385847833,2.4847336813778322,5,0.36618906447935307,0.009721796134682235,25,0.0791600885457062,1,po-rapec-quality-energy-only-20260731-final-all-tasks,147,0.0
0.0,0.0,0.0,0.0,0.0,0.0,0.0,-0.0027052939757986508,0.0,128,15,13,0.2346594747758373,0.14981561565760906,6.9104644808076054,22,16,1.4309171915459122e-06,0.7793352622865081,4,0.2532150002810423,0.005512317866637148,25,0.09383910414147328,1,po-rapec-quality-energy-only-20260731-final-all-tasks,148,0.0
0.0,0.0,0.0,0.0,0.0,0.0,0.0,-0.0027052939757986508,0.0,128,15,5,0.533903253334211,0.3358007855331379,5.6944174936079355,11,9,2.3798803073215578e-05,0.6590475889402452,7,0.7891335438293792,0.01026713497013773,24,0.13316296962220858,1,po-rapec-quality-energy-only-20260731-final-all-tasks,149,0.0
0.0,0.0,0.0,0.0,0.0,0.0,0.0,-0.0027052939757986508,0.0,64,15,6,0.6519740535694692,0.05352255323101623,7.65916034426419,29,7,1.045342835737979e-05,0.5641453952079452,7,0.47352188749662516,0.003663356464954046,23,0.12086516253027227,1,po-rapec-quality-energy-only-20260731-final-all-tasks,150,0.0
0.027049051460953117,0.0,0.14770000000000005,0.21713572756958208,0.027049051460953117,0.0,0.0,0.12410178055469423,6.258946796487252,128,10,10,0.8465688795548559,0.08971825174138304,5.798213323031431,27,8,1.3306903343618884e-06,1.6903495308775263,4,0.1285005510766885,0.002731731463547026,15,0.27605412168594334,0,po-rapec-quality-energy-only-20260731-final-all-tasks,151,6.258946796487252
0.0015846737220276716,0.0,0.00873999999999997,0.0752130207427705,0.0015846737220276716,0.0,0.0,0.006034706024201319,3.230702495990206,64,15,6,0.6519740535694692,0.05352255323101623,4.380056235578614,11,7,6.915105476917281e-05,0.6590475889402452,8,0.1307143989307438,0.07424598531420225,12,0.12086516253027227,0,po-rapec-quality-energy-only-20260731-final-all-tasks,152,3.230702495990206
0.0006388888888888803,0.0,0.005749999999999922,0.03177127306109224,0.0006388888888888803,0.0,0.0,0.003044706024201271,2.125462168414588,128,3,5,0.39567814444300553,0.06767341500506063,4.371504373658846,11,9,2.3798803073215578e-05,1.6903495308775263,7,0.3898149950426655,0.06994099124639958,10,0.12721805144818155,0,po-rapec-quality-energy-only-20260731-final-all-tasks,153,2.125462168414588
0.023986585831173572,0.0,0.14770000000000005,0.1471485079756421,0.023986585831173572,0.0,0.0,0.12410178055469423,6.258946796487252,64,12,7,0.6385203869938039,0.06767341500506063,3.986371095649654,11,17,6.089593881031223e-06,1.6903495308775263,6,0.47352188749662516,0.003663356464954046,12,0.3553853808102376,0,po-rapec-quality-energy-only-20260731-final-all-tasks,154,6.258946796487252
0.0,0.0,0.0,0.0,0.0,0.0,0.0,-0.0027052939757986508,0.0,32,6,13,0.8465688795548559,0.08971825174138304,2.482670526858766,35,20,0.0001859891861588341,0.7304981539250575,6,0.37452572438238774,0.009721796134682235,25,0.08094265706305803,1,po-rapec-quality-energy-only-20260731-final-all-tasks,155,0.0
0.0,0.0,0.0,0.0,0.0,0.0,0.0,-0.0027052939757986508,0.0,128,4,7,0.4030500278134722,0.10589930738809811,4.334991162647201,16,9,8.377749538889109e-06,0.6590475889402452,7,0.3898149950426655,0.005212918201704737,23,0.22739926538452598,1,po-rapec-quality-energy-only-20260731-final-all-tasks,156,0.0
0.0019443636089513507,0.0,0.017499272480562156,0.0411734544837221,0.0019443636089513507,0.0,0.0,-0.0027052939757986508,0.7783673705111724,192,14,14,0.49892952675159913,0.3455045096304409,3.8992117810068,28,7,5.901947754533e-06,0.5641453952079452,6,0.3524052000253012,0.0020599540554117803,9,0.12086516253027227,0,po-rapec-quality-energy-only-20260731-final-all-tasks,157,0.7783673705111724
0.0,0.0,0.0,0.0031628626167402914,0.0,0.0,0.0,-0.0027052939757986508,0.0,32,9,3,0.15597256603747053,0.37702534449312636,4.334991162647201,16,9,1.5522806283146122e-05,2.733530175207833,7,0.3482444033722601,0.024024502205389233,25,0.09190259775031957,1,po-rapec-quality-energy-only-20260731-final-all-tasks,158,0.0
0.0,0.0,0.0,0.0,0.0,0.0,0.0,-0.0027052939757986508,0.0,128,3,10,0.207468365925079,0.06767341500506063,6.9104644808076054,27,20,1.3306903343618884e-06,1.7948126287784496,5,0.1285005510766885,0.009721796134682235,25,0.12879596326261983,1,po-rapec-quality-energy-only-20260731-final-all-tasks,159,0.0
0.0,0.0,0.0,0.0,0.0,0.0,0.0,-0.0027052939757986508,0.0,128,3,10,0.5863541118037707,0.14981561565760906,5.798213323031431,22,20,7.1594630059525e-05,0.7793352622865081,4,0.1285005510766885,0.005145861643814959,25,0.09383910414147328,1,po-rapec-quality-energy-only-20260731-final-all-tasks,160,0.0
0.0,0.0,0.0,0.0,0.0,0.0,0.0,-0.0027052939757986508,0.0,96,7,7,0.4030500278134722,0.351634836504838,6.377723359121125,40,18,3.1100937747809476e-06,0.5496797074676079,3,0.5163289402097396,0.00890177678215828,23,0.0791600885457062,1,po-rapec-quality-energy-only-20260731-final-all-tasks,161,0.0
0.0,0.0,0.0,0.0,0.0,0.0,0.0,-0.0027052939757986508,0.0,128,15,5,0.6519740535694692,0.3358007855331379,7.65916034426419,11,7,2.3798803073215578e-05,0.9297901318681443,7,0.47352188749662516,0.01026713497013773,23,0.13316296962220858,1,po-rapec-quality-energy-only-20260731-final-all-tasks,162,0.0
0.0,0.0,0.0,0.0021183874507772794,0.0,0.0,0.0,-0.0027052939757986508,0.0,32,3,5,0.38793667563191203,0.27217102153488776,4.774329570585679,29,10,1.045342835737979e-05,0.7418780697061534,4,0.3898149950426655,0.009721796134682235,25,0.12086516253027227,1,po-rapec-quality-energy-only-20260731-final-all-tasks,163,0.0
0.0,0.0,0.0,0.0,0.0,0.0,0.0,-0.0027052939757986508,0.0,32,6,9,0.8465688795548559,0.31321755069083024,2.482670526858766,35,20,0.0001859891861588341,0.7418780697061534,4,0.1133751943237745,0.005496663410104864,25,0.08094265706305803,1,po-rapec-quality-energy-only-20260731-final-all-tasks,164,0.0
0.007432222222222211,0.0,0.05441999999999997,0.09340994119462945,0.007432222222222211,0.0,0.0,0.018546502029155296,4.609480563500889,192,3,13,0.8444047837805794,0.3455045096304409,7.439644182541458,22,20,1.045342835737979e-05,2.920560105909951,2,0.47352188749662516,0.003663356464954046,12,0.09190259775031957,0,po-rapec-quality-energy-only-20260731-final-all-tasks,165,4.609480563500889
0.0,0.0,0.0,0.0,0.0,0.0,0.0,-0.0027052939757986508,0.0,32,9,11,0.8465688795548559,0.08971825174138304,2.482670526858766,35,15,0.00031621436385847833,2.733530175207833,5,0.37452572438238774,0.009721796134682235,25,0.09190259775031957,1,po-rapec-quality-energy-only-20260731-final-all-tasks,166,0.0
0.0,0.0,0.0,0.0,0.0,0.0,0.0,-0.0027052939757986508,0.0,64,12,6,0.6519740535694692,0.37702534449312636,7.65916034426419,12,18,3.1100937747809476e-06,0.5641453952079452,6,0.47352188749662516,0.00890177678215828,23,0.0791600885457062,1,po-rapec-quality-energy-only-20260731-final-all-tasks,167,0.0
0.011683046830824686,0.010423188551814963,0.05067999999999995,0.14596029494600962,0.011683046830824686,0.010423188551814963,0.0,0.026439907200000137,2.3380456998663637,32,15,11,0.2346594747758373,0.27217102153488776,6.9104644808076054,35,10,0.0001859891861588341,2.086732678264622,4,0.2532150002810423,0.009721796134682235,25,0.09383910414147328,0,po-rapec-quality-energy-only-20260731-final-all-tasks,168,2.3380456998663637
0.0,0.0,0.0,0.0,0.0,0.0,0.0,-0.0027052939757986508,0.0,96,3,7,0.3211613819916681,0.10589930738809811,7.65916034426419,21,20,3.1100937747809476e-06,0.6590475889402452,6,0.3898149950426655,0.01026713497013773,25,0.12086516253027227,1,po-rapec-quality-energy-only-20260731-final-all-tasks,169,0.0
0.0005366666666666667,0.0,0.004830000000000001,0.0271853305564639,0.0005366666666666667,0.0,0.0,-0.0027052939757986508,0.5221133871205753,128,6,11,0.207468365925079,0.27217102153488776,2.482670526858766,27,20,3.183196178526913e-05,1.7948126287784496,6,0.1285005510766885,0.009721796134682235,25,0.12879596326261983,0,po-rapec-quality-energy-only-20260731-final-all-tasks,170,0.5221133871205753
0.0,0.0,0.0,0.0,0.0,0.0,0.0,-0.0027052939757986508,0.0,192,3,5,0.533903253334211,0.3358007855331379,7.65916034426419,11,7,2.3798803073215578e-05,2.6027366664560887,7,0.3898149950426655,0.020926552843658817,25,0.12086516253027227,1,po-rapec-quality-energy-only-20260731-final-all-tasks,171,0.0
0.002718931436408346,0.0,0.01533038292767519,0.10816819304906763,0.002718931436408346,0.0,0.0,0.007413274608555547,1.9363613973365315,32,6,5,0.8569060540410234,0.3358007855331379,6.9104644808076054,11,20,1.4309171915459122e-06,1.478318994655364,4,0.3898149950426655,0.01026713497013773,24,0.13316296962220858,0,po-rapec-quality-energy-only-20260731-final-all-tasks,172,1.9363613973365315
0.032295824900965706,0.38057402335893953,0.14090000000000003,0.25214191253349666,0.032295824900965706,0.38057402335893953,0.0,0.1173017805546942,5.970789462593457,192,15,14,0.6369512171486036,0.37702534449312636,4.334991162647201,16,20,1.045342835737979e-05,1.6903495308775263,6,0.3898149950426655,0.012340547179072566,23,0.22739926538452598,0,po-rapec-quality-energy-only-20260731-final-all-tasks,173,5.970789462593457
0.0,0.0,0.0,0.0,0.0,0.0,0.0,-0.0027052939757986508,0.0,192,3,13,0.362392725298605,0.08971825174138304,7.65916034426419,29,8,1.6641838613225804e-05,0.6590475889402452,7,0.3898149950426655,0.002731731463547026,25,0.27605412168594334,1,po-rapec-quality-energy-only-20260731-final-all-tasks,174,0.0
0.0,0.0,0.0,0.0,0.0,0.0,0.0,-0.0027052939757986508,0.0,128,3,7,0.8465688795548559,0.06767341500506063,2.482670526858766,35,11,3.1100937747809476e-06,0.7304981539250575,4,0.36618906447935307,0.009721796134682235,15,0.08094265706305803,1,po-rapec-quality-energy-only-20260731-final-all-tasks,175,0.0
0.02258528490012465,0.0,0.14770000000000005,0.13575152441590904,0.02258528490012465,0.0,0.0,0.12410178055469423,6.258946796487252,192,6,9,0.6833615696284627,0.31321755069083024,4.380056235578614,35,7,0.0001859891861588341,0.5641453952079452,6,0.1307143989307438,0.003663356464954046,12,0.3669998107058058,0,po-rapec-quality-energy-only-20260731-final-all-tasks,176,6.258946796487252
0.02182269259171234,0.38863460720006143,0.06640000000000001,0.32153616553976966,0.02182269259171234,0.38863460720006143,0.0,0.046639907200000136,3.3603081054356387,32,15,3,0.15597256603747053,0.08971825174138304,1.6406182907387394,9,9,1.045342835737979e-05,2.733530175207833,7,0.3482444033722601,0.01026713497013773,25,0.27605412168594334,0,po-rapec-quality-energy-only-20260731-final-all-tasks,177,3.3603081054356387
0.0,0.0,0.0,0.0,0.0,0.0,0.0,-0.0027052939757986508,0.0,128,4,5,0.4030500278134722,0.10589930738809811,3.977485078872376,16,9,2.3798803073215578e-05,0.6590475889402452,7,0.3898149950426655,0.005212918201704737,24,0.13316296962220858,1,po-rapec-quality-energy-only-20260731-final-all-tasks,178,0.0
0.0,0.0,0.0,0.0,0.0,0.0,0.0,-0.0027052939757986508,0.0,32,15,6,0.6519740535694692,0.39284932119257626,7.65916034426419,29,7,1.4309171915459122e-06,0.6590475889402452,7,0.20511581813868862,0.01026713497013773,25,0.12086516253027227,1,po-rapec-quality-energy-only-20260731-final-all-tasks,179,0.0
0.0,0.0,0.0,0.0,0.0,0.0,0.0,-0.0027052939757986508,0.0,128,15,8,0.2346594747758373,0.14981561565760906,6.9104644808076054,18,20,1.4309171915459122e-06,0.6590475889402452,6,0.3898149950426655,0.005512317866637148,25,0.12086516253027227,1,po-rapec-quality-energy-only-20260731-final-all-tasks,180,0.0
0.0,0.0,0.0,0.0,0.0,0.0,0.0,-0.0027052939757986508,0.0,128,15,5,0.533903253334211,0.3358007855331379,4.334991162647201,11,9,1.5522806283146122e-05,0.6590475889402452,7,0.3898149950426655,0.01026713497013773,24,0.13316296962220858,1,po-rapec-quality-energy-only-20260731-final-all-tasks,181,0.0
0.0,0.0,0.0,0.0,0.0,0.0,0.0,-0.0027052939757986508,0.0,32,4,3,0.533903253334211,0.2342710022958256,4.334991162647201,14,9,3.1100937747809476e-06,1.6903495308775263,4,0.36618906447935307,0.022580791866286552,25,0.09190259775031957,1,po-rapec-quality-energy-only-20260731-final-all-tasks,182,0.0
0.010985905736458789,0.059783421941888126,0.05502999999999997,0.19513675566179464,0.010985905736458789,0.059783421941888126,0.0,0.01949913587901433,3.107817780479608,128,5,13,0.4030500278134722,0.35313541185819913,7.439644182541458,16,9,8.377749538889109e-06,0.7793352622865081,5,0.2532150002810423,0.005212918201704737,23,0.22739926538452598,0,po-rapec-quality-energy-only-20260731-final-all-tasks,183,3.107817780479608
0.0,0.0,0.0,0.0,0.0,0.0,0.0,-0.0027052939757986508,0.0,128,3,5,0.533903253334211,0.3358007855331379,4.334991162647201,11,9,2.3798803073215578e-05,0.6590475889402452,7,0.3898149950426655,0.01026713497013773,24,0.13316296962220858,1,po-rapec-quality-energy-only-20260731-final-all-tasks,184,0.0
0.0,0.0,0.0,0.0,0.0,0.0,0.0,-0.0027052939757986508,0.0,32,15,5,0.6833615696284627,0.37702534449312636,4.334991162647201,19,9,1.045342835737979e-05,0.5641453952079452,2,0.47352188749662516,0.003663356464954046,25,0.09190259775031957,1,po-rapec-quality-energy-only-20260731-final-all-tasks,185,0.0
0.0,0.0,0.0,0.0,0.0,0.0,0.0,-0.0027052939757986508,0.0,32,3,5,0.8465688795548559,0.27217102153488776,5.798213323031431,22,9,2.3798803073215578e-05,0.6590475889402452,7,0.2900269883816277,0.009721796134682235,24,0.09190259775031957,1,po-rapec-quality-energy-only-20260731-final-all-tasks,186,0.0
0.0,0.0,0.0,0.0,0.0,0.0,0.0,-0.0027052939757986508,0.0,128,3,7,0.07333701454887034,0.37702534449312636,2.1064745462514742,30,20,1.5522806283146122e-05,1.6903495308775263,6,0.3898149950426655,0.005212918201704737,24,0.12086516253027227,1,po-rapec-quality-energy-only-20260731-final-all-tasks,187,0.0
0.0,0.0,0.0,0.0,0.0,0.0,0.0,-0.0027052939757986508,0.0,128,9,11,0.8465688795548559,0.3358007855331379,5.798213323031431,11,9,0.00031621436385847833,0.6590475889402452,5,0.2900269883816277,0.009721796134682235,25,0.13316296962220858,1,po-rapec-quality-energy-only-20260731-final-all-tasks,188,0.0
0.0,0.0,0.0,0.0,0.0,0.0,0.0,-0.0027052939757986508,0.0,32,6,11,0.8465688795548559,0.18894376986662026,5.684080626784622,35,20,0.0001859891861588341,2.0447998113313552,6,0.5787367832285027,0.009721796134682235,25,0.08094265706305803,1,po-rapec-quality-energy-only-20260731-final-all-tasks,189,0.0
0.012507820325297224,0.0,0.05502999999999997,0.2064978652745021,0.012507820325297224,0.0,0.0,0.027314706024201284,11.09676074709681,128,3,3,0.1459364027448432,0.37702534449312636,7.439644182541458,16,9,1.6641838613225804e-05,2.196708965137923,4,0.3898149950426655,0.02588245949072629,18,0.22739926538452598,0,po-rapec-quality-energy-only-20260731-final-all-tasks,190,11.09676074709681
0.0,0.0,0.0,0.008492760140585065,0.0,0.0,0.0,-0.0027052939757986508,0.0,96,5,8,0.533903253334211,0.3455045096304409,7.439644182541458,9,7,1.045342835737979e-05,0.6590475889402452,7,0.3898149950426655,0.01026713497013773,18,0.12086516253027227,1,po-rapec-quality-energy-only-20260731-final-all-tasks,191,0.0
0.003193333333333326,0.0,0.019199999999999995,0.08261618020465294,0.003193333333333326,0.0,0.0,0.009949135879014383,3.526418971595706,96,7,7,0.4030500278134722,0.37702534449312636,6.377723359121125,22,18,0.00031621436385847833,2.4847336813778322,6,0.5163289402097396,0.009721796134682235,12,0.0791600885457062,0,po-rapec-quality-energy-only-20260731-final-all-tasks,192,3.526418971595706
0.00047888888888888054,0.0,0.004309999999999925,0.026243865398086742,0.00047888888888888054,0.0,0.0,0.0016047060242012742,1.5931725123246676,96,4,7,0.4030500278134722,0.10589930738809811,4.371504373658846,9,9,3.1100937747809476e-06,0.6590475889402452,6,0.7891335438293792,0.022580791866286552,23,0.14496511727555,0,po-rapec-quality-energy-only-20260731-final-all-tasks,193,1.5931725123246676
0.0,0.0,0.0,0.0,0.0,0.0,0.0,-0.0027052939757986508,0.0,32,3,3,0.39567814444300553,0.06767341500506063,4.334991162647201,31,9,1.5522806283146122e-05,2.733530175207833,6,0.3482444033722601,0.024024502205389233,25,0.0791600885457062,1,po-rapec-quality-energy-only-20260731-final-all-tasks,194,0.0
0.0,0.0,0.0,0.0,0.0,0.0,0.0,-0.0027052939757986508,0.0,32,3,13,0.2346594747758373,0.14981561565760906,7.439644182541458,37,7,1.045342835737979e-05,1.478318994655364,7,0.3898149950426655,0.005512317866637148,25,0.12879596326261983,1,po-rapec-quality-energy-only-20260731-final-all-tasks,195,0.0
0.01230035018090324,0.0495626757636101,0.07140000000000002,0.20060740627629947,0.01230035018090324,0.0495626757636101,0.0,0.05163990720000014,3.6133433543389253,32,9,13,0.15597256603747053,0.37702534449312636,4.334991162647201,16,9,1.5522806283146122e-05,1.478318994655364,2,0.3482444033722601,0.024024502205389233,25,0.12879596326261983,0,po-rapec-quality-energy-only-20260731-final-all-tasks,196,3.6133433543389253
0.0011314612920143574,0.0,0.010183151628129217,0.05411133306846236,0.0011314612920143574,0.0,0.0,0.0022660433090095737,1.28622108194947,96,7,7,0.4030500278134722,0.3455045096304409,7.439644182541458,40,7,1.045342835737979e-05,0.5641453952079452,2,0.5163289402097396,0.00890177678215828,23,0.0791600885457062,0,po-rapec-quality-energy-only-20260731-final-all-tasks,197,1.28622108194947
0.0,0.0,0.0,0.0,0.0,0.0,0.0,-0.0027052939757986508,0.0,128,15,13,0.2346594747758373,0.14981561565760906,6.9104644808076054,22,16,1.4309171915459122e-06,0.7793352622865081,6,0.20511581813868862,0.005512317866637148,25,0.09383910414147328,1,po-rapec-quality-energy-only-20260731-final-all-tasks,198,0.0
0.0,0.0,0.0,0.0,0.0,0.0,0.0,-0.0027052939757986508,0.0,128,3,8,0.533903253334211,0.3455045096304409,2.482670526858766,19,20,1.045342835737979e-05,0.6590475889402452,7,0.3898149950426655,0.009721796134682235,25,0.12086516253027227,1,po-rapec-quality-energy-only-20260731-final-all-tasks,199,0.0
0.0,0.0,0.0,0.0,0.0,0.0,0.0,-0.0027052939757986508,0.0,128,4,12,0.4030500278134722,0.3358007855331379,5.6944174936079355,31,20,3.1100937747809476e-06,0.828196666027952,6,0.7891335438293792,0.022580791866286552,24,0.0791600885457062,1,po-rapec-quality-energy-only-20260731-final-all-tasks,200,0.0
0.0,0.0,0.0,0.00318417518976394,0.0,0.0,0.0,-0.0027052939757986508,0.0,32,6,9,0.533903253334211,0.31321755069083024,2.482670526858766,11,9,2.3798803073215578e-05,0.6590475889402452,6,0.3898149950426655,0.01026713497013773,15,0.13316296962220858,1,po-rapec-quality-energy-only-20260731-final-all-tasks,201,0.0
0.0,0.0,0.0,0.0,0.0,0.0,0.0,-0.0027052939757986508,0.0,96,7,7,0.4030500278134722,0.37702534449312636,6.377723359121125,40,18,3.1100937747809476e-06,2.4847336813778322,5,0.36618906447935307,0.022580791866286552,23,0.07908004765031146,1,po-rapec-quality-energy-only-20260731-final-all-tasks,202,0.0
0.007245905736458798,0.0,0.05502999999999997,0.11548575999776983,0.007245905736458798,0.0,0.0,0.019156502029155295,1.5340015084317755,32,3,13,0.533903253334211,0.3358007855331379,5.6944174936079355,19,9,2.3798803073215578e-05,0.6590475889402452,7,0.7891335438293792,0.01026713497013773,24,0.27605412168594334,0,po-rapec-quality-energy-only-20260731-final-all-tasks,203,1.5340015084317755
0.06303331723999935,0.5674612347393722,0.15659999999999996,0.5146895182981642,0.06303331723999935,0.5674612347393722,0.08033735490572609,0.13904636762014325,10.209611320280269,96,9,13,0.4030500278134722,0.10589930738809811,1.6406182907387394,9,20,0.00031621436385847833,2.4847336813778322,5,0.36618906447935307,0.002731731463547026,25,0.27605412168594334,0,po-rapec-quality-energy-only-20260731-final-all-tasks,204,10.209611320280269
0.0004266666666666616,0.0,0.0038399999999999546,0.014247698974653186,0.0004266666666666616,0.0,0.0,-0.0027052939757986508,0.4150963574623157,96,4,7,0.4030500278134722,0.35313541185819913,7.439644182541458,31,7,3.1100937747809476e-06,0.7793352622865081,6,0.36618906447935307,0.003781910585863543,18,0.12086516253027227,0,po-rapec-quality-energy-only-20260731-final-all-tasks,205,0.4150963574623157
0.0,0.0,0.0,0.0,0.0,0.0,0.0,-0.0027052939757986508,0.0,32,3,13,0.6833615696284627,0.06767341500506063,6.9104644808076054,36,7,6.915105476917281e-05,0.5641453952079452,6,0.4447306427721347,0.003781910585863543,12,0.12879596326261983,1,po-rapec-quality-energy-only-20260731-final-all-tasks,206,0.0
0.0,0.0,0.0,0.0,0.0,0.0,0.0,-0.0027052939757986508,0.0,192,15,5,0.6833615696284627,0.3358007855331379,4.380056235578614,11,7,6.915105476917281e-05,0.5641453952079452,8,0.1307143989307438,0.003663356464954046,24,0.47707073925838644,1,po-rapec-quality-energy-only-20260731-final-all-tasks,207,0.0
0.0,0.0,0.0,0.0,0.0,0.0,0.0,-0.0027052939757986508,0.0,32,15,13,0.8465688795548559,0.14981561565760906,6.9104644808076054,35,20,0.0001859891861588341,0.7304981539250575,6,0.37452572438238774,0.009721796134682235,25,0.09383910414147328,1,po-rapec-quality-energy-only-20260731-final-all-tasks,208,0.0
0.0,0.0,0.0,0.0,0.0,0.0,0.0,-0.0027052939757986508,0.0,32,3,14,0.7165961861424903,0.10589930738809811,3.905717611600417,22,20,0.0001817230167405515,2.4847336813778322,7,0.3898149950426655,0.009721796134682235,21,0.0791600885457062,1,po-rapec-quality-energy-only-20260731-final-all-tasks,209,0.0
0.0,0.0,0.0,0.0,0.0,0.0,0.0,-0.0027052939757986508,0.0,128,15,5,0.39567814444300553,0.3358007855331379,4.371504373658846,11,9,2.3798803073215578e-05,0.6590475889402452,7,0.7891335438293792,0.01026713497013773,23,0.13316296962220858,1,po-rapec-quality-energy-only-20260731-final-all-tasks,210,0.0
0.0,0.0,0.0,0.0,0.0,0.0,0.0,-0.0027052939757986508,0.0,192,15,13,0.6833615696284627,0.3168751001723017,7.439644182541458,9,7,1.6641838613225804e-05,0.6590475889402452,8,0.37452572438238774,0.002731731463547026,12,0.12086516253027227,1,po-rapec-quality-energy-only-20260731-final-all-tasks,211,0.0
0.0002655968453173692,0.0,0.002390371607856323,0.017117490045699083,0.0002655968453173692,0.0,0.0,-0.0027052939757986508,0.42771491142751156,32,12,11,0.16661823096311526,0.35313541185819913,7.439644182541458,26,7,0.00031621436385847833,0.7793352622865081,5,0.2532150002810423,0.009721796134682235,18,0.12086516253027227,0,po-rapec-quality-energy-only-20260731-final-all-tasks,212,0.42771491142751156
0.0,0.0,0.0,0.007443810146308658,0.0,0.0,0.0,-0.0027052939757986508,0.0,128,3,14,0.7165961861424903,0.37702534449312636,4.334991162647201,16,13,0.0001817230167405515,0.6590475889402452,7,0.3898149950426655,0.012340547179072566,21,0.22739926538452598,1,po-rapec-quality-energy-only-20260731-final-all-tasks,213,0.0
0.0,0.0,0.0,0.0,0.0,0.0,0.0,-0.0027052939757986508,0.0,32,6,13,0.38793667563191203,0.05352255323101623,7.65916034426419,8,7,0.0001859891861588341,0.5800986127190715,6,0.3898149950426655,0.009721796134682235,25,0.12086516253027227,1,po-rapec-quality-energy-only-20260731-final-all-tasks,214,0.0
0.0,0.0,0.0,0.0,0.0,0.0,0.0,-0.0027052939757986508,0.0,128,3,8,0.533903253334211,0.3455045096304409,7.439644182541458,15,7,1.045342835737979e-05,0.6590475889402452,7,0.3898149950426655,0.01026713497013773,24,0.12086516253027227,1,po-rapec-quality-energy-only-20260731-final-all-tasks,215,0.0
0.0,0.0,0.0,0.0,0.0,0.0,0.0,-0.0027052939757986508,0.0,32,3,8,0.4030500278134722,0.10589930738809811,1.940228606841015,22,7,0.00031621436385847833,2.4847336813778322,5,0.36618906447935307,0.009721796134682235,25,0.12086516253027227,1,po-rapec-quality-energy-only-20260731-final-all-tasks,216,0.0
0.06561348800637509,0.5880360859749214,0.15659999999999996,0.5333091594892587,0.06561348800637509,0.5880360859749214,0.09826444447098714,0.13904636762014325,11.09676074709681,32,3,9,0.24572546360087008,0.05352255323101623,7.65916034426419,35,20,3.182641633253327e-05,2.0447998113313552,7,0.7800097972877437,0.01026713497013773,25,0.4551556996319902,0,po-rapec-quality-energy-only-20260731-final-all-tasks,217,11.09676074709681
0.0005366666666666667,0.0,0.004830000000000001,0.02716824460136104,0.0005366666666666667,0.0,0.0,-0.0027052939757986508,0.5221133871205753,96,9,13,0.533903253334211,0.20139553485535916,4.334991162647201,16,7,1.6641838613225804e-05,2.733530175207833,4,0.3482444033722601,0.002731731463547026,25,0.09190259775031957,0,po-rapec-quality-energy-only-20260731-final-all-tasks,218,0.5221133871205753
0.0,0.0,0.0,0.0,0.0,0.0,0.0,-0.0027052939757986508,0.0,128,3,13,0.533903253334211,0.40793464666680007,4.334991162647201,9,7,1.5522806283146122e-05,2.733530175207833,7,0.3482444033722601,0.01026713497013773,24,0.09190259775031957,1,po-rapec-quality-energy-only-20260731-final-all-tasks,219,0.0
0.0,0.0,0.0,0.0,0.0,0.0,0.0,-0.0027052939757986508,0.0,32,3,12,0.39567814444300553,0.06767341500506063,6.9104644808076054,31,7,1.3306903343618884e-06,1.6903495308775263,6,0.36618906447935307,0.06994099124639958,12,0.0791600885457062,1,po-rapec-quality-energy-only-20260731-final-all-tasks,220,0.0
0.0,0.0,0.0,0.0,0.0,0.0,0.0,-0.0027052939757986508,0.0,96,10,13,0.07333701454887034,0.20139553485535916,7.439644182541458,9,20,1.045342835737979e-05,0.6590475889402452,4,0.37452572438238774,0.002731731463547026,23,0.12086516253027227,1,po-rapec-quality-energy-only-20260731-final-all-tasks,221,0.0
0.0,0.0,0.0,0.0063845113015320205,0.0,0.0,0.0,-0.0027052939757986508,0.0,96,4,7,0.8628172294289036,0.10589930738809811,4.371504373658846,9,8,1.6641838613225804e-05,2.4847336813778322,4,0.36618906447935307,0.022580791866286552,20,0.0791600885457062,1,po-rapec-quality-energy-only-20260731-final-all-tasks,222,0.0
0.0,0.0,0.0,0.0,0.0,0.0,0.0,-0.0027052939757986508,0.0,128,3,13,0.2346594747758373,0.14981561565760906,4.371504373658846,27,20,3.1100937747809476e-06,1.478318994655364,6,0.20511581813868862,0.06911961270947047,25,0.09190259775031957,1,po-rapec-quality-energy-only-20260731-final-all-tasks,223,0.0
0.0,0.0,0.0,0.0,0.0,0.0,0.0,-0.0027052939757986508,0.0,64,3,6,0.6519740535694692,0.05352255323101623,7.65916034426419,29,7,5.860040860884017e-06,0.6590475889402452,7,0.19743005729433055,0.01026713497013773,24,0.12086516253027227,1,po-rapec-quality-energy-only-20260731-final-all-tasks,224,0.0
0.0,0.0,0.0,0.0,0.0,0.0,0.0,-0.0027052939757986508,0.0,128,3,13,0.533903253334211,0.06767341500506063,1.835696202261214,22,20,1.045342835737979e-05,0.6590475889402452,4,0.3898149950426655,0.002742288935098344,24,0.09190259775031957,1,po-rapec-quality-energy-only-20260731-final-all-tasks,225,0.0
0.0,0.0,0.0,0.0,0.0,0.0,0.0,-0.0027052939757986508,0.0,96,4,13,0.8465688795548559,0.08971825174138304,4.371504373658846,35,20,0.0001859891861588341,2.1421620551182956,6,0.37452572438238774,0.009311702706589544,23,0.0791600885457062,1,po-rapec-quality-energy-only-20260731-final-all-tasks,226,0.0
0.02294435350640726,0.009937257409727035,0.14770000000000005,0.15416607424406684,0.02294435350640726,0.009937257409727035,0.0,0.12410178055469423,6.258946796487252,32,10,10,0.207468365925079,0.08971825174138304,1.6406182907387394,9,8,1.3306903343618884e-06,1.7948126287784496,4,0.1285005510766885,0.02316482288826214,20,0.12879596326261983,0,po-rapec-quality-energy-only-20260731-final-all-tasks,227,6.258946796487252
0.0,0.0,0.0,0.0,0.0,0.0,0.0,-0.0027052939757986508,0.0,128,3,6,0.533903253334211,0.05352255323101623,4.334991162647201,29,9,1.0251942503405645e-06,0.5641453952079452,7,0.47352188749662516,0.003663356464954046,24,0.22739926538452598,1,po-rapec-quality-energy-only-20260731-final-all-tasks,228,0.0
0.0,0.0,0.0,0.0,0.0,0.0,0.0,-0.0027052939757986508,0.0,128,3,8,0.533903253334211,0.3455045096304409,7.439644182541458,19,7,1.045342835737979e-05,0.6590475889402452,7,0.3898149950426655,0.01026713497013773,24,0.12086516253027227,1,po-rapec-quality-energy-only-20260731-final-all-tasks,229,0.0
0.005134926997454375,0.0,0.04620000000000002,0.059334098366610015,0.005134926997454375,0.0,0.0,0.026439907200000137,2.3380456998663637,96,15,7,0.4030500278134722,0.14981561565760906,6.9104644808076054,40,18,3.1100937747809476e-06,2.8435437159056667,6,0.5163289402097396,0.00890177678215828,25,0.0791600885457062,0,po-rapec-quality-energy-only-20260731-final-all-tasks,230,2.3380456998663637
0.006114444444444441,0.0,0.05502999999999997,0.061340793000917736,0.006114444444444441,0.0,0.0,0.019156502029155295,1.5340015084317755,128,3,13,0.533903253334211,0.08971825174138304,1.6406182907387394,9,7,1.045342835737979e-05,0.6590475889402452,4,0.37452572438238774,0.01026713497013773,24,0.27605412168594334,0,po-rapec-quality-energy-only-20260731-final-all-tasks,231,1.5340015084317755
0.006766666666666655,0.0,0.028449999999999975,0.11778778114459339,0.006766666666666655,0.0,0.0,0.02491470602420127,10.209611320280269,128,3,3,0.533903253334211,0.37702534449312636,4.334991162647201,16,9,1.5522806283146122e-05,2.733530175207833,7,0.3482444033722601,0.005212918201704737,24,0.22739926538452598,0,po-rapec-quality-energy-only-20260731-final-all-tasks,232,10.209611320280269
0.0,0.0,0.0,0.0011581320613127737,0.0,0.0,0.0,-0.0027052939757986508,0.0,96,15,8,0.533903253334211,0.14981561565760906,7.439644182541458,19,7,1.045342835737979e-05,0.6590475889402452,4,0.2532150002810423,0.01026713497013773,25,0.12086516253027227,1,po-rapec-quality-energy-only-20260731-final-all-tasks,233,0.0
0.007482222222222211,0.0,0.05502999999999997,0.10976027764428557,0.007482222222222211,0.0,0.0,0.019156502029155295,2.7649490469115108,128,3,8,0.4030500278134722,0.10589930738809811,3.153343169879919,19,9,1.045342835737979e-05,2.9207603820361827,7,0.3898149950426655,0.01026713497013773,23,0.22739926538452598,0,po-rapec-quality-energy-only-20260731-final-all-tasks,234,2.7649490469115108
0.00019669057642427188,0.0,0.0017702151878184469,0.01319229311925467,0.00019669057642427188,0.0,0.0,-0.0027052939757986508,0.31674883929215086,128,15,12,0.6833615696284627,0.3358007855331379,4.334991162647201,19,9,6.915105476917281e-05,0.6590475889402452,6,0.3898149950426655,0.01026713497013773,12,0.12879596326261983,0,po-rapec-quality-energy-only-20260731-final-all-tasks,235,0.31674883929215086
0.026115874409484072,0.04939604845477054,0.14770000000000005,0.18246080225603734,0.026115874409484072,0.04939604845477054,0.0,0.12410178055469423,6.258946796487252,192,15,7,0.8465688795548559,0.06767341500506063,4.371504373658846,31,15,3.1100937747809476e-06,2.4847336813778322,4,0.36618906447935307,0.022580791866286552,15,0.32274812982870205,0,po-rapec-quality-energy-only-20260731-final-all-tasks,236,6.258946796487252
0.0,0.0,0.0,0.0,0.0,0.0,0.0,-0.0027052939757986508,0.0,32,6,10,0.8465688795548559,0.27217102153488776,7.064107992190144,35,20,0.0001859891861588341,2.0447998113313552,6,0.7800097972877437,0.005496663410104864,25,0.08094265706305803,1,po-rapec-quality-energy-only-20260731-final-all-tasks,237,0.0
0.0,0.0,0.0,0.005322833837950277,0.0,0.0,0.0,-0.0027052939757986508,0.0,128,3,7,0.8465688795548559,0.06767341500506063,4.371504373658846,27,20,3.1100937747809476e-06,2.4847336813778322,4,0.1285005510766885,0.005145861643814959,15,0.09190259775031957,1,po-rapec-quality-energy-only-20260731-final-all-tasks,238,0.0
0.0,0.0,0.0,0.0,0.0,0.0,0.0,-0.0027052939757986508,0.0,128,15,12,0.533903253334211,0.14981561565760906,4.334991162647201,19,9,2.3798803073215578e-05,0.5641453952079452,6,0.1307143989307438,0.003663356464954046,17,0.12879596326261983,1,po-rapec-quality-energy-only-20260731-final-all-tasks,239,0.0
0.0,0.0,0.0,0.0,0.0,0.0,0.0,-0.0027052939757986508,0.0,64,3,6,0.5363885255416472,0.05352255323101623,7.65916034426419,29,7,5.860040860884017e-06,0.6590475889402452,7,0.19743005729433055,0.01026713497013773,24,0.12086516253027227,1,po-rapec-quality-energy-only-20260731-final-all-tasks,240,0.0
0.0,0.0,0.0,0.0,0.0,0.0,0.0,-0.0027052939757986508,0.0,32,6,14,0.38793667563191203,0.05352255323101623,7.65916034426419,29,20,0.0001859891861588341,0.6590475889402452,6,0.3898149950426655,0.005496663410104864,15,0.08094265706305803,1,po-rapec-quality-energy-only-20260731-final-all-tasks,241,0.0
0.0,0.0,0.0,0.0,0.0,0.0,0.0,-0.0027052939757986508,0.0,96,6,13,0.8465688795548559,0.35313541185819913,7.439644182541458,26,7,1.6641838613225804e-05,0.7793352622865081,5,0.37452572438238774,0.003781910585863543,18,0.08094265706305803,1,po-rapec-quality-energy-only-20260731-final-all-tasks,242,0.0
0.0,0.0,0.0,0.0,0.0,0.0,0.0,-0.0027052939757986508,0.0,96,10,13,0.6519740535694692,0.05352255323101623,7.439644182541458,29,7,1.6641838613225804e-05,0.5641453952079452,7,0.47352188749662516,0.002731731463547026,23,0.12086516253027227,1,po-rapec-quality-energy-only-20260731-final-all-tasks,243,0.0
0.0,0.0,0.0,0.0,0.0,0.0,0.0,-0.0027052939757986508,0.0,128,3,10,0.533903253334211,0.3358007855331379,4.371504373658846,11,9,2.3798803073215578e-05,0.6590475889402452,7,0.3898149950426655,0.01026713497013773,24,0.13316296962220858,1,po-rapec-quality-energy-only-20260731-final-all-tasks,244,0.0
0.0,0.0,0.0,0.0,0.0,0.0,0.0,-0.0027052939757986508,0.0,128,3,13,0.8465688795548559,0.27217102153488776,1.6406182907387394,25,9,1.045342835737979e-05,0.6590475889402452,4,0.37452572438238774,0.009721796134682235,24,0.08094265706305803,1,po-rapec-quality-energy-only-20260731-final-all-tasks,245,0.0
0.0,0.0,0.0,0.0,0.0,0.0,0.0,-0.0027052939757986508,0.0,192,15,13,0.6833615696284627,0.08971825174138304,2.482670526858766,35,15,0.0001859891861588341,0.5641453952079452,6,0.47352188749662516,0.003663356464954046,25,0.32274812982870205,1,po-rapec-quality-energy-only-20260731-final-all-tasks,246,0.0
0.007245905736458798,0.0,0.05502999999999997,0.10036079037081315,0.007245905736458798,0.0,0.0,0.019156502029155295,1.5340015084317755,128,3,10,0.533903253334211,0.37702534449312636,1.6406182907387394,10,8,1.5522806283146122e-05,0.6590475889402452,7,0.3898149950426655,0.005212918201704737,24,0.27605412168594334,0,po-rapec-quality-energy-only-20260731-final-all-tasks,247,1.5340015084317755
0.0,0.0,0.0,0.0,0.0,0.0,0.0,-0.0027052939757986508,0.0,32,3,10,0.6385203869938039,0.06767341500506063,6.9104644808076054,27,20,1.3306903343618884e-06,1.7948126287784496,5,0.1285005510766885,0.003781910585863543,12,0.09190259775031957,1,po-rapec-quality-energy-only-20260731-final-all-tasks,248,0.0
0.0,0.0,0.0,0.0,0.0,0.0,0.0,-0.0027052939757986508,0.0,128,12,5,0.1459364027448432,0.3358007855331379,4.334991162647201,11,7,1.6641838613225804e-05,0.6590475889402452,7,0.2532150002810423,0.003781910585863543,24,0.13316296962220858,1,po-rapec-quality-energy-only-20260731-final-all-tasks,249,0.0
0.0,0.0,0.0,0.0,0.0,0.0,0.0,-0.0027052939757986508,0.0,96,3,7,0.39567814444300553,0.06767341500506063,4.371504373658846,31,20,1.3306903343618884e-06,1.6903495308775263,6,0.36618906447935307,0.06994099124639958,23,0.0791600885457062,1,po-rapec-quality-energy-only-20260731-final-all-tasks,250,0.0
0.010083333333333314,0.0,0.05067999999999995,0.14760154880922355,0.010083333333333314,0.0,0.0,0.01698470602420128,7.2783217558406355,128,4,13,0.2346594747758373,0.10589930738809811,6.9104644808076054,37,9,1.4309171915459122e-06,1.478318994655364,6,0.3898149950426655,0.005512317866637148,25,0.22739926538452598,0,po-rapec-quality-energy-only-20260731-final-all-tasks,251,7.2783217558406355
0.0,0.0,0.0,0.0,0.0,0.0,0.0,-0.0027052939757986508,0.0,128,15,3,0.533903253334211,0.3358007855331379,4.837290077623644,11,9,2.3798803073215578e-05,0.6590475889402452,7,0.3898149950426655,0.01026713497013773,24,0.13316296962220858,1,po-rapec-quality-energy-only-20260731-final-all-tasks,252,0.0
0.0,0.0,0.0,0.0063845113015320205,0.0,0.0,0.0,-0.0027052939757986508,0.0,64,9,6,0.028063919202667476,0.27217102153488776,5.798213323031431,29,10,5.860040860884017e-06,0.6590475889402452,7,0.1133751943237745,0.009721796134682235,25,0.12086516253027227,1,po-rapec-quality-energy-only-20260731-final-all-tasks,253,0.0
0.0,0.0,0.0,0.0,0.0,0.0,0.0,-0.0027052939757986508,0.0,32,6,13,0.8465688795548559,0.27217102153488776,1.6406182907387394,20,10,0.0001859891861588341,0.6146412590779797,7,0.37452572438238774,0.01026713497013773,25,0.08094265706305803,1,po-rapec-quality-energy-only-20260731-final-all-tasks,254,0.0
0.00047888888888888054,0.0,0.004309999999999925,0.02734547227165346,0.00047888888888888054,0.0,0.0,0.0016047060242012742,1.5931725123246676,128,3,7,0.8465688795548559,0.06767341500506063,7.439644182541458,27,20,3.1100937747809476e-06,0.6590475889402452,4,0.36618906447935307,0.022580791866286552,15,0.12086516253027227,0,po-rapec-quality-energy-only-20260731-final-all-tasks,255,1.5931725123246676
0.00850213128418504,0.039627361068258544,0.05347999999999997,0.13854196983851544,0.00850213128418504,0.039627361068258544,0.0,0.0176065020291553,2.0754817873116025,32,10,11,0.07333701454887034,0.27217102153488776,5.798213323031431,22,10,2.4027690394284688e-06,1.6903495308775263,5,0.47352188749662516,0.003663356464954046,23,0.12086516253027227,0,po-rapec-quality-energy-only-20260731-final-all-tasks,256,2.0754817873116025
0.0,0.0,0.0,0.0,0.0,0.0,0.0,-0.0027052939757986508,0.0,96,4,7,0.4030500278134722,0.10589930738809811,4.371504373658846,31,20,3.1100937747809476e-06,2.4847336813778322,6,0.36618906447935307,0.022580791866286552,23,0.0791600885457062,1,po-rapec-quality-energy-only-20260731-final-all-tasks,257,0.0
0.0,0.0,0.0,0.005322833837950277,0.0,0.0,0.0,-0.0027052939757986508,0.0,192,3,5,0.38793667563191203,0.05352255323101623,4.371504373658846,9,20,1.045342835737979e-05,2.4847336813778322,4,0.36618906447935307,0.022580791866286552,15,0.09190259775031957,1,po-rapec-quality-energy-only-20260731-final-all-tasks,258,0.0
0.0,0.0,0.0,0.0,0.0,0.0,0.0,-0.0027052939757986508,0.0,128,3,5,0.7886482416012427,0.3455045096304409,5.6944174936079355,11,7,1.045342835737979e-05,0.6590475889402452,5,0.3898149950426655,0.01026713497013773,24,0.12086516253027227,1,po-rapec-quality-energy-only-20260731-final-all-tasks,259,0.0
0.0,0.0,0.0,0.0,0.0,0.0,0.0,-0.0027052939757986508,0.0,32,9,7,0.4030500278134722,0.08971825174138304,5.798213323031431,9,8,0.00031621436385847833,0.7304981539250575,5,0.36618906447935307,0.002731731463547026,25,0.27605412168594334,1,po-rapec-quality-energy-only-20260731-final-all-tasks,260,0.0
0.0,0.0,0.0,0.0,0.0,0.0,0.0,-0.0027052939757986508,0.0,128,15,7,0.4030500278134722,0.3358007855331379,6.377723359121125,11,18,3.1100937747809476e-06,0.6590475889402452,6,0.5163289402097396,0.00890177678215828,24,0.0791600885457062,1,po-rapec-quality-energy-only-20260731-final-all-tasks,261,0.0
0.0,0.0,0.0,0.0,0.0,0.0,0.0,-0.0027052939757986508,0.0,96,3,13,0.533903253334211,0.10589930738809811,4.371504373658846,31,20,1.045342835737979e-05,0.6590475889402452,7,0.36618906447935307,0.01026713497013773,24,0.1304053739537409,1,po-rapec-quality-energy-only-20260731-final-all-tasks,262,0.0
0.0,0.0,0.0,0.0,0.0,0.0,0.0,-0.0027052939757986508,0.0,32,6,11,0.8465688795548559,0.27217102153488776,2.482670526858766,35,20,0.0001859891861588341,2.0447998113313552,6,0.5787367832285027,0.009721796134682235,25,0.08094265706305803,1,po-rapec-quality-energy-only-20260731-final-all-tasks,263,0.0
0.0056475822133063135,0.0,0.04620000000000002,0.06427920069687763,0.0056475822133063135,0.0,0.0,0.026439907200000137,2.3380456998663637,192,15,15,0.4030500278134722,0.3168751001723017,7.439644182541458,31,20,1.045342835737979e-05,2.4847336813778322,6,0.47352188749662516,0.009721796134682235,25,0.0791600885457062,0,po-rapec-quality-energy-only-20260731-final-all-tasks,264,2.3380456998663637
0.0,0.0,0.0,0.0,0.0,0.0,0.0,-0.0027052939757986508,0.0,128,3,10,0.533903253334211,0.3358007855331379,4.334991162647201,11,9,1.3306903343618884e-06,0.6590475889402452,7,0.3898149950426655,0.01026713497013773,25,0.13316296962220858,1,po-rapec-quality-energy-only-20260731-final-all-tasks,265,0.0
0.035176636236597475,0.5136989101747154,0.14770000000000005,0.3643038645992054,0.035176636236597475,0.5136989101747154,0.0,0.12410178055469423,10.265058159456318,192,3,5,0.6833615696284627,0.3168751001723017,7.439644182541458,27,12,1.045342835737979e-05,1.7948126287784496,6,0.1285005510766885,0.009721796134682235,25,0.32274812982870205,0,po-rapec-quality-energy-only-20260731-final-all-tasks,266,10.265058159456318
0.0,0.0,0.0,0.0,0.0,0.0,0.0,-0.0027052939757986508,0.0,192,11,9,0.6833615696284627,0.3358007855331379,4.380056235578614,36,9,6.915105476917281e-05,0.6590475889402452,8,0.1307143989307438,0.01026713497013773,24,0.13316296962220858,1,po-rapec-quality-energy-only-20260731-final-all-tasks,267,0.0
0.007267733313183015,0.0,0.04620000000000002,0.08775995000211602,0.007267733313183015,0.0,0.0,0.026439907200000137,2.3380456998663637,192,15,5,0.533903253334211,0.3358007855331379,5.6944174936079355,11,9,1.045342835737979e-05,1.6903495308775263,7,0.11897517182897142,0.003663356464954046,24,0.12086516253027227,0,po-rapec-quality-energy-only-20260731-final-all-tasks,268,2.3380456998663637
0.0,0.0,0.0,0.0,0.0,0.0,0.0,-0.0027052939757986508,0.0,128,3,6,0.533903253334211,0.3358007855331379,7.65916034426419,29,9,5.860040860884017e-06,0.6590475889402452,7,0.19743005729433055,0.01026713497013773,24,0.12086516253027227,1,po-rapec-quality-energy-only-20260731-final-all-tasks,269,0.0
0.0,0.0,0.0,0.0,0.0,0.0,0.0,-0.0027052939757986508,0.0,128,3,5,0.029551954898960155,0.3455045096304409,7.65916034426419,19,7,1.045342835737979e-05,0.6590475889402452,7,0.3898149950426655,0.01026713497013773,25,0.12086516253027227,1,po-rapec-quality-energy-only-20260731-final-all-tasks,270,0.0
0.0,0.0,0.0,0.0,0.0,0.0,0.0,-0.0027052939757986508,0.0,192,9,13,0.8465688795548559,0.08971825174138304,2.482670526858766,22,20,0.00031621436385847833,0.7304981539250575,5,0.37452572438238774,0.009721796134682235,25,0.08094265706305803,1,po-rapec-quality-energy-only-20260731-final-all-tasks,271,0.0
0.00011999999999999666,0.0,0.0010799999999999699,0.017322644016015812,0.00011999999999999666,0.0,0.0,-0.0027052939757986508,0.11674585053627443,96,4,7,0.4030500278134722,0.35313541185819913,4.334991162647201,16,9,8.377749538889109e-06,0.7793352622865081,5,0.2532150002810423,0.003781910585863543,23,0.12086516253027227,0,po-rapec-quality-energy-only-20260731-final-all-tasks,272,0.11674585053627443
0.0,0.0,0.0,0.0,0.0,0.0,0.0,-0.0027052939757986508,0.0,128,3,5,0.533903253334211,0.05352255323101623,7.439644182541458,19,7,6.1640899825957524e-06,0.6590475889402452,7,0.3898149950426655,0.01026713497013773,25,0.12086516253027227,1,po-rapec-quality-energy-only-20260731-final-all-tasks,273,0.0
0.0028620868195902765,0.010423188551814963,0.019209599818647116,0.10277453288923881,0.0028620868195902765,0.010423188551814963,0.0,0.0002047060242013174,1.0756686800150377,128,9,5,0.533903253334211,0.3358007855331379,4.334991162647201,11,9,0.00021187778212623784,2.733530175207833,5,0.3898149950426655,0.01026713497013773,24,0.09190259775031957,0,po-rapec-quality-energy-only-20260731-final-all-tasks,274,1.0756686800150377
0.0,0.0,0.0,0.0,0.0,0.0,0.0,-0.0027052939757986508,0.0,128,11,5,0.6833615696284627,0.3168751001723017,5.798213323031431,27,7,1.3306903343618884e-06,0.5641453952079452,4,0.21054057644577115,0.005145861643814959,15,0.09190259775031957,1,po-rapec-quality-energy-only-20260731-final-all-tasks,275,0.0
0.0018580438211887966,0.0,0.01672239439069917,0.03785263159093613,0.0018580438211887966,0.0,0.0,-0.0027052939757986508,0.743811845035123,192,15,5,0.7165961861424903,0.3168751001723017,4.334991162647201,9,7,0.0001817230167405515,0.8106169993189273,8,0.1307143989307438,0.003663356464954046,12,0.22739926538452598,0,po-rapec-quality-energy-only-20260731-final-all-tasks,276,0.743811845035123
0.0,0.0,0.0,0.005322833837950277,0.0,0.0,0.0,-0.0027052939757986508,0.0,96,5,7,0.4030500278134722,0.27217102153488776,5.798213323031431,31,10,0.0001859891861588341,1.6903495308775263,4,0.36618906447935307,0.022580791866286552,25,0.0791600885457062,1,po-rapec-quality-energy-only-20260731-final-all-tasks,277,0.0
0.0,0.0,0.0,0.0,0.0,0.0,0.0,-0.0027052939757986508,0.0,128,3,10,0.8465688795548559,0.06767341500506063,5.798213323031431,16,20,1.5522806283146122e-05,2.733530175207833,7,0.3482444033722601,0.005145861643814959,25,0.09190259775031957,1,po-rapec-quality-energy-only-20260731-final-all-tasks,278,0.0
0.005942222222222219,0.0,0.05347999999999997,0.053573766461663,0.005942222222222219,0.0,0.0,0.0176065020291553,1.4907941244944822,128,3,9,0.5862155066028948,0.06767341500506063,4.371504373658846,31,18,0.0001949148555556005,1.6903495308775263,4,0.1285005510766885,0.005145861643814959,7,0.0791600885457062,0,po-rapec-quality-energy-only-20260731-final-all-tasks,279,1.4907941244944822
0.0,0.0,0.0,0.0021183874507772794,0.0,0.0,0.0,-0.0027052939757986508,0.0,96,4,7,0.4030500278134722,0.06767341500506063,4.371504373658846,27,20,1.3306903343618884e-06,1.6903495308775263,6,0.36618906447935307,0.022580791866286552,15,0.0791600885457062,1,po-rapec-quality-energy-only-20260731-final-all-tasks,280,0.0
0.0,0.0,0.0,0.0,0.0,0.0,0.0,-0.0027052939757986508,0.0,192,9,3,0.5519760012776005,0.14997067788464183,5.798213323031431,11,9,6.167206339602892e-06,0.7418780697061534,7,0.1133751943237745,0.009721796134682235,25,0.09190259775031957,1,po-rapec-quality-energy-only-20260731-final-all-tasks,281,0.0
0.0,0.0,0.0,0.0,0.0,0.0,0.0,-0.0027052939757986508,0.0,96,4,7,0.4030500278134722,0.37702534449312636,6.377723359121125,31,18,3.1100937747809476e-06,0.5496797074676079,6,0.36618906447935307,0.01998109544666775,23,0.0791600885457062,1,po-rapec-quality-energy-only-20260731-final-all-tasks,282,0.0
0.0,0.0,0.0,0.0,0.0,0.0,0.0,-0.0027052939757986508,0.0,96,15,5,0.6833615696284627,0.3168751001723017,4.371504373658846,31,15,1.1400341768505626e-05,0.5641453952079452,6,0.47352188749662516,0.022580791866286552,23,0.0791600885457062,1,po-rapec-quality-energy-only-20260731-final-all-tasks,283,0.0
0.007028169248442832,0.019942939880218346,0.05067999999999995,0.1183265645104102,0.007028169248442832,0.019942939880218346,0.0,0.014806502029155275,1.4127420760916292,192,3,3,0.6833615696284627,0.37702534449312636,4.334991162647201,12,9,6.915105476917281e-05,0.5641453952079452,8,0.1307143989307438,0.003663356464954046,10,0.391794280742971,0,po-rapec-quality-energy-only-20260731-final-all-tasks,284,1.4127420760916292
0.01977919460519736,0.40738288986919036,0.06640000000000001,0.28485543723572804,0.01977919460519736,0.40738288986919036,0.0,0.046639907200000136,3.526418971595706,96,10,3,0.4030500278134722,0.20139553485535916,4.371504373658846,31,7,1.6641838613225804e-05,2.4847336813778322,4,0.36618906447935307,0.022580791866286552,23,0.12086516253027227,0,po-rapec-quality-energy-only-20260731-final-all-tasks,285,3.526418971595706
0.0597254971933342,0.5585292306625171,0.14770000000000005,0.521171380616274,0.0597254971933342,0.5585292306625171,0.2759688207348318,0.12410178055469423,8.055312823017784,32,15,11,0.6833615696284627,0.27217102153488776,5.798213323031431,11,7,0.00031621436385847833,2.733530175207833,8,0.2900269883816277,0.009721796134682235,25,0.47707073925838644,0,po-rapec-quality-energy-only-20260731-final-all-tasks,286,8.055312823017784
0.0,0.0,0.0,0.0063845113015320205,0.0,0.0,0.0,-0.0027052939757986508,0.0,128,3,13,0.5862155066028948,0.06767341500506063,5.798213323031431,22,15,0.0001949148555556005,0.7793352622865081,4,0.36618906447935307,0.07933889807184834,12,0.0791600885457062,1,po-rapec-quality-energy-only-20260731-final-all-tasks,287,0.0
0.0,0.0,0.0,0.0,0.0,0.0,0.0,-0.0027052939757986508,0.0,128,15,5,0.2217010077659292,0.05352255323101623,7.65916034426419,11,7,2.3798803073215578e-05,0.6590475889402452,7,0.47352188749662516,0.003663356464954046,23,0.12086516253027227,1,po-rapec-quality-energy-only-20260731-final-all-tasks,288,0.0
0.0,0.0,0.0,0.0,0.0,0.0,0.0,-0.0027052939757986508,0.0,128,7,10,0.4030500278134722,0.06767341500506063,6.9104644808076054,40,20,1.3306903343618884e-06,0.5496797074676079,6,0.5163289402097396,0.00890177678215828,23,0.12879596326261983,1,po-rapec-quality-energy-only-20260731-final-all-tasks,289,0.0
0.005631111111111105,0.0,0.05067999999999995,0.04916249625562963,0.005631111111111105,0.0,0.0,0.014806502029155275,1.4127420760916292,128,3,13,0.6385203869938039,0.06767341500506063,7.439644182541458,19,20,1.045342835737979e-05,0.6590475889402452,4,0.3898149950426655,0.01026713497013773,12,0.12086516253027227,0,po-rapec-quality-energy-only-20260731-final-all-tasks,290,1.4127420760916292
0.0,0.0,0.0,0.0,0.0,0.0,0.0,-0.0027052939757986508,0.0,64,4,7,0.4030500278134722,0.3455045096304409,7.439644182541458,19,7,1.045342835737979e-05,0.5641453952079452,2,0.36618906447935307,0.022580791866286552,23,0.0791600885457062,1,po-rapec-quality-energy-only-20260731-final-all-tasks,291,0.0
0.009498852609053797,0.0,0.07140000000000002,0.13829777149879888,0.009498852609053797,0.0,0.0,0.05163990720000014,3.6133433543389253,32,15,11,0.2346594747758373,0.27217102153488776,1.8755121591838932,37,20,0.0001859891861588341,1.478318994655364,6,0.20511581813868862,0.005512317866637148,25,0.20138633372568426,0,po-rapec-quality-energy-only-20260731-final-all-tasks,292,3.6133433543389253
0.04283028007793657,0.523567395474304,0.14770000000000005,0.4106376826908745,0.04283028007793657,0.523567395474304,0.0,0.12410178055469423,11.09676074709681,96,4,9,0.5862155066028948,0.3168751001723017,7.2374034496598085,9,15,0.0001949148555556005,1.1556892578640312,6,0.36618906447935307,0.009311702706589544,20,0.27605412168594334,0,po-rapec-quality-energy-only-20260731-final-all-tasks,293,11.09676074709681
0.0,0.0,0.0,0.0,0.0,0.0,0.0,-0.0027052939757986508,0.0,64,15,13,0.6519740535694692,0.14981561565760906,7.65916034426419,22,16,1.045342835737979e-05,0.5641453952079452,4,0.2532150002810423,0.005512317866637148,23,0.12086516253027227,1,po-rapec-quality-energy-only-20260731-final-all-tasks,294,0.0
0.0,0.0,0.0,0.0,0.0,0.0,0.0,-0.0027052939757986508,0.0,96,12,13,0.1459364027448432,0.12134859530971945,7.439644182541458,26,7,1.6641838613225804e-05,0.7793352622865081,5,0.2532150002810423,0.003781910585863543,18,0.12086516253027227,1,po-rapec-quality-energy-only-20260731-final-all-tasks,295,0.0
0.0,0.0,0.0,0.0021183874507772794,0.0,0.0,0.0,-0.0027052939757986508,0.0,128,3,11,0.533903253334211,0.08971825174138304,1.6406182907387394,9,7,1.045342835737979e-05,0.6590475889402452,7,0.37452572438238774,0.01026713497013773,24,0.27605412168594334,1,po-rapec-quality-energy-only-20260731-final-all-tasks,296,0.0
0.033033653386377045,0.3989090583344867,0.14090000000000003,0.26436965740842794,0.033033653386377045,0.3989090583344867,0.0,0.1173017805546942,5.970789462593457,128,15,7,0.2346594747758373,0.14981561565760906,4.371504373658846,22,20,1.4309171915459122e-06,2.4847336813778322,4,0.36618906447935307,0.022580791866286552,25,0.0791600885457062,0,po-rapec-quality-energy-only-20260731-final-all-tasks,297,5.970789462593457
0.0,0.0,0.0,0.0,0.0,0.0,0.0,-0.0027052939757986508,0.0,96,4,7,0.8613921949257808,0.3168751001723017,3.5771079630687215,16,17,0.0001949148555556005,0.6590475889402452,7,0.3898149950426655,0.005212918201704737,23,0.22739926538452598,1,po-rapec-quality-energy-only-20260731-final-all-tasks,298,0.0
0.0,0.0,0.0,0.0,0.0,0.0,0.0,-0.0027052939757986508,0.0,96,3,6,0.4030500278134722,0.2342710022958256,4.08148833217793,29,11,3.1100937747809476e-06,1.6903495308775263,6,0.19743005729433055,0.01026713497013773,23,0.12086516253027227,1,po-rapec-quality-energy-only-20260731-final-all-tasks,299,0.0
0.0,0.0,0.0,0.0,0.0,0.0,0.0,-0.0027052939757986508,0.0,96,15,13,0.2346594747758373,0.14981561565760906,7.439644182541458,37,7,1.4309171915459122e-06,1.478318994655364,7,0.20511581813868862,0.01026713497013773,25,0.12086516253027227,1,po-rapec-quality-energy-only-20260731-final-all-tasks,300,0.0
0.005346972382975139,0.0,0.019209599818647116,0.1536399111885228,0.005346972382975139,0.0,0.0,0.007799135879014398,1.843071066336607,192,9,3,0.15597256603747053,0.3455045096304409,4.334991162647201,16,7,1.5522806283146122e-05,2.733530175207833,7,0.3482444033722601,0.024024502205389233,23,0.12086516253027227,0,po-rapec-quality-energy-only-20260731-final-all-tasks,301,1.843071066336607
0.0,0.0,0.0,0.0,0.0,0.0,0.0,-0.0027052939757986508,0.0,32,4,7,0.533903253334211,0.2342710022958256,2.361862654302696,31,9,3.1100937747809476e-06,1.6903495308775263,7,0.36618906447935307,0.022580791866286552,25,0.0791600885457062,1,po-rapec-quality-energy-only-20260731-final-all-tasks,302,0.0
0.0,0.0,0.0,0.0021183874507772794,0.0,0.0,0.0,-0.0027052939757986508,0.0,32,9,7,0.07333701454887034,0.06767341500506063,7.439644182541458,11,9,1.5522806283146122e-05,1.6903495308775263,6,0.3482444033722601,0.024024502205389233,25,0.09190259775031957,1,po-rapec-quality-energy-only-20260731-final-all-tasks,303,0.0
0.0,0.0,0.0,0.010615804829660166,0.0,0.0,0.0,-0.0027052939757986508,0.0,128,3,5,0.533903253334211,0.37702534449312636,4.334991162647201,11,13,0.0001817230167405515,0.6590475889402452,7,0.3898149950426655,0.01026713497013773,24,0.22739926538452598,1,po-rapec-quality-energy-only-20260731-final-all-tasks,304,0.0
0.0,0.0,0.0,0.0,0.0,0.0,0.0,-0.0027052939757986508,0.0,128,15,13,0.2346594747758373,0.14981561565760906,1.6406182907387394,9,8,1.4309171915459122e-06,0.7793352622865081,4,0.2532150002810423,0.002731731463547026,25,0.27605412168594334,1,po-rapec-quality-energy-only-20260731-final-all-tasks,305,0.0
0.0,0.0,0.0,0.0,0.0,0.0,0.0,-0.0027052939757986508,0.0,96,4,11,0.15597256603747053,0.2342710022958256,4.371504373658846,16,20,3.1100937747809476e-06,2.733530175207833,7,0.3482444033722601,0.022580791866286552,23,0.09190259775031957,1,po-rapec-quality-energy-only-20260731-final-all-tasks,306,0.0
0.037456941492504614,0.40078013111573346,0.14770000000000005,0.36364629876891,0.037456941492504614,0.40078013111573346,0.0,0.12410178055469423,8.505545129603506,128,9,3,0.533903253334211,0.27217102153488776,4.334991162647201,16,9,1.5522806283146122e-05,2.733530175207833,7,0.3898149950426655,0.006281881380221943,25,0.22739926538452598,0,po-rapec-quality-energy-only-20260731-final-all-tasks,307,8.505545129603506
0.029872527938530694,0.3989090583344867,0.14090000000000003,0.2521808357665649,0.029872527938530694,0.3989090583344867,0.0,0.1173017805546942,5.970789462593457,96,15,7,0.4030500278134722,0.3168751001723017,4.371504373658846,31,20,1.045342835737979e-05,2.4847336813778322,6,0.47352188749662516,0.003663356464954046,23,0.0791600885457062,0,po-rapec-quality-energy-only-20260731-final-all-tasks,308,5.970789462593457
0.0,0.0,0.0,0.0,0.0,0.0,0.0,-0.0027052939757986508,0.0,96,10,13,0.533903253334211,0.3455045096304409,7.439644182541458,9,7,1.6641838613225804e-05,0.6590475889402452,4,0.3898149950426655,0.0018335706477160918,24,0.12086516253027227,1,po-rapec-quality-energy-only-20260731-final-all-tasks,309,0.0
0.0,0.0,0.0,0.0,0.0,0.0,0.0,-0.0027052939757986508,0.0,96,4,7,0.4030500278134722,0.42298902410317923,4.371504373658846,22,20,3.1100937747809476e-06,2.2195817726390095,6,0.36618906447935307,0.022580791866286552,23,0.0791600885457062,1,po-rapec-quality-energy-only-20260731-final-all-tasks,310,0.0
0.0,0.0,0.0,0.0,0.0,0.0,0.0,-0.0027052939757986508,0.0,128,4,7,0.4030500278134722,0.3455045096304409,4.371504373658846,19,20,1.045342835737979e-05,0.6590475889402452,7,0.13587975613488812,0.01026713497013773,24,0.12086516253027227,1,po-rapec-quality-energy-only-20260731-final-all-tasks,311,0.0
0.0,0.0,0.0,0.0,0.0,0.0,0.0,-0.0027052939757986508,0.0,96,4,11,0.4030500278134722,0.27217102153488776,5.798213323031431,35,10,3.1100937747809476e-06,2.4847336813778322,4,0.1133751943237745,0.022580791866286552,25,0.0791600885457062,1,po-rapec-quality-energy-only-20260731-final-all-tasks,312,0.0
0.0,0.0,0.0,0.002146752366433351,0.0,0.0,0.0,-0.0027052939757986508,0.0,96,10,7,0.1459364027448432,0.37702534449312636,6.377723359121125,40,7,1.6641838613225804e-05,0.6590475889402452,4,0.37452572438238774,0.002731731463547026,18,0.0791600885457062,1,po-rapec-quality-energy-only-20260731-final-all-tasks,313,0.0
0.005631111111111105,0.0,0.05067999999999995,0.041675417974953353,0.005631111111111105,0.0,0.0,0.014806502029155275,1.4127420760916292,128,3,7,0.533903253334211,0.06767341500506063,1.6406182907387394,29,20,1.045342835737979e-05,0.6590475889402452,7,0.2532150002810423,0.003781910585863543,12,0.27605412168594334,0,po-rapec-quality-energy-only-20260731-final-all-tasks,314,1.4127420760916292
0.0,0.0,0.0,0.0,0.0,0.0,0.0,-0.0027052939757986508,0.0,192,15,5,0.6833615696284627,0.3168751001723017,7.439644182541458,31,15,1.045342835737979e-05,0.5641453952079452,6,0.47352188749662516,0.003663356464954046,17,0.32274812982870205,1,po-rapec-quality-energy-only-20260731-final-all-tasks,315,0.0
0.0,0.0,0.0,0.0,0.0,0.0,0.0,-0.0027052939757986508,0.0,96,3,3,0.533903253334211,0.06767341500506063,4.334991162647201,16,20,1.5522806283146122e-05,1.6903495308775263,7,0.36618906447935307,0.06994099124639958,23,0.09190259775031957,1,po-rapec-quality-energy-only-20260731-final-all-tasks,316,0.0
0.0,0.0,0.0,0.0,0.0,0.0,0.0,-0.0027052939757986508,0.0,128,3,13,0.6385203869938039,0.06767341500506063,5.798213323031431,22,20,1.3306903343618884e-06,0.7793352622865081,7,0.2532150002810423,0.003781910585863543,12,0.09190259775031957,1,po-rapec-quality-energy-only-20260731-final-all-tasks,317,0.0
0.0,0.0,0.0,0.0,0.0,0.0,0.0,-0.0027052939757986508,0.0,96,12,5,0.1459364027448432,0.3358007855331379,7.380829386930682,26,7,2.3798803073215578e-05,0.7793352622865081,5,0.2532150002810423,0.0011359910026044666,23,0.13316296962220858,1,po-rapec-quality-energy-only-20260731-final-all-tasks,318,0.0
0.0,0.0,0.0,0.0,0.0,0.0,0.0,-0.0027052939757986508,0.0,128,3,5,0.533903253334211,0.3455045096304409,7.439644182541458,19,7,1.045342835737979e-05,0.6590475889402452,7,0.3898149950426655,0.01026713497013773,24,0.12086516253027227,1,po-rapec-quality-energy-only-20260731-final-all-tasks,319,0.0
0.02738392682605725,0.2546339593754087,0.14770000000000005,0.21694377020671482,0.02738392682605725,0.2546339593754087,0.0,0.12410178055469423,6.258946796487252,128,10,10,0.207468365925079,0.06767341500506063,1.6406182907387394,27,8,1.6641838613225804e-05,1.7948126287784496,5,0.1285005510766885,0.009721796134682235,25,0.3180887550455428,0,po-rapec-quality-energy-only-20260731-final-all-tasks,320,6.258946796487252
0.0,0.0,0.0,0.0,0.0,0.0,0.0,-0.0027052939757986508,0.0,192,6,13,0.8465688795548559,0.08971825174138304,5.798213323031431,35,20,0.0001859891861588341,1.6903495308775263,4,0.1285005510766885,0.009721796134682235,15,0.08094265706305803,1,po-rapec-quality-energy-only-20260731-final-all-tasks,321,0.0
0.0,0.0,0.0,0.0,0.0,0.0,0.0,-0.0027052939757986508,0.0,32,6,9,0.8465688795548559,0.27217102153488776,2.482670526858766,22,20,0.0001859891861588341,2.733530175207833,5,0.2900269883816277,0.009721796134682235,25,0.08094265706305803,1,po-rapec-quality-energy-only-20260731-final-all-tasks,322,0.0
0.0,0.0,0.0,0.0,0.0,0.0,0.0,-0.0027052939757986508,0.0,128,9,5,0.533903253334211,0.37702534449312636,5.6944174936079355,18,9,1.5522806283146122e-05,0.6590475889402452,7,0.7891335438293792,0.01026713497013773,24,0.09190259775031957,1,po-rapec-quality-energy-only-20260731-final-all-tasks,323,0.0
0.0,0.0,0.0,0.0,0.0,0.0,0.0,-0.0027052939757986508,0.0,32,10,13,0.2346594747758373,0.14981561565760906,6.9104644808076054,22,20,0.00031621436385847833,1.478318994655364,6,0.20511581813868862,0.009721796134682235,25,0.12879596326261983,1,po-rapec-quality-energy-only-20260731-final-all-tasks,324,0.0
0.0,0.0,0.0,0.0,0.0,0.0,0.0,-0.0027052939757986508,0.0,96,4,9,0.5862155066028948,0.3168751001723017,4.371504373658846,31,15,0.0001949148555556005,1.5305373161746703,6,0.36618906447935307,0.009311702706589544,23,0.0791600885457062,1,po-rapec-quality-energy-only-20260731-final-all-tasks,325,0.0
0.0,0.0,0.0,0.006584485398071951,0.0,0.0,0.0,-0.0027052939757986508,0.0,128,9,11,0.07333701454887034,0.06767341500506063,7.439644182541458,36,20,6.167206339602892e-06,1.6903495308775263,4,0.47352188749662516,0.009721796134682235,25,0.09190259775031957,1,po-rapec-quality-energy-only-20260731-final-all-tasks,326,0.0
0.0,0.0,0.0,0.0,0.0,0.0,0.0,-0.0027052939757986508,0.0,128,3,5,0.8465688795548559,0.27217102153488776,4.334991162647201,11,9,2.3798803073215578e-05,0.6590475889402452,5,0.2900269883816277,0.01026713497013773,24,0.09190259775031957,1,po-rapec-quality-energy-only-20260731-final-all-tasks,327,0.0
0.0,0.0,0.0,0.0,0.0,0.0,0.0,-0.0027052939757986508,0.0,32,9,11,0.39567814444300553,0.27217102153488776,5.798213323031431,31,14,0.00031621436385847833,2.733530175207833,5,0.36618906447935307,0.009721796134682235,25,0.09190259775031957,1,po-rapec-quality-energy-only-20260731-final-all-tasks,328,0.0
0.0,0.0,0.0,0.0,0.0,0.0,0.0,-0.0027052939757986508,0.0,32,4,3,0.4030500278134722,0.37702534449312636,4.334991162647201,31,9,1.5522806283146122e-05,2.247073581267599,6,0.36618906447935307,0.022580791866286552,25,0.09190259775031957,1,po-rapec-quality-energy-only-20260731-final-all-tasks,329,0.0
0.0,0.0,0.0,0.0,0.0,0.0,0.0,-0.0027052939757986508,0.0,32,3,3,0.15597256603747053,0.37702534449312636,4.334991162647201,29,15,1.5522806283146122e-05,2.733530175207833,7,0.3482444033722601,0.01026713497013773,24,0.12086516253027227,1,po-rapec-quality-energy-only-20260731-final-all-tasks,330,0.0
0.0,0.0,0.0,0.0010622657018342294,0.0,0.0,0.0,-0.0027052939757986508,0.0,32,3,5,0.8465688795548559,0.27217102153488776,7.65916034426419,22,7,1.045342835737979e-05,2.733530175207833,5,0.3898149950426655,0.009721796134682235,25,0.12086516253027227,1,po-rapec-quality-energy-only-20260731-final-all-tasks,331,0.0
0.015707016847569907,0.0,0.07140000000000002,0.1753024152888422,0.015707016847569907,0.0,0.0,0.05163990720000014,3.6133433543389253,192,3,13,0.6833615696284627,0.3168751001723017,7.439644182541458,9,15,1.045342835737979e-05,0.5641453952079452,7,0.47352188749662516,0.003663356464954046,17,0.32274812982870205,0,po-rapec-quality-energy-only-20260731-final-all-tasks,332,3.6133433543389253
0.0,0.0,0.0,0.0,0.0,0.0,0.0,-0.0027052939757986508,0.0,32,9,11,0.8465688795548559,0.32591089775628723,2.482670526858766,35,10,0.00031621436385847833,2.0447998113313552,6,0.2900269883816277,0.005496663410104864,25,0.09190259775031957,1,po-rapec-quality-energy-only-20260731-final-all-tasks,333,0.0
0.0,0.0,0.0,0.0,0.0,0.0,0.0,-0.0027052939757986508,0.0,128,9,5,0.6833615696284627,0.3168751001723017,5.798213323031431,31,15,1.045342835737979e-05,0.5641453952079452,4,0.47352188749662516,0.003663356464954046,25,0.32274812982870205,1,po-rapec-quality-energy-only-20260731-final-all-tasks,334,0.0
0.0,0.0,0.0,0.0,0.0,0.0,0.0,-0.0027052939757986508,0.0,128,10,13,0.1459364027448432,0.37702534449312636,4.334991162647201,16,7,1.6641838613225804e-05,0.6590475889402452,8,0.3898149950426655,0.005212918201704737,18,0.12086516253027227,1,po-rapec-quality-energy-only-20260731-final-all-tasks,335,0.0
0.0,0.0,0.0,0.0,0.0,0.0,0.0,-0.0027052939757986508,0.0,128,15,5,0.6833615696284627,0.27217102153488776,5.798213323031431,11,10,6.915105476917281e-05,0.5641453952079452,4,0.1307143989307438,0.009721796134682235,25,0.47707073925838644,1,po-rapec-quality-energy-only-20260731-final-all-tasks,336,0.0
0.0,0.0,0.0,0.0,0.0,0.0,0.0,-0.0027052939757986508,0.0,32,9,7,0.4030500278134722,0.10589930738809811,6.043676353260931,22,20,0.00031621436385847833,2.733530175207833,5,0.36618906447935307,0.009721796134682235,25,0.09190259775031957,1,po-rapec-quality-energy-only-20260731-final-all-tasks,337,0.0
0.0,0.0,0.0,0.0,0.0,0.0,0.0,-0.0027052939757986508,0.0,128,9,5,0.533903253334211,0.073379064852322,4.334991162647201,11,9,1.5522806283146122e-05,0.6590475889402452,7,0.5282977440563503,0.01026713497013773,24,0.09190259775031957,1,po-rapec-quality-energy-only-20260731-final-all-tasks,338,0.0
0.0,0.0,0.0,0.0,0.0,0.0,0.0,-0.0027052939757986508,0.0,128,15,5,0.533903253334211,0.3168751001723017,4.380056235578614,11,7,1.045342835737979e-05,0.6590475889402452,8,0.3898149950426655,0.003663356464954046,24,0.12086516253027227,1,po-rapec-quality-energy-only-20260731-final-all-tasks,339,0.0
0.0,0.0,0.0,0.0,0.0,0.0,0.0,-0.0027052939757986508,0.0,96,15,7,0.4030500278134722,0.05352255323101623,6.377723359121125,40,18,3.1100937747809476e-06,0.5641453952079452,6,0.5163289402097396,0.00890177678215828,23,0.12086516253027227,1,po-rapec-quality-energy-only-20260731-final-all-tasks,340,0.0
0.0,0.0,0.0,0.0,0.0,0.0,0.0,-0.0027052939757986508,0.0,96,4,5,0.6833615696284627,0.2342710022958256,4.380056235578614,11,7,3.1100937747809476e-06,1.6903495308775263,6,0.1307143989307438,0.006811335798460475,12,0.0791600885457062,1,po-rapec-quality-energy-only-20260731-final-all-tasks,341,0.0
0.0,0.0,0.0,0.0,0.0,0.0,0.0,-0.0027052939757986508,0.0,128,4,7,0.533903253334211,0.10589930738809811,4.371504373658846,11,9,3.1100937747809476e-06,0.6590475889402452,7,0.36618906447935307,0.01026713497013773,23,0.0791600885457062,1,po-rapec-quality-energy-only-20260731-final-all-tasks,342,0.0
0.002724444444444437,0.0,0.01968999999999993,0.07050418679112497,0.002724444444444437,0.0,0.0,0.01698470602420128,7.2783217558406355,128,4,3,0.15597256603747053,0.33528523869555965,4.334991162647201,16,9,8.377749538889109e-06,0.6590475889402452,7,0.3482444033722601,0.024024502205389233,25,0.22739926538452598,0,po-rapec-quality-energy-only-20260731-final-all-tasks,343,7.2783217558406355
0.0,0.0,0.0,0.0,0.0,0.0,0.0,-0.0027052939757986508,0.0,128,9,11,0.5519760012776005,0.08971825174138304,5.798213323031431,36,10,1.045342835737979e-05,0.7418780697061534,7,0.1133751943237745,0.009721796134682235,24,0.09190259775031957,1,po-rapec-quality-energy-only-20260731-final-all-tasks,344,0.0
0.0,0.0,0.0,0.0,0.0,0.0,0.0,-0.0027052939757986508,0.0,128,15,11,0.6833615696284627,0.27217102153488776,5.798213323031431,36,7,6.167206339602892e-06,0.7418780697061534,4,0.6546675247143898,0.009721796134682235,25,0.09190259775031957,1,po-rapec-quality-energy-only-20260731-final-all-tasks,345,0.0
0.0,0.0,0.0,0.0,0.0,0.0,0.0,-0.0027052939757986508,0.0,96,4,7,0.39567814444300553,0.2342710022958256,4.371504373658846,31,20,3.1100937747809476e-06,1.6903495308775263,6,0.11854014677206687,0.06994099124639958,23,0.0791600885457062,1,po-rapec-quality-energy-only-20260731-final-all-tasks,346,0.0
0.0,0.0,0.0,0.0,0.0,0.0,0.0,-0.0027052939757986508,0.0,96,4,7,0.4030500278134722,0.10589930738809811,4.371504373658846,31,8,1.3306903343618884e-06,1.6903495308775263,6,0.6231782888130867,0.06994099124639958,23,0.0791600885457062,1,po-rapec-quality-energy-only-20260731-final-all-tasks,347,0.0
0.0,0.0,0.0,0.0,0.0,0.0,0.0,-0.0027052939757986508,0.0,128,3,13,0.533903253334211,0.08971825174138304,1.6406182907387394,9,7,1.6641838613225804e-05,0.6590475889402452,4,0.37452572438238774,0.002731731463547026,24,0.12086516253027227,1,po-rapec-quality-energy-only-20260731-final-all-tasks,348,0.0
0.0,0.0,0.0,0.0,0.0,0.0,0.0,-0.0027052939757986508,0.0,96,3,7,0.8187331978175824,0.08971825174138304,4.371504373658846,9,20,1.6641838613225804e-05,0.7304981539250575,6,0.37452572438238774,0.002731731463547026,15,0.0791600885457062,1,po-rapec-quality-energy-only-20260731-final-all-tasks,349,0.0
0.0,0.0,0.0,0.0,0.0,0.0,0.0,-0.0027052939757986508,0.0,128,3,10,0.207468365925079,0.37702534449312636,4.334991162647201,16,13,0.0001817230167405515,0.6590475889402452,7,0.3898149950426655,0.009721796134682235,21,0.12879596326261983,1,po-rapec-quality-energy-only-20260731-final-all-tasks,350,0.0
0.0,0.0,0.0,0.0,0.0,0.0,0.0,-0.0027052939757986508,0.0,128,3,8,0.533903253334211,0.37702534449312636,4.334991162647201,19,7,1.045342835737979e-05,1.0111269981805764,7,0.3898149950426655,0.01026713497013773,25,0.12086516253027227,1,po-rapec-quality-energy-only-20260731-final-all-tasks,351,0.0
0.007268127958681018,0.0,0.05502999999999997,0.11538971781052935,0.007268127958681018,0.0,0.0,0.019156502029155295,1.5340015084317755,192,3,5,0.533903253334211,0.3168751001723017,7.439644182541458,20,9,2.3798803073215578e-05,0.5641453952079452,6,0.47352188749662516,0.01026713497013773,24,0.32274812982870205,0,po-rapec-quality-energy-only-20260731-final-all-tasks,352,1.5340015084317755
0.00010809635863586835,0.0,0.0009728672277228151,0.009859454497807504,0.00010809635863586835,0.0,0.0,-0.0027052939757986508,0.1740774609138528,128,15,5,0.2346594747758373,0.3358007855331379,6.9104644808076054,22,9,2.3798803073215578e-05,0.7793352622865081,4,0.2532150002810423,0.01026713497013773,25,0.13316296962220858,0,po-rapec-quality-energy-only-20260731-final-all-tasks,353,0.1740774609138528
0.0,0.0,0.0,0.0,0.0,0.0,0.0,-0.0027052939757986508,0.0,96,9,11,0.5519760012776005,0.22674295449545329,4.371504373658846,31,20,1.1288032926642498e-05,0.7418780697061534,6,0.1133751943237745,0.009721796134682235,25,0.0791600885457062,1,po-rapec-quality-energy-only-20260731-final-all-tasks,354,0.0
0.0005158425440940176,0.0,0.004628239919756805,0.0382475338819904,0.0005158425440940176,0.0,0.0,-0.0027052939757986508,0.20586404037296388,128,15,7,0.39567814444300553,0.06767341500506063,4.371504373658846,27,20,1.3306903343618884e-06,1.7948126287784496,5,0.36618906447935307,0.06994099124639958,25,0.0791600885457062,0,po-rapec-quality-energy-only-20260731-final-all-tasks,355,0.20586404037296388
0.0,0.0,0.0,0.0,0.0,0.0,0.0,-0.0027052939757986508,0.0,128,4,7,0.4030500278134722,0.10589930738809811,4.334991162647201,12,9,8.377749538889109e-06,0.6590475889402452,7,0.3898149950426655,0.005212918201704737,23,0.22739926538452598,1,po-rapec-quality-energy-only-20260731-final-all-tasks,356,0.0
0.0,0.0,0.0,0.0,0.0,0.0,0.0,-0.0027052939757986508,0.0,32,9,7,0.4030500278134722,0.10589930738809811,5.798213323031431,22,20,0.00031621436385847833,2.4847336813778322,5,0.36618906447935307,0.009721796134682235,25,0.0791600885457062,1,po-rapec-quality-energy-only-20260731-final-all-tasks,357,0.0
0.0,0.0,0.0,0.008926372767302898,0.0,0.0,0.0,-0.0027052939757986508,0.0,128,9,11,0.533903253334211,0.27217102153488776,5.798213323031431,16,10,1.5522806283146122e-05,0.6590475889402452,5,0.3898149950426655,0.009721796134682235,25,0.22739926538452598,1,po-rapec-quality-energy-only-20260731-final-all-tasks,358,0.0
0.005631111111111105,0.0,0.05067999999999995,0.04810081879204789,0.005631111111111105,0.0,0.0,0.014806502029155275,1.4127420760916292,128,7,5,0.533903253334211,0.3455045096304409,7.439644182541458,19,18,3.1100937747809476e-06,0.6590475889402452,7,0.4913856595358115,0.01026713497013773,11,0.12086516253027227,0,po-rapec-quality-energy-only-20260731-final-all-tasks,359,1.4127420760916292
0.0,0.0,0.0,0.0,0.0,0.0,0.0,-0.0027052939757986508,0.0,128,15,5,0.6519740535694692,0.2349980539071705,5.798213323031431,22,20,1.3306903343618884e-06,0.5641453952079452,7,0.2532150002810423,0.003781910585863543,23,0.09190259775031957,1,po-rapec-quality-energy-only-20260731-final-all-tasks,360,0.0
0.0,0.0,0.0,0.0,0.0,0.0,0.0,-0.0027052939757986508,0.0,96,4,7,0.4030500278134722,0.14981561565760906,6.9104644808076054,31,20,6.915105476917281e-05,0.5641453952079452,6,0.1307143989307438,0.003663356464954046,12,0.0791600885457062,1,po-rapec-quality-energy-only-20260731-final-all-tasks,361,0.0
0.0,0.0,0.0,0.0,0.0,0.0,0.0,-0.0027052939757986508,0.0,128,3,7,0.6894321429158731,0.06767341500506063,4.371504373658846,27,20,3.1100937747809476e-06,1.7948126287784496,5,0.1285005510766885,0.022580791866286552,25,0.09190259775031957,1,po-rapec-quality-energy-only-20260731-final-all-tasks,362,0.0
0.0,0.0,0.0,0.0,0.0,0.0,0.0,-0.0027052939757986508,0.0,32,3,5,0.15597256603747053,0.05352255323101623,4.334991162647201,16,7,1.5522806283146122e-05,0.5789718320143873,7,0.3898149950426655,0.01026713497013773,25,0.12086516253027227,1,po-rapec-quality-energy-only-20260731-final-all-tasks,363,0.0
0.0,0.0,0.0,0.0063845113015320205,0.0,0.0,0.0,-0.0027052939757986508,0.0,128,9,11,0.5519760012776005,0.37702534449312636,5.798213323031431,36,13,6.167206339602892e-06,2.733530175207833,7,0.7930758523521106,0.024024502205389233,25,0.09190259775031957,1,po-rapec-quality-energy-only-20260731-final-all-tasks,364,0.0
0.005971416827419578,0.0,0.020379999999999954,0.16478807869058007,0.005971416827419578,0.0,0.0,0.011129135879014342,2.2030374388234573,32,9,3,0.533903253334211,0.2924714184079065,4.334991162647201,16,9,1.5522806283146122e-05,2.733530175207833,3,0.3482444033722601,0.024024502205389233,25,0.09190259775031957,0,po-rapec-quality-energy-only-20260731-final-all-tasks,365,2.2030374388234573
0.0,0.0,0.0,0.0,0.0,0.0,0.0,-0.0027052939757986508,0.0,128,15,13,0.2346594747758373,0.14981561565760906,6.9104644808076054,22,16,1.4309171915459122e-06,0.7793352622865081,4,0.2532150002810423,0.005512317866637148,25,0.09383910414147328,1,po-rapec-quality-energy-only-20260731-final-all-tasks,366,0.0
0.05866721373090414,0.5774300907669683,0.14770000000000005,0.5048573984686786,0.05866721373090414,0.5774300907669683,0.07145891108610358,0.12410178055469423,10.265058159456318,96,4,13,0.4030500278134722,0.14981561565760906,4.371504373658846,37,20,1.4309171915459122e-06,1.478318994655364,6,0.36618906447935307,0.022580791866286552,25,0.3930058816992198,0,po-rapec-quality-energy-only-20260731-final-all-tasks,367,10.265058159456318
0.0,0.0,0.0,0.0,0.0,0.0,0.0,-0.0027052939757986508,0.0,192,9,3,0.6833615696284627,0.37702534449312636,4.334991162647201,19,7,1.5522806283146122e-05,0.5641453952079452,7,0.3482444033722601,0.003663356464954046,25,0.12086516253027227,1,po-rapec-quality-energy-only-20260731-final-all-tasks,368,0.0
0.0,0.0,0.0,0.0,0.0,0.0,0.0,-0.0027052939757986508,0.0,128,4,7,0.4030500278134722,0.10589930738809811,4.334991162647201,16,9,8.377749538889109e-06,0.6590475889402452,7,0.3898149950426655,0.005212918201704737,23,0.22739926538452598,1,po-rapec-quality-energy-only-20260731-final-all-tasks,369,0.0
0.0,0.0,0.0,0.0,0.0,0.0,0.0,-0.0027052939757986508,0.0,128,4,11,0.5519760012776005,0.10589930738809811,4.371504373658846,8,10,6.470960649070057e-06,0.7418780697061534,4,0.1133751943237745,0.022580791866286552,23,0.0791600885457062,1,po-rapec-quality-energy-only-20260731-final-all-tasks,370,0.0
0.0,0.0,0.0,0.0,0.0,0.0,0.0,-0.0027052939757986508,0.0,32,6,9,0.533903253334211,0.31321755069083024,2.6031763057168416,16,9,1.5522806283146122e-05,2.0447998113313552,6,0.15932383792494242,0.005496663410104864,15,0.08094265706305803,1,po-rapec-quality-energy-only-20260731-final-all-tasks,371,0.0
0.0,0.0,0.0,0.0,0.0,0.0,0.0,-0.0027052939757986508,0.0,192,3,7,0.533903253334211,0.3455045096304409,7.439644182541458,19,20,1.045342835737979e-05,0.6590475889402452,7,0.47352188749662516,0.01026713497013773,24,0.12086516253027227,1,po-rapec-quality-energy-only-20260731-final-all-tasks,372,0.0
0.019741391189047688,0.3406736843184252,0.059779999999999944,0.30463143070693693,0.019741391189047688,0.3406736843184252,0.0,0.034409135879014424,12.675147435641229,96,3,7,0.7162890367413175,0.06767341500506063,1.6406182907387394,9,8,3.1100937747809476e-06,2.4847336813778322,4,0.36618906447935307,0.022580791866286552,20,0.27605412168594334,0,po-rapec-quality-energy-only-20260731-final-all-tasks,373,12.675147435641229
0.0,0.0,0.0,0.0,0.0,0.0,0.0,-0.0027052939757986508,0.0,128,3,7,0.533903253334211,0.3455045096304409,4.334991162647201,16,9,1.045342835737979e-05,0.6590475889402452,7,0.3898149950426655,0.01026713497013773,24,0.12086516253027227,1,po-rapec-quality-energy-only-20260731-final-all-tasks,374,0.0
0.0,0.0,0.0,0.0011581320613127737,0.0,0.0,0.0,-0.0027052939757986508,0.0,128,9,11,0.5519760012776005,0.27217102153488776,5.798213323031431,36,10,6.167206339602892e-06,0.7418780697061534,4,0.1133751943237745,0.009721796134682235,25,0.09190259775031957,1,po-rapec-quality-energy-only-20260731-final-all-tasks,375,0.0
0.0,0.0,0.0,0.0,0.0,0.0,0.0,-0.0027052939757986508,0.0,128,3,7,0.8465688795548559,0.06767341500506063,2.6432766014020443,27,20,1.045342835737979e-05,1.6903495308775263,4,0.47352188749662516,0.003663356464954046,23,0.12086516253027227,1,po-rapec-quality-energy-only-20260731-final-all-tasks,376,0.0
0.0,0.0,0.0,0.0,0.0,0.0,0.0,-0.0027052939757986508,0.0,32,9,7,0.4030500278134722,0.37702534449312636,4.334991162647201,15,9,1.5522806283146122e-05,0.5496797074676079,7,0.5163289402097396,0.024024502205389233,23,0.0791600885457062,1,po-rapec-quality-energy-only-20260731-final-all-tasks,377,0.0
0.016676707956428487,0.0,0.14770000000000005,0.07587034701091391,0.016676707956428487,0.0,0.0,0.12410178055469423,6.258946796487252,128,9,11,0.537985365955768,0.3168751001723017,5.798213323031431,36,10,6.167206339602892e-06,0.7418780697061534,6,0.1133751943237745,0.009721796134682235,17,0.32274812982870205,0,po-rapec-quality-energy-only-20260731-final-all-tasks,378,6.258946796487252
0.0,0.0,0.0,0.0,0.0,0.0,0.0,-0.0027052939757986508,0.0,32,15,13,0.8465688795548559,0.08971825174138304,4.162376928113808,35,20,0.0001859891861588341,0.7749520394169203,6,0.20511581813868862,0.005512317866637148,25,0.08094265706305803,1,po-rapec-quality-energy-only-20260731-final-all-tasks,379,0.0
0.0,0.0,0.0,0.0,0.0,0.0,0.0,-0.0027052939757986508,0.0,32,15,13,0.7281356031470716,0.35313541185819913,7.439644182541458,26,20,1.4309171915459122e-06,0.7793352622865081,6,0.20511581813868862,0.022825285907995766,25,0.12086516253027227,1,po-rapec-quality-energy-only-20260731-final-all-tasks,380,0.0
0.0,0.0,0.0,0.0,0.0,0.0,0.0,-0.0027052939757986508,0.0,192,15,5,0.6833615696284627,0.3168751001723017,7.439644182541458,31,17,1.045342835737979e-05,0.5641453952079452,6,0.47352188749662516,0.003663356464954046,17,0.32274812982870205,1,po-rapec-quality-energy-only-20260731-final-all-tasks,381,0.0
0.0,0.0,0.0,0.0,0.0,0.0,0.0,-0.0027052939757986508,0.0,128,15,10,0.2346594747758373,0.06767341500506063,5.798213323031431,37,20,1.4309171915459122e-06,1.6903495308775263,7,0.1285005510766885,0.005145861643814959,25,0.09190259775031957,1,po-rapec-quality-energy-only-20260731-final-all-tasks,382,0.0
0.03187324869329323,0.019065487056995515,0.16340000000000005,0.1940969810682074,0.03187324869329323,0.019065487056995515,0.0,0.13980178055469422,6.924251229153804,96,9,13,0.533903253334211,0.3455045096304409,6.532547723676733,9,7,1.6641838613225804e-05,0.6590475889402452,4,0.3898149950426655,0.002731731463547026,11,0.27605412168594334,0,po-rapec-quality-energy-only-20260731-final-all-tasks,383,6.924251229153804
0.005631111111111105,0.0,0.05067999999999995,0.04805992927648537,0.005631111111111105,0.0,0.0,0.014806502029155275,1.4127420760916292,192,3,7,0.8465688795548559,0.06767341500506063,4.380056235578614,11,7,6.915105476917281e-05,0.5641453952079452,4,0.1307143989307438,0.022580791866286552,12,0.09190259775031957,0,po-rapec-quality-energy-only-20260731-final-all-tasks,384,1.4127420760916292
0.0,0.0,0.0,0.0,0.0,0.0,0.0,-0.0027052939757986508,0.0,96,15,13,0.1459364027448432,0.14981561565760906,7.439644182541458,37,7,1.4309171915459122e-06,1.478318994655364,6,0.20511581813868862,0.005512317866637148,25,0.12879596326261983,1,po-rapec-quality-energy-only-20260731-final-all-tasks,385,0.0
0.000941020173073934,0.010423188551814963,0.004830000000000001,0.05589068288565713,0.000941020173073934,0.010423188551814963,0.0,-0.0027052939757986508,0.5221133871205753,128,9,11,0.5519760012776005,0.27217102153488776,5.798213323031431,22,10,6.167206339602892e-06,2.733530175207833,4,0.1133751943237745,0.009721796134682235,25,0.09190259775031957,0,po-rapec-quality-energy-only-20260731-final-all-tasks,386,0.5221133871205753
0.0,0.0,0.0,0.0,0.0,0.0,0.0,-0.0027052939757986508,0.0,128,15,8,0.533903253334211,0.3455045096304409,5.6944174936079355,19,7,1.045342835737979e-05,0.6590475889402452,7,0.3898149950426655,0.01026713497013773,24,0.12086516253027227,1,po-rapec-quality-energy-only-20260731-final-all-tasks,387,0.0
0.06538891408531672,0.5874781052147046,0.15659999999999996,0.5252780115904524,0.06538891408531672,0.5874781052147046,0.13597590510494906,0.13904636762014325,10.209611320280269,128,9,3,0.6716731398637954,0.37702534449312636,4.334991162647201,16,9,1.5522806283146122e-05,2.733530175207833,7,0.37452572438238774,0.01026713497013773,24,0.411681924294289,0,po-rapec-quality-energy-only-20260731-final-all-tasks,388,10.209611320280269
2.2222222222219774e-05,0.0,0.00019999999999997797,0.016208223234338844,2.2222222222219774e-05,0.0,0.0,-0.002505293975798673,0.07392911890136983,128,3,7,0.4030500278134722,0.10589930738809811,1.6406182907387394,9,9,1.045342835737979e-05,0.6590475889402452,7,0.3898149950426655,0.01026713497013773,23,0.27605412168594334,0,po-rapec-quality-energy-only-20260731-final-all-tasks,389,0.07392911890136983
0.0,0.0,0.0,0.0,0.0,0.0,0.0,-0.0027052939757986508,0.0,128,3,11,0.8465688795548559,0.06767341500506063,4.371504373658846,19,20,0.0001859891861588341,2.0447998113313552,6,0.36618906447935307,0.009721796134682235,15,0.08094265706305803,1,po-rapec-quality-energy-only-20260731-final-all-tasks,390,0.0
0.0,0.0,0.0,0.0,0.0,0.0,0.0,-0.0027052939757986508,0.0,128,3,5,0.533903253334211,0.3358007855331379,4.334991162647201,27,20,1.3306903343618884e-06,0.6590475889402452,5,0.1285005510766885,0.01026713497013773,24,0.13316296962220858,1,po-rapec-quality-energy-only-20260731-final-all-tasks,391,0.0
0.0,0.0,0.0,0.004244851489872421,0.0,0.0,0.0,-0.0027052939757986508,0.0,128,3,3,0.2346594747758373,0.06767341500506063,5.798213323031431,22,16,1.3306903343618884e-06,1.6903495308775263,4,0.1285005510766885,0.005145861643814959,15,0.09383910414147328,1,po-rapec-quality-energy-only-20260731-final-all-tasks,392,0.0
0.0,0.0,0.0,0.0,0.0,0.0,0.0,-0.0027052939757986508,0.0,192,3,5,0.6833615696284627,0.3455045096304409,7.439644182541458,19,7,1.045342835737979e-05,0.6590475889402452,7,0.47352188749662516,0.003663356464954046,24,0.12086516253027227,1,po-rapec-quality-energy-only-20260731-final-all-tasks,393,0.0
0.015655555555555558,0.0,0.14090000000000003,0.05437816877872403,0.015655555555555558,0.0,0.0,0.1173017805546942,5.970789462593457,96,12,7,0.8465688795548559,0.06767341500506063,3.3714086783562816,34,20,3.1100937747809476e-06,1.6903495308775263,4,0.36618906447935307,0.022580791866286552,23,0.0791600885457062,0,po-rapec-quality-energy-only-20260731-final-all-tasks,394,5.970789462593457
0.0,0.0,0.0,0.0,0.0,0.0,0.0,-0.0027052939757986508,0.0,128,3,11,0.8465688795548559,0.06767341500506063,5.798213323031431,27,20,0.0001859891861588341,1.6903495308775263,4,0.1285005510766885,0.009721796134682235,15,0.08094265706305803,1,po-rapec-quality-energy-only-20260731-final-all-tasks,395,0.0
0.0,0.0,0.0,0.0,0.0,0.0,0.0,-0.0027052939757986508,0.0,32,6,3,0.18554956484144505,0.37702534449312636,5.798213323031431,31,10,1.5522806283146122e-05,1.0230121255206757,7,0.1133751943237745,0.024024502205389233,25,0.08094265706305803,1,po-rapec-quality-energy-only-20260731-final-all-tasks,396,0.0
0.0,0.0,0.0,0.0,0.0,0.0,0.0,-0.0027052939757986508,0.0,128,6,13,0.8465688795548559,0.08971825174138304,2.482670526858766,27,20,0.0001859891861588341,2.4847336813778322,5,0.36618906447935307,0.009721796134682235,25,0.08094265706305803,1,po-rapec-quality-energy-only-20260731-final-all-tasks,397,0.0
0.0,0.0,0.0,0.0,0.0,0.0,0.0,-0.0027052939757986508,0.0,128,9,5,0.533903253334211,0.27217102153488776,4.334991162647201,36,9,6.167206339602892e-06,0.7418780697061534,7,0.3898149950426655,0.01026713497013773,25,0.09190259775031957,1,po-rapec-quality-energy-only-20260731-final-all-tasks,398,0.0
0.0,0.0,0.0,0.0,0.0,0.0,0.0,-0.0027052939757986508,0.0,192,15,5,0.38793667563191203,0.14981561565760906,7.65916034426419,29,7,6.915105476917281e-05,0.6590475889402452,7,0.3898149950426655,0.003663356464954046,25,0.12879596326261983,1,po-rapec-quality-energy-only-20260731-final-all-tasks,399,0.0
0.0005366666666666667,0.0,0.004830000000000001,0.026126031711687266,0.0005366666666666667,0.0,0.0,-0.0027052939757986508,0.5221133871205753,96,9,13,0.533903253334211,0.37702534449312636,4.334991162647201,16,7,1.6641838613225804e-05,1.5382893106928974,7,0.2532150002810423,0.024024502205389233,25,0.12086516253027227,0,po-rapec-quality-energy-only-20260731-final-all-tasks,400,0.5221133871205753
0.0,0.0,0.0,0.0,0.0,0.0,0.0,-0.0027052939757986508,0.0,192,15,5,0.8465688795548559,0.27217102153488776,2.482670526858766,11,7,0.0001859891861588341,0.5641453952079452,6,0.5787367832285027,0.009721796134682235,25,0.08094265706305803,1,po-rapec-quality-energy-only-20260731-final-all-tasks,401,0.0
0.018269154932299914,0.0,0.14770000000000005,0.098794729946385,0.018269154932299914,0.0,0.0,0.12410178055469423,6.258946796487252,128,15,5,0.1459364027448432,0.20139553485535916,5.798213323031431,9,7,1.6641838613225804e-05,1.3878870877746494,5,0.37452572438238774,0.002731731463547026,18,0.09190259775031957,0,po-rapec-quality-energy-only-20260731-final-all-tasks,402,6.258946796487252
0.0,0.0,0.0,0.0021183874507772794,0.0,0.0,0.0,-0.0027052939757986508,0.0,96,4,7,0.010162962855545021,0.2342710022958256,4.371504373658846,35,20,0.0001859891861588341,2.0447998113313552,6,0.36618906447935307,0.022580791866286552,15,0.0791600885457062,1,po-rapec-quality-energy-only-20260731-final-all-tasks,403,0.0
0.017787114922284315,0.2578440452306179,0.07140000000000002,0.223002267098823,0.017787114922284315,0.2578440452306179,0.0,0.05163990720000014,3.6133433543389253,128,15,8,0.6833615696284627,0.3168751001723017,6.9104644808076054,31,15,1.045342835737979e-05,1.7948126287784496,5,0.1285005510766885,0.003663356464954046,25,0.12879596326261983,0,po-rapec-quality-energy-only-20260731-final-all-tasks,404,3.6133433543389253
0.0,0.0,0.0,0.0,0.0,0.0,0.0,-0.0027052939757986508,0.0,128,3,7,0.533903253334211,0.3455045096304409,7.439644182541458,27,20,1.045342835737979e-05,0.6590475889402452,4,0.36618906447935307,0.0010876981780293556,24,0.06847188824464209,1,po-rapec-quality-energy-only-20260731-final-all-tasks,405,0.0
0.0,0.0,0.0,0.0,0.0,0.0,0.0,-0.0027052939757986508,0.0,128,3,13,0.1459364027448432,0.3455045096304409,7.439644182541458,9,15,1.6641838613225804e-05,0.6590475889402452,7,0.3898149950426655,0.002731731463547026,24,0.12086516253027227,1,po-rapec-quality-energy-only-20260731-final-all-tasks,406,0.0
0.0,0.0,0.0,0.0,0.0,0.0,0.0,-0.0027052939757986508,0.0,32,12,13,0.8465688795548559,0.27217102153488776,5.798213323031431,35,10,1.6641838613225804e-05,0.7793352622865081,4,0.2532150002810423,0.003781910585863543,25,0.12086516253027227,1,po-rapec-quality-energy-only-20260731-final-all-tasks,407,0.0
0.0,0.0,0.0,0.0,0.0,0.0,0.0,-0.0027052939757986508,0.0,96,3,7,0.8465688795548559,0.06767341500506063,4.371504373658846,31,20,3.5122920377554376e-05,1.6903495308775263,6,0.36618906447935307,0.06994099124639958,23,0.09190259775031957,1,po-rapec-quality-energy-only-20260731-final-all-tasks,408,0.0
0.0,0.0,0.0,0.0,0.0,0.0,0.0,-0.0027052939757986508,0.0,96,4,9,0.8564775525461987,0.2342710022958256,4.371504373658846,31,20,3.1100937747809476e-06,1.552618401953044,6,0.36618906447935307,0.022580791866286552,23,0.0791600885457062,1,po-rapec-quality-energy-only-20260731-final-all-tasks,409,0.0
0.0,0.0,0.0,0.0,0.0,0.0,0.0,-0.0027052939757986508,0.0,128,3,5,0.7165961861424903,0.3358007855331379,5.6944174936079355,11,9,0.0001817230167405515,0.6590475889402452,8,0.3898149950426655,0.012340547179072566,24,0.13316296962220858,1,po-rapec-quality-energy-only-20260731-final-all-tasks,410,0.0
0.007933333333333336,0.0,0.07140000000000002,0.07013182465416591,0.007933333333333336,0.0,0.0,0.05163990720000014,3.6133433543389253,192,9,3,0.5033643930330872,0.3455045096304409,4.334991162647201,19,7,1.045342835737979e-05,2.733530175207833,7,0.47352188749662516,0.003663356464954046,21,0.09190259775031957,0,po-rapec-quality-energy-only-20260731-final-all-tasks,411,3.6133433543389253
0.0,0.0,0.0,0.0,0.0,0.0,0.0,-0.0027052939757986508,0.0,64,15,6,0.6519740535694692,0.05352255323101623,7.65916034426419,29,7,1.045342835737979e-05,0.5641453952079452,7,0.360057359189935,0.003663356464954046,23,0.12086516253027227,1,po-rapec-quality-energy-only-20260731-final-all-tasks,412,0.0
0.0,0.0,0.0,0.0,0.0,0.0,0.0,-0.0027052939757986508,0.0,32,6,11,0.8465688795548559,0.3168751001723017,7.439644182541458,35,15,0.0001859891861588341,2.0447998113313552,6,0.5787367832285027,0.003663356464954046,17,0.08094265706305803,1,po-rapec-quality-energy-only-20260731-final-all-tasks,413,0.0
0.0,0.0,0.0,0.0034235017667878366,0.0,0.0,0.0,-0.0027052939757986508,0.0,128,15,5,0.533903253334211,0.2349980539071705,5.6944174936079355,22,9,2.3798803073215578e-05,0.5641453952079452,3,0.2532150002810423,0.01026713497013773,24,0.13316296962220858,1,po-rapec-quality-energy-only-20260731-final-all-tasks,414,0.0
0.004418888888888885,0.0,0.03976999999999997,0.03727898991954173,0.004418888888888885,0.0,0.0,0.0038965020291552993,1.1086178446362294,32,3,11,0.8465688795548559,0.27217102153488776,5.798213323031431,27,20,0.00031621436385847833,1.6903495308775263,2,0.2900269883816277,0.005145861643814959,25,0.09190259775031957,0,po-rapec-quality-energy-only-20260731-final-all-tasks,415,1.1086178446362294
0.0,0.0,0.0,0.0,0.0,0.0,0.0,-0.0027052939757986508,0.0,32,6,7,0.8465688795548559,0.06767341500506063,4.371504373658846,35,18,3.1100937747809476e-06,2.4847336813778322,6,0.5787367832285027,0.022580791866286552,25,0.08094265706305803,1,po-rapec-quality-energy-only-20260731-final-all-tasks,416,0.0
0.0,0.0,0.0,0.0,0.0,0.0,0.0,-0.0027052939757986508,0.0,192,15,5,0.6833615696284627,0.20139553485535916,7.439644182541458,34,7,1.045342835737979e-05,0.6590475889402452,2,0.47352188749662516,0.002731731463547026,18,0.12086516253027227,1,po-rapec-quality-energy-only-20260731-final-all-tasks,417,0.0
0.0,0.0,0.0,0.0,0.0,0.0,0.0,-0.0027052939757986508,0.0,128,3,8,0.4431663707611578,0.37702534449312636,4.334991162647201,19,7,1.5522806283146122e-05,0.6590475889402452,7,0.3898149950426655,0.01026713497013773,24,0.12086516253027227,1,po-rapec-quality-energy-only-20260731-final-all-tasks,418,0.0
0.0,0.0,0.0,0.0,0.0,0.0,0.0,-0.0027052939757986508,0.0,96,4,8,0.533903253334211,0.3455045096304409,4.371504373658846,31,7,0.0001949148555556005,0.6590475889402452,6,0.36618906447935307,0.01026713497013773,23,0.0791600885457062,1,po-rapec-quality-energy-only-20260731-final-all-tasks,419,0.0
0.0,0.0,0.0,0.0,0.0,0.0,0.0,-0.0027052939757986508,0.0,32,3,9,0.533903253334211,0.31321755069083024,2.482670526858766,12,20,0.0001859891861588341,1.163347539401984,6,0.3898149950426655,0.005496663410104864,15,0.08094265706305803,1,po-rapec-quality-energy-only-20260731-final-all-tasks,420,0.0
0.0,0.0,0.0,0.0,0.0,0.0,0.0,-0.0027052939757986508,0.0,128,4,13,0.4030500278134722,0.10589930738809811,1.6406182907387394,31,7,3.1100937747809476e-06,2.1625874601927215,6,0.36618906447935307,0.022580791866286552,24,0.0791600885457062,1,po-rapec-quality-energy-only-20260731-final-all-tasks,421,0.0
0.0,0.0,0.0,0.0,0.0,0.0,0.0,-0.0027052939757986508,0.0,32,6,5,0.533903253334211,0.08066600808775277,7.439644182541458,19,20,0.0001859891861588341,0.6590475889402452,6,0.5787367832285027,0.009721796134682235,19,0.08094265706305803,1,po-rapec-quality-energy-only-20260731-final-all-tasks,422,0.0
0.0,0.0,0.0,0.0,0.0,0.0,0.0,-0.0027052939757986508,0.0,64,15,13,0.2346594747758373,0.06767341500506063,7.439644182541458,37,20,1.4309171915459122e-06,1.6903495308775263,6,0.47352188749662516,0.005512317866637148,25,0.23740169042783094,1,po-rapec-quality-energy-only-20260731-final-all-tasks,423,0.0
0.013303197930701387,0.0,0.05067999999999995,0.15713033118938147,0.013303197930701387,0.0,0.0,0.026439907200000137,2.3380456998663637,32,15,11,0.8465688795548559,0.27217102153488776,7.439644182541458,11,20,0.0001859891861588341,2.0447998113313552,6,0.47352188749662516,0.003663356464954046,25,0.12086516253027227,0,po-rapec-quality-energy-only-20260731-final-all-tasks,424,2.3380456998663637
0.0,0.0,0.0,0.0,0.0,0.0,0.0,-0.0027052939757986508,0.0,192,15,8,0.6833615696284627,0.3455045096304409,6.713967860747886,19,7,2.787792991482191e-05,0.5641453952079452,2,0.3898149950426655,0.003663356464954046,24,0.12086516253027227,1,po-rapec-quality-energy-only-20260731-final-all-tasks,425,0.0
0.0,0.0,0.0,0.0,0.0,0.0,0.0,-0.0027052939757986508,0.0,96,15,7,0.07333701454887034,0.06767341500506063,4.371504373658846,31,20,1.045342835737979e-05,1.6903495308775263,6,0.47352188749662516,0.003663356464954046,23,0.12086516253027227,1,po-rapec-quality-energy-only-20260731-final-all-tasks,426,0.0
0.0,0.0,0.0,0.0,0.0,0.0,0.0,-0.0027052939757986508,0.0,128,3,8,0.533903253334211,0.3455045096304409,7.439644182541458,19,9,1.5522806283146122e-05,2.733530175207833,7,0.3898149950426655,0.01026713497013773,24,0.12086516253027227,1,po-rapec-quality-energy-only-20260731-final-all-tasks,427,0.0
0.008444149879255926,0.0,0.05347999999999997,0.12304464582381887,0.008444149879255926,0.0,0.0,0.0176065020291553,2.0754817873116025,32,9,9,0.8465688795548559,0.31321755069083024,2.482670526858766,22,20,0.0001859891861588341,2.733530175207833,5,0.2900269883816277,0.03955209283524842,15,0.08094265706305803,0,po-rapec-quality-energy-only-20260731-final-all-tasks,428,2.0754817873116025
0.0,0.0,0.0,0.0,0.0,0.0,0.0,-0.0027052939757986508,0.0,128,3,7,0.5519760012776005,0.27217102153488776,4.334991162647201,22,13,0.00010465200439454561,0.6590475889402452,4,0.3898149950426655,0.004566457412727492,25,0.22739926538452598,1,po-rapec-quality-energy-only-20260731-final-all-tasks,429,0.0
0.0,0.0,0.0,0.0,0.0,0.0,0.0,-0.0027052939757986508,0.0,32,15,12,0.6833615696284627,0.14981561565760906,6.9104644808076054,37,20,6.915105476917281e-05,1.478318994655364,6,0.1307143989307438,0.005512317866637148,25,0.06827738402704825,1,po-rapec-quality-energy-only-20260731-final-all-tasks,430,0.0
0.0,0.0,0.0,0.0,0.0,0.0,0.0,-0.0027052939757986508,0.0,64,15,6,0.6519740535694692,0.05352255323101623,1.6406182907387394,9,7,1.045342835737979e-05,0.6590475889402452,7,0.37452572438238774,0.003663356464954046,24,0.12086516253027227,1,po-rapec-quality-energy-only-20260731-final-all-tasks,431,0.0
0.0,0.0,0.0,0.0,0.0,0.0,0.0,-0.0027052939757986508,0.0,192,15,7,0.8465688795548559,0.27217102153488776,5.798213323031431,35,10,0.0001859891861588341,0.7418780697061534,6,0.1133751943237745,0.009721796134682235,23,0.08094265706305803,1,po-rapec-quality-energy-only-20260731-final-all-tasks,432,0.0
0.00010809635863586835,0.0,0.0009728672277228151,0.015285807834566682,0.00010809635863586835,0.0,0.0,-0.0027052939757986508,0.1740774609138528,96,15,7,0.4030500278134722,0.06767341500506063,7.439644182541458,31,20,1.045342835737979e-05,1.227458055136882,6,0.36618906447935307,0.026914086520240053,23,0.4524309105415626,0,po-rapec-quality-energy-only-20260731-final-all-tasks,433,0.1740774609138528
0.000941020173073934,0.010423188551814963,0.004830000000000001,0.05589068288565713,0.000941020173073934,0.010423188551814963,0.0,-0.0027052939757986508,0.5221133871205753,128,9,11,0.8465688795548559,0.27217102153488776,3.6372754937035285,27,10,6.167206339602892e-06,2.733530175207833,4,0.1133751943237745,0.009721796134682235,25,0.09190259775031957,0,po-rapec-quality-energy-only-20260731-final-all-tasks,434,0.5221133871205753
0.010537777777777764,0.0,0.05347999999999997,0.1520894691483437,0.010537777777777764,0.0,0.0,0.018274706024201292,7.755164572754529,128,4,7,0.4030500278134722,0.10589930738809811,5.841498559043835,16,9,8.377749538889109e-06,1.1563835976305437,7,0.6703255463901796,0.005212918201704737,23,0.22739926538452598,0,po-rapec-quality-energy-only-20260731-final-all-tasks,435,7.755164572754529
0.0,0.0,0.0,0.0,0.0,0.0,0.0,-0.0027052939757986508,0.0,192,3,8,0.5309964815178757,0.05352255323101623,7.439644182541458,19,7,0.0006784646556237762,0.6590475889402452,7,0.3898149950426655,0.01026713497013773,24,0.12086516253027227,1,po-rapec-quality-energy-only-20260731-final-all-tasks,436,0.0
0.005914248879972976,0.0,0.04859999999999998,0.07337901127827669,0.005914248879972976,0.0,0.0,0.028839907200000094,2.459502619339939,192,15,5,0.6833615696284627,0.3455045096304409,7.439644182541458,11,7,1.045342835737979e-05,0.6590475889402452,2,0.7891335438293792,0.003663356464954046,23,0.12086516253027227,0,po-rapec-quality-energy-only-20260731-final-all-tasks,437,2.459502619339939
0.005977483212589261,0.0,0.05067999999999995,0.059398134004382604,0.005977483212589261,0.0,0.0,0.014806502029155275,1.4127420760916292,128,9,13,0.5519760012776005,0.06767341500506063,5.798213323031431,22,10,1.3306903343618884e-06,0.7418780697061534,4,0.1133751943237745,0.003781910585863543,12,0.09190259775031957,0,po-rapec-quality-energy-only-20260731-final-all-tasks,438,1.4127420760916292
0.0,0.0,0.0,0.0,0.0,0.0,0.0,-0.0027052939757986508,0.0,128,3,13,0.533903253334211,0.08971825174138304,6.9104644808076054,27,7,1.3306903343618884e-06,1.7948126287784496,7,0.37452572438238774,0.009721796134682235,24,0.12879596326261983,1,po-rapec-quality-energy-only-20260731-final-all-tasks,439,0.0
0.0,0.0,0.0,0.0,0.0,0.0,0.0,-0.0027052939757986508,0.0,32,9,7,0.4030500278134722,0.10589930738809811,5.798213323031431,22,8,0.00031621436385847833,2.4847336813778322,5,0.36618906447935307,0.009721796134682235,25,0.0791600885457062,1,po-rapec-quality-energy-only-20260731-final-all-tasks,440,0.0
0.0,0.0,0.0,0.0,0.0,0.0,0.0,-0.0027052939757986508,0.0,32,8,11,0.8465688795548559,0.08971825174138304,2.482670526858766,35,20,0.0001859891861588341,0.7304981539250575,5,0.5787367832285027,0.009721796134682235,25,0.08094265706305803,1,po-rapec-quality-energy-only-20260731-final-all-tasks,441,0.0
0.0,0.0,0.0,0.0,0.0,0.0,0.0,-0.0027052939757986508,0.0,128,6,3,0.533903253334211,0.11690327175986931,2.482670526858766,8,9,0.0001859891861588341,0.7304981539250575,6,0.37452572438238774,0.009721796134682235,25,0.22739926538452598,1,po-rapec-quality-energy-only-20260731-final-all-tasks,442,0.0
0.0,0.0,0.0,0.0,0.0,0.0,0.0,-0.0027052939757986508,0.0,32,3,8,0.8465688795548559,0.27217102153488776,7.439644182541458,19,7,1.045342835737979e-05,0.7418780697061534,7,0.1133751943237745,0.009721796134682235,24,0.12086516253027227,1,po-rapec-quality-energy-only-20260731-final-all-tasks,443,0.0
0.0,0.0,0.0,0.0,0.0,0.0,0.0,-0.0027052939757986508,0.0,32,9,3,0.8465688795548559,0.27217102153488776,5.798213323031431,21,9,0.00031621436385847833,0.6590475889402452,7,0.2900269883816277,0.005397915144426497,24,0.331848908679875,1,po-rapec-quality-energy-only-20260731-final-all-tasks,444,0.0
0.0,0.0,0.0,0.0,0.0,0.0,0.0,-0.0027052939757986508,0.0,192,7,7,0.4030500278134722,0.1362380708244446,6.377723359121125,40,7,1.045342835737979e-05,0.6590475889402452,8,0.3898149950426655,0.00890177678215828,23,0.18412741051071474,1,po-rapec-quality-energy-only-20260731-final-all-tasks,445,0.0
0.0,0.0,0.0,0.0,0.0,0.0,0.0,-0.0027052939757986508,0.0,32,9,11,0.8465688795548559,0.27217102153488776,4.334991162647201,35,10,1.5522806283146122e-05,2.733530175207833,7,0.1133751943237745,0.024024502205389233,25,0.08094265706305803,1,po-rapec-quality-energy-only-20260731-final-all-tasks,446,0.0
0.0,0.0,0.0,0.0,0.0,0.0,0.0,-0.0027052939757986508,0.0,128,3,13,0.6519740535694692,0.23121464420566407,5.798213323031431,28,20,1.3306903343618884e-06,0.5641453952079452,4,0.36618906447935307,0.003781910585863543,15,0.09190259775031957,1,po-rapec-quality-energy-only-20260731-final-all-tasks,447,0.0
0.0005243535064072639,0.010423188551814963,0.003639181557665405,0.0460030900487017,0.0005243535064072639,0.010423188551814963,0.0,-0.0027052939757986508,0.4596604481053848,128,9,11,0.8465688795548559,0.08715640581544998,3.6372754937035285,27,10,6.167206339602892e-06,2.733530175207833,4,0.1133751943237745,0.009721796134682235,25,0.09190259775031957,1,po-rapec-quality-energy-only-20260731-final-all-tasks,448,0.4596604481053848
0.003065710171987331,0.0,0.012779999999999958,0.12060072602136922,0.003065710171987331,0.0,0.0,0.010074706024201307,4.724070697798037,96,4,5,0.4030500278134722,0.2342710022958256,7.439644182541458,31,15,3.1100937747809476e-06,0.5641453952079452,6,0.36618906447935307,0.022580791866286552,23,0.32274812982870205,0,po-rapec-quality-energy-only-20260731-final-all-tasks,449,4.724070697798037
0.0,0.0,0.0,0.0,0.0,0.0,0.0,-0.0027052939757986508,0.0,128,3,3,0.6519740535694692,0.37702534449312636,4.334991162647201,29,9,1.045342835737979e-05,0.5641453952079452,7,0.3898149950426655,0.003663356464954046,24,0.22739926538452598,1,po-rapec-quality-energy-only-20260731-final-all-tasks,450,0.0
0.0,0.0,0.0,0.005322833837950277,0.0,0.0,0.0,-0.0027052939757986508,0.0,128,3,10,0.6833615696284627,0.06767341500506063,6.9104644808076054,19,20,1.3306903343618884e-06,1.7948126287784496,6,0.1307143989307438,0.009721796134682235,6,0.12879596326261983,1,po-rapec-quality-energy-only-20260731-final-all-tasks,451,0.0
0.0,0.0,0.0,0.0,0.0,0.0,0.0,-0.0027052939757986508,0.0,128,9,11,0.5519760012776005,0.27217102153488776,7.65916034426419,22,7,1.045342835737979e-05,0.5641453952079452,4,0.47352188749662516,0.003663356464954046,23,0.12086516253027227,1,po-rapec-quality-energy-only-20260731-final-all-tasks,452,0.0
0.0,0.0,0.0,0.0,0.0,0.0,0.0,-0.0027052939757986508,0.0,192,3,5,0.38793667563191203,0.05352255323101623,7.65916034426419,11,7,1.7340256499244632e-06,0.6590475889402452,7,0.6424953702034013,0.005212918201704737,25,0.22739926538452598,1,po-rapec-quality-energy-only-20260731-final-all-tasks,453,0.0
0.0,0.0,0.0,0.0063845113015320205,0.0,0.0,0.0,-0.0027052939757986508,0.0,128,4,9,0.5862155066028948,0.3168751001723017,4.371504373658846,31,15,1.3306903343618884e-06,1.552618401953044,6,0.36618906447935307,0.003781910585863543,12,0.09190259775031957,1,po-rapec-quality-energy-only-20260731-final-all-tasks,454,0.0
0.0021333333333333326,0.0,0.019199999999999995,0.05811877184403475,0.0021333333333333326,0.0,0.0,0.009949135879014383,2.0754817873116025,32,9,3,0.8465688795548559,0.06767341500506063,4.334991162647201,16,20,1.5522806283146122e-05,2.733530175207833,4,0.3482444033722601,0.022580791866286552,25,0.09190259775031957,0,po-rapec-quality-energy-only-20260731-final-all-tasks,455,2.0754817873116025
0.0,0.0,0.0,0.0,0.0,0.0,0.0,-0.0027052939757986508,0.0,96,15,5,0.8465688795548559,0.27217102153488776,2.482670526858766,11,7,0.0001859891861588341,0.5641453952079452,6,0.5787367832285027,0.009721796134682235,25,0.08094265706305803,1,po-rapec-quality-energy-only-20260731-final-all-tasks,456,0.0
0.05883744073615502,0.5294454031553081,0.16340000000000005,0.47025081368735144,0.05883744073615502,0.5294454031553081,0.16213592981564942,0.13980178055469422,8.032525516587752,128,15,5,0.533903253334211,0.3358007855331379,3.6372754937035285,27,10,6.167206339602892e-06,2.733530175207833,4,0.1133751943237745,0.01026713497013773,24,0.13316296962220858,0,po-rapec-quality-energy-only-20260731-final-all-tasks,457,8.032525516587752
0.0,0.0,0.0,0.0,0.0,0.0,0.0,-0.0027052939757986508,0.0,32,3,7,0.39567814444300553,0.06767341500506063,4.371504373658846,16,20,1.3306903343618884e-06,2.733530175207833,6,0.3482444033722601,0.024024502205389233,23,0.0791600885457062,1,po-rapec-quality-energy-only-20260731-final-all-tasks,458,0.0
0.0,0.0,0.0,0.0,0.0,0.0,0.0,-0.0027052939757986508,0.0,96,10,13,0.6519740535694692,0.05352255323101623,7.439644182541458,9,7,5.860040860884017e-06,1.8405665790405619,4,0.19743005729433055,0.01026713497013773,24,0.12086516253027227,1,po-rapec-quality-energy-only-20260731-final-all-tasks,459,0.0
0.0,0.0,0.0,0.0,0.0,0.0,0.0,-0.0027052939757986508,0.0,96,3,7,0.4030500278134722,0.06767341500506063,4.371504373658846,31,20,3.1100937747809476e-06,1.6903495308775263,4,0.36618906447935307,0.022580791866286552,20,0.0791600885457062,1,po-rapec-quality-energy-only-20260731-final-all-tasks,460,0.0
0.0,0.0,0.0,0.0,0.0,0.0,0.0,-0.0027052939757986508,0.0,96,3,7,0.39567814444300553,0.06767341500506063,4.371504373658846,31,20,1.3306903343618884e-06,1.6903495308775263,8,0.36618906447935307,0.06994099124639958,23,0.0791600885457062,1,po-rapec-quality-energy-only-20260731-final-all-tasks,461,0.0
0.007976872332823298,0.0,0.05067999999999995,0.10524735052239971,0.007976872332823298,0.0,0.0,0.014806502029155275,1.4127420760916292,128,15,13,0.1459364027448432,0.35313541185819913,5.798213323031431,22,20,1.3306903343618884e-06,1.0128980476535556,5,0.2532150002810423,0.003781910585863543,12,0.40152679259954227,0,po-rapec-quality-energy-only-20260731-final-all-tasks,462,1.4127420760916292
0.0,0.0,0.0,0.0,0.0,0.0,0.0,-0.0027052939757986508,0.0,32,9,13,0.4030500278134722,0.20139553485535916,5.798213323031431,9,7,0.00031621436385847833,0.6590475889402452,5,0.37452572438238774,0.009721796134682235,18,0.12086516253027227,1,po-rapec-quality-energy-only-20260731-final-all-tasks,463,0.0
0.0,0.0,0.0,0.0,0.0,0.0,0.0,-0.0027052939757986508,0.0,128,4,13,0.8465688795548559,0.08971825174138304,2.482670526858766,9,16,1.4309171915459122e-06,0.7793352622865081,4,0.37452572438238774,0.005512317866637148,25,0.08094265706305803,1,po-rapec-quality-energy-only-20260731-final-all-tasks,464,0.0
0.0,0.0,0.0,0.0,0.0,0.0,0.0,-0.0027052939757986508,0.0,128,3,5,0.533903253334211,0.27217102153488776,7.439644182541458,19,7,1.045342835737979e-05,0.6590475889402452,4,0.1133751943237745,0.01026713497013773,25,0.12086516253027227,1,po-rapec-quality-energy-only-20260731-final-all-tasks,465,0.0
0.0,0.0,0.0,0.0,0.0,0.0,0.0,-0.0027052939757986508,0.0,128,3,11,0.7643560677163564,0.27217102153488776,5.601342983003216,22,10,1.5522806283146122e-05,0.6590475889402452,4,0.36611510682472603,0.004438480336826968,25,0.09190259775031957,1,po-rapec-quality-energy-only-20260731-final-all-tasks,466,0.0
0.0,0.0,0.0,0.0,0.0,0.0,0.0,-0.0027052939757986508,0.0,32,9,11,0.5519760012776005,0.37702534449312636,5.798213323031431,16,10,1.5522806283146122e-05,0.7418780697061534,4,0.3482444033722601,0.009721796134682235,25,0.09190259775031957,1,po-rapec-quality-energy-only-20260731-final-all-tasks,467,0.0
0.0,0.0,0.0,0.0,0.0,0.0,0.0,-0.0027052939757986508,0.0,128,3,5,0.7165961861424903,0.3455045096304409,7.439644182541458,19,13,1.045342835737979e-05,0.6590475889402452,7,0.3898149950426655,0.01026713497013773,24,0.22739926538452598,1,po-rapec-quality-energy-only-20260731-final-all-tasks,468,0.0
0.0,0.0,0.0,0.0,0.0,0.0,0.0,-0.0027052939757986508,0.0,128,3,5,0.8686170412379799,0.3455045096304409,7.439644182541458,19,20,1.045342835737979e-05,0.6590475889402452,4,0.3898149950426655,0.022580791866286552,24,0.12086516253027227,1,po-rapec-quality-energy-only-20260731-final-all-tasks,469,0.0
1.593664121039377e-06,0.0,1.4342977089354392e-05,0.004344170590741174,1.593664121039377e-06,0.0,0.0,-0.0027052939757986508,0.0018116434070652306,96,10,13,0.1459364027448432,0.4132614478466744,7.439644182541458,9,10,6.167206339602892e-06,0.6590475889402452,4,0.1133751943237745,0.002731731463547026,25,0.12086516253027227,0,po-rapec-quality-energy-only-20260731-final-all-tasks,470,0.0018116434070652306
0.07131407888982778,0.6182409758422207,0.16340000000000005,0.5652118335688476,0.07131407888982778,0.6182409758422207,0.1445596501231503,0.14084636762014327,12.675147435641229,32,6,11,0.8465688795548559,0.27217102153488776,5.798213323031431,35,10,6.167206339602892e-06,2.0447998113313552,4,0.5787367832285027,0.009721796134682235,25,0.4159268290692682,0,po-rapec-quality-energy-only-20260731-final-all-tasks,471,12.675147435641229
0.0,0.0,0.0,0.005322833837950277,0.0,0.0,0.0,-0.0027052939757986508,0.0,96,9,7,0.8465688795548559,0.09359503324234911,5.798213323031431,22,20,0.00031621436385847833,2.4847336813778322,6,0.36618906447935307,0.0013448367228373476,25,0.0791600885457062,1,po-rapec-quality-energy-only-20260731-final-all-tasks,472,0.0
0.0,0.0,0.0,0.0063845113015320205,0.0,0.0,0.0,-0.0027052939757986508,0.0,128,9,11,0.8465688795548559,0.27217102153488776,5.403084432068228,16,10,1.5522806283146122e-05,2.733530175207833,7,0.3482444033722601,0.009721796134682235,25,0.09190259775031957,1,po-rapec-quality-energy-only-20260731-final-all-tasks,473,0.0
0.0,0.0,0.0,0.0,0.0,0.0,0.0,-0.0027052939757986508,0.0,64,3,8,0.6519740535694692,0.3455045096304409,7.439644182541458,29,7,1.045342835737979e-05,1.9488904083048062,7,0.3898149950426655,0.01026713497013773,24,0.12086516253027227,1,po-rapec-quality-energy-only-20260731-final-all-tasks,474,0.0
0.0,0.0,0.0,0.0,0.0,0.0,0.0,-0.0027052939757986508,0.0,192,9,7,0.38793667563191203,0.10589930738809811,5.901754525707168,33,7,0.00031621436385847833,2.4847336813778322,5,0.36618906447935307,0.009721796134682235,25,0.0791600885457062,1,po-rapec-quality-energy-only-20260731-final-all-tasks,475,0.0
0.0,0.0,0.0,0.0,0.0,0.0,0.0,-0.0027052939757986508,0.0,128,3,7,0.8465688795548559,0.10589930738809811,4.371504373658846,31,20,1.3306903343618884e-06,1.6903495308775263,6,0.31719805620359387,0.022580791866286552,15,0.09190259775031957,1,po-rapec-quality-energy-only-20260731-final-all-tasks,476,0.0
0.0,0.0,0.0,0.0,0.0,0.0,0.0,-0.0027052939757986508,0.0,128,3,6,0.6519740535694692,0.05352255323101623,5.6944174936079355,19,7,0.0001935145052332143,0.6590475889402452,7,0.7891335438293792,0.01026713497013773,24,0.12086516253027227,1,po-rapec-quality-energy-only-20260731-final-all-tasks,477,0.0
0.0,0.0,0.0,0.0031628626167402914,0.0,0.0,0.0,-0.0027052939757986508,0.0,32,9,3,0.533903253334211,0.37702534449312636,4.334991162647201,19,9,1.045342835737979e-05,2.733530175207833,7,0.3482444033722601,0.024024502205389233,25,0.09190259775031957,1,po-rapec-quality-energy-only-20260731-final-all-tasks,478,0.0
0.0,0.0,0.0,0.0,0.0,0.0,0.0,-0.0027052939757986508,0.0,32,15,12,0.6519740535694692,0.14981561565760906,4.785890302332111,22,7,1.3306903343618884e-06,0.5641453952079452,7,0.1307143989307438,0.003663356464954046,12,0.12879596326261983,1,po-rapec-quality-energy-only-20260731-final-all-tasks,479,0.0
0.0,0.0,0.0,0.0,0.0,0.0,0.0,-0.0027052939757986508,0.0,32,6,11,0.8465688795548559,0.27217102153488776,2.482670526858766,35,15,0.0001859891861588341,2.0447998113313552,6,0.5787367832285027,0.009721796134682235,25,0.08094265706305803,1,po-rapec-quality-energy-only-20260731-final-all-tasks,480,0.0
0.0,0.0,0.0,0.0,0.0,0.0,0.0,-0.0027052939757986508,0.0,32,15,5,0.6519740535694692,0.08971825174138304,5.798213323031431,22,20,1.292414444739536e-06,0.7304981539250575,7,0.2532150002810423,0.003781910585863543,25,0.08094265706305803,1,po-rapec-quality-energy-only-20260731-final-all-tasks,481,0.0
0.0,0.0,0.0,0.0,0.0,0.0,0.0,-0.0027052939757986508,0.0,128,7,7,0.207468365925079,0.06767341500506063,6.9104644808076054,27,18,1.3306903343618884e-06,0.5496797074676079,5,0.5163289402097396,0.00890177678215828,25,0.0791600885457062,1,po-rapec-quality-energy-only-20260731-final-all-tasks,482,0.0
0.0,0.0,0.0,0.0,0.0,0.0,0.0,-0.0027052939757986508,0.0,192,3,9,0.38793667563191203,0.05352255323101623,4.371504373658846,31,10,0.0001949148555556005,0.6590475889402452,6,0.36618906447935307,0.01026713497013773,23,0.12029634909446668,1,po-rapec-quality-energy-only-20260731-final-all-tasks,483,0.0
0.0,0.0,0.0,0.009546040417031705,0.0,0.0,0.0,-0.0027052939757986508,0.0,192,3,8,0.1459364027448432,0.3455045096304409,7.439644182541458,19,7,1.045342835737979e-05,0.6590475889402452,4,0.3898149950426655,0.01026713497013773,18,0.12086516253027227,1,po-rapec-quality-energy-only-20260731-final-all-tasks,484,0.0
0.0056475822133063135,0.0,0.04620000000000002,0.07723009192140085,0.0056475822133063135,0.0,0.0,0.026439907200000137,2.3380456998663637,192,15,5,0.07333701454887034,0.27217102153488776,7.439644182541458,11,20,1.045342835737979e-05,1.6903495308775263,6,0.47352188749662516,0.07697886644491782,25,0.08094265706305803,0,po-rapec-quality-energy-only-20260731-final-all-tasks,485,2.3380456998663637
0.0,0.0,0.0,0.0011581320613127737,0.0,0.0,0.0,-0.0027052939757986508,0.0,32,15,10,0.207468365925079,0.14981561565760906,6.9104644808076054,27,7,1.3306903343618884e-06,0.5641453952079452,5,0.1285005510766885,0.009721796134682235,25,0.12879596326261983,1,po-rapec-quality-energy-only-20260731-final-all-tasks,486,0.0
0.0,0.0,0.0,0.0,0.0,0.0,0.0,-0.0027052939757986508,0.0,32,4,7,0.4030500278134722,0.2342710022958256,5.798213323031431,31,20,3.1100937747809476e-06,1.6903495308775263,5,0.36618906447935307,0.009721796134682235,25,0.0791600885457062,1,po-rapec-quality-energy-only-20260731-final-all-tasks,487,0.0
0.0,0.0,0.0,0.0,0.0,0.0,0.0,-0.0027052939757986508,0.0,128,10,14,0.4030500278134722,0.10589930738809811,4.334991162647201,16,13,8.377749538889109e-06,0.6590475889402452,7,0.3898149950426655,0.005212918201704737,23,0.22739926538452598,1,po-rapec-quality-energy-only-20260731-final-all-tasks,488,0.0
0.0,0.0,0.0,0.0,0.0,0.0,0.0,-0.0027052939757986508,0.0,32,4,7,0.8465688795548559,0.10589930738809811,4.371504373658846,31,10,0.0001859891861588341,2.4847336813778322,6,0.36618906447935307,0.009721796134682235,25,0.08094265706305803,1,po-rapec-quality-energy-only-20260731-final-all-tasks,489,0.0
0.0,0.0,0.0,0.0,0.0,0.0,0.0,-0.0027052939757986508,0.0,128,10,13,0.1459364027448432,0.27217102153488776,5.798213323031431,36,7,1.6641838613225804e-05,0.6590475889402452,4,0.1133751943237745,0.002731731463547026,25,0.09190259775031957,1,po-rapec-quality-energy-only-20260731-final-all-tasks,490,0.0
0.00017905965526463107,0.0,0.0016115368973816796,0.010918271607887461,0.00017905965526463107,0.0,0.0,-0.0027052939757986508,0.2883561531020335,96,11,5,0.6833615696284627,0.3168751001723017,4.371504373658846,11,7,6.915105476917281e-05,0.5641453952079452,8,0.1307143989307438,0.009311702706589544,12,0.47707073925838644,0,po-rapec-quality-energy-only-20260731-final-all-tasks,491,0.2883561531020335
0.011669239069792114,0.0,0.05502999999999997,0.1920613770341454,0.011669239069792114,0.0,0.0,0.02491470602420127,10.209611320280269,128,3,7,0.533903253334211,0.08971825174138304,1.6406182907387394,27,20,0.00011966977014717094,2.4847336813778322,7,0.36618906447935307,0.01026713497013773,24,0.27605412168594334,0,po-rapec-quality-energy-only-20260731-final-all-tasks,492,10.209611320280269
0.015563375880852794,0.0,0.05502999999999997,0.24207570486393573,0.015563375880852794,0.0,0.0,0.034409135879014424,9.629267736904467,32,3,13,0.533903253334211,0.39264976486996167,5.798213323031431,9,20,0.00031621436385847833,2.4847336813778322,5,0.37452572438238774,0.01026713497013773,24,0.27605412168594334,0,po-rapec-quality-energy-only-20260731-final-all-tasks,493,9.629267736904467
0.0,0.0,0.0,0.008926372767302898,0.0,0.0,0.0,-0.0027052939757986508,0.0,128,12,13,0.1459364027448432,0.34999379407069664,4.334991162647201,16,7,0.0001817230167405515,0.7793352622865081,7,0.37957428236762525,0.003781910585863543,21,0.22739926538452598,1,po-rapec-quality-energy-only-20260731-final-all-tasks,494,0.0
0.0,0.0,0.0,0.0,0.0,0.0,0.0,-0.0027052939757986508,0.0,128,3,3,0.207468365925079,0.06767341500506063,6.9104644808076054,27,20,0.0001859891861588341,2.0447998113313552,5,0.5787367832285027,0.009721796134682235,25,0.12879596326261983,1,po-rapec-quality-energy-only-20260731-final-all-tasks,495,0.0
0.0,0.0,0.0,0.008630799723932174,0.0,0.0,0.0,-0.0027052939757986508,0.0,96,7,7,0.4030500278134722,0.37702534449312636,6.377723359121125,40,18,3.1100937747809476e-06,0.5496797074676079,6,0.5163289402097396,0.00890177678215828,23,0.14056704391919783,1,po-rapec-quality-energy-only-20260731-final-all-tasks,496,0.0
0.0,0.0,0.0,0.0,0.0,0.0,0.0,-0.0027052939757986508,0.0,192,15,12,0.5519760012776005,0.14981561565760906,6.9104644808076054,19,14,6.915105476917281e-05,0.7418780697061534,6,0.1133751943237745,0.003663356464954046,25,0.12879596326261983,1,po-rapec-quality-energy-only-20260731-final-all-tasks,497,0.0
0.0,0.0,0.0,0.0,0.0,0.0,0.0,-0.0027052939757986508,0.0,64,3,6,0.6519740535694692,0.06767341500506063,4.371504373658846,29,7,5.860040860884017e-06,1.6903495308775263,7,0.19743005729433055,0.06994099124639958,23,0.12086516253027227,1,po-rapec-quality-energy-only-20260731-final-all-tasks,498,0.0
0.006114444444444441,0.0,0.05502999999999997,0.05373971124328054,0.006114444444444441,0.0,0.0,0.019156502029155295,1.5340015084317755,32,3,14,0.7165961861424903,0.37702534449312636,4.334991162647201,16,13,0.0001817230167405515,0.6590475889402452,7,0.3898149950426655,0.009721796134682235,21,0.22739926538452598,0,po-rapec-quality-energy-only-20260731-final-all-tasks,499,1.5340015084317755
