mean_quality_regret,median_energy_saving_fraction,metric_maximum_quality_regret,metric_mean_energy_saving_fraction,metric_mean_quality_regret,metric_median_energy_saving_fraction,metric_minimum_energy_saving_fraction,metric_quality_constraint,metric_worst_normalized_quality_regret,param_bootstrap_samples,param_horizon_epochs,param_knn_neighbors,param_late_stage_relaxation,param_max_probability_gain_gt_threshold,param_max_uncertainty_to_gain_ratio,param_min_epochs_floor,param_min_fit_points,param_min_meaningful_gain,param_noise_multiplier,param_patience,param_recent_gain_fraction,param_remaining_room_fraction,param_trend_window,param_utility_quantile,pareto_optimal,study,trial_number,worst_normalized_quality_regret
0.0,0.0,0.0,0.0,0.0,0.0,0.0,-0.0027052939757986508,0.0,128,4,6,0.41452381737976907,0.1410290444810116,2.6496537337886323,37,18,7.317840259770498e-05,1.3932819177680424,7,0.6834472049898949,0.07951135592238279,24,0.05828293110366632,1,po-rapec-quality-energy-only-20260731-loto-image_classification,12,0.0
0.0,0.0,0.0,0.0,0.0,0.0,0.0,-0.0027052939757986508,0.0,96,14,9,0.5266247607639659,0.17405247584195527,6.150737706294037,32,13,7.325495096938993e-05,0.9448948213257714,5,0.5586864862458961,0.0016719805822536914,20,0.17545332051181672,1,po-rapec-quality-energy-only-20260731-loto-image_classification,22,0.0
0.0,0.0,0.0,0.0,0.0,0.0,0.0,-0.0027052939757986508,0.0,32,9,9,0.40007386046799703,0.0594298496279663,3.513556591642165,39,14,1.406552743547534e-05,0.8697313713390136,7,0.6334384967079986,0.0025451482292334886,16,0.32903555636652243,1,po-rapec-quality-energy-only-20260731-loto-image_classification,24,0.0
0.0,0.0,0.0,0.0,0.0,0.0,0.0,-0.0027052939757986508,0.0,64,12,15,0.7830432412324437,0.38023792892044056,4.486094828699359,37,17,1.4991935286786222e-05,0.7626326912820992,8,0.31288195346877945,0.007657144237907481,7,0.2662549847121198,1,po-rapec-quality-energy-only-20260731-loto-image_classification,28,0.0
0.0,0.0,0.0,0.0,0.0,0.0,0.0,-0.0027052939757986508,0.0,64,10,13,0.8074454469112439,0.06068837082641152,1.6332965895896687,30,6,1.6100870664000396e-06,2.0010288378888585,6,0.49520614344949454,0.001792100521436324,8,0.34046244347163673,1,po-rapec-quality-energy-only-20260731-loto-image_classification,29,0.0
0.0,0.0,0.0,0.0,0.0,0.0,0.0,-0.0027052939757986508,0.0,192,9,4,0.0326382449152199,0.06912480202123095,3.8030605803288573,13,6,6.766072885242129e-05,1.8584900718538018,7,0.7155474704984082,0.0036116795472184065,20,0.050965658762377825,1,po-rapec-quality-energy-only-20260731-loto-image_classification,30,0.0
0.0,0.0,0.0,0.0,0.0,0.0,0.0,-0.0027052939757986508,0.0,192,12,10,0.7226675771118557,0.14784535942402832,4.630043528031806,36,8,2.6607478225334853e-06,2.396884733652753,8,0.20959092249371586,0.005887368141784676,18,0.06584375559245834,1,po-rapec-quality-energy-only-20260731-loto-image_classification,40,0.0
0.0,0.0,0.0,0.0,0.0,0.0,0.0,-0.0027052939757986508,0.0,192,5,9,0.5266247607639659,0.06912480202123095,6.150737706294037,32,13,7.325495096938993e-05,1.8584900718538018,5,0.7155474704984082,0.0016719805822536914,20,0.050965658762377825,1,po-rapec-quality-energy-only-20260731-loto-image_classification,44,0.0
0.0,0.0,0.0,0.0,0.0,0.0,0.0,-0.0027052939757986508,0.0,192,12,15,0.007273075554029418,0.21135124934810945,4.486094828699359,37,9,1.4991935286786222e-05,0.7626326912820992,8,0.31288195346877945,0.002081313393731117,24,0.15224056127498586,1,po-rapec-quality-energy-only-20260731-loto-image_classification,48,0.0
0.0,0.0,0.0,0.0,0.0,0.0,0.0,-0.0027052939757986508,0.0,128,10,3,0.41452381737976907,0.1410290444810116,2.6496537337886323,27,12,7.262115431463333e-05,2.515286349276147,7,0.6834472049898949,0.07951135592238279,24,0.05828293110366632,1,po-rapec-quality-energy-only-20260731-loto-image_classification,56,0.0
0.0,0.0,0.0,0.0,0.0,0.0,0.0,-0.0027052939757986508,0.0,64,12,15,0.7830432412324437,0.28323678428899857,2.3487819220859696,37,14,1.4991935286786222e-05,0.7626326912820992,8,0.31288195346877945,0.0016912061097082627,7,0.2647539115000879,1,po-rapec-quality-energy-only-20260731-loto-image_classification,69,0.0
0.0,0.0,0.0,0.0,0.0,0.0,0.0,-0.0027052939757986508,0.0,96,14,9,0.5266247607639659,0.17405247584195527,6.150737706294037,32,13,7.325495096938993e-05,0.9448948213257714,5,0.5586864862458961,0.0016719805822536914,20,0.17545332051181672,1,po-rapec-quality-energy-only-20260731-loto-image_classification,74,0.0
0.0002950358646364078,0.02873030085689409,0.0017702151878184469,0.03948080092491862,0.0002950358646364078,0.02873030085689409,0.0,-0.0027052939757986508,0.31674883929215086,128,9,11,0.5266247607639659,0.23803736491056932,7.542044349045726,32,13,0.0006632208878954472,0.8679541744607753,5,0.5586864862458961,0.017745565306338872,20,0.17545332051181672,1,po-rapec-quality-energy-only-20260731-loto-image_classification,75,0.31674883929215086
0.0,0.0,0.0,0.0,0.0,0.0,0.0,-0.0027052939757986508,0.0,64,10,13,0.7736934494444573,0.06068837082641152,4.3916098027540516,30,19,2.552287024938578e-06,1.3061671325282904,6,0.28528387600224014,0.001792100521436324,8,0.48326852967494605,1,po-rapec-quality-energy-only-20260731-loto-image_classification,79,0.0
0.0,0.0,0.0,0.0,0.0,0.0,0.0,-0.0027052939757986508,0.0,64,9,4,0.43551280850452934,0.23995316709003361,3.8030605803288573,13,17,6.766072885242129e-05,1.4465442765218681,5,0.7155474704984082,0.0036116795472184065,20,0.050965658762377825,1,po-rapec-quality-energy-only-20260731-loto-image_classification,82,0.0
0.0,0.0,0.0,0.0,0.0,0.0,0.0,-0.0027052939757986508,0.0,192,12,9,0.41452381737976907,0.1410290444810116,4.630043528031806,36,12,7.262115431463333e-05,2.515286349276147,8,0.20959092249371586,0.005887368141784676,18,0.06584375559245834,1,po-rapec-quality-energy-only-20260731-loto-image_classification,83,0.0
0.0,0.0,0.0,0.011165715219462987,0.0,0.0,0.0,-0.0027052939757986508,0.0,128,4,6,0.41452381737976907,0.1410290444810116,2.6496537337886323,21,18,4.222418549245097e-06,1.3932819177680424,7,0.6834472049898949,0.07951135592238279,9,0.05828293110366632,1,po-rapec-quality-energy-only-20260731-loto-image_classification,88,0.0
0.0,0.0,0.0,0.0,0.0,0.0,0.0,-0.0027052939757986508,0.0,192,9,4,0.38309495915804653,0.06912480202123095,7.636000409430745,38,6,6.766072885242129e-05,1.4864856319954975,2,0.7155474704984082,0.0036116795472184065,16,0.050965658762377825,1,po-rapec-quality-energy-only-20260731-loto-image_classification,92,0.0
0.0,0.0,0.0,0.0,0.0,0.0,0.0,-0.0027052939757986508,0.0,64,15,15,0.5737204587532738,0.21135124934810945,4.486094828699359,37,8,2.6607478225334853e-06,0.7626326912820992,8,0.14137008226065217,0.011390316927797746,17,0.06584375559245834,1,po-rapec-quality-energy-only-20260731-loto-image_classification,93,0.0
0.0,0.0,0.0,0.0,0.0,0.0,0.0,-0.0027052939757986508,0.0,32,9,9,0.5266247607639659,0.0594298496279663,7.542044349045726,39,13,0.0006632208878954472,0.8697313713390136,7,0.6334384967079986,0.0025451482292334886,16,0.32903555636652243,1,po-rapec-quality-energy-only-20260731-loto-image_classification,94,0.0
0.0,0.0,0.0,0.0,0.0,0.0,0.0,-0.0027052939757986508,0.0,64,12,15,0.7830432412324437,0.28323678428899857,4.409741686021489,26,14,6.228178544372028e-06,0.7626326912820992,8,0.6744736674180155,0.0016912061097082627,7,0.2647539115000879,1,po-rapec-quality-energy-only-20260731-loto-image_classification,96,0.0
0.0,0.0,0.0,0.0,0.0,0.0,0.0,-0.0027052939757986508,0.0,96,10,9,0.40007386046799703,0.17405247584195527,3.513556591642165,32,13,1.406552743547534e-05,0.8697313713390136,7,0.6334384967079986,0.0016719805822536914,20,0.17545332051181672,1,po-rapec-quality-energy-only-20260731-loto-image_classification,100,0.0
0.0,0.0,0.0,0.0,0.0,0.0,0.0,-0.0027052939757986508,0.0,64,12,15,0.7830432412324437,0.38023792892044056,3.6928042301735955,37,17,1.4991935286786222e-05,0.7626326912820992,8,0.31288195346877945,0.007657144237907481,7,0.1413933032323315,1,po-rapec-quality-energy-only-20260731-loto-image_classification,101,0.0
0.0,0.0,0.0,0.0,0.0,0.0,0.0,-0.0027052939757986508,0.0,192,14,15,0.520369685857367,0.21135124934810945,4.455340681177996,9,9,3.941062028729359e-05,0.7626326912820992,8,0.6902980689723464,0.002081313393731117,19,0.23532791489862132,1,po-rapec-quality-energy-only-20260731-loto-image_classification,103,0.0
0.0,0.0,0.0,0.0,0.0,0.0,0.0,-0.0027052939757986508,0.0,96,14,9,0.5266247607639659,0.17405247584195527,6.150737706294037,32,13,7.325495096938993e-05,0.9448948213257714,5,0.5586864862458961,0.0016719805822536914,20,0.17545332051181672,1,po-rapec-quality-energy-only-20260731-loto-image_classification,104,0.0
0.0,0.0,0.0,0.0,0.0,0.0,0.0,-0.0027052939757986508,0.0,192,12,15,0.34532934090191253,0.21135124934810945,4.486094828699359,37,6,1.4991935286786222e-05,0.7626326912820992,8,0.6744736674180155,0.0038265241338148615,24,0.15224056127498586,1,po-rapec-quality-energy-only-20260731-loto-image_classification,105,0.0
0.0,0.0,0.0,0.0,0.0,0.0,0.0,-0.0027052939757986508,0.0,192,13,9,0.7226675771118557,0.14784535942402832,4.630043528031806,36,8,0.00011735190405435424,2.396884733652753,8,0.20959092249371586,0.005887368141784676,18,0.06584375559245834,1,po-rapec-quality-energy-only-20260731-loto-image_classification,106,0.0
0.0,0.0,0.0,0.0,0.0,0.0,0.0,-0.0027052939757986508,0.0,96,14,9,0.007273075554029418,0.17405247584195527,4.486094828699359,13,9,7.325495096938993e-05,0.9448948213257714,6,0.31288195346877945,0.0016719805822536914,24,0.17545332051181672,1,po-rapec-quality-energy-only-20260731-loto-image_classification,108,0.0
0.0,0.0,0.0,0.0,0.0,0.0,0.0,-0.0027052939757986508,0.0,192,12,3,0.18462020390088044,0.14784535942402832,4.630043528031806,36,8,4.1451441115283384e-06,2.9381003960157575,8,0.14137008226065217,0.0014096437911512944,18,0.06584375559245834,1,po-rapec-quality-energy-only-20260731-loto-image_classification,109,0.0
0.0,0.0,0.0,0.0,0.0,0.0,0.0,-0.0027052939757986508,0.0,64,10,13,0.014373349888897491,0.06068837082641152,3.308739757153865,30,19,0.0006324427454284965,1.3061671325282904,6,0.5156650632954861,0.005573717938616659,8,0.40864378611125524,1,po-rapec-quality-energy-only-20260731-loto-image_classification,110,0.0
0.0004317286013093835,0.04985009721476392,0.002390371607856323,0.058320820178735244,0.0004317286013093835,0.04985009721476392,0.0,-0.002505293975798673,0.42771491142751156,64,12,14,0.38309495915804653,0.38023792892044056,4.414303330410867,37,17,1.4991935286786222e-05,0.7626326912820992,8,0.7152504690830501,0.019809241582800848,16,0.2662549847121198,1,po-rapec-quality-energy-only-20260731-loto-image_classification,113,0.42771491142751156
0.0,0.0,0.0,0.0,0.0,0.0,0.0,-0.0027052939757986508,0.0,192,14,9,0.007273075554029418,0.21135124934810945,4.486094828699359,13,9,7.325495096938993e-05,0.7626326912820992,6,0.31288195346877945,0.0016719805822536914,24,0.15224056127498586,1,po-rapec-quality-energy-only-20260731-loto-image_classification,120,0.0
0.0,0.0,0.0,0.0,0.0,0.0,0.0,-0.0027052939757986508,0.0,192,9,4,0.0326382449152199,0.06912480202123095,3.8030605803288573,13,6,1.164414612554435e-05,1.8584900718538018,7,0.7155474704984082,0.0036116795472184065,20,0.050965658762377825,1,po-rapec-quality-energy-only-20260731-loto-image_classification,121,0.0
0.0,0.0,0.0,0.0,0.0,0.0,0.0,-0.0027052939757986508,0.0,64,3,3,0.5737204587532738,0.21135124934810945,2.6496537337886323,37,12,7.262115431463333e-05,0.7626326912820992,8,0.6834472049898949,0.07951135592238279,17,0.06584375559245834,1,po-rapec-quality-energy-only-20260731-loto-image_classification,122,0.0
0.0,0.0,0.0,0.0,0.0,0.0,0.0,-0.0027052939757986508,0.0,192,14,4,0.0326382449152199,0.17405247584195527,3.8030605803288573,13,13,7.325495096938993e-05,1.8584900718538018,7,0.5586864862458961,0.0036116795472184065,20,0.050965658762377825,1,po-rapec-quality-energy-only-20260731-loto-image_classification,123,0.0
0.0,0.0,0.0,0.0,0.0,0.0,0.0,-0.0027052939757986508,0.0,192,14,9,0.7226675771118557,0.17405247584195527,4.630043528031806,32,13,7.325495096938993e-05,0.9448948213257714,8,0.20959092249371586,0.0016719805822536914,18,0.17545332051181672,1,po-rapec-quality-energy-only-20260731-loto-image_classification,124,0.0
0.0,0.0,0.0,0.0,0.0,0.0,0.0,-0.0027052939757986508,0.0,192,12,15,0.007273075554029418,0.1410290444810116,3.497759617075233,40,18,1.4991935286786222e-05,0.7626326912820992,7,0.6834472049898949,0.07951135592238279,24,0.05828293110366632,1,po-rapec-quality-energy-only-20260731-loto-image_classification,125,0.0
0.0,0.0,0.0,0.0,0.0,0.0,0.0,-0.0027052939757986508,0.0,64,9,9,0.43551280850452934,0.0594298496279663,4.203998033616005,39,14,3.419601095289369e-06,0.8697313713390136,8,0.7155474704984082,0.0018981067940900224,16,0.050965658762377825,1,po-rapec-quality-energy-only-20260731-loto-image_classification,126,0.0
0.0,0.0,0.0,0.0,0.0,0.0,0.0,-0.0027052939757986508,0.0,32,9,15,0.6736238197372166,0.0594298496279663,3.513556591642165,9,14,3.941062028729359e-05,0.7626326912820992,8,0.6902980689723464,0.002081313393731117,19,0.23532791489862132,1,po-rapec-quality-energy-only-20260731-loto-image_classification,127,0.0
0.0,0.0,0.0,0.0,0.0,0.0,0.0,-0.0027052939757986508,0.0,64,15,10,0.5737204587532738,0.2315819673657475,6.127160109726303,38,8,2.6607478225334853e-06,1.1414950336908514,8,0.14137008226065217,0.011390316927797746,17,0.06584375559245834,1,po-rapec-quality-energy-only-20260731-loto-image_classification,129,0.0
0.0,0.0,0.0,0.0,0.0,0.0,0.0,-0.0027052939757986508,0.0,192,12,10,0.7226675771118557,0.14784535942402832,4.630043528031806,36,8,2.6607478225334853e-06,2.396884733652753,8,0.20959092249371586,0.005887368141784676,18,0.06584375559245834,1,po-rapec-quality-energy-only-20260731-loto-image_classification,130,0.0
0.0,0.0,0.0,0.0,0.0,0.0,0.0,-0.0027052939757986508,0.0,96,14,15,0.520369685857367,0.21135124934810945,3.513556591642165,9,9,3.941062028729359e-05,0.7626326912820992,8,0.6334384967079986,0.0034897436156040274,19,0.32903555636652243,1,po-rapec-quality-energy-only-20260731-loto-image_classification,132,0.0
0.0,0.0,0.0,0.003177581176165919,0.0,0.0,0.0,-0.0027052939757986508,0.0,192,12,15,0.7830432412324437,0.21135124934810945,4.486094828699359,37,17,1.4991935286786222e-05,0.7626326912820992,8,0.31288195346877945,0.007657144237907481,7,0.2662549847121198,1,po-rapec-quality-energy-only-20260731-loto-image_classification,135,0.0
0.0,0.0,0.0,0.0,0.0,0.0,0.0,-0.0027052939757986508,0.0,192,14,15,0.520369685857367,0.21135124934810945,1.6357510733826186,37,9,3.941062028729359e-05,0.7626326912820992,8,0.6902980689723464,0.002081313393731117,19,0.47516188682845656,1,po-rapec-quality-energy-only-20260731-loto-image_classification,139,0.0
0.0,0.0,0.0,0.0,0.0,0.0,0.0,-0.0027052939757986508,0.0,192,14,15,0.40007386046799703,0.21135124934810945,4.455340681177996,9,14,3.941062028729359e-05,0.7626326912820992,7,0.6334384967079986,0.002081313393731117,16,0.23532791489862132,1,po-rapec-quality-energy-only-20260731-loto-image_classification,141,0.0
0.0,0.0,0.0,0.0,0.0,0.0,0.0,-0.0027052939757986508,0.0,32,12,9,0.4032258625154443,0.0594298496279663,7.542044349045726,39,14,4.5674772783299065e-06,0.8697313713390136,7,0.6334384967079986,0.0025451482292334886,16,0.32903555636652243,1,po-rapec-quality-energy-only-20260731-loto-image_classification,142,0.0
0.0,0.0,0.0,0.0,0.0,0.0,0.0,-0.0027052939757986508,0.0,192,14,9,0.8779725534230158,0.06912480202123095,4.486094828699359,13,9,7.325495096938993e-05,1.0528997581497108,6,0.31288195346877945,0.0016719805822536914,20,0.17545332051181672,1,po-rapec-quality-energy-only-20260731-loto-image_classification,143,0.0
0.0,0.0,0.0,0.0,0.0,0.0,0.0,-0.0027052939757986508,0.0,192,6,9,0.5266247607639659,0.17405247584195527,6.150737706294037,32,13,7.325495096938993e-05,0.9448948213257714,5,0.7155474704984082,0.0016719805822536914,20,0.050965658762377825,1,po-rapec-quality-energy-only-20260731-loto-image_classification,144,0.0
0.0,0.0,0.0,0.0,0.0,0.0,0.0,-0.0027052939757986508,0.0,192,12,10,0.7226675771118557,0.14784535942402832,4.630043528031806,36,8,2.6607478225334853e-06,2.396884733652753,8,0.37250583255455116,0.005887368141784676,18,0.06584375559245834,1,po-rapec-quality-energy-only-20260731-loto-image_classification,145,0.0
0.0,0.0,0.0,0.0,0.0,0.0,0.0,-0.0027052939757986508,0.0,64,14,9,0.5737204587532738,0.21135124934810945,6.150737706294037,37,8,7.325495096938993e-05,0.9448948213257714,5,0.14137008226065217,0.0016719805822536914,20,0.17545332051181672,1,po-rapec-quality-energy-only-20260731-loto-image_classification,147,0.0
0.0,0.0,0.0,0.0,0.0,0.0,0.0,-0.0027052939757986508,0.0,64,12,9,0.7830432412324437,0.28323678428899857,4.409741686021489,26,14,6.228178544372028e-06,0.7626326912820992,8,0.6744736674180155,0.0016912061097082627,7,0.2647539115000879,1,po-rapec-quality-energy-only-20260731-loto-image_classification,148,0.0
0.0,0.0,0.0,0.0,0.0,0.0,0.0,-0.0027052939757986508,0.0,128,10,13,0.8023566334580307,0.06068837082641152,4.3916098027540516,32,13,2.552287024938578e-06,1.3061671325282904,6,0.28528387600224014,0.001792100521436324,20,0.17545332051181672,1,po-rapec-quality-energy-only-20260731-loto-image_classification,149,0.0
0.0,0.0,0.0,0.0,0.0,0.0,0.0,-0.0027052939757986508,0.0,192,4,3,0.41452381737976907,0.14784535942402832,2.6496537337886323,37,18,7.317840259770498e-05,1.3932819177680424,7,0.14137008226065217,0.0014096437911512944,18,0.05828293110366632,1,po-rapec-quality-energy-only-20260731-loto-image_classification,151,0.0
0.0,0.0,0.0,0.0,0.0,0.0,0.0,-0.0027052939757986508,0.0,96,12,15,0.007273075554029418,0.17405247584195527,6.150737706294037,32,9,0.0003849998400596273,0.7626326912820992,8,0.31288195346877945,0.002081313393731117,24,0.15224056127498586,1,po-rapec-quality-energy-only-20260731-loto-image_classification,152,0.0
0.0,0.0,0.0,0.0,0.0,0.0,0.0,-0.0027052939757986508,0.0,64,14,9,0.7830432412324437,0.17405247584195527,6.150737706294037,37,14,1.4991935286786222e-05,0.7626326912820992,8,0.5586864862458961,0.0016719805822536914,7,0.2647539115000879,1,po-rapec-quality-energy-only-20260731-loto-image_classification,153,0.0
0.0,0.0,0.0,0.0,0.0,0.0,0.0,-0.0027052939757986508,0.0,96,10,13,0.7830432412324437,0.06068837082641152,4.3916098027540516,30,17,2.552287024938578e-06,1.3061671325282904,8,0.31288195346877945,0.001792100521436324,7,0.1413933032323315,1,po-rapec-quality-energy-only-20260731-loto-image_classification,154,0.0
0.0,0.0,0.0,0.0,0.0,0.0,0.0,-0.0027052939757986508,0.0,64,12,15,0.7830432412324437,0.38023792892044056,3.6928042301735955,37,17,1.4991935286786222e-05,0.7626326912820992,8,0.31288195346877945,0.007657144237907481,7,0.1413933032323315,1,po-rapec-quality-energy-only-20260731-loto-image_classification,157,0.0
0.0,0.0,0.0,0.0,0.0,0.0,0.0,-0.0027052939757986508,0.0,192,12,15,0.34532934090191253,0.305418551186703,4.486094828699359,37,6,1.4991935286786222e-05,0.7626326912820992,8,0.31288195346877945,0.0038265241338148615,24,0.2679403730411418,1,po-rapec-quality-energy-only-20260731-loto-image_classification,158,0.0
0.0,0.0,0.0,0.001593398552751344,0.0,0.0,0.0,-0.0027052939757986508,0.0,64,14,9,0.7830432412324437,0.17405247584195527,6.150737706294037,37,14,1.4991935286786222e-05,0.7626326912820992,8,0.5586864862458961,0.007657144237907481,7,0.1413933032323315,1,po-rapec-quality-energy-only-20260731-loto-image_classification,160,0.0
0.0,0.0,0.0,0.0,0.0,0.0,0.0,-0.0027052939757986508,0.0,192,10,10,0.7226675771118557,0.14784535942402832,2.6496537337886323,36,12,7.262115431463333e-05,2.515286349276147,7,0.20959092249371586,0.005887368141784676,24,0.05828293110366632,1,po-rapec-quality-energy-only-20260731-loto-image_classification,161,0.0
0.0,0.0,0.0,0.0,0.0,0.0,0.0,-0.0027052939757986508,0.0,96,12,9,0.5266247607639659,0.17405247584195527,4.486094828699359,37,6,1.4991935286786222e-05,0.7626326912820992,8,0.5586864862458961,0.0016719805822536914,24,0.17545332051181672,1,po-rapec-quality-energy-only-20260731-loto-image_classification,165,0.0
0.0,0.0,0.0,0.0,0.0,0.0,0.0,-0.0027052939757986508,0.0,128,14,15,0.41452381737976907,0.21135124934810945,4.455340681177996,33,9,7.317840259770498e-05,0.7626326912820992,7,0.6834472049898949,0.002081313393731117,24,0.299723437682207,1,po-rapec-quality-energy-only-20260731-loto-image_classification,166,0.0
0.0,0.0,0.0,0.0,0.0,0.0,0.0,-0.0027052939757986508,0.0,96,4,3,0.6984779812023462,0.17405247584195527,6.150737706294037,37,13,7.325495096938993e-05,1.3932819177680424,7,0.5586864862458961,0.0016719805822536914,20,0.05828293110366632,1,po-rapec-quality-energy-only-20260731-loto-image_classification,167,0.0
0.0,0.0,0.0,0.0,0.0,0.0,0.0,-0.0027052939757986508,0.0,64,13,13,0.8074454469112439,0.06068837082641152,4.630043528031806,30,8,2.4537864575859458e-05,2.396884733652753,6,0.20959092249371586,0.005887368141784676,8,0.06584375559245834,1,po-rapec-quality-energy-only-20260731-loto-image_classification,168,0.0
0.0,0.0,0.0,0.0,0.0,0.0,0.0,-0.0027052939757986508,0.0,192,4,4,0.38309495915804653,0.1410290444810116,7.636000409430745,38,6,7.317840259770498e-05,1.3932819177680424,7,0.6834472049898949,0.07951135592238279,16,0.050965658762377825,1,po-rapec-quality-energy-only-20260731-loto-image_classification,169,0.0
0.0,0.0,0.0,0.003177581176165919,0.0,0.0,0.0,-0.0027052939757986508,0.0,192,14,15,0.007273075554029418,0.17405247584195527,6.150737706294037,37,9,1.4991935286786222e-05,0.7626326912820992,8,0.5586864862458961,0.002081313393731117,7,0.15224056127498586,1,po-rapec-quality-energy-only-20260731-loto-image_classification,171,0.0
0.0,0.0,0.0,0.0,0.0,0.0,0.0,-0.0027052939757986508,0.0,64,12,15,0.7830432412324437,0.38023792892044056,4.486094828699359,37,17,1.4991935286786222e-05,0.7626326912820992,8,0.4624250050327451,0.007657144237907481,7,0.2662549847121198,1,po-rapec-quality-energy-only-20260731-loto-image_classification,172,0.0
0.0,0.0,0.0,0.0,0.0,0.0,0.0,-0.0027052939757986508,0.0,192,9,4,0.0326382449152199,0.44345498310490905,4.3916098027540516,37,19,2.552287024938578e-06,1.3061671325282904,6,0.28528387600224014,0.0036116795472184065,20,0.050965658762377825,1,po-rapec-quality-energy-only-20260731-loto-image_classification,174,0.0
0.0,0.0,0.0,0.0,0.0,0.0,0.0,-0.0027052939757986508,0.0,192,14,9,0.5266247607639659,0.17405247584195527,6.150737706294037,21,13,7.325495096938993e-05,0.7626326912820992,5,0.31288195346877945,0.0016719805822536914,20,0.17899901610577817,1,po-rapec-quality-energy-only-20260731-loto-image_classification,175,0.0
0.0,0.0,0.0,0.0,0.0,0.0,0.0,-0.0027052939757986508,0.0,128,10,13,0.8023566334580307,0.06068837082641152,4.3916098027540516,32,13,2.552287024938578e-06,1.3061671325282904,6,0.28528387600224014,0.001792100521436324,18,0.17545332051181672,1,po-rapec-quality-energy-only-20260731-loto-image_classification,176,0.0
0.0,0.0,0.0,0.0,0.0,0.0,0.0,-0.0027052939757986508,0.0,96,10,9,0.40007386046799703,0.21135124934810945,3.513556591642165,32,13,7.325495096938993e-05,0.8697313713390136,7,0.31288195346877945,0.0016719805822536914,24,0.0650706895583951,1,po-rapec-quality-energy-only-20260731-loto-image_classification,177,0.0
0.0,0.0,0.0,0.0,0.0,0.0,0.0,-0.0027052939757986508,0.0,64,14,13,0.8074454469112439,0.06068837082641152,1.6332965895896687,37,14,1.4991935286786222e-05,0.7626326912820992,6,0.5586864862458961,0.02676320679549465,8,0.34046244347163673,1,po-rapec-quality-energy-only-20260731-loto-image_classification,178,0.0
0.0,0.0,0.0,0.0,0.0,0.0,0.0,-0.0027052939757986508,0.0,192,4,9,0.41452381737976907,0.14784535942402832,2.6496537337886323,37,14,7.317840259770498e-05,1.3932819177680424,8,0.14137008226065217,0.0014096437911512944,18,0.05828293110366632,1,po-rapec-quality-energy-only-20260731-loto-image_classification,180,0.0
0.0,0.0,0.0,0.0,0.0,0.0,0.0,-0.0027052939757986508,0.0,96,14,9,0.007273075554029418,0.17405247584195527,4.090168638605782,37,9,7.325495096938993e-05,0.9448948213257714,5,0.5586864862458961,0.002081313393731117,24,0.15224056127498586,1,po-rapec-quality-energy-only-20260731-loto-image_classification,184,0.0
0.0,0.0,0.0,0.0,0.0,0.0,0.0,-0.0027052939757986508,0.0,96,10,8,0.7830432412324437,0.06068837082641152,4.3916098027540516,30,17,2.552287024938578e-06,1.3061671325282904,8,0.31288195346877945,0.001792100521436324,7,0.1413933032323315,1,po-rapec-quality-energy-only-20260731-loto-image_classification,187,0.0
0.0,0.0,0.0,0.0,0.0,0.0,0.0,-0.0027052939757986508,0.0,96,12,15,0.007273075554029418,0.17405247584195527,6.150737706294037,32,9,2.6607478225334853e-06,0.7626326912820992,8,0.14137008226065217,0.011390316927797746,17,0.06584375559245834,1,po-rapec-quality-energy-only-20260731-loto-image_classification,189,0.0
0.0,0.0,0.0,0.0015829600480235725,0.0,0.0,0.0,-0.0027052939757986508,0.0,64,12,11,0.7830432412324437,0.23803736491056932,7.542044349045726,37,13,0.0006632208878954472,0.7626326912820992,3,0.31288195346877945,0.007657144237907481,20,0.2662549847121198,1,po-rapec-quality-energy-only-20260731-loto-image_classification,190,0.0
0.0,0.0,0.0,0.0,0.0,0.0,0.0,-0.0027052939757986508,0.0,64,14,15,0.007273075554029418,0.13022499114435107,6.150737706294037,37,14,1.4991935286786222e-05,0.7626326912820992,8,0.31288195346877945,0.0016719805822536914,7,0.15224056127498586,1,po-rapec-quality-energy-only-20260731-loto-image_classification,192,0.0
0.0,0.0,0.0,0.0,0.0,0.0,0.0,-0.0027052939757986508,0.0,192,12,15,0.5266247607639659,0.06912480202123095,4.486094828699359,37,6,1.4991935286786222e-05,0.7626326912820992,5,0.31288195346877945,0.0038265241338148615,24,0.2679403730411418,1,po-rapec-quality-energy-only-20260731-loto-image_classification,197,0.0
0.0,0.0,0.0,0.0,0.0,0.0,0.0,-0.0027052939757986508,0.0,64,14,13,0.712113027019827,0.06068837082641152,4.455340681177996,9,9,3.941062028729359e-05,0.7626326912820992,6,0.49520614344949454,0.001792100521436324,8,0.23532791489862132,1,po-rapec-quality-energy-only-20260731-loto-image_classification,198,0.0
0.0,0.0,0.0,0.0,0.0,0.0,0.0,-0.0027052939757986508,0.0,96,9,9,0.007273075554029418,0.0594298496279663,7.542044349045726,39,9,7.325495096938993e-05,0.8697313713390136,7,0.5399476318205779,0.0025451482292334886,16,0.17545332051181672,1,po-rapec-quality-energy-only-20260731-loto-image_classification,201,0.0
0.0,0.0,0.0,0.0,0.0,0.0,0.0,-0.0027052939757986508,0.0,32,14,9,0.5266247607639659,0.06912480202123095,6.150737706294037,32,13,7.325495096938993e-05,0.9448948213257714,5,0.7155474704984082,0.0016719805822536914,20,0.050965658762377825,1,po-rapec-quality-energy-only-20260731-loto-image_classification,202,0.0
0.0,0.0,0.0,0.0,0.0,0.0,0.0,-0.0027052939757986508,0.0,192,10,9,0.40007386046799703,0.17405247584195527,3.513556591642165,32,13,1.406552743547534e-05,0.8697313713390136,7,0.6334384967079986,0.0016719805822536914,20,0.17545332051181672,1,po-rapec-quality-energy-only-20260731-loto-image_classification,203,0.0
0.0,0.0,0.0,0.0,0.0,0.0,0.0,-0.0027052939757986508,0.0,64,12,4,0.0326382449152199,0.06912480202123095,3.8030605803288573,13,7,1.4991935286786222e-05,0.7626326912820992,8,0.7155474704984082,0.0036116795472184065,20,0.050965658762377825,1,po-rapec-quality-energy-only-20260731-loto-image_classification,205,0.0
0.0,0.0,0.0,0.0,0.0,0.0,0.0,-0.0027052939757986508,0.0,192,12,15,0.7830432412324437,0.38023792892044056,4.630043528031806,37,17,1.4991935286786222e-05,2.9381003960157575,8,0.14137008226065217,0.007657144237907481,20,0.06584375559245834,1,po-rapec-quality-energy-only-20260731-loto-image_classification,206,0.0
0.0,0.0,0.0,0.0,0.0,0.0,0.0,-0.0027052939757986508,0.0,192,5,4,0.38309495915804653,0.06912480202123095,6.150737706294037,38,13,6.766072885242129e-05,1.4864856319954975,5,0.7155474704984082,0.0016719805822536914,20,0.050965658762377825,1,po-rapec-quality-energy-only-20260731-loto-image_classification,208,0.0
0.0,0.0,0.0,0.0,0.0,0.0,0.0,-0.0027052939757986508,0.0,64,12,15,0.7830432412324437,0.28323678428899857,2.3487819220859696,37,14,6.228178544372028e-06,0.7626326912820992,8,0.6744736674180155,0.0016912061097082627,7,0.2647539115000879,1,po-rapec-quality-energy-only-20260731-loto-image_classification,209,0.0
0.0,0.0,0.0,0.0,0.0,0.0,0.0,-0.0027052939757986508,0.0,192,14,9,0.007273075554029418,0.21135124934810945,4.486094828699359,13,9,7.325495096938993e-05,0.7626326912820992,6,0.5735517122352528,0.0016719805822536914,24,0.15224056127498586,1,po-rapec-quality-energy-only-20260731-loto-image_classification,210,0.0
0.0,0.0,0.0,0.0,0.0,0.0,0.0,-0.0027052939757986508,0.0,96,10,3,0.007273075554029418,0.1410290444810116,2.6496537337886323,13,12,7.325495096938993e-05,0.9448948213257714,6,0.6834472049898949,0.0016719805822536914,24,0.17545332051181672,1,po-rapec-quality-energy-only-20260731-loto-image_classification,212,0.0
0.0,0.0,0.0,0.0,0.0,0.0,0.0,-0.0027052939757986508,0.0,192,5,9,0.5266247607639659,0.38023792892044056,6.150737706294037,32,17,7.325495096938993e-05,1.8584900718538018,7,0.31288195346877945,0.0016719805822536914,7,0.050965658762377825,1,po-rapec-quality-energy-only-20260731-loto-image_classification,213,0.0
0.0,0.0,0.0,0.0,0.0,0.0,0.0,-0.0027052939757986508,0.0,128,14,3,0.5266247607639659,0.1410290444810116,6.150737706294037,32,12,7.325495096938993e-05,0.9448948213257714,7,0.6834472049898949,0.0016719805822536914,20,0.17545332051181672,1,po-rapec-quality-energy-only-20260731-loto-image_classification,214,0.0
0.0,0.0,0.0,0.0,0.0,0.0,0.0,-0.0027052939757986508,0.0,96,14,9,0.007273075554029418,0.17405247584195527,4.486094828699359,32,19,7.325495096938993e-05,0.9448948213257714,5,0.5586864862458961,0.0016719805822536914,20,0.17545332051181672,1,po-rapec-quality-energy-only-20260731-loto-image_classification,215,0.0
0.0,0.0,0.0,0.0,0.0,0.0,0.0,-0.0027052939757986508,0.0,64,12,15,0.7830432412324437,0.38023792892044056,3.6928042301735955,37,6,1.4991935286786222e-05,0.7626326912820992,8,0.31288195346877945,0.007657144237907481,7,0.1413933032323315,1,po-rapec-quality-energy-only-20260731-loto-image_classification,216,0.0
0.0,0.0,0.0,0.013389559150954349,0.0,0.0,0.0,-0.0027052939757986508,0.0,128,12,11,0.41452381737976907,0.23803736491056932,2.9256339388121635,36,13,7.262115431463333e-05,0.8679541744607753,8,0.5586864862458961,0.005887368141784676,20,0.17545332051181672,1,po-rapec-quality-energy-only-20260731-loto-image_classification,218,0.0
0.0,0.0,0.0,0.0,0.0,0.0,0.0,-0.0027052939757986508,0.0,192,10,15,0.41452381737976907,0.1410290444810116,4.486094828699359,27,6,0.0009434620995645145,0.7626326912820992,8,0.6834472049898949,0.07951135592238279,24,0.05828293110366632,1,po-rapec-quality-energy-only-20260731-loto-image_classification,221,0.0
0.0,0.0,0.0,0.0,0.0,0.0,0.0,-0.0027052939757986508,0.0,64,9,9,0.5737204587532738,0.21135124934810945,4.486094828699359,39,14,1.406552743547534e-05,0.8697313713390136,8,0.14137008226065217,0.011390316927797746,16,0.06584375559245834,1,po-rapec-quality-energy-only-20260731-loto-image_classification,222,0.0
0.0,0.0,0.0,0.0,0.0,0.0,0.0,-0.0027052939757986508,0.0,192,12,9,0.5266247607639659,0.06912480202123095,6.150737706294037,36,13,7.325495096938993e-05,1.8584900718538018,8,0.20959092249371586,0.0016719805822536914,18,0.06584375559245834,1,po-rapec-quality-energy-only-20260731-loto-image_classification,225,0.0
0.0,0.0,0.0,0.0,0.0,0.0,0.0,-0.0027052939757986508,0.0,64,12,15,0.7830432412324437,0.17405247584195527,2.3487819220859696,32,9,0.0003849998400596273,0.7626326912820992,8,0.31288195346877945,0.0016912061097082627,24,0.15224056127498586,1,po-rapec-quality-energy-only-20260731-loto-image_classification,226,0.0
0.0,0.0,0.0,0.0,0.0,0.0,0.0,-0.0027052939757986508,0.0,64,12,15,0.41452381737976907,0.38023792892044056,4.486094828699359,27,17,7.262115431463333e-05,0.7626326912820992,7,0.6834472049898949,0.007657144237907481,24,0.05828293110366632,1,po-rapec-quality-energy-only-20260731-loto-image_classification,228,0.0
0.0,0.0,0.0,0.0,0.0,0.0,0.0,-0.0027052939757986508,0.0,192,12,15,0.34532934090191253,0.21135124934810945,5.040935210147226,37,8,2.6607478225334853e-06,0.7626326912820992,8,0.14907762365099075,0.0038265241338148615,24,0.06584375559245834,1,po-rapec-quality-energy-only-20260731-loto-image_classification,230,0.0
0.0,0.0,0.0,0.007984250756925415,0.0,0.0,0.0,-0.0027052939757986508,0.0,32,12,9,0.40769865903925884,0.14784535942402832,4.630043528031806,32,8,4.1451441115283384e-06,1.0536304636351357,8,0.7155474704984082,0.04323731714452101,18,0.06584375559245834,1,po-rapec-quality-energy-only-20260731-loto-image_classification,231,0.0
0.0,0.0,0.0,0.0,0.0,0.0,0.0,-0.0027052939757986508,0.0,192,14,13,0.8023566334580307,0.21135124934810945,4.455340681177996,9,13,2.552287024938578e-06,1.3061671325282904,8,0.28528387600224014,0.001792100521436324,19,0.23532791489862132,1,po-rapec-quality-energy-only-20260731-loto-image_classification,232,0.0
0.0,0.0,0.0,0.0,0.0,0.0,0.0,-0.0027052939757986508,0.0,32,9,15,0.40007386046799703,0.0594298496279663,3.513556591642165,26,14,1.406552743547534e-05,0.8697313713390136,7,0.6334384967079986,0.002129978662648298,16,0.32903555636652243,1,po-rapec-quality-energy-only-20260731-loto-image_classification,233,0.0
0.0,0.0,0.0,0.0,0.0,0.0,0.0,-0.0027052939757986508,0.0,64,14,15,0.5266247607639659,0.17405247584195527,3.6928042301735955,32,13,1.4991935286786222e-05,0.9448948213257714,5,0.31288195346877945,0.007657144237907481,7,0.17545332051181672,1,po-rapec-quality-energy-only-20260731-loto-image_classification,235,0.0
0.0,0.0,0.0,0.0,0.0,0.0,0.0,-0.0027052939757986508,0.0,96,14,9,0.007273075554029418,0.17405247584195527,4.486094828699359,32,9,7.325495096938993e-05,0.9448948213257714,5,0.5586864862458961,0.0016719805822536914,24,0.17545332051181672,1,po-rapec-quality-energy-only-20260731-loto-image_classification,236,0.0
0.0,0.0,0.0,0.0,0.0,0.0,0.0,-0.0027052939757986508,0.0,192,9,4,0.0326382449152199,0.23995316709003361,3.8030605803288573,13,6,6.766072885242129e-05,1.8584900718538018,5,0.6506046673648281,0.0036116795472184065,20,0.050965658762377825,1,po-rapec-quality-energy-only-20260731-loto-image_classification,238,0.0
0.0,0.0,0.0,0.003177581176165919,0.0,0.0,0.0,-0.0027052939757986508,0.0,64,12,15,0.7830432412324437,0.38023792892044056,7.551218912751816,37,17,1.4991935286786222e-05,0.7626326912820992,8,0.31288195346877945,0.007657144237907481,7,0.1413933032323315,1,po-rapec-quality-energy-only-20260731-loto-image_classification,239,0.0
0.0,0.0,0.0,0.0,0.0,0.0,0.0,-0.0027052939757986508,0.0,128,10,3,0.41452381737976907,0.17405247584195527,3.513556591642165,27,12,7.262115431463333e-05,0.8697313713390136,7,0.6334384967079986,0.0016719805822536914,20,0.05828293110366632,1,po-rapec-quality-energy-only-20260731-loto-image_classification,240,0.0
0.0,0.0,0.0,0.011909818514350598,0.0,0.0,0.0,-0.0027052939757986508,0.0,32,10,9,0.5266247607639659,0.06068837082641152,4.3916098027540516,30,19,0.0006632208878954472,0.8697313713390136,6,0.2760006218574681,0.014889917353012316,16,0.32903555636652243,1,po-rapec-quality-energy-only-20260731-loto-image_classification,241,0.0
0.0,0.0,0.0,0.0,0.0,0.0,0.0,-0.0027052939757986508,0.0,192,12,15,0.5266247607639659,0.2615591553613184,4.486094828699359,32,9,7.325495096938993e-05,0.7626326912820992,8,0.7155474704984082,0.0011541478635227658,20,0.15224056127498586,1,po-rapec-quality-energy-only-20260731-loto-image_classification,242,0.0
0.0,0.0,0.0,0.0,0.0,0.0,0.0,-0.0027052939757986508,0.0,64,14,15,0.7830432412324437,0.28323678428899857,4.4806673518728015,37,14,6.228178544372028e-06,0.7626326912820992,8,0.5586864862458961,0.007657144237907481,7,0.1413933032323315,1,po-rapec-quality-energy-only-20260731-loto-image_classification,243,0.0
0.0,0.0,0.0,0.0,0.0,0.0,0.0,-0.0027052939757986508,0.0,64,12,15,0.7830432412324437,0.28323678428899857,3.6928042301735955,37,14,6.228178544372028e-06,0.7626326912820992,8,0.6744736674180155,0.007657144237907481,7,0.2647539115000879,1,po-rapec-quality-energy-only-20260731-loto-image_classification,245,0.0
0.0,0.0,0.0,0.0,0.0,0.0,0.0,-0.0027052939757986508,0.0,128,10,13,0.8023566334580307,0.06068837082641152,4.3916098027540516,32,13,0.0006324427454284965,1.3061671325282904,6,0.28528387600224014,0.00420568903270462,20,0.40864378611125524,1,po-rapec-quality-energy-only-20260731-loto-image_classification,246,0.0
0.0004317286013093835,0.04985009721476392,0.002390371607856323,0.058320820178735244,0.0004317286013093835,0.04985009721476392,0.0,-0.002505293975798673,0.42771491142751156,64,12,14,0.38309495915804653,0.38023792892044056,4.414303330410867,37,17,8.052582363287561e-06,0.7626326912820992,8,0.7152504690830501,0.019809241582800848,16,0.2662549847121198,1,po-rapec-quality-energy-only-20260731-loto-image_classification,247,0.42771491142751156
0.0,0.0,0.0,0.0,0.0,0.0,0.0,-0.0027052939757986508,0.0,96,14,7,0.5266247607639659,0.17405247584195527,6.150737706294037,32,13,7.325495096938993e-05,0.9448948213257714,5,0.5586864862458961,0.005895196709036155,20,0.17545332051181672,1,po-rapec-quality-energy-only-20260731-loto-image_classification,248,0.0
0.0,0.0,0.0,0.0,0.0,0.0,0.0,-0.0027052939757986508,0.0,64,10,13,0.8074454469112439,0.17405247584195527,6.150737706294037,37,14,1.4991935286786222e-05,0.7626326912820992,8,0.5586864862458961,0.001792100521436324,8,0.34046244347163673,1,po-rapec-quality-energy-only-20260731-loto-image_classification,249,0.0
0.0,0.0,0.0,0.0,0.0,0.0,0.0,-0.0027052939757986508,0.0,96,10,9,0.7830432412324437,0.06068837082641152,6.150737706294037,32,13,7.325495096938993e-05,0.9448948213257714,8,0.31288195346877945,0.0016719805822536914,20,0.1413933032323315,1,po-rapec-quality-energy-only-20260731-loto-image_classification,250,0.0
0.0,0.0,0.0,0.0,0.0,0.0,0.0,-0.0027052939757986508,0.0,192,10,3,0.7736934494444573,0.06068837082641152,4.3916098027540516,30,19,2.552287024938578e-06,1.3932819177680424,6,0.28528387600224014,0.0014096437911512944,18,0.48326852967494605,1,po-rapec-quality-energy-only-20260731-loto-image_classification,251,0.0
0.0,0.0,0.0,0.0,0.0,0.0,0.0,-0.0027052939757986508,0.0,64,10,13,0.40007386046799703,0.06068837082641152,2.295442878359177,30,16,1.406552743547534e-05,0.8697313713390136,7,0.49520614344949454,0.001792100521436324,16,0.32903555636652243,1,po-rapec-quality-energy-only-20260731-loto-image_classification,252,0.0
0.0,0.0,0.0,0.0,0.0,0.0,0.0,-0.0027052939757986508,0.0,192,14,9,0.7226675771118557,0.17405247584195527,6.150737706294037,37,14,3.537189294435984e-06,0.7626326912820992,8,0.5586864862458961,0.005887368141784676,18,0.06584375559245834,1,po-rapec-quality-energy-only-20260731-loto-image_classification,254,0.0
0.0,0.0,0.0,0.0,0.0,0.0,0.0,-0.0027052939757986508,0.0,96,14,9,0.7830432412324437,0.17405247584195527,6.150737706294037,39,14,1.4991935286786222e-05,0.8697313713390136,8,0.5399476318205779,0.0016719805822536914,7,0.15862308816563628,1,po-rapec-quality-energy-only-20260731-loto-image_classification,255,0.0
0.0,0.0,0.0,0.0,0.0,0.0,0.0,-0.0027052939757986508,0.0,64,10,13,0.7736934494444573,0.06068837082641152,4.3916098027540516,30,19,2.552287024938578e-06,1.3061671325282904,6,0.28528387600224014,0.001792100521436324,8,0.48326852967494605,1,po-rapec-quality-energy-only-20260731-loto-image_classification,256,0.0
0.0,0.0,0.0,0.016062963524247322,0.0,0.0,0.0,-0.0027052939757986508,0.0,192,12,14,0.38309495915804653,0.38023792892044056,4.486094828699359,37,6,1.4991935286786222e-05,0.7626326912820992,8,0.6744736674180155,0.019809241582800848,24,0.15224056127498586,1,po-rapec-quality-energy-only-20260731-loto-image_classification,257,0.0
0.0,0.0,0.0,0.0,0.0,0.0,0.0,-0.0027052939757986508,0.0,64,10,13,0.014373349888897491,0.06068837082641152,4.3916098027540516,30,19,0.0006324427454284965,1.3061671325282904,6,0.28528387600224014,0.005573717938616659,8,0.40864378611125524,1,po-rapec-quality-energy-only-20260731-loto-image_classification,258,0.0
0.0,0.0,0.0,0.0,0.0,0.0,0.0,-0.0027052939757986508,0.0,192,12,9,0.7830432412324437,0.17405247584195527,6.150737706294037,37,12,1.4991935286786222e-05,0.7626326912820992,8,0.20959092249371586,0.005887368141784676,7,0.06584375559245834,1,po-rapec-quality-energy-only-20260731-loto-image_classification,259,0.0
0.0,0.0,0.0,0.0,0.0,0.0,0.0,-0.0027052939757986508,0.0,32,12,15,0.520369685857367,0.1410290444810116,4.455340681177996,9,9,7.262115431463333e-05,2.515286349276147,8,0.6902980689723464,0.002081313393731117,18,0.06584375559245834,1,po-rapec-quality-energy-only-20260731-loto-image_classification,260,0.0
0.0,0.0,0.0,0.0,0.0,0.0,0.0,-0.0027052939757986508,0.0,96,9,9,0.0974243439513087,0.0594298496279663,7.542044349045726,39,9,0.00010171617213404125,0.8697313713390136,7,0.5399476318205779,0.0025451482292334886,16,0.32903555636652243,1,po-rapec-quality-energy-only-20260731-loto-image_classification,262,0.0
0.0,0.0,0.0,0.001593398552751344,0.0,0.0,0.0,-0.0027052939757986508,0.0,64,14,9,0.7830432412324437,0.17405247584195527,6.150737706294037,37,14,1.4991935286786222e-05,0.7626326912820992,8,0.5586864862458961,0.007657144237907481,7,0.1413933032323315,1,po-rapec-quality-energy-only-20260731-loto-image_classification,264,0.0
0.0,0.0,0.0,0.0,0.0,0.0,0.0,-0.0027052939757986508,0.0,64,15,15,0.5737204587532738,0.21135124934810945,4.486094828699359,37,8,2.6607478225334853e-06,0.7626326912820992,8,0.14137008226065217,0.011390316927797746,17,0.06584375559245834,1,po-rapec-quality-energy-only-20260731-loto-image_classification,265,0.0
0.0,0.0,0.0,0.0,0.0,0.0,0.0,-0.0027052939757986508,0.0,64,10,13,0.7830432412324437,0.06068837082641152,4.3916098027540516,30,14,6.228178544372028e-06,0.7626326912820992,8,0.31288195346877945,0.0016912061097082627,7,0.2647539115000879,1,po-rapec-quality-energy-only-20260731-loto-image_classification,266,0.0
0.0,0.0,0.0,0.001441766291180307,0.0,0.0,0.0,-0.0027052939757986508,0.0,96,12,9,0.007273075554029418,0.14784535942402832,4.630043528031806,39,8,7.325495096938993e-05,2.396884733652753,7,0.20959092249371586,0.0025451482292334886,18,0.06584375559245834,1,po-rapec-quality-energy-only-20260731-loto-image_classification,267,0.0
0.0,0.0,0.0,0.0,0.0,0.0,0.0,-0.0027052939757986508,0.0,192,9,10,0.40007386046799703,0.0594298496279663,4.630043528031806,39,8,1.406552743547534e-05,2.396884733652753,8,0.6334384967079986,0.0025451482292334886,16,0.06584375559245834,1,po-rapec-quality-energy-only-20260731-loto-image_classification,268,0.0
0.0,0.0,0.0,0.0,0.0,0.0,0.0,-0.0027052939757986508,0.0,96,9,3,0.41452381737976907,0.0594298496279663,2.6496537337886323,27,12,7.262115431463333e-05,0.8697313713390136,7,0.6834472049898949,0.07951135592238279,24,0.05828293110366632,1,po-rapec-quality-energy-only-20260731-loto-image_classification,269,0.0
0.0,0.0,0.0,0.0,0.0,0.0,0.0,-0.0027052939757986508,0.0,128,4,15,0.21162871072416456,0.1410290444810116,2.6496537337886323,30,18,4.222418549245097e-06,1.3932819177680424,8,0.6744736674180155,0.07951135592238279,9,0.05828293110366632,1,po-rapec-quality-energy-only-20260731-loto-image_classification,270,0.0
0.0,0.0,0.0,0.0,0.0,0.0,0.0,-0.0027052939757986508,0.0,64,14,9,0.5737204587532738,0.17405247584195527,6.150737706294037,37,8,1.4991935286786222e-05,1.6396246652026407,8,0.5586864862458961,0.0016719805822536914,17,0.06584375559245834,1,po-rapec-quality-energy-only-20260731-loto-image_classification,272,0.0
0.0,0.0,0.0,0.004744293925110437,0.0,0.0,0.0,-0.0027052939757986508,0.0,64,10,9,0.014373349888897491,0.06068837082641152,4.630043528031806,30,12,0.0006324427454284965,2.515286349276147,6,0.5156650632954861,0.005573717938616659,16,0.06584375559245834,1,po-rapec-quality-energy-only-20260731-loto-image_classification,273,0.0
0.0,0.0,0.0,0.0,0.0,0.0,0.0,-0.0027052939757986508,0.0,64,12,15,0.0271990153173736,0.06068837082641152,3.308739757153865,37,14,1.4991935286786222e-05,2.6900955938825613,8,0.31288195346877945,0.0016912061097082627,8,0.2647539115000879,1,po-rapec-quality-energy-only-20260731-loto-image_classification,274,0.0
0.0,0.0,0.0,0.0,0.0,0.0,0.0,-0.0027052939757986508,0.0,64,12,15,0.8341073834922205,0.38023792892044056,3.6928042301735955,37,17,1.4991935286786222e-05,0.7626326912820992,8,0.31288195346877945,0.007657144237907481,7,0.3422952934713329,1,po-rapec-quality-energy-only-20260731-loto-image_classification,275,0.0
0.0,0.0,0.0,0.0,0.0,0.0,0.0,-0.0027052939757986508,0.0,64,10,13,0.014373349888897491,0.06068837082641152,4.409741686021489,30,14,0.0006324427454284965,1.3061671325282904,8,0.5363617968850254,0.005573717938616659,7,0.40864378611125524,1,po-rapec-quality-energy-only-20260731-loto-image_classification,276,0.0
0.0,0.0,0.0,0.0,0.0,0.0,0.0,-0.0027052939757986508,0.0,192,9,4,0.18462020390088044,0.06912480202123095,4.630043528031806,37,8,4.1451441115283384e-06,1.4864856319954975,8,0.7155474704984082,0.06663927523230896,18,0.050965658762377825,1,po-rapec-quality-energy-only-20260731-loto-image_classification,278,0.0
0.0,0.0,0.0,0.0,0.0,0.0,0.0,-0.0027052939757986508,0.0,128,9,9,0.40007386046799703,0.0594298496279663,4.3916098027540516,39,14,2.552287024938578e-06,1.3061671325282904,7,0.28528387600224014,0.001792100521436324,20,0.32903555636652243,1,po-rapec-quality-energy-only-20260731-loto-image_classification,279,0.0
0.0,0.0,0.0,0.0,0.0,0.0,0.0,-0.0027052939757986508,0.0,64,12,15,0.859462663513595,0.28323678428899857,4.409741686021489,26,14,6.228178544372028e-06,0.7626326912820992,8,0.2672916412409765,0.0016912061097082627,7,0.2647539115000879,1,po-rapec-quality-energy-only-20260731-loto-image_classification,281,0.0
0.0,0.0,0.0,0.0,0.0,0.0,0.0,-0.0027052939757986508,0.0,192,14,7,0.007273075554029418,0.21135124934810945,4.455340681177996,37,9,3.941062028729359e-05,0.7626326912820992,8,0.31288195346877945,0.002081313393731117,19,0.23532791489862132,1,po-rapec-quality-energy-only-20260731-loto-image_classification,284,0.0
0.0,0.0,0.0,0.0,0.0,0.0,0.0,-0.0027052939757986508,0.0,64,12,13,0.7830432412324437,0.06068837082641152,7.831423198681699,30,6,1.6100870664000396e-06,0.7626326912820992,5,0.49520614344949454,0.001792100521436324,7,0.1413933032323315,1,po-rapec-quality-energy-only-20260731-loto-image_classification,285,0.0
0.0,0.0,0.0,0.0,0.0,0.0,0.0,-0.0027052939757986508,0.0,64,14,15,0.7830432412324437,0.17405247584195527,6.150737706294037,37,9,1.4991935286786222e-05,0.7626326912820992,8,0.31288195346877945,0.002081313393731117,7,0.32873713385877906,1,po-rapec-quality-energy-only-20260731-loto-image_classification,288,0.0
0.0,0.0,0.0,0.0,0.0,0.0,0.0,-0.0027052939757986508,0.0,192,12,9,0.7830432412324437,0.28323678428899857,4.409741686021489,37,14,6.228178544372028e-06,0.7626326912820992,8,0.6616834229127165,0.0016912061097082627,7,0.15224056127498586,1,po-rapec-quality-energy-only-20260731-loto-image_classification,289,0.0
0.0,0.0,0.0,0.0,0.0,0.0,0.0,-0.0027052939757986508,0.0,64,12,13,0.007273075554029418,0.06068837082641152,4.486094828699359,30,9,1.4991935286786222e-05,0.7626326912820992,8,0.31288195346877945,0.001792100521436324,24,0.48326852967494605,1,po-rapec-quality-energy-only-20260731-loto-image_classification,290,0.0
0.0,0.0,0.0,0.0,0.0,0.0,0.0,-0.0027052939757986508,0.0,64,10,3,0.5737204587532738,0.4089166320523481,4.486094828699359,37,12,7.262115431463333e-05,0.7626326912820992,7,0.14137008226065217,0.011390316927797746,17,0.05828293110366632,1,po-rapec-quality-energy-only-20260731-loto-image_classification,291,0.0
0.0,0.0,0.0,0.0,0.0,0.0,0.0,-0.0027052939757986508,0.0,64,10,13,0.8181653795348379,0.06068837082641152,3.308739757153865,30,19,0.0006324427454284965,1.3061671325282904,6,0.5156650632954861,0.005573717938616659,8,0.40864378611125524,1,po-rapec-quality-energy-only-20260731-loto-image_classification,292,0.0
0.0,0.0,0.0,0.0,0.0,0.0,0.0,-0.0027052939757986508,0.0,96,10,9,0.7830432412324437,0.17405247584195527,3.513556591642165,30,17,1.406552743547534e-05,1.3061671325282904,7,0.6334384967079986,0.001792100521436324,21,0.1413933032323315,1,po-rapec-quality-energy-only-20260731-loto-image_classification,293,0.0
0.0,0.0,0.0,0.0,0.0,0.0,0.0,-0.0027052939757986508,0.0,64,10,13,0.5737204587532738,0.06068837082641152,4.486094828699359,37,6,1.558999634740684e-06,2.0010288378888585,6,0.49520614344949454,0.011390316927797746,8,0.06584375559245834,1,po-rapec-quality-energy-only-20260731-loto-image_classification,294,0.0
0.0,0.0,0.0,0.0,0.0,0.0,0.0,-0.0027052939757986508,0.0,96,12,15,0.3758617322091783,0.17405247584195527,6.150737706294037,32,9,1.4991935286786222e-05,0.7626326912820992,8,0.31288195346877945,0.002081313393731117,24,0.1413933032323315,1,po-rapec-quality-energy-only-20260731-loto-image_classification,295,0.0
0.0,0.0,0.0,0.0,0.0,0.0,0.0,-0.0027052939757986508,0.0,64,12,15,0.007273075554029418,0.08261527662833648,4.409741686021489,26,14,6.228178544372028e-06,0.7626326912820992,8,0.31288195346877945,0.0016719805822536914,7,0.2647539115000879,1,po-rapec-quality-energy-only-20260731-loto-image_classification,297,0.0
0.0,0.0,0.0,0.0,0.0,0.0,0.0,-0.0027052939757986508,0.0,128,9,9,0.8996898931102658,0.0594298496279663,7.542044349045726,39,13,7.262115431463333e-05,0.8697313713390136,7,0.6334384967079986,0.0016719805822536914,17,0.05828293110366632,1,po-rapec-quality-energy-only-20260731-loto-image_classification,298,0.0
0.0,0.0,0.0,0.0,0.0,0.0,0.0,-0.0027052939757986508,0.0,192,14,9,0.007273075554029418,0.17405247584195527,4.486094828699359,32,10,1.4991935286786222e-05,0.7626326912820992,5,0.5586864862458961,0.0016719805822536914,20,0.15224056127498586,1,po-rapec-quality-energy-only-20260731-loto-image_classification,301,0.0
0.0,0.0,0.0,0.0,0.0,0.0,0.0,-0.0027052939757986508,0.0,64,12,15,0.7830432412324437,0.38023792892044056,4.486094828699359,37,17,1.4991935286786222e-05,0.7626326912820992,8,0.31288195346877945,0.007657144237907481,7,0.13287049258805578,1,po-rapec-quality-energy-only-20260731-loto-image_classification,302,0.0
0.0,0.0,0.0,0.0,0.0,0.0,0.0,-0.0027052939757986508,0.0,64,12,14,0.38309495915804653,0.21135124934810945,4.486094828699359,35,17,7.325495096938993e-05,0.7626326912820992,6,0.7152504690830501,0.0016719805822536914,24,0.2662549847121198,1,po-rapec-quality-energy-only-20260731-loto-image_classification,303,0.0
0.0,0.0,0.0,0.0,0.0,0.0,0.0,-0.0027052939757986508,0.0,96,10,9,0.5266247607639659,0.17405247584195527,7.542044349045726,39,13,0.0006632208878954472,0.8697313713390136,7,0.6334384967079986,0.0025451482292334886,16,0.17545332051181672,1,po-rapec-quality-energy-only-20260731-loto-image_classification,304,0.0
0.0,0.0,0.0,0.0,0.0,0.0,0.0,-0.0027052939757986508,0.0,192,12,15,0.007273075554029418,0.21135124934810945,4.486094828699359,37,9,1.4991935286786222e-05,0.7626326912820992,8,0.31288195346877945,0.002081313393731117,24,0.15224056127498586,1,po-rapec-quality-energy-only-20260731-loto-image_classification,305,0.0
0.0,0.0,0.0,0.0,0.0,0.0,0.0,-0.0027052939757986508,0.0,192,9,9,0.38309495915804653,0.06912480202123095,7.636000409430745,32,13,6.766072885242129e-05,1.8584900718538018,5,0.7155474704984082,0.0036116795472184065,16,0.050965658762377825,1,po-rapec-quality-energy-only-20260731-loto-image_classification,306,0.0
0.0,0.0,0.0,0.0,0.0,0.0,0.0,-0.0027052939757986508,0.0,96,14,9,0.007273075554029418,0.17405247584195527,4.486094828699359,13,9,7.325495096938993e-05,0.9448948213257714,6,0.31288195346877945,0.0016719805822536914,24,0.17545332051181672,1,po-rapec-quality-energy-only-20260731-loto-image_classification,307,0.0
0.0,0.0,0.0,0.007984250756925415,0.0,0.0,0.0,-0.0027052939757986508,0.0,64,12,9,0.38309495915804653,0.38023792892044056,4.414303330410867,37,17,1.4991935286786222e-05,2.515286349276147,8,0.20959092249371586,0.037618130545559965,18,0.06584375559245834,1,po-rapec-quality-energy-only-20260731-loto-image_classification,309,0.0
0.0,0.0,0.0,0.0,0.0,0.0,0.0,-0.0027052939757986508,0.0,96,9,4,0.7830432412324437,0.23995316709003361,3.8030605803288573,13,17,2.552287024938578e-06,1.4465442765218681,8,0.6940850200971943,0.001792100521436324,20,0.050965658762377825,1,po-rapec-quality-energy-only-20260731-loto-image_classification,310,0.0
0.0,0.0,0.0,0.0,0.0,0.0,0.0,-0.0027052939757986508,0.0,192,12,9,0.7619462416028855,0.1410290444810116,4.630043528031806,36,12,7.262115431463333e-05,2.515286349276147,8,0.20959092249371586,0.005887368141784676,18,0.06584375559245834,1,po-rapec-quality-energy-only-20260731-loto-image_classification,311,0.0
0.0,0.0,0.0,0.0,0.0,0.0,0.0,-0.0027052939757986508,0.0,192,12,9,0.41452381737976907,0.1410290444810116,4.630043528031806,36,18,7.262115431463333e-05,2.515286349276147,8,0.7155474704984082,0.0016719805822536914,20,0.050965658762377825,1,po-rapec-quality-energy-only-20260731-loto-image_classification,312,0.0
0.0,0.0,0.0,0.0,0.0,0.0,0.0,-0.0027052939757986508,0.0,64,10,15,0.7830432412324437,0.06068837082641152,4.3916098027540516,37,17,2.552287024938578e-06,1.3061671325282904,8,0.31288195346877945,0.001792100521436324,18,0.2647539115000879,1,po-rapec-quality-energy-only-20260731-loto-image_classification,313,0.0
0.0,0.0,0.0,0.0,0.0,0.0,0.0,-0.0027052939757986508,0.0,192,10,4,0.41452381737976907,0.17405247584195527,7.636000409430745,38,12,6.766072885242129e-05,0.8697313713390136,7,0.6334384967079986,0.0016719805822536914,16,0.05828293110366632,1,po-rapec-quality-energy-only-20260731-loto-image_classification,314,0.0
0.0,0.0,0.0,0.0,0.0,0.0,0.0,-0.0027052939757986508,0.0,128,10,11,0.41452381737976907,0.17405247584195527,7.542044349045726,32,12,7.262115431463333e-05,0.8697313713390136,5,0.6334384967079986,0.0016719805822536914,20,0.17545332051181672,1,po-rapec-quality-energy-only-20260731-loto-image_classification,315,0.0
0.0,0.0,0.0,0.0,0.0,0.0,0.0,-0.0027052939757986508,0.0,64,12,13,0.7830432412324437,0.06068837082641152,4.3916098027540516,40,13,1.4991935286786222e-05,0.7626326912820992,6,0.28528387600224014,0.001792100521436324,20,0.1413933032323315,1,po-rapec-quality-energy-only-20260731-loto-image_classification,316,0.0
0.0,0.0,0.0,0.0,0.0,0.0,0.0,-0.0027052939757986508,0.0,64,12,15,0.7830432412324437,0.06068837082641152,4.3916098027540516,30,16,1.4991935286786222e-05,0.7626326912820992,8,0.31288195346877945,0.001792100521436324,7,0.1413933032323315,1,po-rapec-quality-energy-only-20260731-loto-image_classification,317,0.0
0.0,0.0,0.0,0.0,0.0,0.0,0.0,-0.0027052939757986508,0.0,192,12,15,0.7226675771118557,0.38023792892044056,7.1683651981543886,37,17,2.6607478225334853e-06,2.396884733652753,8,0.20959092249371586,0.007657144237907481,18,0.06584375559245834,1,po-rapec-quality-energy-only-20260731-loto-image_classification,318,0.0
0.0,0.0,0.0,0.0,0.0,0.0,0.0,-0.0027052939757986508,0.0,64,12,9,0.7830432412324437,0.1410290444810116,4.630043528031806,37,17,4.170164903931681e-05,0.7626326912820992,8,0.20959092249371586,0.005887368141784676,18,0.06584375559245834,1,po-rapec-quality-energy-only-20260731-loto-image_classification,319,0.0
0.0,0.0,0.0,0.001441766291180307,0.0,0.0,0.0,-0.0027052939757986508,0.0,128,12,10,0.7226675771118557,0.14784535942402832,4.630043528031806,36,12,2.6607478225334853e-06,2.396884733652753,7,0.6834472049898949,0.005887368141784676,18,0.06584375559245834,1,po-rapec-quality-energy-only-20260731-loto-image_classification,320,0.0
0.0,0.0,0.0,0.00957676695229803,0.0,0.0,0.0,-0.0027052939757986508,0.0,128,4,6,0.3439608600720441,0.3134229877004084,2.6496537337886323,37,8,1.4991935286786222e-05,1.3932819177680424,8,0.6834472049898949,0.07951135592238279,9,0.05828293110366632,1,po-rapec-quality-energy-only-20260731-loto-image_classification,321,0.0
0.0,0.0,0.0,0.0,0.0,0.0,0.0,-0.0027052939757986508,0.0,64,10,9,0.007273075554029418,0.06068837082641152,3.308739757153865,30,9,7.325495096938993e-05,1.3061671325282904,6,0.5156650632954861,0.0016719805822536914,24,0.40864378611125524,1,po-rapec-quality-energy-only-20260731-loto-image_classification,322,0.0
0.0,0.0,0.0,0.0,0.0,0.0,0.0,-0.0027052939757986508,0.0,64,10,9,0.38309495915804653,0.0594298496279663,4.414303330410867,39,9,8.052582363287561e-06,0.7626326912820992,8,0.7152504690830501,0.0025451482292334886,16,0.17545332051181672,1,po-rapec-quality-energy-only-20260731-loto-image_classification,326,0.0
0.0,0.0,0.0,0.0,0.0,0.0,0.0,-0.0027052939757986508,0.0,64,9,4,0.43551280850452934,0.23995316709003361,3.8030605803288573,13,9,6.766072885242129e-05,1.4465442765218681,5,0.7155474704984082,0.0036116795472184065,20,0.050965658762377825,1,po-rapec-quality-energy-only-20260731-loto-image_classification,327,0.0
0.0,0.0,0.0,0.0,0.0,0.0,0.0,-0.0027052939757986508,0.0,96,12,9,0.007273075554029418,0.21135124934810945,6.150737706294037,37,13,7.325495096938993e-05,0.9448948213257714,8,0.31288195346877945,0.0016719805822536914,24,0.15224056127498586,1,po-rapec-quality-energy-only-20260731-loto-image_classification,331,0.0
0.0,0.0,0.0,0.0,0.0,0.0,0.0,-0.0027052939757986508,0.0,96,9,9,0.007273075554029418,0.1410290444810116,7.542044349045726,27,12,2.8127368519964934e-05,2.0697742046263476,7,0.5399476318205779,0.07951135592238279,24,0.05828293110366632,1,po-rapec-quality-energy-only-20260731-loto-image_classification,334,0.0
0.0,0.0,0.0,0.001593398552751344,0.0,0.0,0.0,-0.0027052939757986508,0.0,64,14,9,0.7830432412324437,0.17405247584195527,6.150737706294037,37,14,1.4991935286786222e-05,0.7626326912820992,8,0.5586864862458961,0.007657144237907481,7,0.26664619957814323,1,po-rapec-quality-energy-only-20260731-loto-image_classification,336,0.0
0.0,0.0,0.0,0.0,0.0,0.0,0.0,-0.0027052939757986508,0.0,64,12,13,0.7830432412324437,0.06068837082641152,4.409741686021489,30,14,6.228178544372028e-06,0.7626326912820992,8,0.31288195346877945,0.001792100521436324,7,0.2647539115000879,1,po-rapec-quality-energy-only-20260731-loto-image_classification,337,0.0
0.0,0.0,0.0,0.001593398552751344,0.0,0.0,0.0,-0.0027052939757986508,0.0,64,14,9,0.7830432412324437,0.17405247584195527,6.004202571343182,37,14,2.4985243340217648e-05,0.7626326912820992,8,0.5586864862458961,0.007657144237907481,7,0.1413933032323315,1,po-rapec-quality-energy-only-20260731-loto-image_classification,339,0.0
0.0,0.0,0.0,0.0,0.0,0.0,0.0,-0.0027052939757986508,0.0,96,9,9,0.7830432412324437,0.06068837082641152,4.3916098027540516,30,17,0.00010341720180784308,1.3061671325282904,8,0.5399476318205779,0.0025451482292334886,7,0.1413933032323315,1,po-rapec-quality-energy-only-20260731-loto-image_classification,340,0.0
0.0,0.0,0.0,0.0,0.0,0.0,0.0,-0.0027052939757986508,0.0,192,12,6,0.7226675771118557,0.305418551186703,4.486094828699359,37,8,2.6607478225334853e-06,2.396884733652753,8,0.20959092249371586,0.0038265241338148615,24,0.06584375559245834,1,po-rapec-quality-energy-only-20260731-loto-image_classification,341,0.0
0.0,0.0,0.0,0.0,0.0,0.0,0.0,-0.0027052939757986508,0.0,192,12,15,0.8034331042494768,0.305418551186703,4.486094828699359,37,6,1.4991935286786222e-05,0.7626326912820992,8,0.31288195346877945,0.0038265241338148615,24,0.23532791489862132,1,po-rapec-quality-energy-only-20260731-loto-image_classification,342,0.0
0.0,0.0,0.0,0.0,0.0,0.0,0.0,-0.0027052939757986508,0.0,192,10,3,0.7830432412324437,0.14784535942402832,4.3916098027540516,30,8,6.103466345186053e-05,2.9381003960157575,8,0.14137008226065217,0.001792100521436324,18,0.06584375559245834,1,po-rapec-quality-energy-only-20260731-loto-image_classification,343,0.0
0.0,0.0,0.0,0.0,0.0,0.0,0.0,-0.0027052939757986508,0.0,96,10,13,0.7830432412324437,0.06068837082641152,4.486094828699359,30,9,7.325495096938993e-05,1.3061671325282904,6,0.31288195346877945,0.0016719805822536914,24,0.17545332051181672,1,po-rapec-quality-energy-only-20260731-loto-image_classification,345,0.0
0.0,0.0,0.0,0.0,0.0,0.0,0.0,-0.0027052939757986508,0.0,192,12,15,0.34532934090191253,0.21135124934810945,4.486094828699359,37,9,1.4991935286786222e-05,0.7626326912820992,8,0.31288195346877945,0.002081313393731117,24,0.2679403730411418,1,po-rapec-quality-energy-only-20260731-loto-image_classification,346,0.0
0.0,0.0,0.0,0.0,0.0,0.0,0.0,-0.0027052939757986508,0.0,128,9,15,0.5266247607639659,0.21135124934810945,7.542044349045726,32,6,1.4991935286786222e-05,0.8679541744607753,8,0.5586864862458961,0.0038265241338148615,20,0.17545332051181672,1,po-rapec-quality-energy-only-20260731-loto-image_classification,347,0.0
0.0,0.0,0.0,0.0,0.0,0.0,0.0,-0.0027052939757986508,0.0,192,12,15,0.007273075554029418,0.21135124934810945,4.486094828699359,37,9,1.4991935286786222e-05,0.7626326912820992,8,0.584874017286983,0.002081313393731117,10,0.15224056127498586,1,po-rapec-quality-energy-only-20260731-loto-image_classification,348,0.0
0.0,0.0,0.0,0.0,0.0,0.0,0.0,-0.0027052939757986508,0.0,64,12,15,0.7830432412324437,0.17405247584195527,6.150737706294037,18,14,1.4991935286786222e-05,0.7626326912820992,8,0.6744736674180155,0.0038265241338148615,24,0.1413933032323315,1,po-rapec-quality-energy-only-20260731-loto-image_classification,349,0.0
0.0,0.0,0.0,0.0,0.0,0.0,0.0,-0.0027052939757986508,0.0,192,14,9,0.007273075554029418,0.21135124934810945,6.150737706294037,32,13,7.325495096938993e-05,0.7626326912820992,5,0.5586864862458961,0.0016719805822536914,20,0.15224056127498586,1,po-rapec-quality-energy-only-20260731-loto-image_classification,351,0.0
0.0,0.0,0.0,0.0,0.0,0.0,0.0,-0.0027052939757986508,0.0,64,12,14,0.7830432412324437,0.06068837082641152,4.414303330410867,30,17,8.052582363287561e-06,1.3061671325282904,8,0.31288195346877945,0.019809241582800848,13,0.1413933032323315,1,po-rapec-quality-energy-only-20260731-loto-image_classification,352,0.0
0.0,0.0,0.0,0.0,0.0,0.0,0.0,-0.0027052939757986508,0.0,192,12,15,0.34532934090191253,0.305418551186703,4.486094828699359,37,9,1.4991935286786222e-05,0.7626326912820992,8,0.31288195346877945,0.0038265241338148615,24,0.2679403730411418,1,po-rapec-quality-energy-only-20260731-loto-image_classification,353,0.0
0.0,0.0,0.0,0.0,0.0,0.0,0.0,-0.0027052939757986508,0.0,64,4,15,0.7830432412324437,0.14784535942402832,3.6928042301735955,37,17,7.317840259770498e-05,0.7626326912820992,7,0.31288195346877945,0.0014096437911512944,7,0.05828293110366632,1,po-rapec-quality-energy-only-20260731-loto-image_classification,354,0.0
0.0,0.0,0.0,0.0,0.0,0.0,0.0,-0.0027052939757986508,0.0,64,10,15,0.8023566334580307,0.06068837082641152,4.3916098027540516,32,13,1.4991935286786222e-05,1.3061671325282904,6,0.31288195346877945,0.001792100521436324,7,0.17545332051181672,1,po-rapec-quality-energy-only-20260731-loto-image_classification,355,0.0
0.0,0.0,0.0,0.0,0.0,0.0,0.0,-0.0027052939757986508,0.0,192,9,15,0.0326382449152199,0.28323678428899857,2.3487819220859696,37,14,6.766072885242129e-05,0.7626326912820992,7,0.31288195346877945,0.0016912061097082627,20,0.2647539115000879,1,po-rapec-quality-energy-only-20260731-loto-image_classification,356,0.0
0.0,0.0,0.0,0.0,0.0,0.0,0.0,-0.0027052939757986508,0.0,64,12,15,0.7830432412324437,0.38023792892044056,3.6928042301735955,37,17,7.325495096938993e-05,0.8697313713390136,8,0.31288195346877945,0.007657144237907481,7,0.17545332051181672,1,po-rapec-quality-energy-only-20260731-loto-image_classification,357,0.0
0.0,0.0,0.0,0.0,0.0,0.0,0.0,-0.0027052939757986508,0.0,192,12,15,0.41452381737976907,0.1410290444810116,2.6496537337886323,27,9,7.262115431463333e-05,2.515286349276147,7,0.6504030246543123,0.002081313393731117,24,0.05828293110366632,1,po-rapec-quality-energy-only-20260731-loto-image_classification,358,0.0
0.0,0.0,0.0,0.0,0.0,0.0,0.0,-0.0027052939757986508,0.0,64,10,13,0.5910035489779931,0.06068837082641152,3.308739757153865,30,19,0.0006324427454284965,1.3061671325282904,6,0.5156650632954861,0.005573717938616659,8,0.40864378611125524,1,po-rapec-quality-energy-only-20260731-loto-image_classification,359,0.0
0.0,0.0,0.0,0.0,0.0,0.0,0.0,-0.0027052939757986508,0.0,128,10,13,0.8023566334580307,0.06068837082641152,4.3916098027540516,32,13,7.325495096938993e-05,0.9448948213257714,5,0.28528387600224014,0.0016719805822536914,20,0.17545332051181672,1,po-rapec-quality-energy-only-20260731-loto-image_classification,360,0.0
0.0,0.0,0.0,0.0,0.0,0.0,0.0,-0.0027052939757986508,0.0,96,14,9,0.007273075554029418,0.21135124934810945,4.486094828699359,13,9,7.325495096938993e-05,0.7626326912820992,6,0.31288195346877945,0.0016719805822536914,24,0.15224056127498586,1,po-rapec-quality-energy-only-20260731-loto-image_classification,361,0.0
0.0,0.0,0.0,0.0,0.0,0.0,0.0,-0.0027052939757986508,0.0,192,12,4,0.38309495915804653,0.14784535942402832,4.630043528031806,38,8,4.1451441115283384e-06,1.4864856319954975,8,0.7155474704984082,0.0014096437911512944,18,0.06584375559245834,1,po-rapec-quality-energy-only-20260731-loto-image_classification,363,0.0
0.0,0.0,0.0,0.0,0.0,0.0,0.0,-0.0027052939757986508,0.0,128,4,15,0.41452381737976907,0.1410290444810116,4.455340681177996,28,9,3.941062028729359e-05,2.4688208302191645,8,0.6902980689723464,0.002081313393731117,19,0.05828293110366632,1,po-rapec-quality-energy-only-20260731-loto-image_classification,364,0.0
0.0,0.0,0.0,0.0,0.0,0.0,0.0,-0.0027052939757986508,0.0,64,12,9,0.5266247607639659,0.17405247584195527,4.409741686021489,26,13,6.228178544372028e-06,0.9448948213257714,8,0.5586864862458961,0.0016912061097082627,20,0.2647539115000879,1,po-rapec-quality-energy-only-20260731-loto-image_classification,365,0.0
0.0,0.0,0.0,0.0,0.0,0.0,0.0,-0.0027052939757986508,0.0,128,12,15,0.8023566334580307,0.06068837082641152,2.3487819220859696,32,17,2.552287024938578e-06,1.3061671325282904,6,0.31288195346877945,0.0016912061097082627,20,0.17545332051181672,1,po-rapec-quality-energy-only-20260731-loto-image_classification,366,0.0
0.0,0.0,0.0,0.0,0.0,0.0,0.0,-0.0027052939757986508,0.0,96,10,3,0.41452381737976907,0.17405247584195527,4.486094828699359,13,12,7.262115431463333e-05,0.9448948213257714,8,0.31288195346877945,0.0016719805822536914,20,0.17545332051181672,1,po-rapec-quality-energy-only-20260731-loto-image_classification,367,0.0
0.0,0.0,0.0,0.0,0.0,0.0,0.0,-0.0027052939757986508,0.0,192,5,4,0.5266247607639659,0.06912480202123095,2.8467271641139416,32,13,7.325495096938993e-05,1.4465442765218681,5,0.7155474704984082,0.0016719805822536914,20,0.050965658762377825,1,po-rapec-quality-energy-only-20260731-loto-image_classification,369,0.0
0.008549796896052083,0.1598344605021183,0.028449999999999975,0.17425933258833826,0.008549796896052083,0.1598344605021183,0.0,-0.0027052939757986508,0.8544427041764607,192,9,4,0.7736934494444573,0.23995316709003361,1.949477401851984,30,17,2.552287024938578e-06,1.4465442765218681,8,0.7155474704984082,0.001792100521436324,20,0.48326852967494605,1,po-rapec-quality-energy-only-20260731-loto-image_classification,370,0.8544427041764607
0.0,0.0,0.0,0.0,0.0,0.0,0.0,-0.0027052939757986508,0.0,128,9,11,0.7063585171882701,0.23803736491056932,6.150737706294037,32,13,0.0006632208878954472,0.8679541744607753,8,0.5586864862458961,0.002081313393731117,24,0.15224056127498586,1,po-rapec-quality-energy-only-20260731-loto-image_classification,372,0.0
0.0,0.0,0.0,0.0,0.0,0.0,0.0,-0.0027052939757986508,0.0,64,12,9,0.5266247607639659,0.28323678428899857,6.150737706294037,32,7,6.228178544372028e-06,0.7626326912820992,5,0.6744736674180155,0.0016912061097082627,20,0.2647539115000879,1,po-rapec-quality-energy-only-20260731-loto-image_classification,373,0.0
0.0,0.0,0.0,0.0,0.0,0.0,0.0,-0.0027052939757986508,0.0,192,12,15,0.7830432412324437,0.21135124934810945,3.6928042301735955,9,9,1.4991935286786222e-05,0.7626326912820992,8,0.6902980689723464,0.002081313393731117,7,0.1413933032323315,1,po-rapec-quality-energy-only-20260731-loto-image_classification,374,0.0
0.0,0.0,0.0,0.0,0.0,0.0,0.0,-0.0027052939757986508,0.0,64,12,15,0.38309495915804653,0.28323678428899857,4.3916098027540516,37,14,2.552287024938578e-06,0.5702168300061201,8,0.5363122534523765,0.001792100521436324,8,0.2662549847121198,1,po-rapec-quality-energy-only-20260731-loto-image_classification,376,0.0
0.0,0.0,0.0,0.0,0.0,0.0,0.0,-0.0027052939757986508,0.0,192,12,9,0.007273075554029418,0.0594298496279663,7.542044349045726,39,8,4.1451441115283384e-06,0.8697313713390136,7,0.75464815444558,0.0014096437911512944,18,0.3919608091103954,1,po-rapec-quality-energy-only-20260731-loto-image_classification,378,0.0
0.0,0.0,0.0,0.0,0.0,0.0,0.0,-0.0027052939757986508,0.0,96,10,13,0.7830432412324437,0.06068837082641152,4.3916098027540516,30,17,2.552287024938578e-06,1.3061671325282904,8,0.31288195346877945,0.0023989325079594947,7,0.1413933032323315,1,po-rapec-quality-energy-only-20260731-loto-image_classification,380,0.0
0.0,0.0,0.0,0.0,0.0,0.0,0.0,-0.0027052939757986508,0.0,192,15,15,0.007273075554029418,0.21135124934810945,4.486094828699359,31,9,1.4991935286786222e-05,0.7626326912820992,8,0.31288195346877945,0.011390316927797746,17,0.06584375559245834,1,po-rapec-quality-energy-only-20260731-loto-image_classification,383,0.0
0.0,0.0,0.0,0.0,0.0,0.0,0.0,-0.0027052939757986508,0.0,96,14,9,0.5266247607639659,0.0594298496279663,7.542044349045726,39,13,7.325495096938993e-05,0.8697313713390136,5,0.5399476318205779,0.0025451482292334886,20,0.17545332051181672,1,po-rapec-quality-energy-only-20260731-loto-image_classification,384,0.0
0.0,0.0,0.0,0.0,0.0,0.0,0.0,-0.0027052939757986508,0.0,192,15,15,0.5737204587532738,0.14784535942402832,4.486094828699359,37,18,7.317840259770498e-05,0.7626326912820992,7,0.14137008226065217,0.0014096437911512944,18,0.06584375559245834,1,po-rapec-quality-energy-only-20260731-loto-image_classification,385,0.0
0.0,0.0,0.0,0.0,0.0,0.0,0.0,-0.0027052939757986508,0.0,96,14,9,0.5266247607639659,0.17405247584195527,4.775056886704972,9,13,7.325495096938993e-05,0.9448948213257714,5,0.5586864862458961,0.0016719805822536914,20,0.17545332051181672,1,po-rapec-quality-energy-only-20260731-loto-image_classification,386,0.0
0.0,0.0,0.0,0.0,0.0,0.0,0.0,-0.0027052939757986508,0.0,192,9,9,0.007273075554029418,0.21135124934810945,4.486094828699359,13,9,7.325495096938993e-05,0.7626326912820992,6,0.31288195346877945,0.0016719805822536914,23,0.15224056127498586,1,po-rapec-quality-energy-only-20260731-loto-image_classification,387,0.0
0.0,0.0,0.0,0.00957676695229803,0.0,0.0,0.0,-0.0027052939757986508,0.0,192,12,3,0.38309495915804653,0.28323678428899857,4.409741686021489,37,11,8.052582363287561e-06,0.7626326912820992,7,0.14137008226065217,0.019809241582800848,18,0.05828293110366632,1,po-rapec-quality-energy-only-20260731-loto-image_classification,388,0.0
0.0,0.0,0.0,0.0,0.0,0.0,0.0,-0.0027052939757986508,0.0,64,12,14,0.41452381737976907,0.14784535942402832,2.6496537337886323,37,17,7.317840259770498e-05,0.7626326912820992,7,0.14137008226065217,0.0014096437911512944,16,0.2662549847121198,1,po-rapec-quality-energy-only-20260731-loto-image_classification,389,0.0
0.0,0.0,0.0,0.0,0.0,0.0,0.0,-0.0027052939757986508,0.0,192,12,9,0.007273075554029418,0.1410290444810116,4.630043528031806,32,12,0.0003849998400596273,0.7626326912820992,8,0.31288195346877945,0.005887368141784676,24,0.15224056127498586,1,po-rapec-quality-energy-only-20260731-loto-image_classification,390,0.0
0.0,0.0,0.0,0.0,0.0,0.0,0.0,-0.0027052939757986508,0.0,96,13,9,0.007273075554029418,0.06912480202123095,6.150737706294037,32,9,0.0003849998400596273,1.8584900718538018,8,0.7155474704984082,0.0016719805822536914,24,0.050965658762377825,1,po-rapec-quality-energy-only-20260731-loto-image_classification,391,0.0
0.0,0.0,0.0,0.0,0.0,0.0,0.0,-0.0027052939757986508,0.0,96,5,9,0.5266247607639659,0.06068837082641152,6.150737706294037,32,17,7.325495096938993e-05,1.8584900718538018,8,0.7155474704984082,0.001792100521436324,20,0.050965658762377825,1,po-rapec-quality-energy-only-20260731-loto-image_classification,393,0.0
0.0,0.0,0.0,0.0,0.0,0.0,0.0,-0.0027052939757986508,0.0,128,14,3,0.5266247607639659,0.3542000862800939,6.150737706294037,27,13,7.262115431463333e-05,0.8697313713390136,7,0.6334384967079986,0.0016719805822536914,20,0.05828293110366632,1,po-rapec-quality-energy-only-20260731-loto-image_classification,394,0.0
0.0,0.0,0.0,0.0,0.0,0.0,0.0,-0.0027052939757986508,0.0,192,12,9,0.8644808154309386,0.21135124934810945,7.936145344804369,29,6,7.325495096938993e-05,0.7626326912820992,8,0.2316499171702447,0.0038265241338148615,20,0.15224056127498586,1,po-rapec-quality-energy-only-20260731-loto-image_classification,397,0.0
0.0,0.0,0.0,0.0,0.0,0.0,0.0,-0.0027052939757986508,0.0,64,12,15,0.38309495915804653,0.17231601860320922,4.409741686021489,26,14,8.052582363287561e-06,0.7626326912820992,8,0.2672916412409765,0.0016912061097082627,16,0.2662549847121198,1,po-rapec-quality-energy-only-20260731-loto-image_classification,399,0.0
0.0,0.0,0.0,0.0,0.0,0.0,0.0,-0.0027052939757986508,0.0,192,12,15,0.34532934090191253,0.2464903490321057,4.455340681177996,9,6,3.941062028729359e-05,0.7626326912820992,8,0.6902980689723464,0.0038265241338148615,19,0.23532791489862132,1,po-rapec-quality-energy-only-20260731-loto-image_classification,400,0.0
0.0,0.0,0.0,0.0,0.0,0.0,0.0,-0.0027052939757986508,0.0,192,14,15,0.41452381737976907,0.21135124934810945,2.6496537337886323,9,18,7.317840259770498e-05,1.3932819177680424,7,0.6902980689723464,0.002081313393731117,18,0.23532791489862132,1,po-rapec-quality-energy-only-20260731-loto-image_classification,401,0.0
0.0,0.0,0.0,0.0,0.0,0.0,0.0,-0.0027052939757986508,0.0,128,12,10,0.7226675771118557,0.14784535942402832,2.6496537337886323,27,12,7.262115431463333e-05,2.515286349276147,7,0.6834472049898949,0.07951135592238279,24,0.05828293110366632,1,po-rapec-quality-energy-only-20260731-loto-image_classification,402,0.0
0.0,0.0,0.0,0.0,0.0,0.0,0.0,-0.0027052939757986508,0.0,64,12,15,0.5291873770855049,0.21135124934810945,2.3487819220859696,37,14,1.4991935286786222e-05,0.7626326912820992,8,0.6744736674180155,0.0016912061097082627,24,0.15224056127498586,1,po-rapec-quality-energy-only-20260731-loto-image_classification,405,0.0
0.0,0.0,0.0,0.0,0.0,0.0,0.0,-0.0027052939757986508,0.0,64,12,15,0.5231896687424552,0.12939814255365262,4.486094828699359,37,17,1.4991935286786222e-05,0.7210506326213482,8,0.31288195346877945,0.007657144237907481,24,0.1413933032323315,1,po-rapec-quality-energy-only-20260731-loto-image_classification,406,0.0
0.00032836919796973746,0.04486404833756177,0.0017702151878184469,0.057079550698143904,0.00032836919796973746,0.04486404833756177,0.0,-0.002505293975798673,0.31674883929215086,64,10,3,0.38309495915804653,0.17405247584195527,4.409741686021489,27,10,7.262115431463333e-05,0.8697313713390136,7,0.7152504690830501,0.019809241582800848,18,0.2662549847121198,1,po-rapec-quality-energy-only-20260731-loto-image_classification,410,0.31674883929215086
0.0,0.0,0.0,0.003177581176165919,0.0,0.0,0.0,-0.0027052939757986508,0.0,64,12,8,0.7050165072517541,0.305418551186703,6.359017751113669,37,14,1.4991935286786222e-05,0.7626326912820992,8,0.31288195346877945,0.0038265241338148615,7,0.2679403730411418,1,po-rapec-quality-energy-only-20260731-loto-image_classification,411,0.0
0.0,0.0,0.0,0.0,0.0,0.0,0.0,-0.0027052939757986508,0.0,192,13,9,0.520369685857367,0.14784535942402832,4.455340681177996,36,9,0.00011735190405435424,2.837423915131937,8,0.6902980689723464,0.005887368141784676,19,0.06584375559245834,1,po-rapec-quality-energy-only-20260731-loto-image_classification,412,0.0
0.0,0.0,0.0,0.0,0.0,0.0,0.0,-0.0027052939757986508,0.0,64,12,15,0.007273075554029418,0.17405247584195527,4.409741686021489,13,14,7.325495096938993e-05,0.9448948213257714,8,0.6744736674180155,0.0016719805822536914,7,0.2647539115000879,1,po-rapec-quality-energy-only-20260731-loto-image_classification,416,0.0
0.0,0.0,0.0,0.0,0.0,0.0,0.0,-0.0027052939757986508,0.0,64,14,15,0.5266247607639659,0.17405247584195527,6.150737706294037,26,13,6.228178544372028e-06,0.7626326912820992,8,0.3925657686337286,0.0016719805822536914,7,0.2647539115000879,1,po-rapec-quality-energy-only-20260731-loto-image_classification,417,0.0
0.0,0.0,0.0,0.0,0.0,0.0,0.0,-0.0027052939757986508,0.0,128,14,15,0.8023566334580307,0.21135124934810945,4.3916098027540516,32,9,8.707123481268276e-06,0.7626326912820992,5,0.28528387600224014,0.002081313393731117,19,0.23532791489862132,1,po-rapec-quality-energy-only-20260731-loto-image_classification,419,0.0
0.0,0.0,0.0,0.0,0.0,0.0,0.0,-0.0027052939757986508,0.0,64,14,9,0.7830432412324437,0.17405247584195527,4.455340681177996,9,9,3.941062028729359e-05,0.7626326912820992,8,0.5586864862458961,0.002081313393731117,19,0.1980312556177914,1,po-rapec-quality-energy-only-20260731-loto-image_classification,420,0.0
0.0,0.0,0.0,0.0,0.0,0.0,0.0,-0.0027052939757986508,0.0,64,14,15,0.7830432412324437,0.21135124934810945,4.455340681177996,37,17,1.4991935286786222e-05,0.7626326912820992,8,0.31288195346877945,0.007657144237907481,7,0.23532791489862132,1,po-rapec-quality-energy-only-20260731-loto-image_classification,422,0.0
0.0,0.0,0.0,0.007984250756925415,0.0,0.0,0.0,-0.0027052939757986508,0.0,192,12,3,0.18462020390088044,0.14784535942402832,4.630043528031806,36,12,7.262115431463333e-05,2.9381003960157575,8,0.6834472049898949,0.07951135592238279,18,0.06584375559245834,1,po-rapec-quality-energy-only-20260731-loto-image_classification,423,0.0
0.0,0.0,0.0,0.0,0.0,0.0,0.0,-0.0027052939757986508,0.0,96,12,13,0.41452381737976907,0.1410290444810116,4.3916098027540516,36,12,7.262115431463333e-05,0.9448948213257714,5,0.28528387600224014,0.005887368141784676,20,0.17545332051181672,1,po-rapec-quality-energy-only-20260731-loto-image_classification,424,0.0
0.0,0.0,0.0,0.0,0.0,0.0,0.0,-0.0027052939757986508,0.0,64,10,13,0.7830432412324437,0.06068837082641152,4.3916098027540516,30,19,2.552287024938578e-06,0.7626326912820992,6,0.5586864862458961,0.001792100521436324,7,0.1413933032323315,1,po-rapec-quality-energy-only-20260731-loto-image_classification,426,0.0
0.008282078905423587,0.14208647831682994,0.02391999999999994,0.17729909058612325,0.008282078905423587,0.14208647831682994,0.0,-0.0013126738372078069,0.8525940774069318,96,12,15,0.007273075554029418,0.17405247584195527,2.3487819220859696,37,9,7.325495096938993e-05,1.7210128360228705,8,0.31288195346877945,0.0016912061097082627,24,0.2647539115000879,1,po-rapec-quality-energy-only-20260731-loto-image_classification,427,0.8525940774069318
0.0,0.0,0.0,0.0,0.0,0.0,0.0,-0.0027052939757986508,0.0,64,12,15,0.7830432412324437,0.14784535942402832,3.6928042301735955,37,17,1.4991935286786222e-05,0.7626326912820992,8,0.31288195346877945,0.007657144237907481,18,0.1413933032323315,1,po-rapec-quality-energy-only-20260731-loto-image_classification,428,0.0
0.0,0.0,0.0,0.0,0.0,0.0,0.0,-0.0027052939757986508,0.0,64,9,15,0.007273075554029418,0.21135124934810945,4.486094828699359,37,8,7.325495096938993e-05,0.7626326912820992,7,0.5399476318205779,0.0025451482292334886,16,0.17545332051181672,1,po-rapec-quality-energy-only-20260731-loto-image_classification,429,0.0
0.0,0.0,0.0,0.0,0.0,0.0,0.0,-0.0027052939757986508,0.0,96,15,15,0.007273075554029418,0.17405247584195527,6.150737706294037,32,9,2.6607478225334853e-06,0.7626326912820992,8,0.31288195346877945,0.002081313393731117,17,0.15224056127498586,1,po-rapec-quality-energy-only-20260731-loto-image_classification,430,0.0
0.0,0.0,0.0,0.0033238233133697243,0.0,0.0,0.0,-0.0027052939757986508,0.0,64,12,15,0.38309495915804653,0.28323678428899857,1.525622607660991,32,14,8.052582363287561e-06,1.6712078878467782,8,0.7152504690830501,0.002081313393731117,24,0.15224056127498586,1,po-rapec-quality-energy-only-20260731-loto-image_classification,432,0.0
0.0,0.0,0.0,0.0,0.0,0.0,0.0,-0.0027052939757986508,0.0,64,12,14,0.38309495915804653,0.14784535942402832,4.630043528031806,37,8,0.00011735190405435424,0.7626326912820992,8,0.20959092249371586,0.005887368141784676,18,0.2662549847121198,1,po-rapec-quality-energy-only-20260731-loto-image_classification,433,0.0
0.0,0.0,0.0,0.0,0.0,0.0,0.0,-0.0027052939757986508,0.0,64,12,15,0.11346394522537909,0.17405247584195527,6.150737706294037,32,14,7.325495096938993e-05,0.7626326912820992,8,0.5586864862458961,0.0016912061097082627,7,0.17545332051181672,1,po-rapec-quality-energy-only-20260731-loto-image_classification,434,0.0
0.0,0.0,0.0,0.0,0.0,0.0,0.0,-0.0027052939757986508,0.0,192,14,9,0.7830432412324437,0.14784535942402832,6.150737706294037,36,8,1.4991935286786222e-05,0.7626326912820992,8,0.14137008226065217,0.0014096437911512944,18,0.2647539115000879,1,po-rapec-quality-energy-only-20260731-loto-image_classification,435,0.0
0.0,0.0,0.0,0.0,0.0,0.0,0.0,-0.0027052939757986508,0.0,96,14,9,0.7830432412324437,0.0594298496279663,6.150737706294037,39,9,1.4991935286786222e-05,0.7626326912820992,8,0.5586864862458961,0.0025451482292334886,16,0.17545332051181672,1,po-rapec-quality-energy-only-20260731-loto-image_classification,436,0.0
0.0,0.0,0.0,0.0,0.0,0.0,0.0,-0.0027052939757986508,0.0,64,12,15,0.5737204587532738,0.28323678428899857,4.409741686021489,37,14,2.6607478225334853e-06,0.7626326912820992,8,0.14137008226065217,0.011390316927797746,18,0.06584375559245834,1,po-rapec-quality-energy-only-20260731-loto-image_classification,437,0.0
0.0,0.0,0.0,0.0,0.0,0.0,0.0,-0.0027052939757986508,0.0,128,4,3,0.41452381737976907,0.1914524579953485,2.6496537337886323,21,18,4.222418549245097e-06,1.3932819177680424,7,0.14137008226065217,0.0014096437911512944,9,0.05828293110366632,1,po-rapec-quality-energy-only-20260731-loto-image_classification,439,0.0
0.0,0.0,0.0,0.0,0.0,0.0,0.0,-0.0027052939757986508,0.0,96,12,15,0.007273075554029418,0.17405247584195527,6.150737706294037,32,9,0.0003849998400596273,0.7626326912820992,8,0.31288195346877945,0.002081313393731117,24,0.15224056127498586,1,po-rapec-quality-energy-only-20260731-loto-image_classification,441,0.0
0.0,0.0,0.0,0.00831747773247327,0.0,0.0,0.0,-0.0027052939757986508,0.0,64,7,13,0.014373349888897491,0.06068837082641152,3.308739757153865,9,19,2.0654971794050703e-05,0.7626326912820992,8,0.5156650632954861,0.005573717938616659,13,0.40864378611125524,1,po-rapec-quality-energy-only-20260731-loto-image_classification,445,0.0
0.0,0.0,0.0,0.0,0.0,0.0,0.0,-0.0027052939757986508,0.0,192,14,15,0.007273075554029418,0.305418551186703,4.486094828699359,20,6,1.4991935286786222e-05,0.7626326912820992,8,0.31288195346877945,0.0038265241338148615,24,0.2679403730411418,1,po-rapec-quality-energy-only-20260731-loto-image_classification,447,0.0
0.0,0.0,0.0,0.0,0.0,0.0,0.0,-0.0027052939757986508,0.0,96,14,9,0.40007386046799703,0.17405247584195527,6.150737706294037,37,14,1.406552743547534e-05,0.8697313713390136,8,0.6334384967079986,0.0016719805822536914,20,0.2647539115000879,1,po-rapec-quality-energy-only-20260731-loto-image_classification,448,0.0
0.0,0.0,0.0,0.0,0.0,0.0,0.0,-0.0027052939757986508,0.0,192,10,6,0.520369685857367,0.17405247584195527,4.455340681177996,27,12,3.941062028729359e-05,0.8697313713390136,7,0.6334384967079986,0.002081313393731117,20,0.05828293110366632,1,po-rapec-quality-energy-only-20260731-loto-image_classification,449,0.0
0.0,0.0,0.0,0.0,0.0,0.0,0.0,-0.0027052939757986508,0.0,128,9,10,0.7226675771118557,0.14784535942402832,1.949477401851984,36,17,2.027193994863887e-06,2.396884733652753,8,0.7155474704984082,0.001792100521436324,18,0.06584375559245834,1,po-rapec-quality-energy-only-20260731-loto-image_classification,451,0.0
0.0,0.0,0.0,0.003177581176165919,0.0,0.0,0.0,-0.0027052939757986508,0.0,128,4,9,0.7830432412324437,0.28323678428899857,4.409741686021489,23,14,1.4991935286786222e-05,0.7626326912820992,8,0.6744736674180155,0.0016912061097082627,7,0.1413933032323315,1,po-rapec-quality-energy-only-20260731-loto-image_classification,452,0.0
0.0,0.0,0.0,0.0,0.0,0.0,0.0,-0.0027052939757986508,0.0,96,9,15,0.007273075554029418,0.17405247584195527,6.150737706294037,32,13,0.0006632208878954472,0.8697313713390136,8,0.6334384967079986,0.0025451482292334886,24,0.32903555636652243,1,po-rapec-quality-energy-only-20260731-loto-image_classification,453,0.0
0.0,0.0,0.0,0.0,0.0,0.0,0.0,-0.0027052939757986508,0.0,64,14,9,0.014373349888897491,0.09744599888563182,6.150737706294037,30,19,7.325495096938993e-05,0.9448948213257714,6,0.5586864862458961,0.005573717938616659,8,0.17545332051181672,1,po-rapec-quality-energy-only-20260731-loto-image_classification,457,0.0
0.0,0.0,0.0,0.0,0.0,0.0,0.0,-0.0027052939757986508,0.0,192,12,15,0.7830432412324437,0.23995316709003361,1.949477401851984,30,19,2.552287024938578e-06,0.7626326912820992,8,0.31288195346877945,0.008144820387408058,20,0.48326852967494605,1,po-rapec-quality-energy-only-20260731-loto-image_classification,458,0.0
0.0,0.0,0.0,0.0,0.0,0.0,0.0,-0.0027052939757986508,0.0,96,10,15,0.40007386046799703,0.17405247584195527,3.513556591642165,32,9,0.0003849998400596273,0.8697313713390136,8,0.6334384967079986,0.002081313393731117,20,0.17545332051181672,1,po-rapec-quality-energy-only-20260731-loto-image_classification,459,0.0
0.0,0.0,0.0,0.0,0.0,0.0,0.0,-0.0027052939757986508,0.0,64,14,9,0.7830432412324437,0.21135124934810945,6.150737706294037,37,9,7.325495096938993e-05,0.7626326912820992,8,0.5586864862458961,0.0016719805822536914,24,0.1413933032323315,1,po-rapec-quality-energy-only-20260731-loto-image_classification,460,0.0
0.0,0.0,0.0,0.0,0.0,0.0,0.0,-0.0027052939757986508,0.0,64,12,15,0.7830432412324437,0.17405247584195527,6.150737706294037,30,14,6.228178544372028e-06,0.7626326912820992,8,0.5586864862458961,0.0016912061097082627,7,0.2647539115000879,1,po-rapec-quality-energy-only-20260731-loto-image_classification,462,0.0
0.0015494626494923294,0.04913222223549357,0.007485238999572319,0.08910905331671677,0.0015494626494923294,0.04913222223549357,0.0,-0.002505293975798673,0.3329433154559131,96,12,11,0.007273075554029418,0.17405247584195527,7.542044349045726,32,9,0.0006632208878954472,1.7210128360228705,8,0.5586864862458961,0.017745565306338872,20,0.17545332051181672,1,po-rapec-quality-energy-only-20260731-loto-image_classification,463,0.3329433154559131
0.0,0.0,0.0,0.0,0.0,0.0,0.0,-0.0027052939757986508,0.0,64,9,13,0.7736934494444573,0.06068837082641152,4.3916098027540516,39,19,7.325495096938993e-05,1.3061671325282904,6,0.5399476318205779,0.014889009904028418,8,0.48326852967494605,1,po-rapec-quality-energy-only-20260731-loto-image_classification,464,0.0
0.0,0.0,0.0,0.0,0.0,0.0,0.0,-0.0027052939757986508,0.0,128,9,4,0.41452381737976907,0.23995316709003361,3.513556591642165,27,12,6.766072885242129e-05,1.4465442765218681,7,0.7155474704984082,0.0016719805822536914,20,0.050965658762377825,1,po-rapec-quality-energy-only-20260731-loto-image_classification,466,0.0
0.0,0.0,0.0,0.0,0.0,0.0,0.0,-0.0027052939757986508,0.0,32,4,6,0.7226675771118557,0.1410290444810116,2.6496537337886323,21,15,2.6607478225334853e-06,1.3932819177680424,7,0.6834472049898949,0.005887368141784676,18,0.05828293110366632,1,po-rapec-quality-energy-only-20260731-loto-image_classification,469,0.0
0.0,0.0,0.0,0.0,0.0,0.0,0.0,-0.0027052939757986508,0.0,96,12,15,0.2669420482179684,0.17405247584195527,6.150737706294037,32,9,2.244980958195532e-05,0.9448948213257714,5,0.31288195346877945,0.002081313393731117,20,0.15224056127498586,1,po-rapec-quality-energy-only-20260731-loto-image_classification,472,0.0
0.0,0.0,0.0,0.0,0.0,0.0,0.0,-0.0027052939757986508,0.0,96,14,9,0.007273075554029418,0.12805543262255592,4.486094828699359,13,9,3.158284934326164e-05,0.7626326912820992,8,0.31288195346877945,0.007657144237907481,24,0.1413933032323315,1,po-rapec-quality-energy-only-20260731-loto-image_classification,473,0.0
0.0,0.0,0.0,0.0,0.0,0.0,0.0,-0.0027052939757986508,0.0,192,12,9,0.34532934090191253,0.28323678428899857,4.486094828699359,37,14,6.228178544372028e-06,0.7626326912820992,8,0.6744736674180155,0.0016912061097082627,7,0.2647539115000879,1,po-rapec-quality-energy-only-20260731-loto-image_classification,474,0.0
0.0,0.0,0.0,0.0,0.0,0.0,0.0,-0.0027052939757986508,0.0,192,12,3,0.18462020390088044,0.14784535942402832,4.630043528031806,36,8,0.0002045089265127625,2.9381003960157575,8,0.14137008226065217,0.0014096437911512944,18,0.06584375559245834,1,po-rapec-quality-energy-only-20260731-loto-image_classification,475,0.0
0.0,0.0,0.0,0.0,0.0,0.0,0.0,-0.0027052939757986508,0.0,64,9,9,0.43551280850452934,0.23995316709003361,3.8030605803288573,13,9,6.766072885242129e-05,2.3228974751641607,7,0.5399476318205779,0.0025451482292334886,20,0.050965658762377825,1,po-rapec-quality-energy-only-20260731-loto-image_classification,476,0.0
0.0,0.0,0.0,0.0,0.0,0.0,0.0,-0.0027052939757986508,0.0,96,12,15,0.5266247607639659,0.17405247584195527,4.048100721365574,32,13,6.228178544372028e-06,0.7626326912820992,8,0.2672916412409765,0.0016912061097082627,7,0.2647539115000879,1,po-rapec-quality-energy-only-20260731-loto-image_classification,478,0.0
0.0,0.0,0.0,0.0,0.0,0.0,0.0,-0.0027052939757986508,0.0,64,15,15,0.38309495915804653,0.21135124934810945,7.636000409430745,38,6,2.6607478225334853e-06,0.7626326912820992,8,0.14137008226065217,0.0036116795472184065,16,0.06584375559245834,1,po-rapec-quality-energy-only-20260731-loto-image_classification,480,0.0
0.0,0.0,0.0,0.0,0.0,0.0,0.0,-0.0027052939757986508,0.0,64,12,10,0.34532934090191253,0.17405247584195527,4.455340681177996,27,6,7.262115431463333e-05,0.8697313713390136,7,0.6902980689723464,0.0016336487759158402,19,0.2662549847121198,1,po-rapec-quality-energy-only-20260731-loto-image_classification,481,0.0
0.0,0.0,0.0,0.0,0.0,0.0,0.0,-0.0027052939757986508,0.0,128,4,6,0.41452381737976907,0.1410290444810116,2.6496537337886323,36,18,7.262115431463333e-05,2.515286349276147,8,0.6834472049898949,0.005887368141784676,18,0.06584375559245834,1,po-rapec-quality-energy-only-20260731-loto-image_classification,483,0.0
0.0,0.0,0.0,0.0,0.0,0.0,0.0,-0.0027052939757986508,0.0,192,12,15,0.34532934090191253,0.2464903490321057,4.455340681177996,9,6,3.941062028729359e-05,0.7626326912820992,8,0.6902980689723464,0.0038265241338148615,19,0.23532791489862132,1,po-rapec-quality-energy-only-20260731-loto-image_classification,484,0.0
0.0,0.0,0.0,0.0,0.0,0.0,0.0,-0.0027052939757986508,0.0,96,12,15,0.007273075554029418,0.17405247584195527,2.3487819220859696,32,9,0.0003849998400596273,0.7626326912820992,8,0.31288195346877945,0.0016912061097082627,24,0.15224056127498586,1,po-rapec-quality-energy-only-20260731-loto-image_classification,486,0.0
0.0,0.0,0.0,0.0,0.0,0.0,0.0,-0.0027052939757986508,0.0,192,4,15,0.5737204587532738,0.21135124934810945,4.486094828699359,37,8,7.317840259770498e-05,0.7626326912820992,7,0.14137008226065217,0.0015825064309162868,18,0.06584375559245834,1,po-rapec-quality-energy-only-20260731-loto-image_classification,487,0.0
0.0,0.0,0.0,0.0,0.0,0.0,0.0,-0.0027052939757986508,0.0,128,12,4,0.7226675771118557,0.14784535942402832,1.949477401851984,12,17,2.6607478225334853e-06,1.4465442765218681,7,0.6834472049898949,0.005887368141784676,20,0.06584375559245834,1,po-rapec-quality-energy-only-20260731-loto-image_classification,488,0.0
0.0,0.0,0.0,0.0,0.0,0.0,0.0,-0.0027052939757986508,0.0,64,9,9,0.7830432412324437,0.17405247584195527,7.542044349045726,37,10,3.3951758973487135e-06,0.7626326912820992,8,0.5399476318205779,0.0025451482292334886,7,0.17545332051181672,1,po-rapec-quality-energy-only-20260731-loto-image_classification,489,0.0
0.0,0.0,0.0,0.0,0.0,0.0,0.0,-0.0027052939757986508,0.0,96,14,15,0.5266247607639659,0.17405247584195527,4.409741686021489,32,14,7.325495096938993e-05,0.9448948213257714,8,0.5586864862458961,0.0016912061097082627,7,0.2647539115000879,1,po-rapec-quality-energy-only-20260731-loto-image_classification,493,0.0
0.0,0.0,0.0,0.0,0.0,0.0,0.0,-0.0027052939757986508,0.0,96,12,15,0.007273075554029418,0.17405247584195527,6.150737706294037,32,9,0.0003849998400596273,0.7626326912820992,8,0.31288195346877945,0.002081313393731117,24,0.15224056127498586,1,po-rapec-quality-energy-only-20260731-loto-image_classification,495,0.0
0.0,0.0,0.0,0.0,0.0,0.0,0.0,-0.0027052939757986508,0.0,64,12,15,0.859462663513595,0.28323678428899857,4.409741686021489,26,14,6.228178544372028e-06,0.7626326912820992,8,0.2672916412409765,0.0016912061097082627,7,0.2647539115000879,1,po-rapec-quality-energy-only-20260731-loto-image_classification,496,0.0
0.0,0.0,0.0,0.0,0.0,0.0,0.0,-0.0027052939757986508,0.0,128,10,3,0.007273075554029418,0.17405247584195527,6.150737706294037,32,12,0.0003849998400596273,0.8760215781274945,8,0.6334384967079986,0.002081313393731117,20,0.15224056127498586,1,po-rapec-quality-energy-only-20260731-loto-image_classification,497,0.0
0.0,0.0,0.0,0.0,0.0,0.0,0.0,-0.0027052939757986508,0.0,192,10,15,0.34532934090191253,0.2464903490321057,4.3916098027540516,32,17,3.941062028729359e-05,0.7626326912820992,8,0.28528387600224014,0.0016719805822536914,20,0.17545332051181672,1,po-rapec-quality-energy-only-20260731-loto-image_classification,498,0.0
0.0,0.0,0.0,0.0,0.0,0.0,0.0,-0.0027052939757986508,0.0,128,12,10,0.007273075554029418,0.0594298496279663,4.630043528031806,36,9,2.6607478225334853e-06,2.396884733652753,7,0.5399476318205779,0.005887368141784676,18,0.06584375559245834,1,po-rapec-quality-energy-only-20260731-loto-image_classification,499,0.0
0.0,0.0,0.0,0.0,0.0,0.0,0.0,-0.005588702998168535,0.0,128,3,3,0.0808445435630649,0.29573352945508913,5.120964931670326,9,17,0.00042051015688257466,1.3656755905681168,5,0.14056987453669778,0.01165028681231272,15,0.10514537014315839,1,po-rapec-quality-energy-only-20260731-loto-object_detection,15,0.0
0.0,0.0,0.0,0.0,0.0,0.0,0.0,-0.005588702998168535,0.0,128,5,5,0.6483021260443056,0.15412463755037234,5.86569100632785,36,11,0.0003054824486747329,2.4975572044255068,8,0.35662709699506634,0.06530030839330797,14,0.15970101608433526,1,po-rapec-quality-energy-only-20260731-loto-object_detection,29,0.0
0.0,0.0,0.0,0.0,0.0,0.0,0.0,-0.005588702998168535,0.0,64,6,3,0.1313749898792892,0.28254148153873176,4.71713322276862,34,10,0.000578164871361237,0.6588043345268373,7,0.7794404056863412,0.0017934414957361169,22,0.4651860672913148,1,po-rapec-quality-energy-only-20260731-loto-object_detection,32,0.0
0.0,0.0,0.0,0.0,0.0,0.0,0.0,-0.005588702998168535,0.0,64,3,15,0.1811861648019899,0.266883920975316,1.584145450898106,22,14,0.00034340359104807555,2.449529680475239,7,0.5300120444283324,0.01665310648305167,17,0.22368511905571775,1,po-rapec-quality-energy-only-20260731-loto-object_detection,38,0.0
0.0,0.0,0.0,0.0,0.0,0.0,0.0,-0.005588702998168535,0.0,96,6,5,0.12708363992369645,0.22249716324955404,2.3408300074322663,32,7,0.000409934929500598,0.9008712249171811,5,0.27815308632588565,0.0026741393858299538,10,0.1185750959305687,1,po-rapec-quality-energy-only-20260731-loto-object_detection,40,0.0
0.0,0.0,0.0,0.0,0.0,0.0,0.0,-0.005588702998168535,0.0,128,8,5,0.12708363992369645,0.39612294798116987,6.328429433669586,38,20,1.049157761634226e-06,0.9008712249171811,5,0.6809228268930211,0.0012525593393950944,10,0.06277027456699352,1,po-rapec-quality-energy-only-20260731-loto-object_detection,41,0.0
0.0,0.0,0.0,0.0,0.0,0.0,0.0,-0.005588702998168535,0.0,192,3,14,0.7267287103850608,0.16574109365200435,6.1461809776615635,40,12,3.274116442978566e-05,0.7930979734911368,5,0.5350428055894331,0.001655217267977339,7,0.199803047141763,1,po-rapec-quality-energy-only-20260731-loto-object_detection,47,0.0
0.0,0.0,0.0,0.0,0.0,0.0,0.0,-0.005588702998168535,0.0,128,5,5,0.3786786714337511,0.14728949707285816,4.945386186089685,25,8,2.3113765107812644e-06,2.4975572044255068,8,0.6642847559127573,0.06530030839330797,22,0.09804758289611025,1,po-rapec-quality-energy-only-20260731-loto-object_detection,48,0.0
0.0,0.0,0.0,0.0,0.0,0.0,0.0,-0.005588702998168535,0.0,128,3,3,0.4445614221924992,0.29573352945508913,5.120964931670326,29,17,4.714649581161684e-05,1.5035231235741928,5,0.7655599224020917,0.01165028681231272,15,0.1657301947280217,1,po-rapec-quality-energy-only-20260731-loto-object_detection,57,0.0
0.0,0.0,0.0,0.0,0.0,0.0,0.0,-0.005588702998168535,0.0,128,4,4,0.6483021260443056,0.21086616622255616,2.1877253035892466,10,11,0.0003054824486747329,2.4636828950783753,8,0.7066447202974404,0.06530030839330797,17,0.15970101608433526,1,po-rapec-quality-energy-only-20260731-loto-object_detection,63,0.0
0.0,0.0,0.0,0.0,0.0,0.0,0.0,-0.005588702998168535,0.0,128,6,7,0.5829134334924898,0.19526253189887177,5.821350643501032,17,20,0.00025577344180006083,0.6898750558694906,5,0.7448228785928936,0.002063747644353726,10,0.11702302497620454,1,po-rapec-quality-energy-only-20260731-loto-object_detection,74,0.0
0.0,0.0,0.0,0.0,0.0,0.0,0.0,-0.005588702998168535,0.0,64,3,15,0.1811861648019899,0.266883920975316,1.584145450898106,34,9,0.000578164871361237,0.6588043345268373,7,0.5300120444283324,0.01665310648305167,22,0.22368511905571775,1,po-rapec-quality-energy-only-20260731-loto-object_detection,76,0.0
0.0035330798053528414,0.03449220181304469,0.017499272480562156,0.10522314252858411,0.0035330798053528414,0.03449220181304469,0.0,-0.0019761244833209624,0.7783673705111724,96,9,10,0.26734535406053295,0.3652175397193492,1.5136899631293677,10,10,8.893585234985786e-05,1.3374812577847566,8,0.6568903106725658,0.006941443022895257,9,0.1708841689915172,1,po-rapec-quality-energy-only-20260731-loto-object_detection,80,0.7783673705111724
0.0,0.0,0.0,0.0,0.0,0.0,0.0,-0.005588702998168535,0.0,32,8,9,0.014199398019748056,0.16424735823111047,7.695240955552773,29,13,1.3051561307268949e-05,1.5035231235741928,8,0.27025645956524325,0.06722755541312639,24,0.1287806449711737,1,po-rapec-quality-energy-only-20260731-loto-object_detection,82,0.0
0.0,0.0,0.0,0.0,0.0,0.0,0.0,-0.005588702998168535,0.0,128,8,5,0.12708363992369645,0.39612294798116987,6.328429433669586,38,20,1.049157761634226e-06,0.9008712249171811,5,0.6809228268930211,0.0012525593393950944,10,0.06277027456699352,1,po-rapec-quality-energy-only-20260731-loto-object_detection,83,0.0
0.0,0.0,0.0,0.0,0.0,0.0,0.0,-0.005588702998168535,0.0,128,3,10,0.1811861648019899,0.15412463755037234,1.584145450898106,22,14,0.0003054824486747329,2.318039089565877,7,0.5300120444283324,0.01665310648305167,17,0.22368511905571775,1,po-rapec-quality-energy-only-20260731-loto-object_detection,91,0.0
0.0,0.0,0.0,0.0,0.0,0.0,0.0,-0.005588702998168535,0.0,32,3,4,0.7892191532663276,0.21086616622255616,2.1877253035892466,10,9,2.0484829269537454e-05,0.6588043345268373,8,0.7066447202974404,0.01665310648305167,17,0.22368511905571775,1,po-rapec-quality-energy-only-20260731-loto-object_detection,93,0.0
0.0,0.0,0.0,0.0,0.0,0.0,0.0,-0.005588702998168535,0.0,32,3,10,0.1811861648019899,0.266883920975316,1.584145450898106,34,9,0.0002994695569663171,0.6588043345268373,5,0.5300120444283324,0.01665310648305167,22,0.22368511905571775,1,po-rapec-quality-energy-only-20260731-loto-object_detection,94,0.0
0.0,0.0,0.0,0.0,0.0,0.0,0.0,-0.005588702998168535,0.0,128,3,4,0.26734535406053295,0.21086616622255616,2.1877253035892466,10,15,2.3113765107812644e-06,1.2684005065783863,8,0.6568903106725658,0.006941443022895257,17,0.09804758289611025,1,po-rapec-quality-energy-only-20260731-loto-object_detection,96,0.0
0.0,0.0,0.0,0.0,0.0,0.0,0.0,-0.005588702998168535,0.0,64,3,15,0.008561405614695662,0.266883920975316,1.584145450898106,22,16,0.0005221769501251871,2.449529680475239,6,0.5300120444283324,0.004397240233431928,17,0.22368511905571775,1,po-rapec-quality-energy-only-20260731-loto-object_detection,97,0.0
0.0,0.0,0.0,0.0,0.0,0.0,0.0,-0.005588702998168535,0.0,32,8,15,0.014199398019748056,0.14728949707285816,4.945386186089685,25,8,2.3113765107812644e-06,1.3656755905681168,8,0.6642847559127573,0.06530030839330797,20,0.1287806449711737,1,po-rapec-quality-energy-only-20260731-loto-object_detection,100,0.0
0.0,0.0,0.0,0.0,0.0,0.0,0.0,-0.005588702998168535,0.0,128,6,4,0.1313749898792892,0.21086616622255616,2.1877253035892466,38,10,0.0003054824486747329,0.6588043345268373,7,0.7794404056863412,0.0017934414957361169,17,0.4651860672913148,1,po-rapec-quality-energy-only-20260731-loto-object_detection,101,0.0
0.0,0.0,0.0,0.0,0.0,0.0,0.0,-0.005588702998168535,0.0,128,3,5,0.4445614221924992,0.14728949707285816,4.945386186089685,25,8,2.3113765107812644e-06,1.5035231235741928,8,0.6642847559127573,0.01165028681231272,22,0.09804758289611025,1,po-rapec-quality-energy-only-20260731-loto-object_detection,104,0.0
0.0,0.0,0.0,0.0,0.0,0.0,0.0,-0.005588702998168535,0.0,128,5,3,0.3786786714337511,0.29573352945508913,4.945386186089685,29,17,4.714649581161684e-05,1.5035231235741928,8,0.6642847559127573,0.06530030839330797,22,0.1657301947280217,1,po-rapec-quality-energy-only-20260731-loto-object_detection,105,0.0
0.0,0.0,0.0,0.0,0.0,0.0,0.0,-0.005588702998168535,0.0,192,3,15,0.7267287103850608,0.266883920975316,6.1461809776615635,22,14,3.274116442978566e-05,0.7930979734911368,5,0.5350428055894331,0.001655217267977339,17,0.22368511905571775,1,po-rapec-quality-energy-only-20260731-loto-object_detection,106,0.0
0.0,0.0,0.0,0.0,0.0,0.0,0.0,-0.005588702998168535,0.0,96,5,9,0.3420409833022859,0.41229291461757933,6.638110755872421,37,20,7.956900406662393e-06,1.123200977956422,3,0.3943123601335786,0.0080881376724591,24,0.11702302497620454,1,po-rapec-quality-energy-only-20260731-loto-object_detection,109,0.0
0.0,0.0,0.0,0.0,0.0,0.0,0.0,-0.005588702998168535,0.0,192,3,14,0.34065394517985664,0.16574109365200435,6.1461809776615635,32,12,3.274116442978566e-05,0.7930979734911368,7,0.42238691798829675,0.008485904383522336,7,0.199803047141763,1,po-rapec-quality-energy-only-20260731-loto-object_detection,110,0.0
0.0,0.0,0.0,0.0,0.0,0.0,0.0,-0.005588702998168535,0.0,128,6,7,0.6483021260443056,0.21086616622255616,5.821350643501032,10,11,0.00025577344180006083,0.6898750558694906,8,0.7066447202974404,0.002063747644353726,10,0.15970101608433526,1,po-rapec-quality-energy-only-20260731-loto-object_detection,113,0.0
0.0,0.0,0.0,0.0,0.0,0.0,0.0,-0.005588702998168535,0.0,128,8,13,0.09419999960135171,0.39612294798116987,5.4623983783786425,38,20,1.049157761634226e-06,0.5606701056740272,5,0.6809228268930211,0.0012525593393950944,13,0.06277027456699352,1,po-rapec-quality-energy-only-20260731-loto-object_detection,117,0.0
0.0,0.0,0.0,0.0,0.0,0.0,0.0,-0.005588702998168535,0.0,64,14,13,0.5258338949008938,0.1569165418169604,5.4623983783786425,18,20,1.049157761634226e-06,0.7113319796648119,5,0.1882759151826114,0.0012525593393950944,13,0.09660310297537418,1,po-rapec-quality-energy-only-20260731-loto-object_detection,119,0.0
0.0,0.0,0.0,0.01993143756218785,0.0,0.0,0.0,-0.005588702998168535,0.0,64,6,15,0.1811861648019899,0.18283335519621452,5.821350643501032,17,20,0.00025577344180006083,0.6898750558694906,5,0.7448228785928936,0.002063747644353726,17,0.22368511905571775,1,po-rapec-quality-energy-only-20260731-loto-object_detection,122,0.0
0.0,0.0,0.0,0.0,0.0,0.0,0.0,-0.005588702998168535,0.0,128,5,3,0.3786786714337511,0.29573352945508913,4.945386186089685,9,7,4.714649581161684e-05,1.5035231235741928,8,0.6642847559127573,0.01165028681231272,22,0.10514537014315839,1,po-rapec-quality-energy-only-20260731-loto-object_detection,123,0.0
0.0,0.0,0.0,0.0,0.0,0.0,0.0,-0.005588702998168535,0.0,64,5,15,0.014199398019748056,0.4291640120691857,3.4907860896190366,37,8,2.3113765107812644e-06,0.58590616364732,8,0.27025645956524325,0.06530030839330797,13,0.1287806449711737,1,po-rapec-quality-energy-only-20260731-loto-object_detection,125,0.0
0.0,0.0,0.0,0.0,0.0,0.0,0.0,-0.005588702998168535,0.0,96,3,10,0.34065394517985664,0.21086616622255616,2.1877253035892466,32,15,8.893585234985786e-05,1.3374812577847566,8,0.6568903106725658,0.008485904383522336,17,0.1605450783927297,1,po-rapec-quality-energy-only-20260731-loto-object_detection,126,0.0
0.0,0.0,0.0,0.0,0.0,0.0,0.0,-0.005588702998168535,0.0,64,8,3,0.014199398019748056,0.14728949707285816,4.71713322276862,34,10,0.000578164871361237,1.3656755905681168,7,0.6642847559127573,0.0017934414957361169,22,0.1287806449711737,1,po-rapec-quality-energy-only-20260731-loto-object_detection,129,0.0
0.0,0.0,0.0,0.0,0.0,0.0,0.0,-0.005588702998168535,0.0,128,8,3,0.12708363992369645,0.29573352945508913,6.328429433669586,9,20,0.00014226630935082715,2.2981286023778287,5,0.6809228268930211,0.0012525593393950944,15,0.06277027456699352,1,po-rapec-quality-energy-only-20260731-loto-object_detection,130,0.0
0.0,0.0,0.0,0.0,0.0,0.0,0.0,-0.005588702998168535,0.0,64,6,13,0.5258338949008938,0.19526253189887177,5.821350643501032,18,20,1.049157761634226e-06,0.7113319796648119,5,0.1882759151826114,0.002063747644353726,13,0.11702302497620454,1,po-rapec-quality-energy-only-20260731-loto-object_detection,131,0.0
0.0,0.0,0.0,0.0,0.0,0.0,0.0,-0.005588702998168535,0.0,128,3,14,0.26734535406053295,0.21086616622255616,6.1461809776615635,10,15,3.274116442978566e-05,0.7930979734911368,7,0.6568903106725658,0.006941443022895257,17,0.09804758289611025,1,po-rapec-quality-energy-only-20260731-loto-object_detection,136,0.0
0.0,0.0,0.0,0.0,0.0,0.0,0.0,-0.005588702998168535,0.0,128,6,7,0.6483021260443056,0.21086616622255616,4.945386186089685,10,8,2.3113765107812644e-06,0.6898750558694906,8,0.7066447202974404,0.002063747644353726,22,0.09804758289611025,1,po-rapec-quality-energy-only-20260731-loto-object_detection,137,0.0
0.0,0.0,0.0,0.0,0.0,0.0,0.0,-0.005588702998168535,0.0,128,8,15,0.13427372586238637,0.39612294798116987,3.4907860896190366,38,7,1.3051561307268949e-05,0.9008712249171811,8,0.27025645956524325,0.023799440082189195,13,0.06277027456699352,1,po-rapec-quality-energy-only-20260731-loto-object_detection,138,0.0
0.0,0.0,0.0,0.0,0.0,0.0,0.0,-0.005588702998168535,0.0,32,8,15,0.014199398019748056,0.16424735823111047,3.4907860896190366,21,7,1.3051561307268949e-05,0.58590616364732,8,0.44166517261826743,0.0026567695725455143,9,0.1287806449711737,1,po-rapec-quality-energy-only-20260731-loto-object_detection,141,0.0
0.0,0.0,0.0,0.0,0.0,0.0,0.0,-0.005588702998168535,0.0,128,3,9,0.014199398019748056,0.16424735823111047,5.120964931670326,29,17,1.3051561307268949e-05,1.5035231235741928,8,0.14056987453669778,0.01165028681231272,24,0.10514537014315839,1,po-rapec-quality-energy-only-20260731-loto-object_detection,142,0.0
0.0,0.0,0.0,0.0,0.0,0.0,0.0,-0.005588702998168535,0.0,128,5,13,0.09419999960135171,0.14728949707285816,4.945386186089685,38,8,2.3113765107812644e-06,0.5606701056740272,5,0.6809228268930211,0.06530030839330797,22,0.09804758289611025,1,po-rapec-quality-energy-only-20260731-loto-object_detection,144,0.0
0.0,0.0,0.0,0.0,0.0,0.0,0.0,-0.005588702998168535,0.0,128,6,11,0.1313749898792892,0.21086616622255616,4.71713322276862,38,10,0.0003054824486747329,0.6588043345268373,7,0.7794404056863412,0.0017934414957361169,17,0.4651860672913148,1,po-rapec-quality-energy-only-20260731-loto-object_detection,145,0.0
0.0,0.0,0.0,0.0,0.0,0.0,0.0,-0.005588702998168535,0.0,64,3,15,0.0808445435630649,0.266883920975316,5.120964931670326,9,17,0.00042051015688257466,1.3656755905681168,5,0.5300120444283324,0.01665310648305167,15,0.10514537014315839,1,po-rapec-quality-energy-only-20260731-loto-object_detection,146,0.0
0.0,0.0,0.0,0.0,0.0,0.0,0.0,-0.005588702998168535,0.0,192,6,7,0.6483021260443056,0.16574109365200435,6.1461809776615635,32,11,0.00025577344180006083,0.7930979734911368,8,0.42238691798829675,0.008485904383522336,7,0.15970101608433526,1,po-rapec-quality-energy-only-20260731-loto-object_detection,147,0.0
0.0,0.0,0.0,0.0,0.0,0.0,0.0,-0.005588702998168535,0.0,64,6,3,0.1313749898792892,0.28254148153873176,4.71713322276862,34,10,0.000578164871361237,0.6588043345268373,7,0.7794404056863412,0.0017934414957361169,22,0.4651860672913148,1,po-rapec-quality-energy-only-20260731-loto-object_detection,149,0.0
0.0,0.0,0.0,0.0,0.0,0.0,0.0,-0.005588702998168535,0.0,192,3,14,0.12708363992369645,0.22249716324955404,2.3408300074322663,32,7,3.274116442978566e-05,0.7930979734911368,5,0.27815308632588565,0.001655217267977339,10,0.1185750959305687,1,po-rapec-quality-energy-only-20260731-loto-object_detection,150,0.0
0.0,0.0,0.0,0.0,0.0,0.0,0.0,-0.005588702998168535,0.0,64,3,10,0.008561405614695662,0.3652175397193492,1.5136899631293677,22,10,8.893585234985786e-05,2.449529680475239,7,0.42238691798829675,0.008485904383522336,17,0.22368511905571775,1,po-rapec-quality-energy-only-20260731-loto-object_detection,151,0.0
0.0,0.0,0.0,0.0,0.0,0.0,0.0,-0.005588702998168535,0.0,128,6,9,0.6483021260443056,0.16424735823111047,7.695240955552773,10,13,1.3051561307268949e-05,1.5035231235741928,8,0.7066447202974404,0.002063747644353726,10,0.15970101608433526,1,po-rapec-quality-energy-only-20260731-loto-object_detection,152,0.0
0.0,0.0,0.0,0.0,0.0,0.0,0.0,-0.005588702998168535,0.0,128,8,3,0.0808445435630649,0.29573352945508913,5.120964931670326,9,20,0.0003738043215049657,1.3656755905681168,5,0.14056987453669778,0.0012525593393950944,15,0.06277027456699352,1,po-rapec-quality-energy-only-20260731-loto-object_detection,154,0.0
0.0,0.0,0.0,0.0,0.0,0.0,0.0,-0.005588702998168535,0.0,128,3,13,0.09419999960135171,0.266883920975316,1.584145450898106,22,16,1.049157761634226e-06,2.449529680475239,8,0.5300120444283324,0.004397240233431928,17,0.06277027456699352,1,po-rapec-quality-energy-only-20260731-loto-object_detection,156,0.0
0.0035330798053528414,0.03449220181304469,0.017499272480562156,0.10522314252858411,0.0035330798053528414,0.03449220181304469,0.0,-0.0019761244833209624,0.7783673705111724,96,9,10,0.26734535406053295,0.3652175397193492,1.5136899631293677,20,10,8.893585234985786e-05,1.3374812577847566,8,0.6568903106725658,0.006941443022895257,9,0.1708841689915172,1,po-rapec-quality-energy-only-20260731-loto-object_detection,157,0.7783673705111724
0.0,0.0,0.0,0.0,0.0,0.0,0.0,-0.005588702998168535,0.0,128,3,5,0.7267287103850608,0.266883920975316,6.1461809776615635,25,14,2.3113765107812644e-06,0.7930979734911368,8,0.5350428055894331,0.01165028681231272,22,0.22368511905571775,1,po-rapec-quality-energy-only-20260731-loto-object_detection,158,0.0
0.0,0.0,0.0,0.0,0.0,0.0,0.0,-0.005588702998168535,0.0,64,14,14,0.5258338949008938,0.16574109365200435,6.1461809776615635,18,12,3.274116442978566e-05,0.7113319796648119,5,0.5350428055894331,0.0012525593393950944,7,0.199803047141763,1,po-rapec-quality-energy-only-20260731-loto-object_detection,159,0.0
0.0,0.0,0.0,0.0,0.0,0.0,0.0,-0.005588702998168535,0.0,192,3,14,0.7267287103850608,0.16574109365200435,6.1461809776615635,40,12,3.274116442978566e-05,0.7930979734911368,5,0.5350428055894331,0.001655217267977339,7,0.199803047141763,1,po-rapec-quality-energy-only-20260731-loto-object_detection,160,0.0
0.0,0.0,0.0,0.0,0.0,0.0,0.0,-0.005588702998168535,0.0,128,6,7,0.6483021260443056,0.21086616622255616,5.821350643501032,10,11,0.00025577344180006083,0.6898750558694906,8,0.7448228785928936,0.002063747644353726,10,0.11702302497620454,1,po-rapec-quality-energy-only-20260731-loto-object_detection,161,0.0
0.0,0.0,0.0,0.0,0.0,0.0,0.0,-0.005588702998168535,0.0,128,3,4,0.1811861648019899,0.21086616622255616,2.1877253035892466,22,14,2.3113765107812644e-06,2.449529680475239,7,0.6568903106725658,0.006941443022895257,17,0.09804758289611025,1,po-rapec-quality-energy-only-20260731-loto-object_detection,163,0.0
0.0,0.0,0.0,0.0,0.0,0.0,0.0,-0.005588702998168535,0.0,128,5,13,0.6483021260443056,0.1569165418169604,5.86569100632785,18,11,0.0003054824486747329,2.4975572044255068,8,0.35662709699506634,0.06530030839330797,13,0.09660310297537418,1,po-rapec-quality-energy-only-20260731-loto-object_detection,164,0.0
0.0,0.0,0.0,0.0,0.0,0.0,0.0,-0.005588702998168535,0.0,128,8,15,0.19409753325005621,0.18283335519621452,5.821350643501032,17,13,1.049157761634226e-06,0.5606701056740272,5,0.7448228785928936,0.002063747644353726,17,0.06277027456699352,1,po-rapec-quality-energy-only-20260731-loto-object_detection,165,0.0
0.0,0.0,0.0,0.0,0.0,0.0,0.0,-0.005588702998168535,0.0,128,3,5,0.5258338949008938,0.14728949707285816,4.945386186089685,18,12,2.3113765107812644e-06,0.7113319796648119,5,0.5350428055894331,0.0012525593393950944,22,0.09804758289611025,1,po-rapec-quality-energy-only-20260731-loto-object_detection,166,0.0
0.0,0.0,0.0,0.0,0.0,0.0,0.0,-0.005588702998168535,0.0,192,3,15,0.7267287103850608,0.14728949707285816,6.1461809776615635,25,14,3.274116442978566e-05,0.7930979734911368,8,0.6642847559127573,0.06530030839330797,20,0.22368511905571775,1,po-rapec-quality-energy-only-20260731-loto-object_detection,167,0.0
0.0,0.0,0.0,0.0,0.0,0.0,0.0,-0.005588702998168535,0.0,192,3,7,0.12708363992369645,0.22249716324955404,2.3408300074322663,10,7,0.00025577344180006083,0.725695868256943,5,0.7066447202974404,0.002063747644353726,10,0.1185750959305687,1,po-rapec-quality-energy-only-20260731-loto-object_detection,168,0.0
0.0,0.0,0.0,0.0,0.0,0.0,0.0,-0.005588702998168535,0.0,96,3,3,0.4445614221924992,0.29573352945508913,5.120964931670326,29,17,4.714649581161684e-05,1.3374812577847566,5,0.7655599224020917,0.006941443022895257,15,0.1657301947280217,1,po-rapec-quality-energy-only-20260731-loto-object_detection,170,0.0
0.0,0.0,0.0,0.0,0.0,0.0,0.0,-0.005588702998168535,0.0,128,3,3,0.0808445435630649,0.21086616622255616,5.120964931670326,10,11,0.00042051015688257466,1.3656755905681168,5,0.14056987453669778,0.01165028681231272,15,0.15970101608433526,1,po-rapec-quality-energy-only-20260731-loto-object_detection,171,0.0
0.0,0.0,0.0,0.0,0.0,0.0,0.0,-0.005588702998168535,0.0,64,3,15,0.1811861648019899,0.21086616622255616,1.584145450898106,22,9,2.0484829269537454e-05,2.449529680475239,7,0.7066447202974404,0.01665310648305167,17,0.22368511905571775,1,po-rapec-quality-energy-only-20260731-loto-object_detection,172,0.0
0.0,0.0,0.0,0.0,0.0,0.0,0.0,-0.005588702998168535,0.0,192,3,14,0.34065394517985664,0.16574109365200435,6.1461809776615635,32,12,3.274116442978566e-05,0.7930979734911368,7,0.42238691798829675,0.008485904383522336,7,0.199803047141763,1,po-rapec-quality-energy-only-20260731-loto-object_detection,173,0.0
0.0,0.0,0.0,0.0,0.0,0.0,0.0,-0.005588702998168535,0.0,128,3,14,0.4445614221924992,0.16574109365200435,6.1461809776615635,32,17,3.274116442978566e-05,0.7930979734911368,7,0.7655599224020917,0.008485904383522336,15,0.1657301947280217,1,po-rapec-quality-energy-only-20260731-loto-object_detection,174,0.0
0.0,0.0,0.0,0.0,0.0,0.0,0.0,-0.005588702998168535,0.0,128,6,9,0.6483021260443056,0.16424735823111047,4.064352298837909,9,20,0.0003738043215049657,1.3656755905681168,5,0.7959709225014783,0.04198437464763122,10,0.06277027456699352,1,po-rapec-quality-energy-only-20260731-loto-object_detection,175,0.0
0.0,0.0,0.0,0.0,0.0,0.0,0.0,-0.005588702998168535,0.0,128,3,4,0.26734535406053295,0.21086616622255616,2.1877253035892466,10,11,2.3113765107812644e-06,1.2684005065783863,8,0.7066447202974404,0.006941443022895257,18,0.09804758289611025,1,po-rapec-quality-energy-only-20260731-loto-object_detection,176,0.0
0.0,0.0,0.0,0.0,0.0,0.0,0.0,-0.005588702998168535,0.0,128,3,3,0.0808445435630649,0.21086616622255616,2.1877253035892466,9,20,2.3113765107812644e-06,1.2684005065783863,8,0.14056987453669778,0.0012525593393950944,17,0.09804758289611025,1,po-rapec-quality-energy-only-20260731-loto-object_detection,179,0.0
0.0,0.0,0.0,0.0,0.0,0.0,0.0,-0.005588702998168535,0.0,128,5,10,0.008561405614695662,0.42650572638994755,6.328429433669586,22,10,8.893585234985786e-05,0.9008712249171811,5,0.615977375037013,0.0012525593393950944,17,0.06277027456699352,1,po-rapec-quality-energy-only-20260731-loto-object_detection,180,0.0
0.0,0.0,0.0,0.0,0.0,0.0,0.0,-0.005588702998168535,0.0,32,8,4,0.014199398019748056,0.14728949707285816,2.1877253035892466,10,8,2.0484829269537454e-05,0.6588043345268373,8,0.6642847559127573,0.06530030839330797,20,0.1287806449711737,1,po-rapec-quality-energy-only-20260731-loto-object_detection,181,0.0
0.0,0.0,0.0,0.0,0.0,0.0,0.0,-0.005588702998168535,0.0,128,3,3,0.0808445435630649,0.29573352945508913,5.120964931670326,25,20,2.3113765107812644e-06,0.7930979734911368,5,0.14056987453669778,0.01165028681231272,9,0.06277027456699352,1,po-rapec-quality-energy-only-20260731-loto-object_detection,182,0.0
0.0,0.0,0.0,0.0,0.0,0.0,0.0,-0.005588702998168535,0.0,96,3,10,0.008561405614695662,0.3652175397193492,1.5136899631293677,22,18,7.0089691551800955e-06,1.3374812577847566,8,0.6568903106725658,0.008485904383522336,17,0.22368511905571775,1,po-rapec-quality-energy-only-20260731-loto-object_detection,183,0.0
0.0,0.0,0.0,0.0,0.0,0.0,0.0,-0.005588702998168535,0.0,64,8,13,0.09419999960135171,0.39612294798116987,1.584145450898106,38,16,1.049157761634226e-06,0.5606701056740272,5,0.6809228268930211,0.004397240233431928,17,0.06277027456699352,1,po-rapec-quality-energy-only-20260731-loto-object_detection,184,0.0
0.0,0.0,0.0,0.0,0.0,0.0,0.0,-0.005588702998168535,0.0,128,7,5,0.6483021260443056,0.16424735823111047,4.945386186089685,25,8,1.3051561307268949e-05,0.943024346779535,8,0.6642847559127573,0.002063747644353726,22,0.09804758289611025,1,po-rapec-quality-energy-only-20260731-loto-object_detection,185,0.0
0.0,0.0,0.0,0.0,0.0,0.0,0.0,-0.005588702998168535,0.0,128,4,4,0.7415993472882,0.21086616622255616,2.1877253035892466,10,13,0.0003054824486747329,1.4801406717525758,8,0.7066447202974404,0.06530030839330797,17,0.15970101608433526,1,po-rapec-quality-energy-only-20260731-loto-object_detection,186,0.0
0.0,0.0,0.0,0.0,0.0,0.0,0.0,-0.005588702998168535,0.0,128,5,3,0.6483021260443056,0.29573352945508913,4.945386186089685,36,17,0.0003054824486747329,2.4975572044255068,8,0.35662709699506634,0.06530030839330797,14,0.15970101608433526,1,po-rapec-quality-energy-only-20260731-loto-object_detection,187,0.0
0.0,0.0,0.0,0.0,0.0,0.0,0.0,-0.005588702998168535,0.0,128,4,15,0.6483021260443056,0.266883920975316,1.584145450898106,25,14,0.0003054824486747329,2.449529680475239,8,0.5300120444283324,0.06530030839330797,15,0.15970101608433526,1,po-rapec-quality-energy-only-20260731-loto-object_detection,191,0.0
0.0,0.0,0.0,0.0,0.0,0.0,0.0,-0.005588702998168535,0.0,128,3,9,0.6483021260443056,0.16424735823111047,1.584145450898106,22,13,1.049157761634226e-06,2.449529680475239,8,0.7066447202974404,0.004397240233431928,10,0.06277027456699352,1,po-rapec-quality-energy-only-20260731-loto-object_detection,193,0.0
0.0,0.0,0.0,0.0,0.0,0.0,0.0,-0.005588702998168535,0.0,32,8,15,0.014199398019748056,0.14728949707285816,4.945386186089685,25,8,2.3113765107812644e-06,1.3656755905681168,8,0.6642847559127573,0.06530030839330797,20,0.1287806449711737,1,po-rapec-quality-energy-only-20260731-loto-object_detection,194,0.0
0.0,0.0,0.0,0.0,0.0,0.0,0.0,-0.005588702998168535,0.0,128,3,13,0.6483021260443056,0.266883920975316,1.584145450898106,22,16,0.0003054824486747329,2.449529680475239,8,0.5300120444283324,0.0018599068358264013,17,0.06277027456699352,1,po-rapec-quality-energy-only-20260731-loto-object_detection,195,0.0
0.0,0.0,0.0,0.0,0.0,0.0,0.0,-0.005588702998168535,0.0,128,8,5,0.3786786714337511,0.14728949707285816,4.945386186089685,14,8,2.3113765107812644e-06,1.0276538560949915,5,0.14056987453669778,0.06530030839330797,15,0.06277027456699352,1,po-rapec-quality-energy-only-20260731-loto-object_detection,197,0.0
0.0,0.0,0.0,0.0,0.0,0.0,0.0,-0.005588702998168535,0.0,96,5,3,0.1313749898792892,0.28254148153873176,4.71713322276862,35,20,7.956900406662393e-06,1.123200977956422,3,0.7794404056863412,0.0017934414957361169,24,0.11702302497620454,1,po-rapec-quality-energy-only-20260731-loto-object_detection,198,0.0
0.0,0.0,0.0,0.0,0.0,0.0,0.0,-0.005588702998168535,0.0,64,6,3,0.1313749898792892,0.28254148153873176,4.71713322276862,34,10,3.87485654323248e-06,0.6588043345268373,7,0.7794404056863412,0.0017934414957361169,22,0.4651860672913148,1,po-rapec-quality-energy-only-20260731-loto-object_detection,199,0.0
0.0,0.0,0.0,0.0,0.0,0.0,0.0,-0.005588702998168535,0.0,32,6,5,0.12708363992369645,0.22249716324955404,2.1877253035892466,10,9,0.000409934929500598,0.6588043345268373,5,0.27815308632588565,0.0026741393858299538,10,0.1185750959305687,1,po-rapec-quality-energy-only-20260731-loto-object_detection,200,0.0
0.0,0.0,0.0,0.0,0.0,0.0,0.0,-0.005588702998168535,0.0,128,3,3,0.0808445435630649,0.29573352945508913,2.240071949975391,17,20,0.0003738043215049657,1.5035231235741928,2,0.7655599224020917,0.001662968911838071,15,0.1657301947280217,1,po-rapec-quality-energy-only-20260731-loto-object_detection,201,0.0
0.0,0.0,0.0,0.0,0.0,0.0,0.0,-0.005588702998168535,0.0,192,3,14,0.40211743202701394,0.16574109365200435,3.3073674793836885,18,20,3.7352860895299765e-06,0.7930979734911368,5,0.1882759151826114,0.0012525593393950944,13,0.199803047141763,1,po-rapec-quality-energy-only-20260731-loto-object_detection,203,0.0
0.0,0.0,0.0,0.0,0.0,0.0,0.0,-0.005588702998168535,0.0,128,4,3,0.6787803899601327,0.29573352945508913,2.1877253035892466,10,11,0.0003054824486747329,2.4636828950783753,5,0.7066447202974404,0.06530030839330797,17,0.06277027456699352,1,po-rapec-quality-energy-only-20260731-loto-object_detection,205,0.0
0.0,0.0,0.0,0.0,0.0,0.0,0.0,-0.005588702998168535,0.0,64,3,10,0.008561405614695662,0.3652175397193492,1.5136899631293677,32,10,8.893585234985786e-05,1.3374812577847566,7,0.42238691798829675,0.008485904383522336,9,0.1605450783927297,1,po-rapec-quality-energy-only-20260731-loto-object_detection,206,0.0
0.0,0.0,0.0,0.0,0.0,0.0,0.0,-0.005588702998168535,0.0,96,8,13,0.09419999960135171,0.39612294798116987,5.4623983783786425,38,20,1.4294725220137657e-05,0.5606701056740272,5,0.6809228268930211,0.0012525593393950944,13,0.06277027456699352,1,po-rapec-quality-energy-only-20260731-loto-object_detection,207,0.0
0.0,0.0,0.0,0.0,0.0,0.0,0.0,-0.005588702998168535,0.0,128,5,10,0.34065394517985664,0.14728949707285816,4.945386186089685,17,8,8.893585234985786e-05,2.4975572044255068,7,0.6642847559127573,0.008485904383522336,9,0.09804758289611025,1,po-rapec-quality-energy-only-20260731-loto-object_detection,208,0.0
0.0,0.0,0.0,0.0,0.0,0.0,0.0,-0.005588702998168535,0.0,128,3,8,0.09419999960135171,0.29573352945508913,5.120964931670326,38,19,4.714649581161684e-05,0.5606701056740272,5,0.6809228268930211,0.01165028681231272,13,0.06277027456699352,1,po-rapec-quality-energy-only-20260731-loto-object_detection,209,0.0
0.0,0.0,0.0,0.0,0.0,0.0,0.0,-0.005588702998168535,0.0,128,8,9,0.3420409833022859,0.41229291461757933,5.120964931670326,9,20,7.956900406662393e-06,1.3656755905681168,5,0.14056987453669778,0.0012525593393950944,24,0.06277027456699352,1,po-rapec-quality-energy-only-20260731-loto-object_detection,210,0.0
0.0,0.0,0.0,0.0,0.0,0.0,0.0,-0.005588702998168535,0.0,192,5,3,0.3786786714337511,0.16574109365200435,4.945386186089685,40,12,3.274116442978566e-05,1.5035231235741928,8,0.6642847559127573,0.001655217267977339,22,0.199803047141763,1,po-rapec-quality-energy-only-20260731-loto-object_detection,212,0.0
0.0,0.0,0.0,0.0,0.0,0.0,0.0,-0.005588702998168535,0.0,64,3,3,0.4445614221924992,0.29573352945508913,5.120964931670326,29,10,8.893585234985786e-05,1.5035231235741928,7,0.7655599224020917,0.01165028681231272,17,0.22368511905571775,1,po-rapec-quality-energy-only-20260731-loto-object_detection,213,0.0
0.0,0.0,0.0,0.0,0.0,0.0,0.0,-0.005588702998168535,0.0,96,9,10,0.26734535406053295,0.14728949707285816,1.5136899631293677,10,10,2.3113765107812644e-06,1.3374812577847566,8,0.6642847559127573,0.006941443022895257,22,0.1708841689915172,1,po-rapec-quality-energy-only-20260731-loto-object_detection,214,0.0
0.0,0.0,0.0,0.0,0.0,0.0,0.0,-0.005588702998168535,0.0,32,3,14,0.014199398019748056,0.16424735823111047,2.3408300074322663,26,7,3.274116442978566e-05,1.5035231235741928,8,0.27815308632588565,0.06722755541312639,24,0.1185750959305687,1,po-rapec-quality-energy-only-20260731-loto-object_detection,217,0.0
0.0,0.0,0.0,0.0,0.0,0.0,0.0,-0.005588702998168535,0.0,128,3,9,0.6483021260443056,0.16424735823111047,7.695240955552773,10,13,1.3051561307268949e-05,1.5035231235741928,7,0.7066447202974404,0.004397240233431928,10,0.15970101608433526,1,po-rapec-quality-energy-only-20260731-loto-object_detection,218,0.0
0.0,0.0,0.0,0.0,0.0,0.0,0.0,-0.005588702998168535,0.0,192,3,14,0.1811861648019899,0.22249716324955404,2.3408300074322663,32,7,0.00025577344180006083,0.7930979734911368,5,0.7448228785928936,0.001655217267977339,10,0.1185750959305687,1,po-rapec-quality-energy-only-20260731-loto-object_detection,219,0.0
0.0,0.0,0.0,0.0,0.0,0.0,0.0,-0.005588702998168535,0.0,64,3,15,0.5829134334924898,0.19526253189887177,1.584145450898106,17,20,0.00025577344180006083,0.6898750558694906,5,0.5300120444283324,0.006749021983314848,22,0.11702302497620454,1,po-rapec-quality-energy-only-20260731-loto-object_detection,221,0.0
0.0,0.0,0.0,0.0,0.0,0.0,0.0,-0.005588702998168535,0.0,32,3,10,0.1811861648019899,0.266883920975316,1.584145450898106,34,9,0.0002994695569663171,0.6588043345268373,5,0.5300120444283324,0.01665310648305167,22,0.22368511905571775,1,po-rapec-quality-energy-only-20260731-loto-object_detection,223,0.0
0.0,0.0,0.0,0.0,0.0,0.0,0.0,-0.005588702998168535,0.0,32,5,5,0.014199398019748056,0.14728949707285816,4.945386186089685,25,8,2.3113765107812644e-06,2.4975572044255068,8,0.6642847559127573,0.06530030839330797,22,0.09804758289611025,1,po-rapec-quality-energy-only-20260731-loto-object_detection,224,0.0
0.0,0.0,0.0,0.0,0.0,0.0,0.0,-0.005588702998168535,0.0,96,3,10,0.1811861648019899,0.22249716324955404,6.568330414111387,25,9,0.000409934929500598,0.6588043345268373,5,0.5300120444283324,0.01665310648305167,22,0.1185750959305687,1,po-rapec-quality-energy-only-20260731-loto-object_detection,225,0.0
0.0,0.0,0.0,0.0,0.0,0.0,0.0,-0.005588702998168535,0.0,64,14,13,0.1313749898792892,0.21086616622255616,2.1877253035892466,18,20,0.0003054824486747329,0.6588043345268373,5,0.7794404056863412,0.0017934414957361169,17,0.4651860672913148,1,po-rapec-quality-energy-only-20260731-loto-object_detection,227,0.0
0.0,0.0,0.0,0.0,0.0,0.0,0.0,-0.005588702998168535,0.0,64,8,10,0.34065394517985664,0.3652175397193492,1.5136899631293677,9,20,8.893585234985786e-05,1.3656755905681168,7,0.14056987453669778,0.008485904383522336,15,0.06277027456699352,1,po-rapec-quality-energy-only-20260731-loto-object_detection,228,0.0
0.0,0.0,0.0,0.0,0.0,0.0,0.0,-0.005588702998168535,0.0,96,3,10,0.26734535406053295,0.3652175397193492,1.5136899631293677,34,10,0.0002994695569663171,1.3374812577847566,5,0.6568903106725658,0.01665310648305167,9,0.1708841689915172,1,po-rapec-quality-energy-only-20260731-loto-object_detection,229,0.0
0.0,0.0,0.0,0.0,0.0,0.0,0.0,-0.005588702998168535,0.0,192,3,4,0.12153135714763988,0.21086616622255616,2.1877253035892466,22,15,3.274116442978566e-05,0.7930979734911368,5,0.5350428055894331,0.001655217267977339,17,0.22368511905571775,1,po-rapec-quality-energy-only-20260731-loto-object_detection,231,0.0
0.0,0.0,0.0,0.0,0.0,0.0,0.0,-0.005588702998168535,0.0,64,3,5,0.1811861648019899,0.18283335519621452,6.1461809776615635,17,14,2.3113765107812644e-06,0.7930979734911368,8,0.5350428055894331,0.01165028681231272,22,0.22368511905571775,1,po-rapec-quality-energy-only-20260731-loto-object_detection,232,0.0
0.0,0.0,0.0,0.0,0.0,0.0,0.0,-0.005588702998168535,0.0,128,3,4,0.26734535406053295,0.21086616622255616,2.3408300074322663,10,15,2.3113765107812644e-06,0.7930979734911368,7,0.27815308632588565,0.006941443022895257,10,0.1185750959305687,1,po-rapec-quality-energy-only-20260731-loto-object_detection,234,0.0
0.0,0.0,0.0,0.0,0.0,0.0,0.0,-0.005588702998168535,0.0,128,3,7,0.008561405614695662,0.266883920975316,1.584145450898106,22,16,0.00025577344180006083,2.449529680475239,6,0.7448228785928936,0.004397240233431928,17,0.11702302497620454,1,po-rapec-quality-energy-only-20260731-loto-object_detection,237,0.0
0.0,0.0,0.0,0.0,0.0,0.0,0.0,-0.005588702998168535,0.0,64,14,14,0.5258338949008938,0.16574109365200435,6.1461809776615635,40,12,3.274116442978566e-05,0.7930979734911368,5,0.5350428055894331,0.0012525593393950944,7,0.199803047141763,1,po-rapec-quality-energy-only-20260731-loto-object_detection,239,0.0
0.0,0.0,0.0,0.0,0.0,0.0,0.0,-0.005588702998168535,0.0,96,6,5,0.12708363992369645,0.22249716324955404,2.3408300074322663,32,7,0.000409934929500598,0.9008712249171811,5,0.31605937940430673,0.005213219454233873,10,0.1185750959305687,1,po-rapec-quality-energy-only-20260731-loto-object_detection,241,0.0
0.0,0.0,0.0,0.0,0.0,0.0,0.0,-0.005588702998168535,0.0,128,4,4,0.6483021260443056,0.21086616622255616,2.1877253035892466,10,17,4.714649581161684e-05,1.5035231235741928,8,0.6642847559127573,0.06530030839330797,22,0.1657301947280217,1,po-rapec-quality-energy-only-20260731-loto-object_detection,243,0.0
0.0,0.0,0.0,0.0,0.0,0.0,0.0,-0.005588702998168535,0.0,128,6,9,0.12708363992369645,0.16424735823111047,2.3408300074322663,32,13,1.3051561307268949e-05,1.5035231235741928,8,0.27815308632588565,0.0026741393858299538,10,0.1185750959305687,1,po-rapec-quality-energy-only-20260731-loto-object_detection,244,0.0
0.0,0.0,0.0,0.0,0.0,0.0,0.0,-0.005588702998168535,0.0,128,6,4,0.5829134334924898,0.19526253189887177,2.1877253035892466,10,20,0.00025577344180006083,0.6898750558694906,8,0.7448228785928936,0.002063747644353726,17,0.09804758289611025,1,po-rapec-quality-energy-only-20260731-loto-object_detection,245,0.0
0.0,0.0,0.0,0.0,0.0,0.0,0.0,-0.005588702998168535,0.0,96,3,5,0.26734535406053295,0.22249716324955404,2.3408300074322663,10,15,2.3113765107812644e-06,1.2684005065783863,5,0.4283670742686383,0.0026741393858299538,17,0.09804758289611025,1,po-rapec-quality-energy-only-20260731-loto-object_detection,246,0.0
0.0,0.0,0.0,0.0,0.0,0.0,0.0,-0.005588702998168535,0.0,192,3,15,0.1811861648019899,0.266883920975316,6.1461809776615635,22,9,3.274116442978566e-05,0.6588043345268373,5,0.5300120444283324,0.01665310648305167,22,0.22368511905571775,1,po-rapec-quality-energy-only-20260731-loto-object_detection,247,0.0
0.0,0.0,0.0,0.0,0.0,0.0,0.0,-0.005588702998168535,0.0,96,3,10,0.1811861648019899,0.266883920975316,1.5136899631293677,10,10,0.0002994695569663171,1.3374812577847566,8,0.6568903106725658,0.01665310648305167,9,0.22368511905571775,1,po-rapec-quality-energy-only-20260731-loto-object_detection,248,0.0
0.0,0.0,0.0,0.0,0.0,0.0,0.0,-0.005588702998168535,0.0,128,8,3,0.0808445435630649,0.29573352945508913,5.4623983783786425,9,20,0.0003738043215049657,0.5606701056740272,5,0.6809228268930211,0.0012525593393950944,13,0.06277027456699352,1,po-rapec-quality-energy-only-20260731-loto-object_detection,249,0.0
0.0,0.0,0.0,0.0,0.0,0.0,0.0,-0.005588702998168535,0.0,128,8,13,0.09419999960135171,0.39612294798116987,5.4623983783786425,15,20,1.049157761634226e-06,0.5606701056740272,5,0.6809228268930211,0.0012525593393950944,13,0.06277027456699352,1,po-rapec-quality-energy-only-20260731-loto-object_detection,251,0.0
0.0,0.0,0.0,0.0,0.0,0.0,0.0,-0.005588702998168535,0.0,192,3,14,0.26734535406053295,0.3652175397193492,6.1461809776615635,21,12,3.274116442978566e-05,1.3374812577847566,6,0.19865956817672065,0.001655217267977339,7,0.1708841689915172,1,po-rapec-quality-energy-only-20260731-loto-object_detection,252,0.0
0.0,0.0,0.0,0.0,0.0,0.0,0.0,-0.005588702998168535,0.0,32,15,10,0.7892191532663276,0.21086616622255616,2.1877253035892466,32,10,8.893585234985786e-05,0.6559152780358181,8,0.42238691798829675,0.008485904383522336,25,0.1605450783927297,1,po-rapec-quality-energy-only-20260731-loto-object_detection,253,0.0
0.0,0.0,0.0,0.0,0.0,0.0,0.0,-0.005588702998168535,0.0,96,3,5,0.26734535406053295,0.21086616622255616,2.3408300074322663,32,15,2.3113765107812644e-06,0.9008712249171811,8,0.6568903106725658,0.01947867143469798,10,0.09804758289611025,1,po-rapec-quality-energy-only-20260731-loto-object_detection,254,0.0
0.0,0.0,0.0,0.0,0.0,0.0,0.0,-0.005588702998168535,0.0,32,3,4,0.7892191532663276,0.21086616622255616,2.1877253035892466,10,9,2.0484829269537454e-05,0.6588043345268373,8,0.7066447202974404,0.01665310648305167,17,0.22368511905571775,1,po-rapec-quality-energy-only-20260731-loto-object_detection,256,0.0
0.0,0.0,0.0,0.0,0.0,0.0,0.0,-0.005588702998168535,0.0,128,6,15,0.26734535406053295,0.21086616622255616,2.1877253035892466,17,20,0.00025577344180006083,0.6898750558694906,7,0.6568903106725658,0.006941443022895257,17,0.09804758289611025,1,po-rapec-quality-energy-only-20260731-loto-object_detection,257,0.0
0.0,0.0,0.0,0.0,0.0,0.0,0.0,-0.005588702998168535,0.0,32,6,5,0.12708363992369645,0.15708810812751933,2.1877253035892466,10,7,3.274116442978566e-05,0.6588043345268373,5,0.27815308632588565,0.001655217267977339,10,0.1185750959305687,1,po-rapec-quality-energy-only-20260731-loto-object_detection,258,0.0
0.0,0.0,0.0,0.0,0.0,0.0,0.0,-0.005588702998168535,0.0,32,3,3,0.0808445435630649,0.29573352945508913,5.120964931670326,10,20,2.0484829269537454e-05,2.4842888718583773,5,0.14056987453669778,0.01665310648305167,17,0.06277027456699352,1,po-rapec-quality-energy-only-20260731-loto-object_detection,259,0.0
0.0,0.0,0.0,0.0,0.0,0.0,0.0,-0.005588702998168535,0.0,32,6,14,0.7267287103850608,0.22249716324955404,6.1461809776615635,10,12,3.274116442978566e-05,0.7930979734911368,5,0.5350428055894331,0.001655217267977339,7,0.08260340563092605,1,po-rapec-quality-energy-only-20260731-loto-object_detection,262,0.0
0.0,0.0,0.0,0.0,0.0,0.0,0.0,-0.005588702998168535,0.0,32,3,4,0.26734535406053295,0.21086616622255616,2.1877253035892466,10,9,2.3113765107812644e-06,0.6588043345268373,8,0.6568903106725658,0.006941443022895257,17,0.09804758289611025,1,po-rapec-quality-energy-only-20260731-loto-object_detection,266,0.0
0.0,0.0,0.0,0.0,0.0,0.0,0.0,-0.005588702998168535,0.0,64,3,15,0.1811861648019899,0.266883920975316,1.584145450898106,34,9,0.000578164871361237,0.6588043345268373,7,0.5300120444283324,0.01665310648305167,22,0.22368511905571775,1,po-rapec-quality-energy-only-20260731-loto-object_detection,268,0.0
0.0,0.0,0.0,0.0,0.0,0.0,0.0,-0.005588702998168535,0.0,192,8,14,0.09419999960135171,0.39612294798116987,5.4623983783786425,38,20,3.274116442978566e-05,0.7930979734911368,5,0.6809228268930211,0.001655217267977339,10,0.06277027456699352,1,po-rapec-quality-energy-only-20260731-loto-object_detection,269,0.0
0.0,0.0,0.0,0.0,0.0,0.0,0.0,-0.005588702998168535,0.0,192,3,14,0.4122813063197642,0.16574109365200435,6.1461809776615635,40,12,3.274116442978566e-05,0.7930979734911368,5,0.5350428055894331,0.001655217267977339,7,0.199803047141763,1,po-rapec-quality-energy-only-20260731-loto-object_detection,271,0.0
0.0,0.0,0.0,0.0,0.0,0.0,0.0,-0.005588702998168535,0.0,128,3,4,0.1811861648019899,0.21086616622255616,2.1877253035892466,35,14,2.3113765107812644e-06,2.318039089565877,8,0.6568903106725658,0.01665310648305167,17,0.09804758289611025,1,po-rapec-quality-energy-only-20260731-loto-object_detection,275,0.0
0.0,0.0,0.0,0.0,0.0,0.0,0.0,-0.005588702998168535,0.0,128,5,5,0.1313749898792892,0.14728949707285816,4.945386186089685,25,8,0.0003054824486747329,2.4975572044255068,7,0.7794404056863412,0.06530030839330797,17,0.09804758289611025,1,po-rapec-quality-energy-only-20260731-loto-object_detection,276,0.0
0.0,0.0,0.0,0.0,0.0,0.0,0.0,-0.005588702998168535,0.0,96,3,5,0.12708363992369645,0.22249716324955404,2.3408300074322663,10,16,2.0484829269537454e-05,0.9008712249171811,8,0.27815308632588565,0.0015444546694416315,17,0.1185750959305687,1,po-rapec-quality-energy-only-20260731-loto-object_detection,280,0.0
0.0,0.0,0.0,0.0,0.0,0.0,0.0,-0.005588702998168535,0.0,192,3,3,0.0808445435630649,0.29573352945508913,5.120964931670326,32,7,3.274116442978566e-05,1.3656755905681168,5,0.14056987453669778,0.0012525593393950944,15,0.1185750959305687,1,po-rapec-quality-energy-only-20260731-loto-object_detection,283,0.0
0.0,0.0,0.0,0.0,0.0,0.0,0.0,-0.005588702998168535,0.0,128,3,13,0.09419999960135171,0.266883920975316,2.1877253035892466,10,11,1.049157761634226e-06,2.4636828950783753,8,0.7066447202974404,0.06530030839330797,17,0.06277027456699352,1,po-rapec-quality-energy-only-20260731-loto-object_detection,284,0.0
0.0,0.0,0.0,0.0,0.0,0.0,0.0,-0.005588702998168535,0.0,192,5,14,0.3786786714337511,0.14728949707285816,4.945386186089685,25,8,3.274116442978566e-05,2.4975572044255068,8,0.6642847559127573,0.06530030839330797,7,0.09804758289611025,1,po-rapec-quality-energy-only-20260731-loto-object_detection,287,0.0
0.0,0.0,0.0,0.0,0.0,0.0,0.0,-0.005588702998168535,0.0,128,8,3,0.12708363992369645,0.39612294798116987,6.328429433669586,9,20,0.0003738043215049657,0.9008712249171811,5,0.30137020349233806,0.0012525593393950944,10,0.06277027456699352,1,po-rapec-quality-energy-only-20260731-loto-object_detection,288,0.0
0.0,0.0,0.0,0.0,0.0,0.0,0.0,-0.005588702998168535,0.0,128,8,4,0.6483021260443056,0.21086616622255616,5.120964931670326,9,11,0.0003054824486747329,2.4636828950783753,8,0.7066447202974404,0.0012525593393950944,15,0.06277027456699352,1,po-rapec-quality-energy-only-20260731-loto-object_detection,296,0.0
0.0,0.0,0.0,0.0,0.0,0.0,0.0,-0.005588702998168535,0.0,128,6,13,0.6483021260443056,0.2849841254372533,5.4623983783786425,10,13,1.049157761634226e-06,0.7113319796648119,5,0.1882759151826114,0.0012525593393950944,10,0.09660310297537418,1,po-rapec-quality-energy-only-20260731-loto-object_detection,297,0.0
0.0,0.0,0.0,0.0,0.0,0.0,0.0,-0.005588702998168535,0.0,32,8,9,0.1811861648019899,0.13771361178995545,1.584145450898106,22,14,7.014200015357308e-06,1.5035231235741928,7,0.27025645956524325,0.01665310648305167,17,0.1287806449711737,1,po-rapec-quality-energy-only-20260731-loto-object_detection,298,0.0
0.0,0.0,0.0,0.0,0.0,0.0,0.0,-0.005588702998168535,0.0,64,3,10,0.34065394517985664,0.3652175397193492,1.5136899631293677,22,10,8.893585234985786e-05,2.449529680475239,7,0.42238691798829675,0.008485904383522336,17,0.1605450783927297,1,po-rapec-quality-energy-only-20260731-loto-object_detection,302,0.0
0.0,0.0,0.0,0.0,0.0,0.0,0.0,-0.005588702998168535,0.0,64,14,13,0.5258338949008938,0.1569165418169604,5.4623983783786425,18,20,1.049157761634226e-06,0.7113319796648119,5,0.1882759151826114,0.0012525593393950944,13,0.46157887277244775,1,po-rapec-quality-energy-only-20260731-loto-object_detection,303,0.0
0.0,0.0,0.0,0.0,0.0,0.0,0.0,-0.005588702998168535,0.0,128,4,5,0.7267287103850608,0.21086616622255616,6.1461809776615635,10,11,2.3113765107812644e-06,0.7930979734911368,6,0.7066447202974404,0.01165028681231272,22,0.15970101608433526,1,po-rapec-quality-energy-only-20260731-loto-object_detection,305,0.0
0.0,0.0,0.0,0.0,0.0,0.0,0.0,-0.005588702998168535,0.0,128,4,4,0.6483021260443056,0.21086616622255616,2.1877253035892466,10,11,0.0003054824486747329,2.4636828950783753,8,0.7066447202974404,0.06530030839330797,17,0.15970101608433526,1,po-rapec-quality-energy-only-20260731-loto-object_detection,308,0.0
0.0,0.0,0.0,0.0,0.0,0.0,0.0,-0.005588702998168535,0.0,64,3,15,0.1811861648019899,0.266883920975316,5.821350643501032,17,20,0.000578164871361237,0.6898750558694906,7,0.7448228785928936,0.002063747644353726,22,0.22368511905571775,1,po-rapec-quality-energy-only-20260731-loto-object_detection,309,0.0
0.0,0.0,0.0,0.0,0.0,0.0,0.0,-0.005588702998168535,0.0,128,3,14,0.7267287103850608,0.14728949707285816,6.1461809776615635,25,12,3.274116442978566e-05,0.7930979734911368,5,0.6642847559127573,0.01165028681231272,22,0.199803047141763,1,po-rapec-quality-energy-only-20260731-loto-object_detection,311,0.0
0.0,0.0,0.0,0.0,0.0,0.0,0.0,-0.005588702998168535,0.0,128,8,5,0.12708363992369645,0.39612294798116987,6.328429433669586,38,20,1.049157761634226e-06,0.9008712249171811,5,0.6809228268930211,0.0012525593393950944,10,0.06277027456699352,1,po-rapec-quality-energy-only-20260731-loto-object_detection,312,0.0
0.0,0.0,0.0,0.0,0.0,0.0,0.0,-0.005588702998168535,0.0,128,6,15,0.1811861648019899,0.18283335519621452,5.821350643501032,17,20,0.00025577344180006083,0.6898750558694906,5,0.7448228785928936,0.002063747644353726,25,0.22368511905571775,1,po-rapec-quality-energy-only-20260731-loto-object_detection,313,0.0
0.0,0.0,0.0,0.0,0.0,0.0,0.0,-0.005588702998168535,0.0,128,3,5,0.026490095775831446,0.266883920975316,6.1461809776615635,25,14,2.3113765107812644e-06,0.7930979734911368,8,0.5350428055894331,0.01165028681231272,22,0.22368511905571775,1,po-rapec-quality-energy-only-20260731-loto-object_detection,317,0.0
0.0,0.0,0.0,0.0,0.0,0.0,0.0,-0.005588702998168535,0.0,64,3,15,0.008561405614695662,0.266883920975316,1.584145450898106,22,16,0.0005221769501251871,2.449529680475239,6,0.5300120444283324,0.004397240233431928,17,0.22368511905571775,1,po-rapec-quality-energy-only-20260731-loto-object_detection,318,0.0
0.0,0.0,0.0,0.0,0.0,0.0,0.0,-0.005588702998168535,0.0,128,3,4,0.5829134334924898,0.19526253189887177,5.821350643501032,28,20,0.00025577344180006083,0.6898750558694906,7,0.6568903106725658,0.002063747644353726,10,0.09804758289611025,1,po-rapec-quality-energy-only-20260731-loto-object_detection,319,0.0
0.0,0.0,0.0,0.0,0.0,0.0,0.0,-0.005588702998168535,0.0,128,11,4,0.26734535406053295,0.21086616622255616,2.1877253035892466,10,15,2.3113765107812644e-06,1.2684005065783863,7,0.6568903106725658,0.006941443022895257,22,0.09804758289611025,1,po-rapec-quality-energy-only-20260731-loto-object_detection,320,0.0
0.0,0.0,0.0,0.0,0.0,0.0,0.0,-0.005588702998168535,0.0,128,8,4,0.014199398019748056,0.21086616622255616,7.695240955552773,38,10,0.0003054824486747329,0.6588043345268373,7,0.27025645956524325,0.0017934414957361169,17,0.4651860672913148,1,po-rapec-quality-energy-only-20260731-loto-object_detection,321,0.0
0.0,0.0,0.0,0.0,0.0,0.0,0.0,-0.005588702998168535,0.0,128,3,7,0.5829134334924898,0.15412463755037234,6.645451218584174,17,20,0.00025577344180006083,1.6599499463126997,7,0.7448228785928936,0.002063747644353726,17,0.22368511905571775,1,po-rapec-quality-energy-only-20260731-loto-object_detection,322,0.0
0.0,0.0,0.0,0.0,0.0,0.0,0.0,-0.005588702998168535,0.0,96,3,5,0.1811861648019899,0.22249716324955404,2.3408300074322663,10,16,1.6965549574321524e-06,0.9008712249171811,8,0.27815308632588565,0.0015444546694416315,17,0.22368511905571775,1,po-rapec-quality-energy-only-20260731-loto-object_detection,324,0.0
0.0,0.0,0.0,0.0,0.0,0.0,0.0,-0.005588702998168535,0.0,64,6,10,0.5258338949008938,0.25035666111283517,1.584145450898106,10,20,0.00025577344180006083,2.5902914644454627,8,0.1882759151826114,0.01665310648305167,13,0.09660310297537418,1,po-rapec-quality-energy-only-20260731-loto-object_detection,325,0.0
0.0,0.0,0.0,0.0,0.0,0.0,0.0,-0.005588702998168535,0.0,192,3,14,0.5258338949008938,0.22249716324955404,6.1461809776615635,18,7,3.274116442978566e-05,0.7930979734911368,5,0.5350428055894331,0.0012525593393950944,7,0.1185750959305687,1,po-rapec-quality-energy-only-20260731-loto-object_detection,327,0.0
0.0,0.0,0.0,0.0,0.0,0.0,0.0,-0.005588702998168535,0.0,128,6,9,0.6483021260443056,0.16424735823111047,7.695240955552773,10,13,1.3051561307268949e-05,1.5035231235741928,8,0.7066447202974404,0.002063747644353726,10,0.15970101608433526,1,po-rapec-quality-energy-only-20260731-loto-object_detection,328,0.0
0.0,0.0,0.0,0.0,0.0,0.0,0.0,-0.005588702998168535,0.0,128,6,5,0.12708363992369645,0.22249716324955404,6.328429433669586,38,9,1.049157761634226e-06,0.9008712249171811,5,0.6809228268930211,0.0026741393858299538,10,0.1185750959305687,1,po-rapec-quality-energy-only-20260731-loto-object_detection,329,0.0
0.0,0.0,0.0,0.0,0.0,0.0,0.0,-0.005588702998168535,0.0,96,6,7,0.3420409833022859,0.19526253189887177,5.821350643501032,17,20,7.956900406662393e-06,1.123200977956422,5,0.7448228785928936,0.0080881376724591,24,0.11702302497620454,1,po-rapec-quality-energy-only-20260731-loto-object_detection,330,0.0
0.0,0.0,0.0,0.0,0.0,0.0,0.0,-0.005588702998168535,0.0,32,5,3,0.1811861648019899,0.266883920975316,4.945386186089685,29,17,4.714649581161684e-05,0.6588043345268373,8,0.6642847559127573,0.01665310648305167,22,0.1657301947280217,1,po-rapec-quality-energy-only-20260731-loto-object_detection,331,0.0
0.0,0.0,0.0,0.0,0.0,0.0,0.0,-0.005588702998168535,0.0,128,9,10,0.7267287103850608,0.266883920975316,6.1461809776615635,10,14,8.893585234985786e-05,0.7930979734911368,8,0.6568903106725658,0.006941443022895257,22,0.1708841689915172,1,po-rapec-quality-energy-only-20260731-loto-object_detection,333,0.0
0.0,0.0,0.0,0.0,0.0,0.0,0.0,-0.005588702998168535,0.0,96,3,5,0.3420409833022859,0.41229291461757933,6.638110755872421,37,14,2.3113765107812644e-06,0.7930979734911368,3,0.5350428055894331,0.01165028681231272,24,0.11702302497620454,1,po-rapec-quality-energy-only-20260731-loto-object_detection,335,0.0
0.0035330798053528414,0.03449220181304469,0.017499272480562156,0.10522314252858411,0.0035330798053528414,0.03449220181304469,0.0,-0.0019761244833209624,0.7783673705111724,96,9,10,0.26734535406053295,0.3652175397193492,1.5136899631293677,20,10,8.893585234985786e-05,1.3374812577847566,8,0.6568903106725658,0.006941443022895257,9,0.1708841689915172,1,po-rapec-quality-energy-only-20260731-loto-object_detection,337,0.7783673705111724
0.0009203439163748458,0.019548767658335284,0.003117348913303397,0.0584627230962701,0.0009203439163748458,0.019548767658335284,0.0,-0.003198331390312212,0.42771491142751156,64,6,4,0.008561405614695662,0.3652175397193492,1.5136899631293677,22,10,0.0003054824486747329,0.6588043345268373,7,0.7794404056863412,0.008485904383522336,13,0.4651860672913148,1,po-rapec-quality-energy-only-20260731-loto-object_detection,338,0.42771491142751156
0.0,0.0,0.0,0.0,0.0,0.0,0.0,-0.005588702998168535,0.0,192,8,3,0.0808445435630649,0.29573352945508913,6.1461809776615635,22,13,0.0003738043215049657,1.3656755905681168,5,0.5350428055894331,0.001655217267977339,17,0.06277027456699352,1,po-rapec-quality-energy-only-20260731-loto-object_detection,340,0.0
0.0,0.0,0.0,0.0,0.0,0.0,0.0,-0.005588702998168535,0.0,96,3,14,0.12708363992369645,0.08001911475476242,4.945386186089685,40,16,3.274116442978566e-05,2.4975572044255068,8,0.27815308632588565,0.02242927045965892,17,0.199803047141763,1,po-rapec-quality-energy-only-20260731-loto-object_detection,341,0.0
0.0,0.0,0.0,0.0,0.0,0.0,0.0,-0.005588702998168535,0.0,96,3,14,0.12708363992369645,0.3632544682211168,2.3408300074322663,32,7,3.274116442978566e-05,0.7930979734911368,5,0.31605937940430673,0.005213219454233873,10,0.1185750959305687,1,po-rapec-quality-energy-only-20260731-loto-object_detection,342,0.0
0.0,0.0,0.0,0.0,0.0,0.0,0.0,-0.005588702998168535,0.0,192,3,8,0.34065394517985664,0.39612294798116987,6.1461809776615635,38,12,3.274116442978566e-05,0.7930979734911368,5,0.6809228268930211,0.0012525593393950944,10,0.199803047141763,1,po-rapec-quality-energy-only-20260731-loto-object_detection,343,0.0
0.0,0.0,0.0,0.0,0.0,0.0,0.0,-0.005588702998168535,0.0,128,8,15,0.09419999960135171,0.266883920975316,5.609077954773229,34,9,1.049157761634226e-06,0.5606701056740272,7,0.6809228268930211,0.01665310648305167,13,0.06277027456699352,1,po-rapec-quality-energy-only-20260731-loto-object_detection,344,0.0
0.0,0.0,0.0,0.0,0.0,0.0,0.0,-0.005588702998168535,0.0,128,4,13,0.09419999960135171,0.21086616622255616,2.1877253035892466,10,11,1.049157761634226e-06,2.449529680475239,8,0.5300120444283324,0.06530030839330797,17,0.15970101608433526,1,po-rapec-quality-energy-only-20260731-loto-object_detection,345,0.0
0.0,0.0,0.0,0.0,0.0,0.0,0.0,-0.005588702998168535,0.0,128,14,13,0.5258338949008938,0.16574109365200435,1.584145450898106,22,16,1.049157761634226e-06,0.7113319796648119,8,0.5300120444283324,0.004397240233431928,17,0.06277027456699352,1,po-rapec-quality-energy-only-20260731-loto-object_detection,347,0.0
0.0,0.0,0.0,0.0,0.0,0.0,0.0,-0.005588702998168535,0.0,128,3,5,0.1811861648019899,0.266883920975316,1.584145450898106,25,8,2.3113765107812644e-06,1.5035231235741928,8,0.4398692310292399,0.01165028681231272,22,0.22368511905571775,1,po-rapec-quality-energy-only-20260731-loto-object_detection,349,0.0
0.0,0.0,0.0,0.0,0.0,0.0,0.0,-0.005588702998168535,0.0,32,3,15,0.09419999960135171,0.266883920975316,4.945386186089685,22,16,2.3113765107812644e-06,1.3656755905681168,8,0.5300120444283324,0.004397240233431928,15,0.06277027456699352,1,po-rapec-quality-energy-only-20260731-loto-object_detection,350,0.0
0.0,0.0,0.0,0.0,0.0,0.0,0.0,-0.005588702998168535,0.0,192,5,14,0.3786786714337511,0.14728949707285816,5.821350643501032,10,11,0.00025577344180006083,0.6898750558694906,8,0.5350428055894331,0.002063747644353726,10,0.15970101608433526,1,po-rapec-quality-energy-only-20260731-loto-object_detection,351,0.0
0.0,0.0,0.0,0.0,0.0,0.0,0.0,-0.005588702998168535,0.0,32,3,15,0.1811861648019899,0.266883920975316,6.1461809776615635,34,14,0.0002994695569663171,0.6588043345268373,5,0.5300120444283324,0.01665310648305167,17,0.22368511905571775,1,po-rapec-quality-energy-only-20260731-loto-object_detection,353,0.0
0.0,0.0,0.0,0.0,0.0,0.0,0.0,-0.005588702998168535,0.0,128,6,9,0.6483021260443056,0.16424735823111047,7.695240955552773,10,13,1.3051561307268949e-05,1.5035231235741928,8,0.7066447202974404,0.002063747644353726,10,0.15970101608433526,1,po-rapec-quality-energy-only-20260731-loto-object_detection,355,0.0
0.0,0.0,0.0,0.0,0.0,0.0,0.0,-0.005588702998168535,0.0,128,5,4,0.12708363992369645,0.21086616622255616,6.328429433669586,38,10,1.049157761634226e-06,0.6588043345268373,7,0.6809228268930211,0.0012525593393950944,10,0.06277027456699352,1,po-rapec-quality-energy-only-20260731-loto-object_detection,356,0.0
0.0,0.0,0.0,0.0,0.0,0.0,0.0,-0.005588702998168535,0.0,96,8,10,0.014199398019748056,0.3652175397193492,7.695240955552773,29,10,1.3051561307268949e-05,1.5035231235741928,8,0.6568903106725658,0.006941443022895257,24,0.1287806449711737,1,po-rapec-quality-energy-only-20260731-loto-object_detection,357,0.0
0.0,0.0,0.0,0.0,0.0,0.0,0.0,-0.005588702998168535,0.0,128,3,5,0.4445614221924992,0.29573352945508913,5.120964931670326,25,8,2.3113765107812644e-06,0.9008712249171811,8,0.5699689057334735,0.01165028681231272,22,0.1657301947280217,1,po-rapec-quality-energy-only-20260731-loto-object_detection,359,0.0
0.0,0.0,0.0,0.0,0.0,0.0,0.0,-0.005588702998168535,0.0,192,3,13,0.6483021260443056,0.16424735823111047,6.1461809776615635,32,12,3.274116442978566e-05,1.5035231235741928,7,0.42238691798829675,0.008485904383522336,10,0.15970101608433526,1,po-rapec-quality-energy-only-20260731-loto-object_detection,360,0.0
0.0,0.0,0.0,0.0,0.0,0.0,0.0,-0.005588702998168535,0.0,192,3,14,0.12708363992369645,0.22249716324955404,2.3408300074322663,32,7,3.274116442978566e-05,0.7930979734911368,5,0.27815308632588565,0.001655217267977339,10,0.1185750959305687,1,po-rapec-quality-energy-only-20260731-loto-object_detection,361,0.0
0.0,0.0,0.0,0.0,0.0,0.0,0.0,-0.005588702998168535,0.0,64,3,5,0.12708363992369645,0.22249716324955404,2.3408300074322663,10,9,0.000409934929500598,1.8935014141128554,5,0.27815308632588565,0.001655217267977339,10,0.1185750959305687,1,po-rapec-quality-energy-only-20260731-loto-object_detection,362,0.0
0.0009203439163748458,0.019548767658335284,0.003117348913303397,0.05532986390241177,0.0009203439163748458,0.019548767658335284,0.0,-0.003198331390312212,0.42771491142751156,96,9,10,0.26734535406053295,0.3652175397193492,1.5136899631293677,20,10,8.893585234985786e-05,0.6588043345268373,7,0.7794404056863412,0.006941443022895257,13,0.4651860672913148,1,po-rapec-quality-energy-only-20260731-loto-object_detection,363,0.42771491142751156
0.0,0.0,0.0,0.0,0.0,0.0,0.0,-0.005588702998168535,0.0,192,3,14,0.34065394517985664,0.16574109365200435,6.1461809776615635,32,12,3.274116442978566e-05,0.7930979734911368,7,0.42238691798829675,0.008485904383522336,7,0.199803047141763,1,po-rapec-quality-energy-only-20260731-loto-object_detection,365,0.0
0.0,0.0,0.0,0.01993143756218785,0.0,0.0,0.0,-0.005588702998168535,0.0,32,6,5,0.1811861648019899,0.22249716324955404,2.1877253035892466,17,9,0.000409934929500598,0.6588043345268373,5,0.27815308632588565,0.002063747644353726,17,0.22368511905571775,1,po-rapec-quality-energy-only-20260731-loto-object_detection,367,0.0
0.0,0.0,0.0,0.0,0.0,0.0,0.0,-0.005588702998168535,0.0,128,3,3,0.7267287103850608,0.266883920975316,5.120964931670326,25,14,4.714649581161684e-05,1.5035231235741928,8,0.5350428055894331,0.01165028681231272,22,0.1657301947280217,1,po-rapec-quality-energy-only-20260731-loto-object_detection,368,0.0
0.0,0.0,0.0,0.0,0.0,0.0,0.0,-0.005588702998168535,0.0,192,3,14,0.12708363992369645,0.22249716324955404,2.3408300074322663,32,7,3.274116442978566e-05,0.7930979734911368,5,0.27815308632588565,0.001655217267977339,12,0.1185750959305687,1,po-rapec-quality-energy-only-20260731-loto-object_detection,371,0.0
0.0,0.0,0.0,0.0,0.0,0.0,0.0,-0.005588702998168535,0.0,128,3,10,0.1811861648019899,0.266883920975316,6.1461809776615635,25,14,2.3113765107812644e-06,0.7930979734911368,5,0.5350428055894331,0.01165028681231272,22,0.22368511905571775,1,po-rapec-quality-energy-only-20260731-loto-object_detection,372,0.0
0.0,0.0,0.0,0.0,0.0,0.0,0.0,-0.005588702998168535,0.0,32,3,10,0.1811861648019899,0.16574109365200435,6.1461809776615635,40,12,0.0002994695569663171,0.7930979734911368,5,0.5350428055894331,0.01665310648305167,6,0.199803047141763,1,po-rapec-quality-energy-only-20260731-loto-object_detection,373,0.0
0.0,0.0,0.0,0.0,0.0,0.0,0.0,-0.005588702998168535,0.0,32,8,9,0.3420409833022859,0.16424735823111047,7.695240955552773,37,20,1.3051561307268949e-05,1.123200977956422,8,0.27025645956524325,0.06722755541312639,25,0.11702302497620454,1,po-rapec-quality-energy-only-20260731-loto-object_detection,374,0.0
0.0,0.0,0.0,0.0,0.0,0.0,0.0,-0.005588702998168535,0.0,128,8,5,0.0808445435630649,0.39612294798116987,6.328429433669586,9,20,0.0003738043215049657,1.3656755905681168,5,0.14056987453669778,0.0012525593393950944,15,0.06277027456699352,1,po-rapec-quality-energy-only-20260731-loto-object_detection,376,0.0
0.0,0.0,0.0,0.0,0.0,0.0,0.0,-0.005588702998168535,0.0,64,3,15,0.008561405614695662,0.266883920975316,4.445337892820795,10,9,0.0005221769501251871,0.6588043345268373,8,0.5300120444283324,0.004397240233431928,17,0.22368511905571775,1,po-rapec-quality-energy-only-20260731-loto-object_detection,377,0.0
0.0,0.0,0.0,0.0,0.0,0.0,0.0,-0.005588702998168535,0.0,192,3,14,0.008561405614695662,0.22249716324955404,1.584145450898106,22,7,3.274116442978566e-05,2.449529680475239,6,0.5300120444283324,0.001655217267977339,17,0.1185750959305687,1,po-rapec-quality-energy-only-20260731-loto-object_detection,378,0.0
0.0,0.0,0.0,0.0,0.0,0.0,0.0,-0.005588702998168535,0.0,64,3,10,0.7267287103850608,0.3652175397193492,1.5136899631293677,40,12,3.274116442978566e-05,0.7930979734911368,7,0.42238691798829675,0.008485904383522336,7,0.199803047141763,1,po-rapec-quality-energy-only-20260731-loto-object_detection,379,0.0
0.0,0.0,0.0,0.0,0.0,0.0,0.0,-0.005588702998168535,0.0,128,14,13,0.1313749898792892,0.1569165418169604,5.4623983783786425,38,10,0.0003054824486747329,0.6588043345268373,7,0.1882759151826114,0.0017934414957361169,15,0.4651860672913148,1,po-rapec-quality-energy-only-20260731-loto-object_detection,380,0.0
0.0,0.0,0.0,0.0,0.0,0.0,0.0,-0.005588702998168535,0.0,192,8,15,0.0808445435630649,0.266883920975316,6.1461809776615635,22,9,3.274116442978566e-05,0.7930979734911368,5,0.5350428055894331,0.001655217267977339,17,0.06277027456699352,1,po-rapec-quality-energy-only-20260731-loto-object_detection,381,0.0
0.0,0.0,0.0,0.0,0.0,0.0,0.0,-0.005588702998168535,0.0,128,5,9,0.3420409833022859,0.41229291461757933,6.638110755872421,37,20,2.3113765107812644e-06,1.123200977956422,3,0.3943123601335786,0.03892260131770678,24,0.11702302497620454,1,po-rapec-quality-energy-only-20260731-loto-object_detection,382,0.0
0.0,0.0,0.0,0.0,0.0,0.0,0.0,-0.005588702998168535,0.0,96,14,13,0.26734535406053295,0.3652175397193492,1.5136899631293677,18,10,1.049157761634226e-06,0.7113319796648119,5,0.6568903106725658,0.0012525593393950944,9,0.1708841689915172,1,po-rapec-quality-energy-only-20260731-loto-object_detection,383,0.0
0.0,0.0,0.0,0.0,0.0,0.0,0.0,-0.005588702998168535,0.0,128,5,5,0.3786786714337511,0.14728949707285816,4.945386186089685,25,8,2.3113765107812644e-06,1.3656755905681168,8,0.6642847559127573,0.06530030839330797,20,0.09804758289611025,1,po-rapec-quality-energy-only-20260731-loto-object_detection,384,0.0
0.0,0.0,0.0,0.0,0.0,0.0,0.0,-0.005588702998168535,0.0,128,8,3,0.0808445435630649,0.29573352945508913,6.778585731380873,9,20,1.049157761634226e-06,0.5606701056740272,5,0.6809228268930211,0.0012525593393950944,11,0.06277027456699352,1,po-rapec-quality-energy-only-20260731-loto-object_detection,386,0.0
0.0,0.0,0.0,0.0,0.0,0.0,0.0,-0.005588702998168535,0.0,128,3,5,0.7267287103850608,0.21086616622255616,6.1461809776615635,25,14,2.3113765107812644e-06,0.7930979734911368,8,0.5350428055894331,0.006941443022895257,17,0.09804758289611025,1,po-rapec-quality-energy-only-20260731-loto-object_detection,387,0.0
0.0,0.0,0.0,0.0,0.0,0.0,0.0,-0.005588702998168535,0.0,64,3,13,0.5258338949008938,0.16574109365200435,6.1461809776615635,40,12,3.274116442978566e-05,0.7930979734911368,5,0.1882759151826114,0.0012525593393950944,13,0.09660310297537418,1,po-rapec-quality-energy-only-20260731-loto-object_detection,388,0.0
0.0,0.0,0.0,0.0,0.0,0.0,0.0,-0.005588702998168535,0.0,32,5,9,0.3420409833022859,0.22249716324955404,2.1877253035892466,10,9,0.000409934929500598,1.123200977956422,5,0.3943123601335786,0.0026741393858299538,10,0.11702302497620454,1,po-rapec-quality-energy-only-20260731-loto-object_detection,390,0.0
0.0,0.0,0.0,0.0,0.0,0.0,0.0,-0.005588702998168535,0.0,128,3,15,0.7267287103850608,0.266883920975316,6.1461809776615635,25,14,2.3113765107812644e-06,0.7930979734911368,6,0.21887439708872586,0.004397240233431928,22,0.22368511905571775,1,po-rapec-quality-energy-only-20260731-loto-object_detection,391,0.0
0.0,0.0,0.0,0.0,0.0,0.0,0.0,-0.005588702998168535,0.0,32,3,10,0.1811861648019899,0.16574109365200435,1.584145450898106,34,12,0.0002994695569663171,0.6588043345268373,5,0.5350428055894331,0.001655217267977339,22,0.199803047141763,1,po-rapec-quality-energy-only-20260731-loto-object_detection,392,0.0
0.0,0.0,0.0,0.0,0.0,0.0,0.0,-0.005588702998168535,0.0,64,8,13,0.1811861648019899,0.15412463755037234,5.8974601458119,38,20,0.0003054824486747329,2.318039089565877,7,0.5300120444283324,0.0012525593393950944,17,0.06277027456699352,1,po-rapec-quality-energy-only-20260731-loto-object_detection,394,0.0
0.0,0.0,0.0,0.0,0.0,0.0,0.0,-0.005588702998168535,0.0,128,4,4,0.6483021260443056,0.16574109365200435,6.1461809776615635,18,12,0.0003054824486747329,0.7113319796648119,8,0.5350428055894331,0.0012525593393950944,17,0.15970101608433526,1,po-rapec-quality-energy-only-20260731-loto-object_detection,396,0.0
0.0,0.0,0.0,0.0,0.0,0.0,0.0,-0.005588702998168535,0.0,64,13,13,0.5258338949008938,0.1569165418169604,5.4623983783786425,10,16,1.049157761634226e-06,0.7113319796648119,5,0.27815308632588565,0.0015444546694416315,13,0.1185750959305687,1,po-rapec-quality-energy-only-20260731-loto-object_detection,399,0.0
0.0,0.0,0.0,0.0,0.0,0.0,0.0,-0.005588702998168535,0.0,128,8,11,0.014199398019748056,0.21086616622255616,7.695240955552773,29,13,2.3113765107812644e-06,1.2684005065783863,7,0.5253654001662241,0.006941443022895257,24,0.09804758289611025,1,po-rapec-quality-energy-only-20260731-loto-object_detection,402,0.0
0.0,0.0,0.0,0.0,0.0,0.0,0.0,-0.005588702998168535,0.0,128,6,7,0.6483021260443056,0.21086616622255616,5.821350643501032,10,8,2.3113765107812644e-06,1.3656755905681168,8,0.7066447202974404,0.002063747644353726,20,0.15970101608433526,1,po-rapec-quality-energy-only-20260731-loto-object_detection,403,0.0
0.0,0.0,0.0,0.0,0.0,0.0,0.0,-0.005588702998168535,0.0,192,4,4,0.12708363992369645,0.39612294798116987,2.1877253035892466,10,11,0.0003054824486747329,0.9008712249171811,5,0.6809228268930211,0.0012525593393950944,10,0.06277027456699352,1,po-rapec-quality-energy-only-20260731-loto-object_detection,405,0.0
0.0,0.0,0.0,0.0,0.0,0.0,0.0,-0.005588702998168535,0.0,32,8,14,0.014199398019748056,0.22249716324955404,7.695240955552773,29,13,1.3051561307268949e-05,0.7930979734911368,5,0.27815308632588565,0.06722755541312639,24,0.1287806449711737,1,po-rapec-quality-energy-only-20260731-loto-object_detection,406,0.0
0.0,0.0,0.0,0.0,0.0,0.0,0.0,-0.005588702998168535,0.0,128,8,15,0.0808445435630649,0.1614965037659679,5.120964931670326,9,19,0.0003738043215049657,1.3656755905681168,5,0.5300120444283324,0.004397240233431928,17,0.06277027456699352,1,po-rapec-quality-energy-only-20260731-loto-object_detection,407,0.0
0.0,0.0,0.0,0.0,0.0,0.0,0.0,-0.005588702998168535,0.0,64,6,14,0.1313749898792892,0.16574109365200435,6.1461809776615635,38,10,4.383462944068723e-06,0.6588043345268373,8,0.7794404056863412,0.0012525593393950944,7,0.199803047141763,1,po-rapec-quality-energy-only-20260731-loto-object_detection,410,0.0
0.0,0.0,0.0,0.0,0.0,0.0,0.0,-0.005588702998168535,0.0,128,6,5,0.6483021260443056,0.16424735823111047,7.695240955552773,10,15,2.3113765107812644e-06,1.5035231235741928,7,0.7066447202974404,0.006941443022895257,22,0.09804758289611025,1,po-rapec-quality-energy-only-20260731-loto-object_detection,411,0.0
0.0,0.0,0.0,0.0,0.0,0.0,0.0,-0.005588702998168535,0.0,64,3,10,0.008561405614695662,0.15412463755037234,1.5136899631293677,22,14,8.893585234985786e-05,2.449529680475239,7,0.5300120444283324,0.01665310648305167,17,0.22368511905571775,1,po-rapec-quality-energy-only-20260731-loto-object_detection,414,0.0
0.0,0.0,0.0,0.0,0.0,0.0,0.0,-0.005588702998168535,0.0,192,3,9,0.12708363992369645,0.10370785587428935,2.3408300074322663,32,7,3.274116442978566e-05,1.123200977956422,3,0.4292125583440475,0.0017486397382382934,24,0.1185750959305687,1,po-rapec-quality-energy-only-20260731-loto-object_detection,415,0.0
0.0,0.0,0.0,0.0,0.0,0.0,0.0,-0.005588702998168535,0.0,128,6,9,0.3420409833022859,0.41229291461757933,5.821350643501032,17,20,0.00025577344180006083,1.123200977956422,5,0.3943123601335786,0.002063747644353726,10,0.11702302497620454,1,po-rapec-quality-energy-only-20260731-loto-object_detection,419,0.0
0.0,0.0,0.0,0.0,0.0,0.0,0.0,-0.005588702998168535,0.0,96,9,14,0.26734535406053295,0.16574109365200435,6.1461809776615635,20,10,3.274116442978566e-05,0.6588043345268373,5,0.5350428055894331,0.0012525593393950944,13,0.199803047141763,1,po-rapec-quality-energy-only-20260731-loto-object_detection,420,0.0
0.0,0.0,0.0,0.0,0.0,0.0,0.0,-0.005588702998168535,0.0,192,3,13,0.5258338949008938,0.1569165418169604,6.1461809776615635,18,12,1.049157761634226e-06,1.5035231235741928,5,0.42238691798829675,0.008485904383522336,10,0.09660310297537418,1,po-rapec-quality-energy-only-20260731-loto-object_detection,421,0.0
0.0,0.0,0.0,0.0,0.0,0.0,0.0,-0.005588702998168535,0.0,64,14,14,0.5258338949008938,0.16574109365200435,6.1461809776615635,18,12,3.274116442978566e-05,0.7113319796648119,5,0.5350428055894331,0.0012525593393950944,7,0.199803047141763,1,po-rapec-quality-energy-only-20260731-loto-object_detection,422,0.0
0.0,0.0,0.0,0.0,0.0,0.0,0.0,-0.005588702998168535,0.0,64,3,5,0.1811861648019899,0.266883920975316,2.3408300074322663,34,9,2.0484829269537454e-05,0.6588043345268373,7,0.27815308632588565,0.01665310648305167,14,0.22368511905571775,1,po-rapec-quality-energy-only-20260731-loto-object_detection,424,0.0
0.0,0.0,0.0,0.0,0.0,0.0,0.0,-0.005588702998168535,0.0,128,3,13,0.09419999960135171,0.266883920975316,1.584145450898106,22,14,1.049157761634226e-06,2.449529680475239,8,0.5300120444283324,0.004397240233431928,17,0.22368511905571775,1,po-rapec-quality-energy-only-20260731-loto-object_detection,429,0.0
0.0,0.0,0.0,0.0,0.0,0.0,0.0,-0.005588702998168535,0.0,128,8,3,0.12708363992369645,0.39612294798116987,6.328429433669586,34,20,1.049157761634226e-06,0.9008712249171811,5,0.14056987453669778,0.0012525593393950944,15,0.06277027456699352,1,po-rapec-quality-energy-only-20260731-loto-object_detection,431,0.0
0.0,0.0,0.0,0.0,0.0,0.0,0.0,-0.005588702998168535,0.0,192,3,14,0.7267287103850608,0.22249716324955404,2.3408300074322663,25,7,2.3113765107812644e-06,0.6184756504269193,2,0.5350428055894331,0.01165028681231272,22,0.22368511905571775,1,po-rapec-quality-energy-only-20260731-loto-object_detection,432,0.0
0.0,0.0,0.0,0.0,0.0,0.0,0.0,-0.005588702998168535,0.0,128,3,13,0.5258338949008938,0.1569165418169604,5.4623983783786425,22,20,1.049157761634226e-06,0.7113319796648119,5,0.5300120444283324,0.0012525593393950944,17,0.09660310297537418,1,po-rapec-quality-energy-only-20260731-loto-object_detection,435,0.0
0.0,0.0,0.0,0.0,0.0,0.0,0.0,-0.005588702998168535,0.0,128,6,13,0.6483021260443056,0.39612294798116987,5.4623983783786425,10,13,1.049157761634226e-06,1.5035231235741928,8,0.7066447202974404,0.0012525593393950944,10,0.06277027456699352,1,po-rapec-quality-energy-only-20260731-loto-object_detection,436,0.0
0.0,0.0,0.0,0.0,0.0,0.0,0.0,-0.005588702998168535,0.0,32,3,14,0.09419999960135171,0.16574109365200435,6.1461809776615635,22,12,3.274116442978566e-05,0.7930979734911368,7,0.5300120444283324,0.004397240233431928,17,0.199803047141763,1,po-rapec-quality-energy-only-20260731-loto-object_detection,437,0.0
0.0,0.0,0.0,0.0,0.0,0.0,0.0,-0.005588702998168535,0.0,32,5,9,0.3786786714337511,0.4323921741725318,7.695240955552773,29,17,1.3051561307268949e-05,1.5035231235741928,8,0.27025645956524325,0.06530030839330797,22,0.1287806449711737,1,po-rapec-quality-energy-only-20260731-loto-object_detection,438,0.0
0.0,0.0,0.0,0.0,0.0,0.0,0.0,-0.005588702998168535,0.0,96,3,5,0.014199398019748056,0.22249716324955404,2.3408300074322663,29,16,2.3113765107812644e-06,1.2684005065783863,8,0.5253654001662241,0.006941443022895257,17,0.1185750959305687,1,po-rapec-quality-energy-only-20260731-loto-object_detection,441,0.0
0.0,0.0,0.0,0.0,0.0,0.0,0.0,-0.005588702998168535,0.0,128,11,5,0.26734535406053295,0.269283931896336,4.286924794337882,25,8,2.3113765107812644e-06,1.2684005065783863,7,0.6642847559127573,0.006941443022895257,22,0.09804758289611025,1,po-rapec-quality-energy-only-20260731-loto-object_detection,442,0.0
0.0,0.0,0.0,0.0,0.0,0.0,0.0,-0.005588702998168535,0.0,96,5,4,0.5870770520433266,0.21086616622255616,2.1877253035892466,37,9,7.956900406662393e-06,0.6588043345268373,8,0.7066447202974404,0.0080881376724591,17,0.11702302497620454,1,po-rapec-quality-energy-only-20260731-loto-object_detection,443,0.0
0.0,0.0,0.0,0.0,0.0,0.0,0.0,-0.005588702998168535,0.0,192,9,15,0.26734535406053295,0.3652175397193492,1.5136899631293677,20,10,3.274116442978566e-05,0.7930979734911368,8,0.6568903106725658,0.006941443022895257,17,0.1236622347166258,1,po-rapec-quality-energy-only-20260731-loto-object_detection,448,0.0
0.0,0.0,0.0,0.0,0.0,0.0,0.0,-0.005588702998168535,0.0,192,3,14,0.1811861648019899,0.22249716324955404,2.3408300074322663,34,7,0.0002994695569663171,0.7930979734911368,8,0.5300120444283324,0.01665310648305167,22,0.1185750959305687,1,po-rapec-quality-energy-only-20260731-loto-object_detection,451,0.0
0.0,0.0,0.0,0.0,0.0,0.0,0.0,-0.005588702998168535,0.0,128,3,5,0.12708363992369645,0.39612294798116987,4.945386186089685,25,8,9.201700563337084e-05,0.9008712249171811,5,0.6809228268930211,0.0012525593393950944,10,0.06277027456699352,1,po-rapec-quality-energy-only-20260731-loto-object_detection,452,0.0
0.0,0.0,0.0,0.0,0.0,0.0,0.0,-0.005588702998168535,0.0,192,3,13,0.7267287103850608,0.39612294798116987,6.1461809776615635,22,14,3.274116442978566e-05,0.7930979734911368,5,0.6809228268930211,0.001655217267977339,17,0.06277027456699352,1,po-rapec-quality-energy-only-20260731-loto-object_detection,453,0.0
0.0,0.0,0.0,0.0,0.0,0.0,0.0,-0.005588702998168535,0.0,32,8,11,0.12708363992369645,0.22249716324955404,7.695240955552773,29,13,0.000409934929500598,1.2684005065783863,5,0.5253654001662241,0.0026741393858299538,24,0.1185750959305687,1,po-rapec-quality-energy-only-20260731-loto-object_detection,457,0.0
0.0,0.0,0.0,0.0,0.0,0.0,0.0,-0.005588702998168535,0.0,128,9,3,0.0808445435630649,0.3652175397193492,1.5136899631293677,10,10,0.0003738043215049657,1.3656755905681168,8,0.14056987453669778,0.006941443022895257,15,0.06277027456699352,1,po-rapec-quality-energy-only-20260731-loto-object_detection,458,0.0
0.0,0.0,0.0,0.0,0.0,0.0,0.0,-0.005588702998168535,0.0,32,3,9,0.6086181253847855,0.16424735823111047,2.441794611798836,29,12,3.274116442978566e-05,1.5035231235741928,8,0.27025645956524325,0.008485904383522336,10,0.15970101608433526,1,po-rapec-quality-energy-only-20260731-loto-object_detection,461,0.0
0.0,0.0,0.0,0.0,0.0,0.0,0.0,-0.005588702998168535,0.0,128,8,5,0.5258338949008938,0.16574109365200435,6.1461809776615635,18,20,6.736094956274663e-06,0.7113319796648119,5,0.5350428055894331,0.0012525593393950944,10,0.06277027456699352,1,po-rapec-quality-energy-only-20260731-loto-object_detection,462,0.0
0.0009203439163748458,0.019548767658335284,0.003117348913303397,0.05532986390241177,0.0009203439163748458,0.019548767658335284,0.0,-0.003198331390312212,0.42771491142751156,96,9,10,0.26734535406053295,0.3652175397193492,1.5136899631293677,20,10,0.00018679759913425937,0.6588043345268373,7,0.7794404056863412,0.006941443022895257,13,0.4651860672913148,1,po-rapec-quality-energy-only-20260731-loto-object_detection,463,0.42771491142751156
0.0,0.0,0.0,0.0,0.0,0.0,0.0,-0.005588702998168535,0.0,128,3,11,0.6483021260443056,0.16424735823111047,1.584145450898106,34,9,1.195261770243641e-06,0.6588043345268373,2,0.7066447202974404,0.0025096726609167993,22,0.15970101608433526,1,po-rapec-quality-energy-only-20260731-loto-object_detection,466,0.0
0.0,0.0,0.0,0.0,0.0,0.0,0.0,-0.005588702998168535,0.0,32,5,9,0.014199398019748056,0.4119866683968176,6.638110755872421,29,14,1.3051561307268949e-05,1.008789569726333,8,0.27025645956524325,0.0080881376724591,24,0.11702302497620454,1,po-rapec-quality-energy-only-20260731-loto-object_detection,467,0.0
0.0,0.0,0.0,0.0,0.0,0.0,0.0,-0.005588702998168535,0.0,96,6,5,0.12708363992369645,0.22249716324955404,2.3408300074322663,32,7,0.000409934929500598,0.9008712249171811,5,0.31605937940430673,0.005213219454233873,10,0.1185750959305687,1,po-rapec-quality-energy-only-20260731-loto-object_detection,469,0.0
0.0,0.0,0.0,0.0,0.0,0.0,0.0,-0.005588702998168535,0.0,128,3,4,0.008561405614695662,0.21086616622255616,1.5136899631293677,10,10,8.893585234985786e-05,1.2684005065783863,7,0.6568903106725658,0.008485904383522336,17,0.09804758289611025,1,po-rapec-quality-energy-only-20260731-loto-object_detection,471,0.0
0.0,0.0,0.0,0.0,0.0,0.0,0.0,-0.005588702998168535,0.0,128,11,4,0.26734535406053295,0.21086616622255616,2.1877253035892466,10,15,2.3113765107812644e-06,1.2684005065783863,7,0.6568903106725658,0.006941443022895257,22,0.09804758289611025,1,po-rapec-quality-energy-only-20260731-loto-object_detection,472,0.0
0.0,0.0,0.0,0.0,0.0,0.0,0.0,-0.005588702998168535,0.0,64,3,4,0.26734535406053295,0.266883920975316,1.584145450898106,10,9,6.51086049993508e-05,0.6588043345268373,8,0.5300120444283324,0.01665310648305167,22,0.22368511905571775,1,po-rapec-quality-energy-only-20260731-loto-object_detection,476,0.0
0.0,0.0,0.0,0.0,0.0,0.0,0.0,-0.005588702998168535,0.0,32,3,10,0.014199398019748056,0.14728949707285816,1.584145450898106,25,9,0.0002994695569663171,1.3656755905681168,5,0.5300120444283324,0.06530030839330797,22,0.22368511905571775,1,po-rapec-quality-energy-only-20260731-loto-object_detection,477,0.0
0.0,0.0,0.0,0.0,0.0,0.0,0.0,-0.005588702998168535,0.0,128,4,4,0.6483021260443056,0.3652175397193492,1.5136899631293677,10,10,0.0003054824486747329,2.4636828950783753,8,0.7066447202974404,0.06530030839330797,17,0.15970101608433526,1,po-rapec-quality-energy-only-20260731-loto-object_detection,478,0.0
0.0,0.0,0.0,0.0,0.0,0.0,0.0,-0.005588702998168535,0.0,128,8,9,0.3420409833022859,0.41229291461757933,6.638110755872421,38,20,1.049157761634226e-06,0.9008712249171811,5,0.6809228268930211,0.0012525593393950944,24,0.06277027456699352,1,po-rapec-quality-energy-only-20260731-loto-object_detection,480,0.0
0.0,0.0,0.0,0.0,0.0,0.0,0.0,-0.005588702998168535,0.0,32,3,4,0.12708363992369645,0.22249716324955404,2.1877253035892466,10,9,2.0484829269537454e-05,0.6588043345268373,5,0.27815308632588565,0.01665310648305167,17,0.1185750959305687,1,po-rapec-quality-energy-only-20260731-loto-object_detection,481,0.0
0.0,0.0,0.0,0.0,0.0,0.0,0.0,-0.005588702998168535,0.0,128,6,4,0.1313749898792892,0.21086616622255616,2.1877253035892466,38,20,0.0003738043215049657,0.6588043345268373,7,0.7794404056863412,0.0017934414957361169,17,0.4651860672913148,1,po-rapec-quality-energy-only-20260731-loto-object_detection,483,0.0
0.0035330798053528414,0.03449220181304469,0.017499272480562156,0.10522314252858411,0.0035330798053528414,0.03449220181304469,0.0,-0.0019761244833209624,0.7783673705111724,96,9,7,0.26734535406053295,0.3652175397193492,2.1256228454268635,20,11,0.00025577344180006083,1.3374812577847566,8,0.7066447202974404,0.006941443022895257,9,0.1708841689915172,1,po-rapec-quality-energy-only-20260731-loto-object_detection,484,0.7783673705111724
0.0,0.0,0.0,0.0,0.0,0.0,0.0,-0.005588702998168535,0.0,32,3,14,0.014199398019748056,0.16574109365200435,6.1461809776615635,32,12,3.274116442978566e-05,0.7930979734911368,8,0.6642847559127573,0.008485904383522336,7,0.199803047141763,1,po-rapec-quality-energy-only-20260731-loto-object_detection,485,0.0
0.0,0.0,0.0,0.0,0.0,0.0,0.0,-0.005588702998168535,0.0,192,6,4,0.26734535406053295,0.21086616622255616,2.1877253035892466,38,10,2.3113765107812644e-06,1.2684005065783863,7,0.6568903106725658,0.006941443022895257,22,0.09804758289611025,1,po-rapec-quality-energy-only-20260731-loto-object_detection,486,0.0
0.0,0.0,0.0,0.0,0.0,0.0,0.0,-0.005588702998168535,0.0,128,8,5,0.12708363992369645,0.39612294798116987,6.328429433669586,38,20,1.049157761634226e-06,0.9008712249171811,5,0.6809228268930211,0.0012525593393950944,10,0.06277027456699352,1,po-rapec-quality-energy-only-20260731-loto-object_detection,487,0.0
0.0,0.0,0.0,0.0,0.0,0.0,0.0,-0.005588702998168535,0.0,128,6,7,0.6483021260443056,0.21086616622255616,5.821350643501032,10,11,0.00025577344180006083,0.6898750558694906,8,0.7066447202974404,0.002063747644353726,10,0.15970101608433526,1,po-rapec-quality-energy-only-20260731-loto-object_detection,488,0.0
0.0,0.0,0.0,0.0,0.0,0.0,0.0,-0.005588702998168535,0.0,192,6,13,0.6483021260443056,0.16424735823111047,6.1461809776615635,10,11,3.274116442978566e-05,1.5035231235741928,7,0.7066447202974404,0.002063747644353726,10,0.15970101608433526,1,po-rapec-quality-energy-only-20260731-loto-object_detection,489,0.0
0.0,0.0,0.0,0.0,0.0,0.0,0.0,-0.005588702998168535,0.0,128,3,5,0.4445614221924992,0.14728949707285816,4.945386186089685,25,8,2.3113765107812644e-06,0.7930979734911368,8,0.5350428055894331,0.01165028681231272,22,0.09804758289611025,1,po-rapec-quality-energy-only-20260731-loto-object_detection,491,0.0
0.0,0.0,0.0,0.0,0.0,0.0,0.0,-0.005588702998168535,0.0,128,6,5,0.6483021260443056,0.14728949707285816,5.821350643501032,25,8,2.3113765107812644e-06,1.5035231235741928,5,0.7066447202974404,0.002063747644353726,22,0.09804758289611025,1,po-rapec-quality-energy-only-20260731-loto-object_detection,492,0.0
0.0,0.0,0.0,0.0,0.0,0.0,0.0,-0.005588702998168535,0.0,64,3,15,0.014199398019748056,0.266883920975316,4.945386186089685,22,8,1.7944401947937375e-06,2.449529680475239,6,0.6642847559127573,0.06530030839330797,20,0.2061171386779349,1,po-rapec-quality-energy-only-20260731-loto-object_detection,493,0.0
0.0,0.0,0.0,0.0,0.0,0.0,0.0,-0.005588702998168535,0.0,128,6,4,0.26734535406053295,0.21086616622255616,2.1877253035892466,10,15,2.3113765107812644e-06,0.6898750558694906,8,0.6568903106725658,0.002063747644353726,22,0.15970101608433526,1,po-rapec-quality-energy-only-20260731-loto-object_detection,494,0.0
0.0,0.0,0.0,0.0,0.0,0.0,0.0,-0.005588702998168535,0.0,128,3,5,0.4445614221924992,0.344346299564129,6.1461809776615635,25,14,2.3113765107812644e-06,0.7930979734911368,8,0.6642847559127573,0.01165028681231272,22,0.09804758289611025,1,po-rapec-quality-energy-only-20260731-loto-object_detection,495,0.0
0.0,0.0,0.0,0.0,0.0,0.0,0.0,-0.005588702998168535,0.0,128,8,5,0.12708363992369645,0.21086616622255616,7.695240955552773,10,16,2.0484829269537454e-05,1.2684005065783863,8,0.27815308632588565,0.0015444546694416315,24,0.09804758289611025,1,po-rapec-quality-energy-only-20260731-loto-object_detection,496,0.0
0.0,0.0,0.0,0.0,0.0,0.0,0.0,-0.005588702998168535,0.0,128,3,10,0.8252392983979683,0.3652175397193492,1.5136899631293677,22,10,8.893585234985786e-05,2.449529680475239,7,0.42238691798829675,0.008485904383522336,17,0.22368511905571775,1,po-rapec-quality-energy-only-20260731-loto-object_detection,497,0.0
0.0,0.0,0.0,0.0,0.0,0.0,0.0,-0.005588702998168535,0.0,64,14,13,0.5258338949008938,0.16574109365200435,6.883187037628727,18,12,1.049157761634226e-06,0.7113319796648119,5,0.5350428055894331,0.0012525593393950944,24,0.199803047141763,1,po-rapec-quality-energy-only-20260731-loto-object_detection,499,0.0
0.0,0.0,0.0,0.0,0.0,0.0,0.0,-0.0027052939757986508,0.0,64,14,7,0.7884347937041504,0.39378931744671614,4.1508190145933375,15,17,4.269586961191152e-05,0.6668395320163063,6,0.21070097837302884,0.0016687548926843194,24,0.3100736152347674,1,po-rapec-quality-energy-only-20260731-loto-semantic_segmentation,7,0.0
0.0,0.0,0.0,0.0,0.0,0.0,0.0,-0.0027052939757986508,0.0,96,3,15,0.8362472766983152,0.2746212998423223,2.4771635933479983,37,6,9.497726741572412e-06,0.9566752024279961,3,0.41174995744798226,0.044287700138903444,23,0.1029285288006275,1,po-rapec-quality-energy-only-20260731-loto-semantic_segmentation,9,0.0
0.0,0.0,0.0,0.0,0.0,0.0,0.0,-0.0027052939757986508,0.0,32,11,8,0.6984989204744887,0.07174135606791254,5.8638625531409625,36,14,1.3056928660773648e-06,1.3503436967811009,6,0.48508630903409067,0.005607511276793914,15,0.4249410508181116,1,po-rapec-quality-energy-only-20260731-loto-semantic_segmentation,11,0.0
0.0,0.0,0.0,0.01592370724449025,0.0,0.0,0.0,-0.0027052939757986508,0.0,96,7,8,0.4262100611827209,0.18645380058704547,6.965905607498048,8,17,2.438395734313396e-06,0.7597511907968628,5,0.2197567049694901,0.04852899908187486,22,0.11390710032579149,1,po-rapec-quality-energy-only-20260731-loto-semantic_segmentation,12,0.0
0.0,0.0,0.0,0.0,0.0,0.0,0.0,-0.0027052939757986508,0.0,192,5,5,0.3987492485179956,0.1391550303086943,1.7632247652330009,36,9,2.545823561653829e-06,0.5129114393475593,4,0.2888978289476148,0.002763817222511814,17,0.21701554877729756,1,po-rapec-quality-energy-only-20260731-loto-semantic_segmentation,17,0.0
0.0,0.0,0.0,0.003177581176165919,0.0,0.0,0.0,-0.0027052939757986508,0.0,192,13,9,0.6739372425966972,0.3001619086369836,4.093481526479692,30,18,0.00035628344573909016,2.7212683491065457,8,0.7617618589019979,0.04490461578910558,22,0.06982470084699402,1,po-rapec-quality-energy-only-20260731-loto-semantic_segmentation,20,0.0
0.0,0.0,0.0,0.0,0.0,0.0,0.0,-0.0027052939757986508,0.0,192,11,15,0.5663649656336952,0.11805305705517198,2.8522122006152637,15,8,0.00010367593723050479,0.5380535183239766,8,0.2789307482238157,0.001343785712632798,9,0.32871231657171385,1,po-rapec-quality-energy-only-20260731-loto-semantic_segmentation,25,0.0
0.0,0.0,0.0,0.0,0.0,0.0,0.0,-0.0027052939757986508,0.0,128,5,8,0.5294591011690759,0.23454921406037482,6.373351759505689,14,12,2.514595387978441e-06,0.6415729326589932,6,0.534514428443218,0.0017868182210359874,14,0.1780048166728045,1,po-rapec-quality-energy-only-20260731-loto-semantic_segmentation,31,0.0
0.0,0.0,0.0,0.0,0.0,0.0,0.0,-0.0027052939757986508,0.0,32,11,8,0.6984989204744887,0.15655835360679188,7.01100487194532,23,16,1.3056928660773648e-06,0.609299701963187,6,0.48508630903409067,0.005607511276793914,15,0.15150234099541546,1,po-rapec-quality-energy-only-20260731-loto-semantic_segmentation,42,0.0
0.0,0.0,0.0,0.0,0.0,0.0,0.0,-0.0027052939757986508,0.0,128,3,14,0.8362472766983152,0.2746212998423223,5.419655681850919,31,6,1.8417331695969164e-06,1.9783309789333134,7,0.41174995744798226,0.0025807505436965116,14,0.1029285288006275,1,po-rapec-quality-energy-only-20260731-loto-semantic_segmentation,50,0.0
0.0,0.0,0.0,0.0,0.0,0.0,0.0,-0.0027052939757986508,0.0,96,3,11,0.5553320756404908,0.33085399107079216,2.4771635933479983,25,6,9.497726741572412e-06,0.9566752024279961,4,0.41174995744798226,0.044287700138903444,24,0.1029285288006275,1,po-rapec-quality-energy-only-20260731-loto-semantic_segmentation,52,0.0
0.0,0.0,0.0,0.0,0.0,0.0,0.0,-0.0027052939757986508,0.0,128,6,9,0.4254575719297037,0.3001619086369836,7.962428486211424,23,11,3.30747198249804e-06,2.2635327144856987,4,0.7617618589019979,0.04490461578910558,22,0.06982470084699402,1,po-rapec-quality-energy-only-20260731-loto-semantic_segmentation,56,0.0
0.0,0.0,0.0,0.0,0.0,0.0,0.0,-0.0027052939757986508,0.0,192,11,13,0.5663649656336952,0.11805305705517198,2.8522122006152637,15,19,4.824834362781239e-05,0.5380535183239766,8,0.37372618071582187,0.001343785712632798,9,0.32871231657171385,1,po-rapec-quality-energy-only-20260731-loto-semantic_segmentation,57,0.0
0.0,0.0,0.0,0.0,0.0,0.0,0.0,-0.0027052939757986508,0.0,64,5,5,0.6984989204744887,0.1391550303086943,1.7632247652330009,36,14,7.574769170376313e-06,0.5129114393475593,4,0.2888978289476148,0.005607511276793914,17,0.21701554877729756,1,po-rapec-quality-energy-only-20260731-loto-semantic_segmentation,58,0.0
0.0,0.0,0.0,0.0,0.0,0.0,0.0,-0.0027052939757986508,0.0,32,13,9,0.6984989204744887,0.3001619086369836,4.093481526479692,30,18,0.00035628344573909016,2.7212683491065457,6,0.48508630903409067,0.005607511276793914,22,0.06982470084699402,1,po-rapec-quality-energy-only-20260731-loto-semantic_segmentation,63,0.0
0.0,0.0,0.0,0.0,0.0,0.0,0.0,-0.0027052939757986508,0.0,64,14,15,0.8362472766983152,0.2746212998423223,2.4771635933479983,15,17,9.497726741572412e-06,0.9566752024279961,6,0.41174995744798226,0.044287700138903444,24,0.1029285288006275,1,po-rapec-quality-energy-only-20260731-loto-semantic_segmentation,64,0.0
0.0,0.0,0.0,0.0,0.0,0.0,0.0,-0.0027052939757986508,0.0,64,14,7,0.7884347937041504,0.39378931744671614,4.093481526479692,30,17,4.269586961191152e-05,0.6668395320163063,8,0.21070097837302884,0.0016687548926843194,24,0.3139866878172519,1,po-rapec-quality-energy-only-20260731-loto-semantic_segmentation,68,0.0
0.0,0.0,0.0,0.0,0.0,0.0,0.0,-0.0027052939757986508,0.0,192,11,15,0.5294591011690759,0.23454921406037482,2.8522122006152637,15,8,1.0228489735755496e-06,0.5380535183239766,8,0.2789307482238157,0.0017868182210359874,9,0.1780048166728045,1,po-rapec-quality-energy-only-20260731-loto-semantic_segmentation,70,0.0
0.0,0.0,0.0,0.0,0.0,0.0,0.0,-0.0027052939757986508,0.0,192,3,15,0.1958397671735582,0.39378931744671614,4.336954733811688,8,11,4.269586961191152e-05,0.6668395320163063,3,0.5090975120609226,0.01220409718998751,24,0.09685509985624119,1,po-rapec-quality-energy-only-20260731-loto-semantic_segmentation,75,0.0
0.0,0.0,0.0,0.0,0.0,0.0,0.0,-0.0027052939757986508,0.0,192,11,15,0.5663649656336952,0.3540965581002839,4.204436622432451,29,14,7.361996320107113e-06,0.5380535183239766,8,0.44998010697159063,0.012846232431252226,9,0.32871231657171385,1,po-rapec-quality-energy-only-20260731-loto-semantic_segmentation,79,0.0
0.0,0.0,0.0,0.0,0.0,0.0,0.0,-0.0027052939757986508,0.0,192,5,15,0.5663649656336952,0.23454921406037482,6.373351759505689,14,8,7.792218764165392e-06,0.5380535183239766,8,0.534514428443218,0.0017868182210359874,14,0.32871231657171385,1,po-rapec-quality-energy-only-20260731-loto-semantic_segmentation,80,0.0
0.0,0.0,0.0,0.0,0.0,0.0,0.0,-0.0027052939757986508,0.0,64,14,7,0.7884347937041504,0.39378931744671614,4.093481526479692,30,17,4.269586961191152e-05,0.6668395320163063,6,0.21070097837302884,0.0016687548926843194,24,0.3139866878172519,1,po-rapec-quality-energy-only-20260731-loto-semantic_segmentation,81,0.0
0.0,0.0,0.0,0.003177581176165919,0.0,0.0,0.0,-0.0027052939757986508,0.0,192,11,9,0.12203371018457355,0.11805305705517198,4.093481526479692,30,8,8.249240390706264e-05,0.5380535183239766,6,0.2789307482238157,0.005607511276793914,9,0.06982470084699402,1,po-rapec-quality-energy-only-20260731-loto-semantic_segmentation,83,0.0
0.0,0.0,0.0,0.0,0.0,0.0,0.0,-0.0027052939757986508,0.0,96,12,11,0.7884347937041504,0.39378931744671614,4.1508190145933375,20,17,4.173798661891048e-05,0.6668395320163063,6,0.21070097837302884,0.0016687548926843194,20,0.15120462566208093,1,po-rapec-quality-energy-only-20260731-loto-semantic_segmentation,85,0.0
0.0,0.0,0.0,0.0,0.0,0.0,0.0,-0.0027052939757986508,0.0,128,14,7,0.17434815474108156,0.39378931744671614,7.01100487194532,30,17,3.504538249148981e-05,0.8430498193817657,8,0.21070097837302884,0.0016687548926843194,24,0.3139866878172519,1,po-rapec-quality-energy-only-20260731-loto-semantic_segmentation,88,0.0
0.0,0.0,0.0,0.011165715219462987,0.0,0.0,0.0,-0.0027052939757986508,0.0,192,11,15,0.6984989204744887,0.11805305705517198,4.093481526479692,30,18,3.188911041296988e-05,0.5380535183239766,6,0.2789307482238157,0.0276277612856523,9,0.06982470084699402,1,po-rapec-quality-energy-only-20260731-loto-semantic_segmentation,91,0.0
0.0,0.0,0.0,0.0,0.0,0.0,0.0,-0.0027052939757986508,0.0,192,11,14,0.5663649656336952,0.11805305705517198,2.8522122006152637,15,8,1.8417331695969164e-06,0.5380535183239766,8,0.2581612235529456,0.001343785712632798,14,0.32871231657171385,1,po-rapec-quality-energy-only-20260731-loto-semantic_segmentation,92,0.0
0.0,0.0,0.0,0.0,0.0,0.0,0.0,-0.0027052939757986508,0.0,32,5,10,0.468501018783211,0.15655835360679188,7.01100487194532,23,18,0.0005971948348358656,0.609299701963187,6,0.4255964694571055,0.0015081150031107788,15,0.15150234099541546,1,po-rapec-quality-energy-only-20260731-loto-semantic_segmentation,97,0.0
0.0,0.0,0.0,0.0,0.0,0.0,0.0,-0.0027052939757986508,0.0,96,3,13,0.17434815474108156,0.15655835360679188,7.01100487194532,15,19,4.824834362781239e-05,0.609299701963187,8,0.2621819928487732,0.001343785712632798,21,0.23586810295493493,1,po-rapec-quality-energy-only-20260731-loto-semantic_segmentation,98,0.0
0.0,0.0,0.0,0.014319060625547558,0.0,0.0,0.0,-0.0027052939757986508,0.0,96,7,8,0.4262100611827209,0.3001619086369836,4.093481526479692,8,18,0.00035628344573909016,2.7212683491065457,5,0.2197567049694901,0.0011877350844497253,22,0.06982470084699402,1,po-rapec-quality-energy-only-20260731-loto-semantic_segmentation,99,0.0
0.0,0.0,0.0,0.0,0.0,0.0,0.0,-0.0027052939757986508,0.0,64,5,5,0.6984989204744887,0.1391550303086943,1.7632247652330009,36,14,6.190519777562885e-05,0.5129114393475593,4,0.2888978289476148,0.005607511276793914,17,0.21701554877729756,1,po-rapec-quality-energy-only-20260731-loto-semantic_segmentation,102,0.0
0.0,0.0,0.0,0.0,0.0,0.0,0.0,-0.0027052939757986508,0.0,192,11,8,0.5663649656336952,0.3540965581002839,4.204436622432451,29,17,7.361996320107113e-06,0.7597511907968628,8,0.2197567049694901,0.012846232431252226,22,0.32871231657171385,1,po-rapec-quality-energy-only-20260731-loto-semantic_segmentation,103,0.0
0.0,0.0,0.0,0.0,0.0,0.0,0.0,-0.0027052939757986508,0.0,64,13,15,0.5663649656336952,0.39378931744671614,2.8522122006152637,37,8,0.00010367593723050479,0.5380535183239766,8,0.2789307482238157,0.001343785712632798,24,0.3139866878172519,1,po-rapec-quality-energy-only-20260731-loto-semantic_segmentation,104,0.0
0.0,0.0,0.0,0.0,0.0,0.0,0.0,-0.0027052939757986508,0.0,192,11,9,0.5663649656336952,0.3001619086369836,4.204436622432451,29,14,0.00035628344573909016,2.7212683491065457,8,0.44998010697159063,0.04490461578910558,22,0.06982470084699402,1,po-rapec-quality-energy-only-20260731-loto-semantic_segmentation,109,0.0
0.0,0.0,0.0,0.0,0.0,0.0,0.0,-0.0027052939757986508,0.0,192,11,15,0.6904520924178287,0.20914387019681635,4.204436622432451,29,14,7.361996320107113e-06,1.747687179785812,8,0.44998010697159063,0.012846232431252226,13,0.1480452360636415,1,po-rapec-quality-energy-only-20260731-loto-semantic_segmentation,110,0.0
0.0,0.0,0.0,0.0,0.0,0.0,0.0,-0.0027052939757986508,0.0,192,3,15,0.1958397671735582,0.39378931744671614,4.336954733811688,29,11,4.269586961191152e-05,0.6668395320163063,8,0.44998010697159063,0.012846232431252226,24,0.09685509985624119,1,po-rapec-quality-energy-only-20260731-loto-semantic_segmentation,111,0.0
0.0,0.0,0.0,0.0,0.0,0.0,0.0,-0.0027052939757986508,0.0,128,3,14,0.8362472766983152,0.2746212998423223,5.419655681850919,31,6,1.8417331695969164e-06,1.9783309789333134,7,0.41174995744798226,0.0025807505436965116,14,0.1029285288006275,1,po-rapec-quality-energy-only-20260731-loto-semantic_segmentation,115,0.0
0.0,0.0,0.0,0.0,0.0,0.0,0.0,-0.0027052939757986508,0.0,192,5,5,0.3987492485179956,0.1391550303086943,1.7632247652330009,29,9,2.545823561653829e-06,0.5129114393475593,8,0.2888978289476148,0.002763817222511814,17,0.21701554877729756,1,po-rapec-quality-energy-only-20260731-loto-semantic_segmentation,117,0.0
0.0,0.0,0.0,0.0,0.0,0.0,0.0,-0.0027052939757986508,0.0,64,13,7,0.6984989204744887,0.39378931744671614,4.093481526479692,30,18,0.00035628344573909016,0.6668395320163063,6,0.21070097837302884,0.005607511276793914,24,0.3139866878172519,1,po-rapec-quality-energy-only-20260731-loto-semantic_segmentation,120,0.0
0.0,0.0,0.0,0.00477626278464591,0.0,0.0,0.0,-0.0027052939757986508,0.0,128,14,4,0.7884347937041504,0.3001619086369836,7.962428486211424,30,17,4.269586961191152e-05,0.6668395320163063,4,0.7617618589019979,0.04490461578910558,24,0.06982470084699402,1,po-rapec-quality-energy-only-20260731-loto-semantic_segmentation,124,0.0
0.0,0.0,0.0,0.006367277234808632,0.0,0.0,0.0,-0.0027052939757986508,0.0,64,11,5,0.6984989204744887,0.1391550303086943,4.093481526479692,36,18,3.188911041296988e-05,0.5380535183239766,4,0.2888978289476148,0.005607511276793914,9,0.21701554877729756,1,po-rapec-quality-energy-only-20260731-loto-semantic_segmentation,125,0.0
0.0,0.0,0.0,0.0,0.0,0.0,0.0,-0.0027052939757986508,0.0,32,13,9,0.6984989204744887,0.3001619086369836,4.093481526479692,30,18,0.00035628344573909016,2.7212683491065457,6,0.48508630903409067,0.008421470646374994,22,0.06982470084699402,1,po-rapec-quality-energy-only-20260731-loto-semantic_segmentation,126,0.0
0.0,0.0,0.0,0.0,0.0,0.0,0.0,-0.0027052939757986508,0.0,64,11,4,0.5663649656336952,0.11805305705517198,4.16867107300542,15,8,6.190519777562885e-05,0.5129114393475593,8,0.2888978289476148,0.001343785712632798,17,0.21701554877729756,1,po-rapec-quality-energy-only-20260731-loto-semantic_segmentation,128,0.0
0.0,0.0,0.0,0.0,0.0,0.0,0.0,-0.0027052939757986508,0.0,64,3,7,0.7884347937041504,0.39378931744671614,4.336954733811688,8,11,4.269586961191152e-05,0.6668395320163063,6,0.21070097837302884,0.0011562699845994286,24,0.09685509985624119,1,po-rapec-quality-energy-only-20260731-loto-semantic_segmentation,130,0.0
0.0,0.0,0.0,0.0,0.0,0.0,0.0,-0.0027052939757986508,0.0,96,14,15,0.17434815474108156,0.39378931744671614,7.01100487194532,15,15,4.824834362781239e-05,0.6668395320163063,8,0.2621819928487732,0.001343785712632798,24,0.23586810295493493,1,po-rapec-quality-energy-only-20260731-loto-semantic_segmentation,131,0.0
0.0,0.0,0.0,0.0,0.0,0.0,0.0,-0.0027052939757986508,0.0,32,8,10,0.468501018783211,0.15655835360679188,4.1508190145933375,23,17,4.269586961191152e-05,0.609299701963187,6,0.4255964694571055,0.0016687548926843194,24,0.15150234099541546,1,po-rapec-quality-energy-only-20260731-loto-semantic_segmentation,133,0.0
0.0,0.0,0.0,0.0,0.0,0.0,0.0,-0.0027052939757986508,0.0,64,13,7,0.17434815474108156,0.39378931744671614,2.8522122006152637,37,8,3.504538249148981e-05,0.8430498193817657,8,0.21070097837302884,0.0016687548926843194,24,0.3139866878172519,1,po-rapec-quality-energy-only-20260731-loto-semantic_segmentation,137,0.0
0.0,0.0,0.0,0.0,0.0,0.0,0.0,-0.0027052939757986508,0.0,192,11,9,0.6984989204744887,0.11805305705517198,4.093481526479692,36,14,0.00031943476238991244,0.5380535183239766,6,0.2789307482238157,0.005607511276793914,12,0.06982470084699402,1,po-rapec-quality-energy-only-20260731-loto-semantic_segmentation,138,0.0
0.0,0.0,0.0,0.0,0.0,0.0,0.0,-0.0027052939757986508,0.0,192,14,7,0.7884347937041504,0.39378931744671614,4.093481526479692,29,17,4.269586961191152e-05,0.6668395320163063,8,0.6368645508439337,0.012846232431252226,24,0.09685509985624119,1,po-rapec-quality-energy-only-20260731-loto-semantic_segmentation,140,0.0
0.0,0.0,0.0,0.0,0.0,0.0,0.0,-0.0027052939757986508,0.0,64,14,6,0.7884347937041504,0.2746212998423223,4.093481526479692,30,17,4.269586961191152e-05,0.6668395320163063,6,0.41174995744798226,0.0016687548926843194,24,0.4003438576875056,1,po-rapec-quality-energy-only-20260731-loto-semantic_segmentation,141,0.0
0.0,0.0,0.0,0.0,0.0,0.0,0.0,-0.0027052939757986508,0.0,64,11,7,0.7884347937041504,0.39378931744671614,7.01100487194532,23,16,4.269586961191152e-05,0.609299701963187,6,0.21070097837302884,0.0016687548926843194,15,0.09699222999470702,1,po-rapec-quality-energy-only-20260731-loto-semantic_segmentation,142,0.0
0.0,0.0,0.0,0.001593398552751344,0.0,0.0,0.0,-0.0027052939757986508,0.0,192,7,8,0.5663649656336952,0.18645380058704547,4.204436622432451,8,14,2.438395734313396e-06,0.7597511907968628,8,0.44998010697159063,0.012846232431252226,22,0.11390710032579149,1,po-rapec-quality-energy-only-20260731-loto-semantic_segmentation,143,0.0
0.0,0.0,0.0,0.011165715219462987,0.0,0.0,0.0,-0.0027052939757986508,0.0,192,11,15,0.6984989204744887,0.11805305705517198,4.093481526479692,30,18,3.188911041296988e-05,0.5380535183239766,6,0.2789307482238157,0.0276277612856523,9,0.06982470084699402,1,po-rapec-quality-energy-only-20260731-loto-semantic_segmentation,145,0.0
0.0,0.0,0.0,0.0,0.0,0.0,0.0,-0.0027052939757986508,0.0,64,5,5,0.6984989204744887,0.1391550303086943,1.7632247652330009,36,14,6.190519777562885e-05,0.5129114393475593,4,0.2888978289476148,0.005607511276793914,17,0.21701554877729756,1,po-rapec-quality-energy-only-20260731-loto-semantic_segmentation,146,0.0
0.0,0.0,0.0,0.0,0.0,0.0,0.0,-0.0027052939757986508,0.0,64,14,6,0.1958397671735582,0.39378931744671614,4.1508190145933375,15,17,4.269586961191152e-05,0.6668395320163063,8,0.21070097837302884,0.0016687548926843194,24,0.3100736152347674,1,po-rapec-quality-energy-only-20260731-loto-semantic_segmentation,147,0.0
0.0,0.0,0.0,0.0,0.0,0.0,0.0,-0.0027052939757986508,0.0,128,14,8,0.17434815474108156,0.3540965581002839,7.01100487194532,29,17,2.5522131200410583e-05,0.7597511907968628,8,0.2197567049694901,0.012846232431252226,24,0.32871231657171385,1,po-rapec-quality-energy-only-20260731-loto-semantic_segmentation,149,0.0
0.0,0.0,0.0,0.0,0.0,0.0,0.0,-0.0027052939757986508,0.0,64,5,5,0.5294591011690759,0.1391550303086943,1.7632247652330009,36,14,6.190519777562885e-05,0.6415729326589932,6,0.534514428443218,0.0017868182210359874,14,0.1780048166728045,1,po-rapec-quality-energy-only-20260731-loto-semantic_segmentation,150,0.0
0.0,0.0,0.0,0.0,0.0,0.0,0.0,-0.0027052939757986508,0.0,192,5,10,0.5663649656336952,0.11805305705517198,7.01100487194532,23,18,0.0005971948348358656,0.609299701963187,8,0.2789307482238157,0.0019216239118196215,15,0.15150234099541546,1,po-rapec-quality-energy-only-20260731-loto-semantic_segmentation,151,0.0
0.0,0.0,0.0,0.0,0.0,0.0,0.0,-0.0027052939757986508,0.0,192,11,14,0.5663649656336952,0.11805305705517198,2.0878667613534043,30,8,1.8417331695969164e-06,0.5380535183239766,6,0.2581612235529456,0.005607511276793914,14,0.06982470084699402,1,po-rapec-quality-energy-only-20260731-loto-semantic_segmentation,153,0.0
0.0,0.0,0.0,0.00957676695229803,0.0,0.0,0.0,-0.0027052939757986508,0.0,192,11,15,0.1958397671735582,0.39378931744671614,2.8522122006152637,15,8,4.269586961191152e-05,0.6668395320163063,8,0.5133314336790372,0.01220409718998751,9,0.32871231657171385,1,po-rapec-quality-energy-only-20260731-loto-semantic_segmentation,155,0.0
0.0,0.0,0.0,0.006367277234808632,0.0,0.0,0.0,-0.0027052939757986508,0.0,192,13,5,0.12203371018457355,0.11805305705517198,1.7632247652330009,30,8,8.249240390706264e-05,0.5380535183239766,4,0.2888978289476148,0.005607511276793914,9,0.06982470084699402,1,po-rapec-quality-energy-only-20260731-loto-semantic_segmentation,156,0.0
0.0,0.0,0.0,0.0,0.0,0.0,0.0,-0.0027052939757986508,0.0,32,5,5,0.468501018783211,0.15655835360679188,7.01100487194532,36,14,7.574769170376313e-06,0.5129114393475593,4,0.2888978289476148,0.005607511276793914,17,0.21701554877729756,1,po-rapec-quality-energy-only-20260731-loto-semantic_segmentation,157,0.0
0.0,0.0,0.0,0.0,0.0,0.0,0.0,-0.0027052939757986508,0.0,64,14,7,0.7884347937041504,0.39378931744671614,4.1508190145933375,15,17,4.269586961191152e-05,0.6668395320163063,8,0.21070097837302884,0.0016687548926843194,24,0.3139866878172519,1,po-rapec-quality-energy-only-20260731-loto-semantic_segmentation,158,0.0
0.0,0.0,0.0,0.0,0.0,0.0,0.0,-0.0027052939757986508,0.0,96,3,13,0.17434815474108156,0.15655835360679188,7.01100487194532,15,19,4.824834362781239e-05,0.609299701963187,8,0.2621819928487732,0.001343785712632798,21,0.23586810295493493,1,po-rapec-quality-energy-only-20260731-loto-semantic_segmentation,160,0.0
0.0,0.0,0.0,0.0,0.0,0.0,0.0,-0.0027052939757986508,0.0,64,15,15,0.8362472766983152,0.39378931744671614,2.8522122006152637,37,10,0.00010367593723050479,0.5380535183239766,3,0.2789307482238157,0.044287700138903444,23,0.3139866878172519,1,po-rapec-quality-energy-only-20260731-loto-semantic_segmentation,161,0.0
0.0,0.0,0.0,0.0,0.0,0.0,0.0,-0.0027052939757986508,0.0,64,14,7,0.5663649656336952,0.39378931744671614,2.8522122006152637,37,17,4.269586961191152e-05,0.6668395320163063,8,0.2789307482238157,0.0016687548926843194,24,0.3139866878172519,1,po-rapec-quality-energy-only-20260731-loto-semantic_segmentation,164,0.0
0.0,0.0,0.0,0.0,0.0,0.0,0.0,-0.0027052939757986508,0.0,96,12,15,0.7884347937041504,0.23454921406037482,4.1508190145933375,20,17,4.173798661891048e-05,0.6668395320163063,6,0.534514428443218,0.0016687548926843194,15,0.15120462566208093,1,po-rapec-quality-energy-only-20260731-loto-semantic_segmentation,167,0.0
0.0,0.0,0.0,0.0,0.0,0.0,0.0,-0.0027052939757986508,0.0,32,7,9,0.4254575719297037,0.3001619086369836,7.962428486211424,30,11,0.00035628344573909016,2.2635327144856987,4,0.48508630903409067,0.005607511276793914,22,0.06982470084699402,1,po-rapec-quality-energy-only-20260731-loto-semantic_segmentation,169,0.0
0.0,0.0,0.0,0.0,0.0,0.0,0.0,-0.0027052939757986508,0.0,192,11,14,0.6500636598777213,0.11805305705517198,2.8522122006152637,15,8,1.8417331695969164e-06,0.5380535183239766,8,0.2581612235529456,0.001374614300555785,14,0.32871231657171385,1,po-rapec-quality-energy-only-20260731-loto-semantic_segmentation,170,0.0
0.0,0.0,0.0,0.0,0.0,0.0,0.0,-0.0027052939757986508,0.0,64,5,5,0.6984989204744887,0.1391550303086943,2.8522122006152637,15,14,1.0031386789121864e-06,0.5380535183239766,8,0.2888978289476148,0.005607511276793914,17,0.32871231657171385,1,po-rapec-quality-energy-only-20260731-loto-semantic_segmentation,171,0.0
0.0,0.0,0.0,0.0,0.0,0.0,0.0,-0.0027052939757986508,0.0,192,3,15,0.1958397671735582,0.39378931744671614,4.336954733811688,8,11,2.438395734313396e-06,2.5863711087708254,3,0.2197567049694901,0.01220409718998751,22,0.09685509985624119,1,po-rapec-quality-energy-only-20260731-loto-semantic_segmentation,173,0.0
0.0,0.0,0.0,0.0,0.0,0.0,0.0,-0.0027052939757986508,0.0,64,14,13,0.7884347937041504,0.39378931744671614,4.093481526479692,15,17,4.269586961191152e-05,0.8474910452964541,6,0.2621819928487732,0.0016687548926843194,21,0.23586810295493493,1,po-rapec-quality-energy-only-20260731-loto-semantic_segmentation,174,0.0
0.0,0.0,0.0,0.0,0.0,0.0,0.0,-0.0027052939757986508,0.0,64,5,15,0.5663649656336952,0.23454921406037482,6.373351759505689,33,17,4.269586961191152e-05,0.5380535183239766,7,0.534514428443218,0.0016687548926843194,14,0.32871231657171385,1,po-rapec-quality-energy-only-20260731-loto-semantic_segmentation,175,0.0
0.0,0.0,0.0,0.0,0.0,0.0,0.0,-0.0027052939757986508,0.0,32,11,8,0.468501018783211,0.15655835360679188,5.8638625531409625,36,14,7.574769170376313e-06,0.5129114393475593,4,0.48508630903409067,0.005607511276793914,15,0.21701554877729756,1,po-rapec-quality-energy-only-20260731-loto-semantic_segmentation,176,0.0
0.0,0.0,0.0,0.0,0.0,0.0,0.0,-0.0027052939757986508,0.0,32,14,10,0.468501018783211,0.39378931744671614,3.807714306482898,23,18,0.0005971948348358656,0.609299701963187,6,0.21070097837302884,0.0015081150031107788,24,0.3139866878172519,1,po-rapec-quality-energy-only-20260731-loto-semantic_segmentation,178,0.0
0.0,0.0,0.0,0.0,0.0,0.0,0.0,-0.0027052939757986508,0.0,192,11,10,0.6877848597312333,0.2746212998423223,2.8522122006152637,15,8,1.0228489735755496e-06,0.5380535183239766,3,0.41174995744798226,0.0017868182210359874,23,0.1780048166728045,1,po-rapec-quality-energy-only-20260731-loto-semantic_segmentation,179,0.0
0.0,0.0,0.0,0.0,0.0,0.0,0.0,-0.0027052939757986508,0.0,128,5,8,0.4262100611827209,0.3001619086369836,4.093481526479692,8,18,2.514595387978441e-06,0.8260444903954118,6,0.534514428443218,0.0017868182210359874,22,0.06982470084699402,1,po-rapec-quality-energy-only-20260731-loto-semantic_segmentation,180,0.0
0.0,0.0,0.0,0.011165715219462987,0.0,0.0,0.0,-0.0027052939757986508,0.0,192,11,15,0.5663649656336952,0.23454921406037482,4.093481526479692,14,8,7.792218764165392e-06,0.5380535183239766,8,0.2789307482238157,0.0276277612856523,9,0.32871231657171385,1,po-rapec-quality-energy-only-20260731-loto-semantic_segmentation,183,0.0
0.0,0.0,0.0,0.0,0.0,0.0,0.0,-0.0027052939757986508,0.0,192,5,5,0.3987492485179956,0.1391550303086943,1.7632247652330009,29,9,3.6422757538531996e-06,0.5129114393475593,8,0.2888978289476148,0.002763817222511814,17,0.21701554877729756,1,po-rapec-quality-energy-only-20260731-loto-semantic_segmentation,184,0.0
0.0,0.0,0.0,0.0,0.0,0.0,0.0,-0.0027052939757986508,0.0,32,5,10,0.468501018783211,0.23454921406037482,7.01100487194532,23,8,9.583257099199976e-05,0.5879958733661359,8,0.2789307482238157,0.0017868182210359874,15,0.15150234099541546,1,po-rapec-quality-energy-only-20260731-loto-semantic_segmentation,187,0.0
0.0,0.0,0.0,0.0,0.0,0.0,0.0,-0.0027052939757986508,0.0,32,5,5,0.3987492485179956,0.1391550303086943,6.373351759505689,29,9,7.792218764165392e-06,0.5380535183239766,8,0.2888978289476148,0.002763817222511814,14,0.21701554877729756,1,po-rapec-quality-energy-only-20260731-loto-semantic_segmentation,188,0.0
0.0,0.0,0.0,0.0,0.0,0.0,0.0,-0.0027052939757986508,0.0,64,11,13,0.5663649656336952,0.11805305705517198,2.4771635933479983,13,17,9.497726741572412e-06,0.9566752024279961,5,0.41174995744798226,0.001343785712632798,9,0.1029285288006275,1,po-rapec-quality-energy-only-20260731-loto-semantic_segmentation,189,0.0
0.0,0.0,0.0,0.0,0.0,0.0,0.0,-0.0027052939757986508,0.0,96,7,13,0.17434815474108156,0.11805305705517198,4.093481526479692,15,19,3.188911041296988e-05,0.5380535183239766,6,0.2789307482238157,0.0276277612856523,21,0.06982470084699402,1,po-rapec-quality-energy-only-20260731-loto-semantic_segmentation,190,0.0
0.0,0.0,0.0,0.0,0.0,0.0,0.0,-0.0027052939757986508,0.0,64,14,15,0.10082866598482906,0.39378931744671614,2.8522122006152637,15,17,0.00010367593723050479,0.6668395320163063,6,0.2789307482238157,0.0016687548926843194,24,0.3100736152347674,1,po-rapec-quality-energy-only-20260731-loto-semantic_segmentation,191,0.0
0.0,0.0,0.0,0.0,0.0,0.0,0.0,-0.0027052939757986508,0.0,64,11,7,0.6984989204744887,0.07174135606791254,5.8638625531409625,30,17,4.269586961191152e-05,1.3503436967811009,6,0.48508630903409067,0.0016687548926843194,15,0.4249410508181116,1,po-rapec-quality-energy-only-20260731-loto-semantic_segmentation,192,0.0
0.0,0.0,0.0,0.0,0.0,0.0,0.0,-0.0027052939757986508,0.0,192,5,8,0.6984989204744887,0.23454921406037482,7.703510726637824,14,16,7.792218764165392e-06,0.609299701963187,6,0.534514428443218,0.005607511276793914,15,0.15150234099541546,1,po-rapec-quality-energy-only-20260731-loto-semantic_segmentation,195,0.0
0.0,0.0,0.0,0.0,0.0,0.0,0.0,-0.0027052939757986508,0.0,192,6,9,0.6739372425966972,0.3001619086369836,7.962428486211424,30,11,0.00035628344573909016,1.3331813373509789,8,0.7617618589019979,0.04490461578910558,22,0.06982470084699402,1,po-rapec-quality-energy-only-20260731-loto-semantic_segmentation,198,0.0
0.0,0.0,0.0,0.0,0.0,0.0,0.0,-0.0027052939757986508,0.0,192,13,5,0.5663649656336952,0.11805305705517198,2.8522122006152637,30,8,0.00035628344573909016,0.5380535183239766,8,0.2789307482238157,0.007081040241017589,22,0.32871231657171385,1,po-rapec-quality-energy-only-20260731-loto-semantic_segmentation,199,0.0
0.0,0.0,0.0,0.0,0.0,0.0,0.0,-0.0027052939757986508,0.0,64,14,7,0.5663649656336952,0.11805305705517198,4.093481526479692,9,17,4.269586961191152e-05,0.6668395320163063,8,0.21070097837302884,0.0016687548926843194,24,0.3139866878172519,1,po-rapec-quality-energy-only-20260731-loto-semantic_segmentation,200,0.0
0.0,0.0,0.0,0.0,0.0,0.0,0.0,-0.0027052939757986508,0.0,192,14,7,0.7884347937041504,0.39378931744671614,4.093481526479692,29,11,4.269586961191152e-05,0.6668395320163063,8,0.21070097837302884,0.012846232431252226,24,0.09685509985624119,1,po-rapec-quality-energy-only-20260731-loto-semantic_segmentation,204,0.0
0.0,0.0,0.0,0.0,0.0,0.0,0.0,-0.0027052939757986508,0.0,128,6,9,0.1958397671735582,0.39378931744671614,4.336954733811688,8,11,3.30747198249804e-06,2.2635327144856987,3,0.5090975120609226,0.04490461578910558,24,0.06982470084699402,1,po-rapec-quality-energy-only-20260731-loto-semantic_segmentation,205,0.0
0.0,0.0,0.0,0.0,0.0,0.0,0.0,-0.0027052939757986508,0.0,192,11,15,0.6984989204744887,0.3001619086369836,4.093481526479692,30,18,0.00035628344573909016,1.584648920741182,6,0.48508630903409067,0.005607511276793914,22,0.06982470084699402,1,po-rapec-quality-energy-only-20260731-loto-semantic_segmentation,210,0.0
0.0,0.0,0.0,0.0,0.0,0.0,0.0,-0.0027052939757986508,0.0,192,11,8,0.5663649656336952,0.3540965581002839,7.01100487194532,23,17,1.3056928660773648e-06,0.7597511907968628,6,0.48508630903409067,0.012846232431252226,22,0.15150234099541546,1,po-rapec-quality-energy-only-20260731-loto-semantic_segmentation,211,0.0
0.0,0.0,0.0,0.0,0.0,0.0,0.0,-0.0027052939757986508,0.0,192,11,15,0.5663649656336952,0.3540965581002839,4.204436622432451,29,14,7.361996320107113e-06,0.5380535183239766,8,0.44998010697159063,0.012846232431252226,9,0.32871231657171385,1,po-rapec-quality-energy-only-20260731-loto-semantic_segmentation,214,0.0
0.0,0.0,0.0,0.0,0.0,0.0,0.0,-0.0027052939757986508,0.0,192,5,15,0.1958397671735582,0.39378931744671614,6.373351759505689,14,8,4.269586961191152e-05,0.6668395320163063,3,0.5090975120609226,0.01220409718998751,24,0.09685509985624119,1,po-rapec-quality-energy-only-20260731-loto-semantic_segmentation,215,0.0
0.0,0.0,0.0,0.0,0.0,0.0,0.0,-0.0027052939757986508,0.0,192,11,13,0.5663649656336952,0.11805305705517198,2.8522122006152637,29,11,4.269586961191152e-05,0.6668395320163063,8,0.37372618071582187,0.001343785712632798,9,0.32871231657171385,1,po-rapec-quality-energy-only-20260731-loto-semantic_segmentation,217,0.0
0.0,0.0,0.0,0.0,0.0,0.0,0.0,-0.0027052939757986508,0.0,64,5,5,0.6984989204744887,0.1391550303086943,1.7632247652330009,36,14,6.190519777562885e-05,0.5129114393475593,4,0.2888978289476148,0.005607511276793914,17,0.21701554877729756,1,po-rapec-quality-energy-only-20260731-loto-semantic_segmentation,219,0.0
0.0,0.0,0.0,0.0,0.0,0.0,0.0,-0.0027052939757986508,0.0,96,3,9,0.5553320756404908,0.33085399107079216,2.4771635933479983,30,18,9.497726741572412e-06,2.7212683491065457,4,0.48508630903409067,0.005607511276793914,24,0.06982470084699402,1,po-rapec-quality-energy-only-20260731-loto-semantic_segmentation,220,0.0
0.0,0.0,0.0,0.0,0.0,0.0,0.0,-0.0027052939757986508,0.0,192,11,15,0.6739372425966972,0.3540965581002839,4.204436622432451,26,18,7.361996320107113e-06,0.5380535183239766,8,0.7617618589019979,0.012846232431252226,9,0.06982470084699402,1,po-rapec-quality-energy-only-20260731-loto-semantic_segmentation,222,0.0
0.0,0.0,0.0,0.0,0.0,0.0,0.0,-0.0027052939757986508,0.0,32,5,5,0.6904520924178287,0.15655835360679188,4.204436622432451,10,14,7.361996320107113e-06,1.747687179785812,8,0.2888978289476148,0.005607511276793914,13,0.1480452360636415,1,po-rapec-quality-energy-only-20260731-loto-semantic_segmentation,223,0.0
0.0,0.0,0.0,0.0,0.0,0.0,0.0,-0.0027052939757986508,0.0,32,13,7,0.6984989204744887,0.3001619086369836,3.9828128172001427,20,18,4.173798661891048e-05,1.090348796191166,6,0.21070097837302884,0.005607511276793914,22,0.06982470084699402,1,po-rapec-quality-energy-only-20260731-loto-semantic_segmentation,224,0.0
0.0,0.0,0.0,0.0,0.0,0.0,0.0,-0.0027052939757986508,0.0,64,14,9,0.8362472766983152,0.3001619086369836,4.204436622432451,29,17,9.497726741572412e-06,0.7959550780978357,6,0.44998010697159063,0.04490461578910558,22,0.06982470084699402,1,po-rapec-quality-energy-only-20260731-loto-semantic_segmentation,227,0.0
0.0,0.0,0.0,0.011165715219462987,0.0,0.0,0.0,-0.0027052939757986508,0.0,96,7,13,0.4262100611827209,0.18645380058704547,6.964177683498093,15,19,2.438395734313396e-06,0.7597511907968628,8,0.2197567049694901,0.04852899908187486,22,0.11390710032579149,1,po-rapec-quality-energy-only-20260731-loto-semantic_segmentation,228,0.0
0.0,0.0,0.0,0.0,0.0,0.0,0.0,-0.0027052939757986508,0.0,32,5,5,0.6984989204744887,0.1391550303086943,4.093481526479692,29,18,2.545823561653829e-06,2.7212683491065457,8,0.2888978289476148,0.005607511276793914,22,0.06982470084699402,1,po-rapec-quality-energy-only-20260731-loto-semantic_segmentation,229,0.0
0.0,0.0,0.0,0.0,0.0,0.0,0.0,-0.0027052939757986508,0.0,96,5,5,0.468501018783211,0.15655835360679188,4.1508190145933375,20,14,4.173798661891048e-05,0.6668395320163063,6,0.2888978289476148,0.0016687548926843194,20,0.15120462566208093,1,po-rapec-quality-energy-only-20260731-loto-semantic_segmentation,230,0.0
0.0,0.0,0.0,0.0,0.0,0.0,0.0,-0.0027052939757986508,0.0,192,5,5,0.4262100611827209,0.18645380058704547,6.965905607498048,36,17,2.438395734313396e-06,0.7597511907968628,4,0.2888978289476148,0.002763817222511814,22,0.11390710032579149,1,po-rapec-quality-energy-only-20260731-loto-semantic_segmentation,231,0.0
0.0,0.0,0.0,0.0,0.0,0.0,0.0,-0.0027052939757986508,0.0,192,5,5,0.468501018783211,0.15655835360679188,2.8522122006152637,15,17,1.8417331695969164e-06,0.5129114393475593,8,0.2888978289476148,0.005607511276793914,17,0.21701554877729756,1,po-rapec-quality-energy-only-20260731-loto-semantic_segmentation,234,0.0
0.0,0.0,0.0,0.0,0.0,0.0,0.0,-0.0027052939757986508,0.0,192,5,5,0.3987492485179956,0.1391550303086943,1.7632247652330009,29,9,2.545823561653829e-06,0.5129114393475593,8,0.2888978289476148,0.002763817222511814,17,0.21701554877729756,1,po-rapec-quality-energy-only-20260731-loto-semantic_segmentation,235,0.0
0.0,0.0,0.0,0.0,0.0,0.0,0.0,-0.0027052939757986508,0.0,128,11,8,0.12203371018457355,0.11805305705517198,4.093481526479692,20,20,8.249240390706264e-05,0.6415729326589932,6,0.534514428443218,0.0017868182210359874,14,0.1780048166728045,1,po-rapec-quality-energy-only-20260731-loto-semantic_segmentation,237,0.0
0.0,0.0,0.0,0.0,0.0,0.0,0.0,-0.0027052939757986508,0.0,192,6,9,0.5663649656336952,0.3001619086369836,4.204436622432451,29,14,3.188911041296988e-05,0.5380535183239766,8,0.44998010697159063,0.0276277612856523,22,0.06982470084699402,1,po-rapec-quality-energy-only-20260731-loto-semantic_segmentation,238,0.0
0.0,0.0,0.0,0.0,0.0,0.0,0.0,-0.0027052939757986508,0.0,64,14,10,0.7884347937041504,0.056202086689004685,4.093481526479692,23,18,0.0005971948348358656,0.6668395320163063,8,0.21070097837302884,0.0015081150031107788,15,0.3139866878172519,1,po-rapec-quality-energy-only-20260731-loto-semantic_segmentation,239,0.0
0.0,0.0,0.0,0.0,0.0,0.0,0.0,-0.0027052939757986508,0.0,128,14,7,0.17434815474108156,0.39378931744671614,7.01100487194532,30,17,3.504538249148981e-05,0.8430498193817657,8,0.21070097837302884,0.0016687548926843194,24,0.33294285546580904,1,po-rapec-quality-energy-only-20260731-loto-semantic_segmentation,240,0.0
0.0,0.0,0.0,0.001593398552751344,0.0,0.0,0.0,-0.0027052939757986508,0.0,64,14,7,0.1958397671735582,0.39378931744671614,4.336954733811688,30,11,4.269586961191152e-05,0.6668395320163063,6,0.21070097837302884,0.012846232431252226,24,0.09685509985624119,1,po-rapec-quality-energy-only-20260731-loto-semantic_segmentation,241,0.0
0.0,0.0,0.0,0.0,0.0,0.0,0.0,-0.0027052939757986508,0.0,192,7,15,0.4262100611827209,0.18645380058704547,6.965905607498048,15,8,2.438395734313396e-06,0.5380535183239766,8,0.2789307482238157,0.0017868182210359874,22,0.1780048166728045,1,po-rapec-quality-energy-only-20260731-loto-semantic_segmentation,242,0.0
0.0,0.0,0.0,0.0,0.0,0.0,0.0,-0.0027052939757986508,0.0,96,3,11,0.5553320756404908,0.33085399107079216,2.4771635933479983,25,6,9.497726741572412e-06,0.9566752024279961,4,0.41174995744798226,0.044287700138903444,24,0.07182111288928769,1,po-rapec-quality-energy-only-20260731-loto-semantic_segmentation,244,0.0
0.0,0.0,0.0,0.00477626278464591,0.0,0.0,0.0,-0.0027052939757986508,0.0,128,5,10,0.468501018783211,0.15655835360679188,7.01100487194532,36,18,0.0005971948348358656,0.5129114393475593,6,0.4255964694571055,0.005607511276793914,8,0.15150234099541546,1,po-rapec-quality-energy-only-20260731-loto-semantic_segmentation,245,0.0
0.0,0.0,0.0,0.0,0.0,0.0,0.0,-0.0027052939757986508,0.0,64,3,14,0.8362472766983152,0.2936662537281926,3.9941473274084704,31,14,1.8417331695969164e-06,1.9783309789333134,4,0.2888978289476148,0.005607511276793914,17,0.1029285288006275,1,po-rapec-quality-energy-only-20260731-loto-semantic_segmentation,246,0.0
0.0,0.0,0.0,0.0,0.0,0.0,0.0,-0.0027052939757986508,0.0,192,11,8,0.5663649656336952,0.33085399107079216,2.4771635933479983,25,17,9.497726741572412e-06,0.7597511907968628,4,0.2197567049694901,0.012846232431252226,24,0.32871231657171385,1,po-rapec-quality-energy-only-20260731-loto-semantic_segmentation,247,0.0
0.0,0.0,0.0,0.0,0.0,0.0,0.0,-0.0027052939757986508,0.0,192,5,5,0.3987492485179956,0.1391550303086943,1.7632247652330009,29,12,2.545823561653829e-06,0.5129114393475593,8,0.2888978289476148,0.002763817222511814,25,0.21701554877729756,1,po-rapec-quality-energy-only-20260731-loto-semantic_segmentation,248,0.0
0.0,0.0,0.0,0.0,0.0,0.0,0.0,-0.0027052939757986508,0.0,192,3,15,0.6904520924178287,0.33085399107079216,2.4771635933479983,25,14,7.361996320107113e-06,1.747687179785812,4,0.41174995744798226,0.012846232431252226,24,0.1480452360636415,1,po-rapec-quality-energy-only-20260731-loto-semantic_segmentation,249,0.0
0.0,0.0,0.0,0.0,0.0,0.0,0.0,-0.0027052939757986508,0.0,192,14,7,0.3987492485179956,0.39378931744671614,7.485808221520585,30,17,2.545823561653829e-06,0.8430498193817657,8,0.2888978289476148,0.002763817222511814,17,0.3139866878172519,1,po-rapec-quality-energy-only-20260731-loto-semantic_segmentation,251,0.0
0.0,0.0,0.0,0.0,0.0,0.0,0.0,-0.0027052939757986508,0.0,64,5,7,0.6984989204744887,0.39378931744671614,1.7632247652330009,37,8,0.00010367593723050479,0.5380535183239766,4,0.2888978289476148,0.001343785712632798,17,0.21701554877729756,1,po-rapec-quality-energy-only-20260731-loto-semantic_segmentation,253,0.0
0.0,0.0,0.0,0.0,0.0,0.0,0.0,-0.0027052939757986508,0.0,64,14,10,0.468501018783211,0.39378931744671614,4.093481526479692,30,17,4.269586961191152e-05,0.6668395320163063,6,0.21070097837302884,0.0016687548926843194,15,0.3139866878172519,1,po-rapec-quality-energy-only-20260731-loto-semantic_segmentation,254,0.0
0.0,0.0,0.0,0.0,0.0,0.0,0.0,-0.0027052939757986508,0.0,64,13,15,0.5663649656336952,0.39378931744671614,2.8522122006152637,37,8,0.00010367593723050479,0.5380535183239766,8,0.2789307482238157,0.001343785712632798,11,0.3139866878172519,1,po-rapec-quality-energy-only-20260731-loto-semantic_segmentation,255,0.0
0.0,0.0,0.0,0.0,0.0,0.0,0.0,-0.0027052939757986508,0.0,96,3,15,0.1958397671735582,0.39378931744671614,4.336954733811688,37,6,4.269586961191152e-05,0.6668395320163063,3,0.44998010697159063,0.044287700138903444,23,0.1029285288006275,1,po-rapec-quality-energy-only-20260731-loto-semantic_segmentation,257,0.0
0.0,0.0,0.0,0.00957676695229803,0.0,0.0,0.0,-0.0027052939757986508,0.0,64,14,5,0.8362472766983152,0.2746212998423223,2.4771635933479983,36,17,9.497726741572412e-06,0.5129114393475593,4,0.7802855458735709,0.044287700138903444,13,0.1029285288006275,1,po-rapec-quality-energy-only-20260731-loto-semantic_segmentation,259,0.0
0.0,0.0,0.0,0.0,0.0,0.0,0.0,-0.0027052939757986508,0.0,32,5,8,0.6984989204744887,0.15655835360679188,6.373351759505689,14,12,1.3056928660773648e-06,0.609299701963187,6,0.534514428443218,0.0017868182210359874,14,0.1780048166728045,1,po-rapec-quality-energy-only-20260731-loto-semantic_segmentation,261,0.0
0.0,0.0,0.0,0.0,0.0,0.0,0.0,-0.0027052939757986508,0.0,96,14,7,0.7884347937041504,0.39378931744671614,4.1508190145933375,20,17,4.173798661891048e-05,0.6668395320163063,8,0.788271394359045,0.0016687548926843194,20,0.15120462566208093,1,po-rapec-quality-energy-only-20260731-loto-semantic_segmentation,262,0.0
0.0,0.0,0.0,0.00957676695229803,0.0,0.0,0.0,-0.0027052939757986508,0.0,192,13,15,0.6739372425966972,0.3001619086369836,4.093481526479692,30,8,3.188911041296988e-05,0.5380535183239766,8,0.2789307482238157,0.0276277612856523,9,0.06982470084699402,1,po-rapec-quality-energy-only-20260731-loto-semantic_segmentation,264,0.0
0.0,0.0,0.0,0.0,0.0,0.0,0.0,-0.0027052939757986508,0.0,96,11,8,0.6984989204744887,0.3001619086369836,7.01100487194532,23,18,1.3056928660773648e-06,0.609299701963187,5,0.48508630903409067,0.005607511276793914,22,0.06982470084699402,1,po-rapec-quality-energy-only-20260731-loto-semantic_segmentation,265,0.0
0.0,0.0,0.0,0.00477626278464591,0.0,0.0,0.0,-0.0027052939757986508,0.0,96,4,10,0.4262100611827209,0.3001619086369836,4.093481526479692,8,6,0.0005971948348358656,2.7212683491065457,5,0.4255964694571055,0.0015081150031107788,15,0.06982470084699402,1,po-rapec-quality-energy-only-20260731-loto-semantic_segmentation,266,0.0
0.0,0.0,0.0,0.0,0.0,0.0,0.0,-0.0027052939757986508,0.0,192,11,11,0.5663649656336952,0.1391550303086943,1.7632247652330009,36,9,0.00010367593723050479,0.5380535183239766,4,0.2888978289476148,0.001343785712632798,17,0.32871231657171385,1,po-rapec-quality-energy-only-20260731-loto-semantic_segmentation,268,0.0
0.0,0.0,0.0,0.0,0.0,0.0,0.0,-0.0027052939757986508,0.0,192,5,9,0.4254575719297037,0.3001619086369836,1.7632247652330009,28,9,3.30747198249804e-06,0.5129114393475593,4,0.2888978289476148,0.002763817222511814,22,0.30640797675197007,1,po-rapec-quality-energy-only-20260731-loto-semantic_segmentation,269,0.0
0.0,0.0,0.0,0.0,0.0,0.0,0.0,-0.0027052939757986508,0.0,64,14,15,0.12203371018457355,0.11805305705517198,4.093481526479692,30,8,8.249240390706264e-05,0.9566752024279961,6,0.2789307482238157,0.005607511276793914,9,0.06982470084699402,1,po-rapec-quality-energy-only-20260731-loto-semantic_segmentation,270,0.0
0.0,0.0,0.0,0.0,0.0,0.0,0.0,-0.0027052939757986508,0.0,128,5,7,0.3987492485179956,0.1391550303086943,7.01100487194532,29,9,3.504538249148981e-05,0.5129114393475593,8,0.2888978289476148,0.0016687548926843194,24,0.3139866878172519,1,po-rapec-quality-energy-only-20260731-loto-semantic_segmentation,272,0.0
0.0,0.0,0.0,0.0,0.0,0.0,0.0,-0.0027052939757986508,0.0,192,11,14,0.8362472766983152,0.11805305705517198,5.419655681850919,31,8,1.8417331695969164e-06,1.4036062356982664,6,0.41174995744798226,0.005607511276793914,21,0.1029285288006275,1,po-rapec-quality-energy-only-20260731-loto-semantic_segmentation,273,0.0
0.0,0.0,0.0,0.0,0.0,0.0,0.0,-0.0027052939757986508,0.0,96,14,15,0.5663649656336952,0.39378931744671614,2.8522122006152637,30,8,0.00010367593723050479,0.8430498193817657,8,0.2789307482238157,0.0016687548926843194,24,0.3139866878172519,1,po-rapec-quality-energy-only-20260731-loto-semantic_segmentation,274,0.0
0.0,0.0,0.0,0.0,0.0,0.0,0.0,-0.0027052939757986508,0.0,96,7,15,0.4262100611827209,0.11805305705517198,4.093481526479692,8,18,0.00035628344573909016,0.5380535183239766,5,0.2197567049694901,0.001343785712632798,15,0.42156701049110895,1,po-rapec-quality-energy-only-20260731-loto-semantic_segmentation,275,0.0
0.0,0.0,0.0,0.0,0.0,0.0,0.0,-0.0027052939757986508,0.0,192,11,5,0.3987492485179956,0.11805305705517198,1.7632247652330009,29,9,1.8417331695969164e-06,0.5129114393475593,8,0.2581612235529456,0.001343785712632798,14,0.32871231657171385,1,po-rapec-quality-energy-only-20260731-loto-semantic_segmentation,279,0.0
0.0,0.0,0.0,0.0,0.0,0.0,0.0,-0.0027052939757986508,0.0,192,14,14,0.7884347937041504,0.11805305705517198,2.8522122006152637,30,17,1.8417331695969164e-06,0.6668395320163063,6,0.2581612235529456,0.0016687548926843194,14,0.3139866878172519,1,po-rapec-quality-energy-only-20260731-loto-semantic_segmentation,281,0.0
0.0,0.0,0.0,0.0,0.0,0.0,0.0,-0.0027052939757986508,0.0,64,8,7,0.7884347937041504,0.39378931744671614,4.093481526479692,15,8,0.00010367593723050479,0.5380535183239766,8,0.2789307482238157,0.001343785712632798,24,0.32871231657171385,1,po-rapec-quality-energy-only-20260731-loto-semantic_segmentation,284,0.0
0.0,0.0,0.0,0.0,0.0,0.0,0.0,-0.0027052939757986508,0.0,192,5,8,0.8362472766983152,0.23807627480587273,1.7632247652330009,36,9,1.8417331695969164e-06,0.5129114393475593,4,0.41174995744798226,0.0025807505436965116,17,0.21701554877729756,1,po-rapec-quality-energy-only-20260731-loto-semantic_segmentation,288,0.0
0.0,0.0,0.0,0.001593398552751344,0.0,0.0,0.0,-0.0027052939757986508,0.0,192,7,15,0.5663649656336952,0.23454921406037482,6.373351759505689,14,14,3.3878793657125027e-06,0.5380535183239766,8,0.44998010697159063,0.012846232431252226,14,0.32871231657171385,1,po-rapec-quality-energy-only-20260731-loto-semantic_segmentation,289,0.0
0.0,0.0,0.0,0.0,0.0,0.0,0.0,-0.0027052939757986508,0.0,192,11,15,0.1958397671735582,0.11805305705517198,4.336954733811688,15,11,4.269586961191152e-05,0.6668395320163063,8,0.44998010697159063,0.001343785712632798,9,0.32871231657171385,1,po-rapec-quality-energy-only-20260731-loto-semantic_segmentation,290,0.0
0.0,0.0,0.0,0.0,0.0,0.0,0.0,-0.0027052939757986508,0.0,96,11,15,0.5663649656336952,0.2746212998423223,2.4771635933479983,37,14,9.497726741572412e-06,0.5380535183239766,8,0.41174995744798226,0.012846232431252226,23,0.1029285288006275,1,po-rapec-quality-energy-only-20260731-loto-semantic_segmentation,293,0.0
0.0,0.0,0.0,0.0,0.0,0.0,0.0,-0.0027052939757986508,0.0,96,7,14,0.4262100611827209,0.11805305705517198,7.043329066735846,8,17,1.8417331695969164e-06,0.7597511907968628,5,0.2581612235529456,0.001343785712632798,22,0.11390710032579149,1,po-rapec-quality-energy-only-20260731-loto-semantic_segmentation,295,0.0
0.0,0.0,0.0,0.0,0.0,0.0,0.0,-0.0027052939757986508,0.0,192,11,15,0.5663649656336952,0.3540965581002839,7.460254425551291,29,14,7.361996320107113e-06,0.5380535183239766,8,0.5251358550510835,0.012846232431252226,9,0.1480452360636415,1,po-rapec-quality-energy-only-20260731-loto-semantic_segmentation,297,0.0
0.0,0.0,0.0,0.0,0.0,0.0,0.0,-0.0027052939757986508,0.0,128,5,8,0.6984989204744887,0.15655835360679188,7.01100487194532,23,16,1.3056928660773648e-06,0.609299701963187,6,0.534514428443218,0.005607511276793914,14,0.1780048166728045,1,po-rapec-quality-energy-only-20260731-loto-semantic_segmentation,298,0.0
0.0,0.0,0.0,0.0,0.0,0.0,0.0,-0.0027052939757986508,0.0,64,14,7,0.5294591011690759,0.23454921406037482,4.093481526479692,14,12,4.269586961191152e-05,0.6415729326589932,8,0.21070097837302884,0.0017868182210359874,14,0.1780048166728045,1,po-rapec-quality-energy-only-20260731-loto-semantic_segmentation,300,0.0
0.0,0.0,0.0,0.0,0.0,0.0,0.0,-0.0027052939757986508,0.0,64,14,15,0.8362472766983152,0.2746212998423223,7.579225272212482,30,17,9.497726741572412e-06,0.6668395320163063,6,0.21070097837302884,0.044287700138903444,24,0.3139866878172519,1,po-rapec-quality-energy-only-20260731-loto-semantic_segmentation,301,0.0
0.0,0.0,0.0,0.0,0.0,0.0,0.0,-0.0027052939757986508,0.0,128,13,15,0.5663649656336952,0.39378931744671614,6.373351759505689,14,8,2.514595387978441e-06,0.6415729326589932,8,0.2789307482238157,0.0017868182210359874,14,0.3139866878172519,1,po-rapec-quality-energy-only-20260731-loto-semantic_segmentation,302,0.0
0.0,0.0,0.0,0.0,0.0,0.0,0.0,-0.0027052939757986508,0.0,192,14,9,0.12203371018457355,0.11805305705517198,4.093481526479692,30,8,4.269586961191152e-05,0.6668395320163063,6,0.2789307482238157,0.0016687548926843194,24,0.06982470084699402,1,po-rapec-quality-energy-only-20260731-loto-semantic_segmentation,303,0.0
0.0,0.0,0.0,0.006367277234808632,0.0,0.0,0.0,-0.0027052939757986508,0.0,128,14,15,0.17434815474108156,0.39378931744671614,7.01100487194532,30,11,3.504538249148981e-05,0.8430498193817657,3,0.5090975120609226,0.01220409718998751,24,0.09685509985624119,1,po-rapec-quality-energy-only-20260731-loto-semantic_segmentation,305,0.0
0.0,0.0,0.0,0.0,0.0,0.0,0.0,-0.0027052939757986508,0.0,192,11,8,0.5663649656336952,0.39378931744671614,4.1508190145933375,29,14,4.173798661891048e-05,0.6668395320163063,8,0.2197567049694901,0.0016687548926843194,22,0.32871231657171385,1,po-rapec-quality-energy-only-20260731-loto-semantic_segmentation,309,0.0
0.0,0.0,0.0,0.0,0.0,0.0,0.0,-0.0027052939757986508,0.0,192,5,15,0.5294591011690759,0.23454921406037482,2.8522122006152637,14,8,2.514595387978441e-06,0.5380535183239766,8,0.534514428443218,0.0017868182210359874,14,0.1780048166728045,1,po-rapec-quality-energy-only-20260731-loto-semantic_segmentation,310,0.0
0.0,0.0,0.0,0.0,0.0,0.0,0.0,-0.0027052939757986508,0.0,64,14,7,0.7884347937041504,0.39378931744671614,4.1508190145933375,15,17,4.269586961191152e-05,0.6668395320163063,6,0.21070097837302884,0.0016687548926843194,24,0.3100736152347674,1,po-rapec-quality-energy-only-20260731-loto-semantic_segmentation,312,0.0
0.0,0.0,0.0,0.0,0.0,0.0,0.0,-0.0027052939757986508,0.0,64,14,11,0.7884347937041504,0.39378931744671614,4.093481526479692,30,17,4.173798661891048e-05,0.6668395320163063,6,0.21070097837302884,0.0016687548926843194,20,0.15120462566208093,1,po-rapec-quality-energy-only-20260731-loto-semantic_segmentation,313,0.0
0.0,0.0,0.0,0.0,0.0,0.0,0.0,-0.0027052939757986508,0.0,32,11,8,0.6984989204744887,0.07174135606791254,5.8638625531409625,36,14,1.3056928660773648e-06,1.3503436967811009,6,0.23948831287876535,0.005607511276793914,15,0.4249410508181116,1,po-rapec-quality-energy-only-20260731-loto-semantic_segmentation,314,0.0
0.0,0.0,0.0,0.0,0.0,0.0,0.0,-0.0027052939757986508,0.0,96,3,13,0.4262100611827209,0.15655835360679188,7.01100487194532,8,18,0.00035628344573909016,2.6493521817806083,5,0.2621819928487732,0.001343785712632798,22,0.06982470084699402,1,po-rapec-quality-energy-only-20260731-loto-semantic_segmentation,317,0.0
0.0,0.0,0.0,0.0,0.0,0.0,0.0,-0.0027052939757986508,0.0,192,11,15,0.6904520924178287,0.18645380058704547,4.204436622432451,33,14,2.438395734313396e-06,0.7597511907968628,8,0.2197567049694901,0.012846232431252226,13,0.1480452360636415,1,po-rapec-quality-energy-only-20260731-loto-semantic_segmentation,318,0.0
0.0,0.0,0.0,0.0,0.0,0.0,0.0,-0.0027052939757986508,0.0,192,11,9,0.5663649656336952,0.3001619086369836,4.204436622432451,29,14,7.361996320107113e-06,0.5380535183239766,8,0.44998010697159063,0.0018889214735796614,9,0.06982470084699402,1,po-rapec-quality-energy-only-20260731-loto-semantic_segmentation,320,0.0
0.0,0.0,0.0,0.0,0.0,0.0,0.0,-0.0027052939757986508,0.0,96,11,15,0.7884347937041504,0.23454921406037482,2.8522122006152637,15,8,4.173798661891048e-05,0.5380535183239766,6,0.2789307482238157,0.0016687548926843194,9,0.1780048166728045,1,po-rapec-quality-energy-only-20260731-loto-semantic_segmentation,321,0.0
0.0,0.0,0.0,0.00477626278464591,0.0,0.0,0.0,-0.0027052939757986508,0.0,192,11,8,0.5663649656336952,0.3540965581002839,4.204436622432451,29,14,7.361996320107113e-06,0.7597511907968628,8,0.44998010697159063,0.017406086920848052,13,0.1480452360636415,1,po-rapec-quality-energy-only-20260731-loto-semantic_segmentation,322,0.0
0.0,0.0,0.0,0.0,0.0,0.0,0.0,-0.0027052939757986508,0.0,192,5,5,0.6984989204744887,0.3001619086369836,1.7632247652330009,29,14,7.574769170376313e-06,2.7212683491065457,8,0.44998010697159063,0.04490461578910558,22,0.08661834943424207,1,po-rapec-quality-energy-only-20260731-loto-semantic_segmentation,323,0.0
0.0,0.0,0.0,0.0,0.0,0.0,0.0,-0.0027052939757986508,0.0,192,14,14,0.5663649656336952,0.2746212998423223,2.8522122006152637,15,8,9.497726741572412e-06,0.5380535183239766,6,0.2581612235529456,0.004691034209463174,24,0.1029285288006275,1,po-rapec-quality-energy-only-20260731-loto-semantic_segmentation,325,0.0
0.0,0.0,0.0,0.0,0.0,0.0,0.0,-0.0027052939757986508,0.0,128,7,8,0.4262100611827209,0.2746212998423223,6.965905607498048,8,6,1.8417331695969164e-06,0.7597511907968628,5,0.2197567049694901,0.0025807505436965116,22,0.11390710032579149,1,po-rapec-quality-energy-only-20260731-loto-semantic_segmentation,326,0.0
0.0,0.0,0.0,0.0,0.0,0.0,0.0,-0.0027052939757986508,0.0,32,5,8,0.6984989204744887,0.1391550303086943,1.7632247652330009,36,14,6.190519777562885e-05,0.5129114393475593,6,0.2888978289476148,0.005607511276793914,17,0.4249410508181116,1,po-rapec-quality-energy-only-20260731-loto-semantic_segmentation,327,0.0
0.0,0.0,0.0,0.014319060625547558,0.0,0.0,0.0,-0.0027052939757986508,0.0,96,7,15,0.4262100611827209,0.2746212998423223,2.4771635933479983,15,17,9.497726741572412e-06,0.7597511907968628,6,0.2197567049694901,0.04852899908187486,22,0.1029285288006275,1,po-rapec-quality-energy-only-20260731-loto-semantic_segmentation,328,0.0
0.0,0.0,0.0,0.0,0.0,0.0,0.0,-0.0027052939757986508,0.0,192,5,5,0.7356338802148445,0.1391550303086943,4.336954733811688,29,11,4.269586961191152e-05,0.6668395320163063,8,0.44998010697159063,0.012846232431252226,17,0.21701554877729756,1,po-rapec-quality-energy-only-20260731-loto-semantic_segmentation,329,0.0
0.0,0.0,0.0,0.0,0.0,0.0,0.0,-0.0027052939757986508,0.0,128,3,14,0.8362472766983152,0.2746212998423223,5.419655681850919,31,6,1.8417331695969164e-06,1.9783309789333134,7,0.41174995744798226,0.0025807505436965116,14,0.1029285288006275,1,po-rapec-quality-energy-only-20260731-loto-semantic_segmentation,330,0.0
0.0,0.0,0.0,0.0,0.0,0.0,0.0,-0.0027052939757986508,0.0,32,5,10,0.468501018783211,0.15655835360679188,7.01100487194532,23,18,0.0005971948348358656,0.609299701963187,6,0.4255964694571055,0.0015081150031107788,15,0.15150234099541546,1,po-rapec-quality-energy-only-20260731-loto-semantic_segmentation,331,0.0
0.0,0.0,0.0,0.0,0.0,0.0,0.0,-0.0027052939757986508,0.0,192,5,8,0.5294591011690759,0.23454921406037482,6.373351759505689,14,9,2.545823561653829e-06,0.5129114393475593,6,0.2888978289476148,0.0017868182210359874,17,0.1780048166728045,1,po-rapec-quality-energy-only-20260731-loto-semantic_segmentation,333,0.0
0.0,0.0,0.0,0.0,0.0,0.0,0.0,-0.0027052939757986508,0.0,64,6,9,0.4254575719297037,0.14627071098777622,2.651724862652622,23,11,7.575312051894802e-05,2.2635327144856987,8,0.7617618589019979,0.001343785712632798,24,0.06982470084699402,1,po-rapec-quality-energy-only-20260731-loto-semantic_segmentation,334,0.0
0.0,0.0,0.0,0.0,0.0,0.0,0.0,-0.0027052939757986508,0.0,96,3,13,0.17434815474108156,0.15655835360679188,7.01100487194532,15,19,4.824834362781239e-05,0.609299701963187,8,0.2621819928487732,0.003605123864426904,21,0.23586810295493493,1,po-rapec-quality-energy-only-20260731-loto-semantic_segmentation,336,0.0
0.0,0.0,0.0,0.0,0.0,0.0,0.0,-0.0027052939757986508,0.0,192,5,5,0.17434815474108156,0.1391550303086943,1.7632247652330009,36,19,4.824834362781239e-05,0.609299701963187,4,0.2621819928487732,0.002763817222511814,21,0.21701554877729756,1,po-rapec-quality-energy-only-20260731-loto-semantic_segmentation,338,0.0
0.0,0.0,0.0,0.0,0.0,0.0,0.0,-0.0027052939757986508,0.0,192,11,8,0.6984989204744887,0.15655835360679188,4.204436622432451,23,17,1.3056928660773648e-06,0.7597511907968628,8,0.48508630903409067,0.005607511276793914,22,0.15150234099541546,1,po-rapec-quality-energy-only-20260731-loto-semantic_segmentation,341,0.0
0.0,0.0,0.0,0.0,0.0,0.0,0.0,-0.0027052939757986508,0.0,32,5,14,0.5663649656336952,0.15655835360679188,2.8522122006152637,23,8,0.0005971948348358656,0.609299701963187,6,0.4255964694571055,0.0015081150031107788,14,0.15150234099541546,1,po-rapec-quality-energy-only-20260731-loto-semantic_segmentation,342,0.0
0.0,0.0,0.0,0.0,0.0,0.0,0.0,-0.0027052939757986508,0.0,96,3,8,0.4262100611827209,0.15655835360679188,7.01100487194532,8,17,2.438395734313396e-06,0.609299701963187,5,0.2621819928487732,0.04852899908187486,22,0.11390710032579149,1,po-rapec-quality-energy-only-20260731-loto-semantic_segmentation,343,0.0
0.0,0.0,0.0,0.0,0.0,0.0,0.0,-0.0027052939757986508,0.0,64,12,15,0.8362472766983152,0.2746212998423223,2.4771635933479983,15,17,4.173798661891048e-05,0.9566752024279961,6,0.41174995744798226,0.0016687548926843194,24,0.1029285288006275,1,po-rapec-quality-energy-only-20260731-loto-semantic_segmentation,345,0.0
0.0,0.0,0.0,0.0,0.0,0.0,0.0,-0.0027052939757986508,0.0,96,3,14,0.8362472766983152,0.2746212998423223,5.419655681850919,31,6,1.8417331695969164e-06,0.9566752024279961,7,0.41174995744798226,0.044287700138903444,23,0.1029285288006275,1,po-rapec-quality-energy-only-20260731-loto-semantic_segmentation,346,0.0
0.0,0.0,0.0,0.0,0.0,0.0,0.0,-0.0027052939757986508,0.0,96,3,14,0.17434815474108156,0.2746212998423223,7.01100487194532,31,19,4.824834362781239e-05,1.9783309789333134,8,0.41174995744798226,0.001343785712632798,14,0.1029285288006275,1,po-rapec-quality-energy-only-20260731-loto-semantic_segmentation,347,0.0
0.0,0.0,0.0,0.0,0.0,0.0,0.0,-0.0027052939757986508,0.0,96,11,13,0.8362472766983152,0.11805305705517198,2.8522122006152637,15,19,4.824834362781239e-05,0.5380535183239766,8,0.41174995744798226,0.001343785712632798,23,0.1029285288006275,1,po-rapec-quality-energy-only-20260731-loto-semantic_segmentation,348,0.0
0.0,0.0,0.0,0.0,0.0,0.0,0.0,-0.0027052939757986508,0.0,192,11,14,0.5663649656336952,0.11805305705517198,2.8522122006152637,36,14,1.8417331695969164e-06,0.5380535183239766,8,0.2581612235529456,0.004206719309777485,14,0.4249410508181116,1,po-rapec-quality-energy-only-20260731-loto-semantic_segmentation,349,0.0
0.0,0.0,0.0,0.0,0.0,0.0,0.0,-0.0027052939757986508,0.0,192,11,15,0.6904520924178287,0.20914387019681635,4.204436622432451,29,14,7.361996320107113e-06,1.747687179785812,8,0.44998010697159063,0.012846232431252226,13,0.1480452360636415,1,po-rapec-quality-energy-only-20260731-loto-semantic_segmentation,350,0.0
0.0,0.0,0.0,0.0,0.0,0.0,0.0,-0.0027052939757986508,0.0,64,11,9,0.5663649656336952,0.2746212998423223,4.204436622432451,11,14,0.00035628344573909016,2.7212683491065457,6,0.44998010697159063,0.044287700138903444,24,0.06982470084699402,1,po-rapec-quality-energy-only-20260731-loto-semantic_segmentation,351,0.0
0.0,0.0,0.0,0.0,0.0,0.0,0.0,-0.0027052939757986508,0.0,32,5,15,0.5663649656336952,0.23454921406037482,7.01100487194532,36,7,7.792218764165392e-06,0.5129114393475593,8,0.2888978289476148,0.0017868182210359874,15,0.21701554877729756,1,po-rapec-quality-energy-only-20260731-loto-semantic_segmentation,352,0.0
0.0,0.0,0.0,0.0,0.0,0.0,0.0,-0.0027052939757986508,0.0,64,11,7,0.5294591011690759,0.23454921406037482,4.093481526479692,30,8,4.269586961191152e-05,0.5380535183239766,8,0.2789307482238157,0.0017868182210359874,24,0.1780048166728045,1,po-rapec-quality-energy-only-20260731-loto-semantic_segmentation,353,0.0
0.0,0.0,0.0,0.0,0.0,0.0,0.0,-0.0027052939757986508,0.0,32,11,8,0.7884347937041504,0.15655835360679188,7.01100487194532,30,17,4.269586961191152e-05,0.609299701963187,6,0.48508630903409067,0.005607511276793914,24,0.3139866878172519,1,po-rapec-quality-energy-only-20260731-loto-semantic_segmentation,355,0.0
0.0,0.0,0.0,0.011165715219462987,0.0,0.0,0.0,-0.0027052939757986508,0.0,192,13,9,0.6984989204744887,0.3001619086369836,4.093481526479692,30,18,3.188911041296988e-05,0.5380535183239766,6,0.7617618589019979,0.0276277612856523,9,0.06982470084699402,1,po-rapec-quality-energy-only-20260731-loto-semantic_segmentation,356,0.0
0.0,0.0,0.0,0.0,0.0,0.0,0.0,-0.0027052939757986508,0.0,192,3,5,0.1958397671735582,0.39378931744671614,4.336954733811688,8,11,4.269586961191152e-05,0.6668395320163063,3,0.5090975120609226,0.01220409718998751,24,0.09685509985624119,1,po-rapec-quality-energy-only-20260731-loto-semantic_segmentation,357,0.0
0.0,0.0,0.0,0.0,0.0,0.0,0.0,-0.0027052939757986508,0.0,128,14,9,0.8362472766983152,0.39378931744671614,5.419655681850919,30,6,1.8417331695969164e-06,0.6668395320163063,8,0.21070097837302884,0.0016687548926843194,14,0.1029285288006275,1,po-rapec-quality-energy-only-20260731-loto-semantic_segmentation,358,0.0
0.0,0.0,0.0,0.0,0.0,0.0,0.0,-0.0027052939757986508,0.0,32,5,5,0.468501018783211,0.1391550303086943,1.7632247652330009,36,14,7.574769170376313e-06,0.5129114393475593,4,0.2888978289476148,0.005607511276793914,17,0.21701554877729756,1,po-rapec-quality-energy-only-20260731-loto-semantic_segmentation,360,0.0
0.0,0.0,0.0,0.0,0.0,0.0,0.0,-0.0027052939757986508,0.0,128,14,15,0.8362472766983152,0.2746212998423223,2.4771635933479983,31,17,1.8417331695969164e-06,0.9566752024279961,6,0.41174995744798226,0.0025807505436965116,24,0.1029285288006275,1,po-rapec-quality-energy-only-20260731-loto-semantic_segmentation,361,0.0
0.0,0.0,0.0,0.0,0.0,0.0,0.0,-0.0027052939757986508,0.0,32,5,5,0.468501018783211,0.15655835360679188,7.01100487194532,36,18,7.574769170376313e-06,0.5129114393475593,4,0.2888978289476148,0.005607511276793914,17,0.21701554877729756,1,po-rapec-quality-energy-only-20260731-loto-semantic_segmentation,363,0.0
0.0,0.0,0.0,0.0,0.0,0.0,0.0,-0.0027052939757986508,0.0,192,11,11,0.5663649656336952,0.11805305705517198,2.8522122006152637,23,8,4.824834362781239e-05,0.5380535183239766,8,0.2581612235529456,0.001343785712632798,9,0.10853273107478612,1,po-rapec-quality-energy-only-20260731-loto-semantic_segmentation,364,0.0
0.0,0.0,0.0,0.00477626278464591,0.0,0.0,0.0,-0.0027052939757986508,0.0,32,11,8,0.6984989204744887,0.15655835360679188,7.01100487194532,37,16,1.3056928660773648e-06,0.5380535183239766,6,0.48508630903409067,0.0276277612856523,13,0.06982470084699402,1,po-rapec-quality-energy-only-20260731-loto-semantic_segmentation,365,0.0
0.0,0.0,0.0,0.0,0.0,0.0,0.0,-0.0027052939757986508,0.0,96,5,11,0.7884347937041504,0.39378931744671614,4.1508190145933375,36,17,8.880904282013478e-06,0.5129114393475593,4,0.2888978289476148,0.005607511276793914,17,0.15120462566208093,1,po-rapec-quality-energy-only-20260731-loto-semantic_segmentation,366,0.0
0.0,0.0,0.0,0.0,0.0,0.0,0.0,-0.0027052939757986508,0.0,32,5,10,0.5294591011690759,0.15655835360679188,6.373351759505689,14,12,0.0005971948348358656,0.609299701963187,6,0.4255964694571055,0.0015081150031107788,14,0.15150234099541546,1,po-rapec-quality-energy-only-20260731-loto-semantic_segmentation,368,0.0
0.0,0.0,0.0,0.0,0.0,0.0,0.0,-0.0027052939757986508,0.0,192,5,10,0.12203371018457355,0.43326783437788763,4.093481526479692,30,8,1.6117505222517022e-06,0.5380535183239766,6,0.2789307482238157,0.0015081150031107788,15,0.06982470084699402,1,po-rapec-quality-energy-only-20260731-loto-semantic_segmentation,369,0.0
0.0,0.0,0.0,0.0,0.0,0.0,0.0,-0.0027052939757986508,0.0,96,3,8,0.8362472766983152,0.2746212998423223,2.4771635933479983,21,6,9.497726741572412e-06,0.9566752024279961,3,0.2197567049694901,0.044287700138903444,22,0.06982470084699402,1,po-rapec-quality-energy-only-20260731-loto-semantic_segmentation,370,0.0
0.0,0.0,0.0,0.0,0.0,0.0,0.0,-0.0027052939757986508,0.0,192,5,5,0.3987492485179956,0.1391550303086943,1.7632247652330009,36,6,2.545823561653829e-06,0.5129114393475593,4,0.2888978289476148,0.002763817222511814,17,0.1029285288006275,1,po-rapec-quality-energy-only-20260731-loto-semantic_segmentation,371,0.0
0.0,0.0,0.0,0.0,0.0,0.0,0.0,-0.0027052939757986508,0.0,64,14,14,0.6917393330382522,0.2746212998423223,6.436794652693334,15,6,1.8417331695969164e-06,0.9566752024279961,6,0.41174995744798226,0.0025807505436965116,24,0.1029285288006275,1,po-rapec-quality-energy-only-20260731-loto-semantic_segmentation,374,0.0
0.0,0.0,0.0,0.006367277234808632,0.0,0.0,0.0,-0.0027052939757986508,0.0,192,3,15,0.1958397671735582,0.39378931744671614,4.336954733811688,29,11,4.269586961191152e-05,0.6668395320163063,8,0.44998010697159063,0.008778309733467425,11,0.09685509985624119,1,po-rapec-quality-energy-only-20260731-loto-semantic_segmentation,375,0.0
0.0,0.0,0.0,0.0,0.0,0.0,0.0,-0.0027052939757986508,0.0,96,7,8,0.4262100611827209,0.15655835360679188,7.01100487194532,8,17,0.000873211180424918,0.7597511907968628,8,0.2621819928487732,0.001343785712632798,22,0.23586810295493493,1,po-rapec-quality-energy-only-20260731-loto-semantic_segmentation,376,0.0
0.0,0.0,0.0,0.01592370724449025,0.0,0.0,0.0,-0.0027052939757986508,0.0,192,3,5,0.3987492485179956,0.2746212998423223,1.7632247652330009,31,9,2.545823561653829e-06,1.9783309789333134,4,0.41174995744798226,0.07721551471040092,17,0.1029285288006275,1,po-rapec-quality-energy-only-20260731-loto-semantic_segmentation,378,0.0
0.0,0.0,0.0,0.0,0.0,0.0,0.0,-0.0027052939757986508,0.0,192,11,9,0.852264926702205,0.12003183214441666,2.8522122006152637,30,8,1.0228489735755496e-06,0.5380535183239766,6,0.2789307482238157,0.0017868182210359874,9,0.06982470084699402,1,po-rapec-quality-energy-only-20260731-loto-semantic_segmentation,380,0.0
0.0,0.0,0.0,0.0,0.0,0.0,0.0,-0.0027052939757986508,0.0,192,3,15,0.23791110325641288,0.39378931744671614,4.336954733811688,29,11,4.269586961191152e-05,0.6668395320163063,8,0.7725674403366886,0.001343785712632798,24,0.09685509985624119,1,po-rapec-quality-energy-only-20260731-loto-semantic_segmentation,381,0.0
0.0,0.0,0.0,0.0,0.0,0.0,0.0,-0.0027052939757986508,0.0,192,14,7,0.5663649656336952,0.39378931744671614,2.8522122006152637,15,17,4.269586961191152e-05,0.5380535183239766,8,0.37372618071582187,0.001343785712632798,16,0.3139866878172519,1,po-rapec-quality-energy-only-20260731-loto-semantic_segmentation,383,0.0
0.0,0.0,0.0,0.0,0.0,0.0,0.0,-0.0027052939757986508,0.0,64,5,5,0.6984989204744887,0.1391550303086943,6.373351759505689,14,12,2.514595387978441e-06,0.5129114393475593,4,0.2888978289476148,0.005607511276793914,17,0.21701554877729756,1,po-rapec-quality-energy-only-20260731-loto-semantic_segmentation,384,0.0
0.0,0.0,0.0,0.0,0.0,0.0,0.0,-0.0027052939757986508,0.0,192,5,13,0.21026868563257992,0.11805305705517198,2.8522122006152637,29,9,4.824834362781239e-05,0.5129114393475593,8,0.37372618071582187,0.002763817222511814,9,0.32871231657171385,1,po-rapec-quality-energy-only-20260731-loto-semantic_segmentation,386,0.0
0.0,0.0,0.0,0.0,0.0,0.0,0.0,-0.0027052939757986508,0.0,192,5,15,0.3987492485179956,0.3540965581002839,4.204436622432451,32,14,2.545823561653829e-06,0.5380535183239766,8,0.44998010697159063,0.002763817222511814,14,0.21701554877729756,1,po-rapec-quality-energy-only-20260731-loto-semantic_segmentation,387,0.0
0.0,0.0,0.0,0.0,0.0,0.0,0.0,-0.0027052939757986508,0.0,192,11,15,0.6984989204744887,0.11805305705517198,7.01100487194532,15,19,4.824834362781239e-05,0.5380535183239766,8,0.2789307482238157,0.0276277612856523,21,0.280203763647997,1,po-rapec-quality-energy-only-20260731-loto-semantic_segmentation,388,0.0
0.0,0.0,0.0,0.0,0.0,0.0,0.0,-0.0027052939757986508,0.0,192,15,9,0.5663649656336952,0.11805305705517198,2.8522122006152637,30,8,8.249240390706264e-05,0.5380535183239766,8,0.2789307482238157,0.005607511276793914,9,0.32871231657171385,1,po-rapec-quality-energy-only-20260731-loto-semantic_segmentation,392,0.0
0.0,0.0,0.0,0.0,0.0,0.0,0.0,-0.0027052939757986508,0.0,96,3,13,0.17434815474108156,0.15655835360679188,7.01100487194532,15,15,4.824834362781239e-05,0.609299701963187,8,0.2621819928487732,0.001343785712632798,21,0.23586810295493493,1,po-rapec-quality-energy-only-20260731-loto-semantic_segmentation,393,0.0
0.0,0.0,0.0,0.0,0.0,0.0,0.0,-0.0027052939757986508,0.0,128,11,13,0.17434815474108156,0.11805305705517198,7.01100487194532,30,17,3.504538249148981e-05,0.5380535183239766,8,0.37372618071582187,0.0016687548926843194,9,0.3139866878172519,1,po-rapec-quality-energy-only-20260731-loto-semantic_segmentation,394,0.0
0.0,0.0,0.0,0.0,0.0,0.0,0.0,-0.0027052939757986508,0.0,192,3,15,0.1958397671735582,0.39378931744671614,4.336954733811688,29,11,6.297661667766508e-06,0.6668395320163063,5,0.44998010697159063,0.012846232431252226,24,0.09685509985624119,1,po-rapec-quality-energy-only-20260731-loto-semantic_segmentation,395,0.0
0.0,0.0,0.0,0.0,0.0,0.0,0.0,-0.0027052939757986508,0.0,64,14,15,0.8362472766983152,0.2746212998423223,2.4771635933479983,30,17,9.497726741572412e-06,0.6668395320163063,6,0.21070097837302884,0.0016687548926843194,24,0.1029285288006275,1,po-rapec-quality-energy-only-20260731-loto-semantic_segmentation,396,0.0
0.0,0.0,0.0,0.0,0.0,0.0,0.0,-0.0027052939757986508,0.0,96,11,8,0.6984989204744887,0.15655835360679188,6.373351759505689,16,16,1.3056928660773648e-06,0.609299701963187,6,0.6281281326818593,0.0017868182210359874,14,0.15150234099541546,1,po-rapec-quality-energy-only-20260731-loto-semantic_segmentation,397,0.0
0.0,0.0,0.0,0.0,0.0,0.0,0.0,-0.0027052939757986508,0.0,128,5,14,0.7417930999879261,0.1391550303086943,1.7632247652330009,36,16,1.8417331695969164e-06,0.5129114393475593,7,0.5615631315771855,0.002763817222511814,17,0.1029285288006275,1,po-rapec-quality-energy-only-20260731-loto-semantic_segmentation,398,0.0
0.0,0.0,0.0,0.0,0.0,0.0,0.0,-0.0027052939757986508,0.0,128,3,7,0.17434815474108156,0.39378931744671614,7.01100487194532,29,11,3.504538249148981e-05,0.8430498193817657,8,0.44998010697159063,0.012846232431252226,24,0.09685509985624119,1,po-rapec-quality-energy-only-20260731-loto-semantic_segmentation,399,0.0
0.0,0.0,0.0,0.0,0.0,0.0,0.0,-0.0027052939757986508,0.0,192,5,8,0.5663649656336952,0.34181351087377015,2.8522122006152637,15,12,1.8417331695969164e-06,0.6415729326589932,6,0.2581612235529456,0.001343785712632798,14,0.1780048166728045,1,po-rapec-quality-energy-only-20260731-loto-semantic_segmentation,400,0.0
0.0,0.0,0.0,0.0,0.0,0.0,0.0,-0.0027052939757986508,0.0,192,5,15,0.3987492485179956,0.1391550303086943,4.1508190145933375,15,17,4.269586961191152e-05,0.6668395320163063,6,0.2888978289476148,0.0010381128368606644,24,0.21701554877729756,1,po-rapec-quality-energy-only-20260731-loto-semantic_segmentation,401,0.0
0.0,0.0,0.0,0.0,0.0,0.0,0.0,-0.0027052939757986508,0.0,64,11,7,0.5663649656336952,0.11805305705517198,2.8522122006152637,27,19,4.269586961191152e-05,0.5380535183239766,8,0.21070097837302884,0.0016687548926843194,24,0.32871231657171385,1,po-rapec-quality-energy-only-20260731-loto-semantic_segmentation,402,0.0
0.0,0.0,0.0,0.0,0.0,0.0,0.0,-0.0027052939757986508,0.0,192,3,15,0.1958397671735582,0.39378931744671614,5.419655681850919,8,6,4.269586961191152e-05,0.6668395320163063,3,0.41174995744798226,0.041546523415514035,24,0.09685509985624119,1,po-rapec-quality-energy-only-20260731-loto-semantic_segmentation,405,0.0
0.0,0.0,0.0,0.0,0.0,0.0,0.0,-0.0027052939757986508,0.0,64,14,7,0.5294591011690759,0.39378931744671614,4.093481526479692,15,17,4.269586961191152e-05,0.6668395320163063,8,0.2789307482238157,0.0013216874590269172,24,0.1780048166728045,1,po-rapec-quality-energy-only-20260731-loto-semantic_segmentation,406,0.0
0.0,0.0,0.0,0.0,0.0,0.0,0.0,-0.0027052939757986508,0.0,192,3,15,0.1958397671735582,0.39378931744671614,4.336954733811688,17,17,4.173798661891048e-05,0.6668395320163063,8,0.21070097837302884,0.012846232431252226,20,0.09685509985624119,1,po-rapec-quality-energy-only-20260731-loto-semantic_segmentation,407,0.0
0.0,0.0,0.0,0.0,0.0,0.0,0.0,-0.0027052939757986508,0.0,32,11,8,0.6984989204744887,0.07174135606791254,7.01100487194532,36,16,1.3056928660773648e-06,1.416390343477437,6,0.48508630903409067,0.005607511276793914,15,0.15150234099541546,1,po-rapec-quality-energy-only-20260731-loto-semantic_segmentation,408,0.0
0.0,0.0,0.0,0.0,0.0,0.0,0.0,-0.0027052939757986508,0.0,192,14,15,0.1958397671735582,0.39378931744671614,4.1508190145933375,29,17,4.269586961191152e-05,0.6668395320163063,8,0.44998010697159063,0.012846232431252226,24,0.09685509985624119,1,po-rapec-quality-energy-only-20260731-loto-semantic_segmentation,409,0.0
0.0,0.0,0.0,0.0,0.0,0.0,0.0,-0.0027052939757986508,0.0,96,11,14,0.5553320756404908,0.33085399107079216,2.4771635933479983,25,8,1.8417331695969164e-06,0.5380535183239766,4,0.2581612235529456,0.001343785712632798,24,0.32871231657171385,1,po-rapec-quality-energy-only-20260731-loto-semantic_segmentation,410,0.0
0.0,0.0,0.0,0.0,0.0,0.0,0.0,-0.0027052939757986508,0.0,64,14,8,0.6984989204744887,0.0578685362661247,7.01100487194532,30,9,4.269586961191152e-05,0.6668395320163063,6,0.21070097837302884,0.009203001378894309,15,0.15150234099541546,1,po-rapec-quality-energy-only-20260731-loto-semantic_segmentation,411,0.0
0.0,0.0,0.0,0.006367277234808632,0.0,0.0,0.0,-0.0027052939757986508,0.0,96,6,9,0.4254575719297037,0.18645380058704547,6.965905607498048,23,17,2.438395734313396e-06,0.7597511907968628,4,0.7617618589019979,0.04490461578910558,22,0.06982470084699402,1,po-rapec-quality-energy-only-20260731-loto-semantic_segmentation,412,0.0
0.0,0.0,0.0,0.0,0.0,0.0,0.0,-0.0027052939757986508,0.0,96,7,9,0.4262100611827209,0.11805305705517198,4.093481526479692,8,18,8.249240390706264e-05,2.7212683491065457,6,0.2789307482238157,0.005607511276793914,22,0.06982470084699402,1,po-rapec-quality-energy-only-20260731-loto-semantic_segmentation,414,0.0
0.0,0.0,0.0,0.00957676695229803,0.0,0.0,0.0,-0.0027052939757986508,0.0,96,11,13,0.21807661745248355,0.3540965581002839,7.01100487194532,15,19,4.824834362781239e-05,0.5380535183239766,8,0.44998010697159063,0.012846232431252226,9,0.23586810295493493,1,po-rapec-quality-energy-only-20260731-loto-semantic_segmentation,415,0.0
0.0,0.0,0.0,0.0,0.0,0.0,0.0,-0.0027052939757986508,0.0,96,5,5,0.17434815474108156,0.15655835360679188,7.01100487194532,36,19,4.824834362781239e-05,0.609299701963187,8,0.2888978289476148,0.001343785712632798,21,0.21701554877729756,1,po-rapec-quality-energy-only-20260731-loto-semantic_segmentation,416,0.0
0.0,0.0,0.0,0.0,0.0,0.0,0.0,-0.0027052939757986508,0.0,64,14,15,0.8362472766983152,0.2746212998423223,4.093481526479692,30,18,0.00035628344573909016,2.7212683491065457,8,0.41174995744798226,0.044287700138903444,24,0.06982470084699402,1,po-rapec-quality-energy-only-20260731-loto-semantic_segmentation,417,0.0
0.0,0.0,0.0,0.0,0.0,0.0,0.0,-0.0027052939757986508,0.0,64,11,15,0.8362472766983152,0.23454921406037482,2.8522122006152637,15,6,9.497726741572412e-06,0.9566752024279961,8,0.2789307482238157,0.0017868182210359874,9,0.1029285288006275,1,po-rapec-quality-energy-only-20260731-loto-semantic_segmentation,419,0.0
0.0,0.0,0.0,0.0,0.0,0.0,0.0,-0.0027052939757986508,0.0,192,11,15,0.1958397671735582,0.16302770056092836,2.8522122006152637,29,8,0.00010367593723050479,0.6668395320163063,8,0.44998010697159063,0.001343785712632798,9,0.09685509985624119,1,po-rapec-quality-energy-only-20260731-loto-semantic_segmentation,421,0.0
0.0,0.0,0.0,0.0,0.0,0.0,0.0,-0.0027052939757986508,0.0,64,12,5,0.6984989204744887,0.1391550303086943,4.1508190145933375,36,14,2.931068248709048e-06,0.5129114393475593,6,0.2888978289476148,0.0016687548926843194,17,0.21701554877729756,1,po-rapec-quality-energy-only-20260731-loto-semantic_segmentation,422,0.0
0.0,0.0,0.0,0.0,0.0,0.0,0.0,-0.0027052939757986508,0.0,32,3,14,0.8362472766983152,0.2746212998423223,4.093481526479692,30,19,0.00035628344573909016,2.7212683491065457,7,0.4432394276438353,0.005607511276793914,14,0.1029285288006275,1,po-rapec-quality-energy-only-20260731-loto-semantic_segmentation,423,0.0
0.0,0.0,0.0,0.007984250756925415,0.0,0.0,0.0,-0.0027052939757986508,0.0,128,11,8,0.17434815474108156,0.3540965581002839,7.01100487194532,29,17,7.361996320107113e-06,0.7597511907968628,8,0.21070097837302884,0.012846232431252226,22,0.32871231657171385,1,po-rapec-quality-energy-only-20260731-loto-semantic_segmentation,424,0.0
0.0,0.0,0.0,0.0,0.0,0.0,0.0,-0.0027052939757986508,0.0,64,14,15,0.8362472766983152,0.20456745583602814,2.4771635933479983,37,17,3.051067379218707e-05,0.9566752024279961,3,0.7718929768595753,0.044287700138903444,24,0.1029285288006275,1,po-rapec-quality-energy-only-20260731-loto-semantic_segmentation,425,0.0
0.0,0.0,0.0,0.0,0.0,0.0,0.0,-0.0027052939757986508,0.0,192,5,5,0.3987492485179956,0.1391550303086943,1.7632247652330009,36,9,9.773044697571602e-06,0.5129114393475593,8,0.2888978289476148,0.002763817222511814,17,0.21701554877729756,1,po-rapec-quality-energy-only-20260731-loto-semantic_segmentation,426,0.0
0.0,0.0,0.0,0.0,0.0,0.0,0.0,-0.0027052939757986508,0.0,192,11,15,0.5294591011690759,0.23454921406037482,2.8522122006152637,15,8,1.0228489735755496e-06,0.5380535183239766,8,0.2789307482238157,0.001343785712632798,9,0.1780048166728045,1,po-rapec-quality-energy-only-20260731-loto-semantic_segmentation,427,0.0
0.0,0.0,0.0,0.0,0.0,0.0,0.0,-0.0027052939757986508,0.0,192,11,15,0.5663649656336952,0.39378931744671614,4.336954733811688,29,8,0.00010367593723050479,0.6668395320163063,4,0.2789307482238157,0.012846232431252226,24,0.09685509985624119,1,po-rapec-quality-energy-only-20260731-loto-semantic_segmentation,429,0.0
0.0,0.0,0.0,0.0,0.0,0.0,0.0,-0.0027052939757986508,0.0,192,11,15,0.5663649656336952,0.11805305705517198,4.093481526479692,32,8,8.249240390706264e-05,0.5380535183239766,8,0.2789307482238157,0.001343785712632798,9,0.23889071926317462,1,po-rapec-quality-energy-only-20260731-loto-semantic_segmentation,430,0.0
0.0,0.0,0.0,0.00957676695229803,0.0,0.0,0.0,-0.0027052939757986508,0.0,192,11,14,0.1958397671735582,0.39378931744671614,4.336954733811688,33,8,4.269586961191152e-05,0.5380535183239766,8,0.44998010697159063,0.012846232431252226,24,0.09685509985624119,1,po-rapec-quality-energy-only-20260731-loto-semantic_segmentation,431,0.0
0.0,0.0,0.0,0.0,0.0,0.0,0.0,-0.0027052939757986508,0.0,64,14,7,0.7884347937041504,0.39378931744671614,4.093481526479692,30,17,4.269586961191152e-05,0.6668395320163063,8,0.21070097837302884,0.0016687548926843194,24,0.3139866878172519,1,po-rapec-quality-energy-only-20260731-loto-semantic_segmentation,434,0.0
0.0,0.0,0.0,0.0,0.0,0.0,0.0,-0.0027052939757986508,0.0,128,3,7,0.1958397671735582,0.39378931744671614,4.1508190145933375,8,11,4.269586961191152e-05,0.6668395320163063,3,0.5090975120609226,0.01220409718998751,24,0.06803896965053309,1,po-rapec-quality-energy-only-20260731-loto-semantic_segmentation,436,0.0
0.0,0.0,0.0,0.0,0.0,0.0,0.0,-0.0027052939757986508,0.0,192,5,15,0.5294591011690759,0.23454921406037482,4.690132854465213,14,8,1.0228489735755496e-06,0.5380535183239766,8,0.534514428443218,0.0017868182210359874,14,0.1780048166728045,1,po-rapec-quality-energy-only-20260731-loto-semantic_segmentation,437,0.0
0.0,0.0,0.0,0.0,0.0,0.0,0.0,-0.0027052939757986508,0.0,64,5,7,0.7884347937041504,0.39378931744671614,4.1508190145933375,36,14,6.190519777562885e-05,0.5129114393475593,6,0.7523806239776591,0.0016687548926843194,24,0.3100736152347674,1,po-rapec-quality-energy-only-20260731-loto-semantic_segmentation,438,0.0
0.0,0.0,0.0,0.0,0.0,0.0,0.0,-0.0027052939757986508,0.0,192,5,10,0.5663649656336952,0.11805305705517198,2.8522122006152637,15,19,0.0005971948348358656,0.609299701963187,8,0.4255964694571055,0.0015081150031107788,9,0.15150234099541546,1,po-rapec-quality-energy-only-20260731-loto-semantic_segmentation,439,0.0
0.0,0.0,0.0,0.0,0.0,0.0,0.0,-0.0027052939757986508,0.0,32,8,8,0.5663649656336952,0.39378931744671614,2.8522122006152637,23,16,0.00010367593723050479,0.5380535183239766,6,0.2789307482238157,0.005607511276793914,24,0.3139866878172519,1,po-rapec-quality-energy-only-20260731-loto-semantic_segmentation,441,0.0
0.0,0.0,0.0,0.0,0.0,0.0,0.0,-0.0027052939757986508,0.0,192,13,9,0.6739372425966972,0.3001619086369836,4.093481526479692,30,18,0.00035628344573909016,2.7212683491065457,8,0.7617618589019979,0.01840631117889398,22,0.06982470084699402,1,po-rapec-quality-energy-only-20260731-loto-semantic_segmentation,443,0.0
0.0,0.0,0.0,0.0,0.0,0.0,0.0,-0.0027052939757986508,0.0,64,5,8,0.17434815474108156,0.15655835360679188,1.7632247652330009,15,14,7.574769170376313e-06,0.609299701963187,4,0.2621819928487732,0.001343785712632798,17,0.23586810295493493,1,po-rapec-quality-energy-only-20260731-loto-semantic_segmentation,445,0.0
0.0,0.0,0.0,0.0,0.0,0.0,0.0,-0.0027052939757986508,0.0,96,5,5,0.17434815474108156,0.1391550303086943,7.01100487194532,15,12,4.824834362781239e-05,0.5129114393475593,8,0.12628614005760097,0.001343785712632798,17,0.33494664821106407,1,po-rapec-quality-energy-only-20260731-loto-semantic_segmentation,447,0.0
0.0,0.0,0.0,0.0,0.0,0.0,0.0,-0.0027052939757986508,0.0,32,3,8,0.1958397671735582,0.39378931744671614,7.01100487194532,13,16,1.3056928660773648e-06,0.6668395320163063,3,0.48508630903409067,0.01220409718998751,24,0.09685509985624119,1,po-rapec-quality-energy-only-20260731-loto-semantic_segmentation,448,0.0
0.0,0.0,0.0,0.0,0.0,0.0,0.0,-0.0027052939757986508,0.0,64,5,5,0.6984989204744887,0.1391550303086943,1.7632247652330009,36,14,6.190519777562885e-05,0.5129114393475593,4,0.2888978289476148,0.005607511276793914,17,0.21701554877729756,1,po-rapec-quality-energy-only-20260731-loto-semantic_segmentation,449,0.0
0.0,0.0,0.0,0.001593398552751344,0.0,0.0,0.0,-0.0027052939757986508,0.0,192,11,14,0.8362472766983152,0.2746212998423223,2.8522122006152637,15,8,9.497726741572412e-06,0.9566752024279961,8,0.2581612235529456,0.044287700138903444,23,0.1029285288006275,1,po-rapec-quality-energy-only-20260731-loto-semantic_segmentation,450,0.0
0.0,0.0,0.0,0.0,0.0,0.0,0.0,-0.0027052939757986508,0.0,192,11,15,0.5663649656336952,0.3540965581002839,5.307403584657743,29,14,7.361996320107113e-06,0.5380535183239766,8,0.44998010697159063,0.012846232431252226,9,0.32871231657171385,1,po-rapec-quality-energy-only-20260731-loto-semantic_segmentation,451,0.0
0.0,0.0,0.0,0.0,0.0,0.0,0.0,-0.0027052939757986508,0.0,64,11,15,0.7884347937041504,0.11805305705517198,4.093481526479692,30,17,3.188911041296988e-05,0.6668395320163063,6,0.2789307482238157,0.0276277612856523,24,0.3100736152347674,1,po-rapec-quality-energy-only-20260731-loto-semantic_segmentation,452,0.0
0.0,0.0,0.0,0.0,0.0,0.0,0.0,-0.0027052939757986508,0.0,128,6,7,0.7884347937041504,0.39378931744671614,4.1508190145933375,23,11,4.269586961191152e-05,0.6668395320163063,8,0.21070097837302884,0.04490461578910558,22,0.06982470084699402,1,po-rapec-quality-energy-only-20260731-loto-semantic_segmentation,453,0.0
0.0,0.0,0.0,0.0,0.0,0.0,0.0,-0.0027052939757986508,0.0,192,14,15,0.5663649656336952,0.23454921406037482,4.093481526479692,30,8,7.792218764165392e-06,0.5380535183239766,8,0.21070097837302884,0.0016687548926843194,24,0.3139866878172519,1,po-rapec-quality-energy-only-20260731-loto-semantic_segmentation,454,0.0
0.0,0.0,0.0,0.0,0.0,0.0,0.0,-0.0027052939757986508,0.0,192,3,15,0.4262100611827209,0.3001619086369836,4.477759608800254,29,18,4.269586961191152e-05,1.1054319289226422,5,0.44998010697159063,0.0011877350844497253,22,0.09685509985624119,1,po-rapec-quality-energy-only-20260731-loto-semantic_segmentation,455,0.0
0.0,0.0,0.0,0.01592370724449025,0.0,0.0,0.0,-0.0027052939757986508,0.0,128,7,8,0.4262100611827209,0.18645380058704547,6.965905607498048,14,12,2.514595387978441e-06,0.6415729326589932,5,0.2197567049694901,0.04852899908187486,22,0.11390710032579149,1,po-rapec-quality-energy-only-20260731-loto-semantic_segmentation,456,0.0
0.0,0.0,0.0,0.0,0.0,0.0,0.0,-0.0027052939757986508,0.0,192,5,5,0.3987492485179956,0.1391550303086943,1.7632247652330009,29,9,2.545823561653829e-06,0.5129114393475593,8,0.2888978289476148,0.002763817222511814,17,0.21701554877729756,1,po-rapec-quality-energy-only-20260731-loto-semantic_segmentation,459,0.0
0.0,0.0,0.0,0.0,0.0,0.0,0.0,-0.0027052939757986508,0.0,192,11,14,0.5663649656336952,0.1391550303086943,2.8522122006152637,15,14,1.8417331695969164e-06,0.5129114393475593,4,0.2888978289476148,0.001343785712632798,14,0.21701554877729756,1,po-rapec-quality-energy-only-20260731-loto-semantic_segmentation,460,0.0
0.0,0.0,0.0,0.0,0.0,0.0,0.0,-0.0027052939757986508,0.0,64,14,15,0.8362472766983152,0.2746212998423223,2.4771635933479983,15,17,1.0228489735755496e-06,0.5380535183239766,6,0.41174995744798226,0.0017868182210359874,24,0.1780048166728045,1,po-rapec-quality-energy-only-20260731-loto-semantic_segmentation,461,0.0
0.0,0.0,0.0,0.003177581176165919,0.0,0.0,0.0,-0.0027052939757986508,0.0,192,13,9,0.6739372425966972,0.3001619086369836,4.093481526479692,30,18,0.00035628344573909016,2.7212683491065457,8,0.7617618589019979,0.04490461578910558,22,0.06982470084699402,1,po-rapec-quality-energy-only-20260731-loto-semantic_segmentation,462,0.0
0.0,0.0,0.0,0.0,0.0,0.0,0.0,-0.0027052939757986508,0.0,64,14,15,0.5663649656336952,0.39378931744671614,4.204436622432451,29,17,7.361996320107113e-06,0.6668395320163063,8,0.21070097837302884,0.012846232431252226,9,0.2158099119963885,1,po-rapec-quality-energy-only-20260731-loto-semantic_segmentation,465,0.0
0.0,0.0,0.0,0.0,0.0,0.0,0.0,-0.0027052939757986508,0.0,64,14,7,0.7884347937041504,0.11805305705517198,2.8522122006152637,15,8,0.00010367593723050479,0.5380535183239766,6,0.2789307482238157,0.0016687548926843194,9,0.3139866878172519,1,po-rapec-quality-energy-only-20260731-loto-semantic_segmentation,466,0.0
0.0,0.0,0.0,0.0,0.0,0.0,0.0,-0.0027052939757986508,0.0,192,11,13,0.5663649656336952,0.11805305705517198,4.1508190145933375,15,17,4.824834362781239e-05,0.6668395320163063,6,0.37372618071582187,0.0016687548926843194,24,0.32871231657171385,1,po-rapec-quality-energy-only-20260731-loto-semantic_segmentation,467,0.0
0.0,0.0,0.0,0.0,0.0,0.0,0.0,-0.0027052939757986508,0.0,32,5,8,0.468501018783211,0.15655835360679188,7.01100487194532,23,18,1.3056928660773648e-06,0.609299701963187,6,0.48508630903409067,0.005607511276793914,15,0.15150234099541546,1,po-rapec-quality-energy-only-20260731-loto-semantic_segmentation,468,0.0
0.0,0.0,0.0,0.0,0.0,0.0,0.0,-0.0027052939757986508,0.0,128,3,14,0.7884347937041504,0.2746212998423223,5.419655681850919,31,6,1.8417331695969164e-06,1.9783309789333134,7,0.21070097837302884,0.0016687548926843194,14,0.1029285288006275,1,po-rapec-quality-energy-only-20260731-loto-semantic_segmentation,469,0.0
0.0,0.0,0.0,0.0,0.0,0.0,0.0,-0.0027052939757986508,0.0,192,6,15,0.5663649656336952,0.1391550303086943,1.7632247652330009,15,9,0.00010367593723050479,0.5380535183239766,8,0.2888978289476148,0.001343785712632798,17,0.32871231657171385,1,po-rapec-quality-energy-only-20260731-loto-semantic_segmentation,470,0.0
0.0,0.0,0.0,0.0,0.0,0.0,0.0,-0.0027052939757986508,0.0,32,13,13,0.6984989204744887,0.11805305705517198,2.8522122006152637,30,18,4.824834362781239e-05,2.7212683491065457,8,0.48508630903409067,0.011002587462839332,10,0.06982470084699402,1,po-rapec-quality-energy-only-20260731-loto-semantic_segmentation,471,0.0
0.0,0.0,0.0,0.0,0.0,0.0,0.0,-0.0027052939757986508,0.0,32,7,8,0.4262100611827209,0.07174135606791254,4.093481526479692,8,14,0.00035628344573909016,1.3503436967811009,6,0.48508630903409067,0.005607511276793914,15,0.06982470084699402,1,po-rapec-quality-energy-only-20260731-loto-semantic_segmentation,472,0.0
0.0,0.0,0.0,0.0,0.0,0.0,0.0,-0.0027052939757986508,0.0,64,14,7,0.7884347937041504,0.3001619086369836,4.1508190145933375,15,17,0.00035628344573909016,0.6668395320163063,6,0.48508630903409067,0.005607511276793914,24,0.06982470084699402,1,po-rapec-quality-energy-only-20260731-loto-semantic_segmentation,474,0.0
0.0,0.0,0.0,0.011165715219462987,0.0,0.0,0.0,-0.0027052939757986508,0.0,192,11,15,0.6984989204744887,0.15655835360679188,7.01100487194532,23,10,1.3056928660773648e-06,0.609299701963187,6,0.48508630903409067,0.0276277612856523,9,0.06982470084699402,1,po-rapec-quality-energy-only-20260731-loto-semantic_segmentation,475,0.0
0.0,0.0,0.0,0.0,0.0,0.0,0.0,-0.0027052939757986508,0.0,128,3,5,0.8362472766983152,0.1391550303086943,1.7632247652330009,31,6,1.8417331695969164e-06,0.5129114393475593,7,0.2888978289476148,0.002763817222511814,17,0.21701554877729756,1,po-rapec-quality-energy-only-20260731-loto-semantic_segmentation,476,0.0
0.0,0.0,0.0,0.0,0.0,0.0,0.0,-0.0027052939757986508,0.0,64,14,15,0.8362472766983152,0.2746212998423223,2.4771635933479983,30,17,9.497726741572412e-06,0.6668395320163063,6,0.21070097837302884,0.0016687548926843194,24,0.1029285288006275,1,po-rapec-quality-energy-only-20260731-loto-semantic_segmentation,477,0.0
0.0,0.0,0.0,0.0,0.0,0.0,0.0,-0.0027052939757986508,0.0,192,14,15,0.5663649656336952,0.11805305705517198,4.1508190145933375,15,17,4.4634788307346503e-05,0.6448003638601897,8,0.2789307482238157,0.001343785712632798,24,0.32871231657171385,1,po-rapec-quality-energy-only-20260731-loto-semantic_segmentation,478,0.0
0.0,0.0,0.0,0.0,0.0,0.0,0.0,-0.0027052939757986508,0.0,192,3,15,0.1958397671735582,0.39378931744671614,4.336954733811688,29,11,4.269586961191152e-05,0.6668395320163063,4,0.44998010697159063,0.0016687548926843194,24,0.09685509985624119,1,po-rapec-quality-energy-only-20260731-loto-semantic_segmentation,480,0.0
0.0,0.0,0.0,0.0,0.0,0.0,0.0,-0.0027052939757986508,0.0,192,11,13,0.5663649656336952,0.11805305705517198,2.8522122006152637,15,19,4.824834362781239e-05,0.5380535183239766,8,0.37372618071582187,0.001343785712632798,9,0.32871231657171385,1,po-rapec-quality-energy-only-20260731-loto-semantic_segmentation,481,0.0
0.0,0.0,0.0,0.0,0.0,0.0,0.0,-0.0027052939757986508,0.0,128,14,9,0.12203371018457355,0.11805305705517198,4.093481526479692,30,17,8.249240390706264e-05,0.5380535183239766,6,0.2789307482238157,0.0016687548926843194,24,0.3139866878172519,1,po-rapec-quality-energy-only-20260731-loto-semantic_segmentation,482,0.0
0.0,0.0,0.0,0.0,0.0,0.0,0.0,-0.0027052939757986508,0.0,32,3,10,0.468501018783211,0.24367854485292229,2.87696576671872,31,6,1.8417331695969164e-06,0.609299701963187,7,0.4255964694571055,0.0015081150031107788,15,0.15150234099541546,1,po-rapec-quality-energy-only-20260731-loto-semantic_segmentation,483,0.0
0.0,0.0,0.0,0.0,0.0,0.0,0.0,-0.0027052939757986508,0.0,96,15,5,0.4262100611827209,0.1391550303086943,1.7632247652330009,40,9,0.00035628344573909016,0.5129114393475593,4,0.2888978289476148,0.0011877350844497253,17,0.21701554877729756,1,po-rapec-quality-energy-only-20260731-loto-semantic_segmentation,484,0.0
0.0,0.0,0.0,0.0,0.0,0.0,0.0,-0.0027052939757986508,0.0,192,14,8,0.5663649656336952,0.39378931744671614,2.8522122006152637,15,17,4.269586961191152e-05,0.6668395320163063,8,0.21070097837302884,0.015414478002355373,24,0.32871231657171385,1,po-rapec-quality-energy-only-20260731-loto-semantic_segmentation,485,0.0
0.0,0.0,0.0,0.0,0.0,0.0,0.0,-0.0027052939757986508,0.0,128,5,8,0.5294591011690759,0.23454921406037482,6.373351759505689,14,12,2.514595387978441e-06,0.6415729326589932,6,0.3708586432704011,0.004306479511211271,14,0.1780048166728045,1,po-rapec-quality-energy-only-20260731-loto-semantic_segmentation,486,0.0
0.0,0.0,0.0,0.0,0.0,0.0,0.0,-0.0027052939757986508,0.0,96,3,8,0.8362472766983152,0.18645380058704547,2.4771635933479983,37,6,9.497726741572412e-06,0.9566752024279961,3,0.41174995744798226,0.044287700138903444,23,0.11390710032579149,1,po-rapec-quality-energy-only-20260731-loto-semantic_segmentation,487,0.0
0.0,0.0,0.0,0.0,0.0,0.0,0.0,-0.0027052939757986508,0.0,192,11,15,0.5663649656336952,0.11805305705517198,2.8522122006152637,15,19,4.824834362781239e-05,0.5380535183239766,8,0.37372618071582187,0.001343785712632798,9,0.32871231657171385,1,po-rapec-quality-energy-only-20260731-loto-semantic_segmentation,488,0.0
0.0,0.0,0.0,0.0,0.0,0.0,0.0,-0.0027052939757986508,0.0,192,14,13,0.06533130843247391,0.11805305705517198,2.8522122006152637,30,17,4.824834362781239e-05,0.5380535183239766,8,0.37372618071582187,0.0016687548926843194,9,0.32871231657171385,1,po-rapec-quality-energy-only-20260731-loto-semantic_segmentation,489,0.0
0.0,0.0,0.0,0.0,0.0,0.0,0.0,-0.0027052939757986508,0.0,96,7,9,0.4262100611827209,0.15655835360679188,6.965905607498048,15,19,2.438395734313396e-06,0.7597511907968628,5,0.2621819928487732,0.001343785712632798,21,0.11390710032579149,1,po-rapec-quality-energy-only-20260731-loto-semantic_segmentation,490,0.0
0.0,0.0,0.0,0.0,0.0,0.0,0.0,-0.0027052939757986508,0.0,32,5,10,0.468501018783211,0.15655835360679188,7.01100487194532,23,18,0.0005971948348358656,0.609299701963187,6,0.4255964694571055,0.0015081150031107788,15,0.15150234099541546,1,po-rapec-quality-energy-only-20260731-loto-semantic_segmentation,492,0.0
0.0,0.0,0.0,0.0,0.0,0.0,0.0,-0.0027052939757986508,0.0,64,11,15,0.5294591011690759,0.1391550303086943,2.8522122006152637,15,8,1.0228489735755496e-06,0.5380535183239766,4,0.2789307482238157,0.002771003316720008,17,0.21701554877729756,1,po-rapec-quality-energy-only-20260731-loto-semantic_segmentation,494,0.0
0.0,0.0,0.0,0.0,0.0,0.0,0.0,-0.0027052939757986508,0.0,192,5,8,0.5294591011690759,0.23454921406037482,2.8522122006152637,15,12,2.514595387978441e-06,0.5380535183239766,6,0.2789307482238157,0.0017868182210359874,14,0.1780048166728045,1,po-rapec-quality-energy-only-20260731-loto-semantic_segmentation,496,0.0
0.0,0.0,0.0,0.0,0.0,0.0,0.0,-0.0027052939757986508,0.0,128,11,4,0.5294591011690759,0.07174135606791254,6.373351759505689,14,14,2.514595387978441e-06,0.6415729326589932,6,0.48508630903409067,0.005607511276793914,15,0.4249410508181116,1,po-rapec-quality-energy-only-20260731-loto-semantic_segmentation,497,0.0
0.0,0.0,0.0,0.0,0.0,0.0,0.0,-0.0027052939757986508,0.0,192,3,15,0.1958397671735582,0.39378931744671614,4.336954733811688,29,11,4.269586961191152e-05,0.7709749053426536,8,0.44998010697159063,0.0630117217258742,24,0.09685509985624119,1,po-rapec-quality-energy-only-20260731-loto-semantic_segmentation,498,0.0
0.0,0.0,0.0,0.0,0.0,0.0,0.0,-0.0027052939757986508,0.0,128,3,5,0.533903253334211,0.3358007855331379,4.334991162647201,11,9,2.3798803073215578e-05,0.6590475889402452,7,0.3898149950426655,0.01026713497013773,24,0.13316296962220858,1,po-rapec-quality-energy-only-20260731-final-all-tasks,0,0.0
0.0,0.0,0.0,0.0,0.0,0.0,0.0,-0.0027052939757986508,0.0,96,10,13,0.362392725298605,0.08971825174138304,1.6406182907387394,9,8,1.6641838613225804e-05,0.7304981539250575,4,0.37452572438238774,0.002731731463547026,20,0.27605412168594334,1,po-rapec-quality-energy-only-20260731-final-all-tasks,5,0.0
0.0,0.0,0.0,0.0,0.0,0.0,0.0,-0.0027052939757986508,0.0,192,15,5,0.6833615696284627,0.3455045096304409,7.439644182541458,19,7,1.045342835737979e-05,0.5641453952079452,2,0.47352188749662516,0.003663356464954046,23,0.12086516253027227,1,po-rapec-quality-energy-only-20260731-final-all-tasks,12,0.0
0.0,0.0,0.0,0.0,0.0,0.0,0.0,-0.0027052939757986508,0.0,96,4,7,0.4030500278134722,0.10589930738809811,4.371504373658846,31,20,3.1100937747809476e-06,2.4847336813778322,6,0.36618906447935307,0.022580791866286552,23,0.0791600885457062,1,po-rapec-quality-energy-only-20260731-final-all-tasks,24,0.0
0.0,0.0,0.0,0.0,0.0,0.0,0.0,-0.0027052939757986508,0.0,32,6,9,0.24572546360087008,0.31321755069083024,2.482670526858766,35,20,0.0001859891861588341,2.0447998113313552,6,0.7800097972877437,0.005496663410104864,15,0.08094265706305803,1,po-rapec-quality-energy-only-20260731-final-all-tasks,40,0.0
0.0,0.0,0.0,0.0,0.0,0.0,0.0,-0.0027052939757986508,0.0,128,3,5,0.533903253334211,0.3455045096304409,7.439644182541458,19,7,1.045342835737979e-05,0.6590475889402452,7,0.3898149950426655,0.01026713497013773,24,0.12086516253027227,1,po-rapec-quality-energy-only-20260731-final-all-tasks,45,0.0
0.0,0.0,0.0,0.0,0.0,0.0,0.0,-0.0027052939757986508,0.0,96,3,7,0.39567814444300553,0.06767341500506063,4.371504373658846,31,20,1.3306903343618884e-06,1.6903495308775263,6,0.36618906447935307,0.06994099124639958,23,0.0791600885457062,1,po-rapec-quality-energy-only-20260731-final-all-tasks,47,0.0
0.0,0.0,0.0,0.0,0.0,0.0,0.0,-0.0027052939757986508,0.0,32,9,11,0.8465688795548559,0.27217102153488776,5.798213323031431,22,10,0.00031621436385847833,2.733530175207833,5,0.2900269883816277,0.009721796134682235,25,0.09190259775031957,1,po-rapec-quality-energy-only-20260731-final-all-tasks,67,0.0
0.0,0.0,0.0,0.0,0.0,0.0,0.0,-0.0027052939757986508,0.0,128,3,10,0.8465688795548559,0.06767341500506063,5.798213323031431,27,20,1.3306903343618884e-06,1.6903495308775263,4,0.1285005510766885,0.005145861643814959,15,0.09190259775031957,1,po-rapec-quality-energy-only-20260731-final-all-tasks,70,0.0
0.0,0.0,0.0,0.0,0.0,0.0,0.0,-0.0027052939757986508,0.0,128,3,3,0.533903253334211,0.37702534449312636,4.334991162647201,16,9,1.5522806283146122e-05,0.6590475889402452,7,0.3898149950426655,0.005212918201704737,24,0.22739926538452598,1,po-rapec-quality-energy-only-20260731-final-all-tasks,74,0.0
0.0,0.0,0.0,0.0,0.0,0.0,0.0,-0.0027052939757986508,0.0,32,15,13,0.2346594747758373,0.14981561565760906,6.9104644808076054,37,20,1.4309171915459122e-06,1.478318994655364,6,0.20511581813868862,0.005512317866637148,25,0.12879596326261983,1,po-rapec-quality-energy-only-20260731-final-all-tasks,80,0.0
0.0,0.0,0.0,0.0,0.0,0.0,0.0,-0.0027052939757986508,0.0,96,4,7,0.4030500278134722,0.2342710022958256,4.371504373658846,31,20,3.1100937747809476e-06,1.6903495308775263,6,0.36618906447935307,0.022580791866286552,23,0.0791600885457062,1,po-rapec-quality-energy-only-20260731-final-all-tasks,86,0.0
0.0,0.0,0.0,0.0,0.0,0.0,0.0,-0.0027052939757986508,0.0,192,15,7,0.07333701454887034,0.06767341500506063,7.439644182541458,11,20,1.045342835737979e-05,1.6903495308775263,6,0.47352188749662516,0.003663356464954046,23,0.12086516253027227,1,po-rapec-quality-energy-only-20260731-final-all-tasks,88,0.0
0.0,0.0,0.0,0.0010553066986823817,0.0,0.0,0.0,-0.0027052939757986508,0.0,96,10,13,0.1459364027448432,0.20139553485535916,7.439644182541458,9,7,1.6641838613225804e-05,0.6590475889402452,4,0.37452572438238774,0.002731731463547026,18,0.12086516253027227,1,po-rapec-quality-energy-only-20260731-final-all-tasks,90,0.0
0.0,0.0,0.0,0.005322833837950277,0.0,0.0,0.0,-0.0027052939757986508,0.0,128,3,7,0.8465688795548559,0.06767341500506063,4.371504373658846,27,20,3.1100937747809476e-06,2.4847336813778322,4,0.36618906447935307,0.022580791866286552,15,0.09190259775031957,1,po-rapec-quality-energy-only-20260731-final-all-tasks,97,0.0
0.0,0.0,0.0,0.0,0.0,0.0,0.0,-0.0027052939757986508,0.0,128,3,13,0.6385203869938039,0.06767341500506063,5.798213323031431,22,20,1.3306903343618884e-06,0.7793352622865081,4,0.2532150002810423,0.003781910585863543,12,0.09190259775031957,1,po-rapec-quality-energy-only-20260731-final-all-tasks,99,0.0
0.0,0.0,0.0,0.0,0.0,0.0,0.0,-0.0027052939757986508,0.0,128,3,8,0.533903253334211,0.3455045096304409,7.439644182541458,19,7,1.045342835737979e-05,0.6590475889402452,7,0.3898149950426655,0.01026713497013773,24,0.12086516253027227,1,po-rapec-quality-energy-only-20260731-final-all-tasks,101,0.0
0.0,0.0,0.0,0.007443810146308658,0.0,0.0,0.0,-0.0027052939757986508,0.0,128,3,14,0.7165961861424903,0.37702534449312636,4.334991162647201,16,13,0.0001817230167405515,0.6590475889402452,7,0.3898149950426655,0.012340547179072566,21,0.22739926538452598,1,po-rapec-quality-energy-only-20260731-final-all-tasks,106,0.0
0.0,0.0,0.0,0.0,0.0,0.0,0.0,-0.0027052939757986508,0.0,64,3,6,0.6519740535694692,0.05352255323101623,7.65916034426419,29,7,5.860040860884017e-06,0.6590475889402452,7,0.19743005729433055,0.01026713497013773,24,0.12086516253027227,1,po-rapec-quality-energy-only-20260731-final-all-tasks,107,0.0
0.0,0.0,0.0,0.0011581320613127737,0.0,0.0,0.0,-0.0027052939757986508,0.0,128,9,11,0.5519760012776005,0.27217102153488776,5.798213323031431,36,10,6.167206339602892e-06,0.7418780697061534,4,0.1133751943237745,0.009721796134682235,25,0.09190259775031957,1,po-rapec-quality-energy-only-20260731-final-all-tasks,109,0.0
0.0,0.0,0.0,0.0,0.0,0.0,0.0,-0.0027052939757986508,0.0,96,4,7,0.4030500278134722,0.10589930738809811,4.371504373658846,31,20,3.1100937747809476e-06,2.4847336813778322,6,0.36618906447935307,0.022580791866286552,23,0.0791600885457062,1,po-rapec-quality-energy-only-20260731-final-all-tasks,112,0.0
0.0,0.0,0.0,0.0,0.0,0.0,0.0,-0.0027052939757986508,0.0,32,6,11,0.8465688795548559,0.27217102153488776,2.482670526858766,35,20,0.0001859891861588341,2.0447998113313552,6,0.5787367832285027,0.009721796134682235,25,0.08094265706305803,1,po-rapec-quality-energy-only-20260731-final-all-tasks,113,0.0
0.0,0.0,0.0,0.0,0.0,0.0,0.0,-0.0027052939757986508,0.0,96,4,9,0.5862155066028948,0.3168751001723017,4.371504373658846,31,15,0.0001949148555556005,1.552618401953044,6,0.36618906447935307,0.009311702706589544,23,0.0791600885457062,1,po-rapec-quality-energy-only-20260731-final-all-tasks,114,0.0
0.0,0.0,0.0,0.0031628626167402914,0.0,0.0,0.0,-0.0027052939757986508,0.0,32,9,3,0.533903253334211,0.37702534449312636,4.334991162647201,16,9,1.5522806283146122e-05,2.733530175207833,7,0.3482444033722601,0.024024502205389233,25,0.09190259775031957,1,po-rapec-quality-energy-only-20260731-final-all-tasks,115,0.0
0.0,0.0,0.0,0.0,0.0,0.0,0.0,-0.0027052939757986508,0.0,192,15,5,0.6833615696284627,0.3168751001723017,4.380056235578614,11,7,6.915105476917281e-05,0.5641453952079452,8,0.1307143989307438,0.003663356464954046,12,0.47707073925838644,1,po-rapec-quality-energy-only-20260731-final-all-tasks,117,0.0
0.0,0.0,0.0,0.0,0.0,0.0,0.0,-0.0027052939757986508,0.0,128,4,7,0.4030500278134722,0.3358007855331379,4.371504373658846,11,9,2.3798803073215578e-05,0.6590475889402452,6,0.3898149950426655,0.022580791866286552,24,0.0791600885457062,1,po-rapec-quality-energy-only-20260731-final-all-tasks,120,0.0
0.0,0.0,0.0,0.0,0.0,0.0,0.0,-0.0027052939757986508,0.0,192,3,7,0.39567814444300553,0.06767341500506063,4.371504373658846,11,20,1.045342835737979e-05,1.6903495308775263,6,0.47352188749662516,0.06994099124639958,23,0.12086516253027227,1,po-rapec-quality-energy-only-20260731-final-all-tasks,121,0.0
0.0,0.0,0.0,0.0,0.0,0.0,0.0,-0.0027052939757986508,0.0,32,13,7,0.533903253334211,0.06767341500506063,7.439644182541458,11,20,1.045342835737979e-05,1.6903495308775263,6,0.3482444033722601,0.003663356464954046,25,0.12086516253027227,1,po-rapec-quality-energy-only-20260731-final-all-tasks,122,0.0
0.0,0.0,0.0,0.0,0.0,0.0,0.0,-0.0027052939757986508,0.0,96,15,5,0.6833615696284627,0.3168751001723017,4.371504373658846,11,20,6.915105476917281e-05,0.5641453952079452,6,0.36618906447935307,0.003663356464954046,23,0.0791600885457062,1,po-rapec-quality-energy-only-20260731-final-all-tasks,123,0.0
0.0,0.0,0.0,0.0,0.0,0.0,0.0,-0.0027052939757986508,0.0,32,15,12,0.207468365925079,0.14981561565760906,6.9104644808076054,19,20,1.4309171915459122e-06,1.478318994655364,6,0.3601348405501965,0.0027399789687379203,25,0.12879596326261983,1,po-rapec-quality-energy-only-20260731-final-all-tasks,126,0.0
0.0,0.0,0.0,0.0,0.0,0.0,0.0,-0.0027052939757986508,0.0,128,3,8,0.533903253334211,0.3455045096304409,7.439644182541458,19,7,1.045342835737979e-05,0.5641453952079452,2,0.47352188749662516,0.003663356464954046,24,0.12086516253027227,1,po-rapec-quality-energy-only-20260731-final-all-tasks,127,0.0
0.0,0.0,0.0,0.0,0.0,0.0,0.0,-0.0027052939757986508,0.0,96,12,13,0.6385203869938039,0.35313541185819913,3.986371095649654,9,17,1.6641838613225804e-05,0.7793352622865081,5,0.37452572438238774,0.002731731463547026,23,0.12086516253027227,1,po-rapec-quality-energy-only-20260731-final-all-tasks,128,0.0
0.0,0.0,0.0,0.0,0.0,0.0,0.0,-0.0027052939757986508,0.0,128,3,5,0.533903253334211,0.3455045096304409,6.402063406128231,19,7,1.0712233666957743e-05,0.6590475889402452,7,0.3898149950426655,0.01026713497013773,24,0.12086516253027227,1,po-rapec-quality-energy-only-20260731-final-all-tasks,131,0.0
0.0,0.0,0.0,0.0,0.0,0.0,0.0,-0.0027052939757986508,0.0,192,3,7,0.8465688795548559,0.06767341500506063,7.439644182541458,11,20,3.1100937747809476e-06,1.6903495308775263,6,0.47352188749662516,0.003663356464954046,23,0.09190259775031957,1,po-rapec-quality-energy-only-20260731-final-all-tasks,132,0.0
0.0,0.0,0.0,0.0063845113015320205,0.0,0.0,0.0,-0.0027052939757986508,0.0,64,3,13,0.4058119423475506,0.37702534449312636,6.377723359121125,22,20,1.3306903343618884e-06,0.5496797074676079,4,0.2532150002810423,0.005212918201704737,12,0.09190259775031957,1,po-rapec-quality-energy-only-20260731-final-all-tasks,133,0.0
0.0,0.0,0.0,0.0,0.0,0.0,0.0,-0.0027052939757986508,0.0,96,10,14,0.1459364027448432,0.37702534449312636,7.439644182541458,9,7,0.0001817230167405515,0.6256619957248697,4,0.37452572438238774,0.002731731463547026,21,0.22739926538452598,1,po-rapec-quality-energy-only-20260731-final-all-tasks,134,0.0
0.0,0.0,0.0,0.0,0.0,0.0,0.0,-0.0027052939757986508,0.0,32,6,11,0.8465688795548559,0.27217102153488776,5.798213323031431,35,10,0.0001859891861588341,0.7418780697061534,4,0.1133751943237745,0.009721796134682235,25,0.08094265706305803,1,po-rapec-quality-energy-only-20260731-final-all-tasks,135,0.0
0.0,0.0,0.0,0.0010553066986823817,0.0,0.0,0.0,-0.0027052939757986508,0.0,96,12,13,0.1459364027448432,0.35313541185819913,7.439644182541458,26,7,1.6641838613225804e-05,0.7793352622865081,5,0.2532150002810423,0.003781910585863543,18,0.12086516253027227,1,po-rapec-quality-energy-only-20260731-final-all-tasks,136,0.0
0.0,0.0,0.0,0.0,0.0,0.0,0.0,-0.0027052939757986508,0.0,32,15,12,0.6833615696284627,0.14981561565760906,6.9104644808076054,19,7,6.915105476917281e-05,0.5641453952079452,6,0.1307143989307438,0.003663356464954046,12,0.12879596326261983,1,po-rapec-quality-energy-only-20260731-final-all-tasks,139,0.0
0.0,0.0,0.0,0.0,0.0,0.0,0.0,-0.0027052939757986508,0.0,192,15,5,0.6833615696284627,0.3168751001723017,7.439644182541458,31,15,1.045342835737979e-05,0.5641453952079452,6,0.47352188749662516,0.003663356464954046,17,0.32274812982870205,1,po-rapec-quality-energy-only-20260731-final-all-tasks,141,0.0
0.0,0.0,0.0,0.0021183874507772794,0.0,0.0,0.0,-0.0027052939757986508,0.0,128,3,13,0.533903253334211,0.08971825174138304,1.6406182907387394,9,7,1.045342835737979e-05,0.6590475889402452,7,0.37452572438238774,0.01026713497013773,24,0.27605412168594334,1,po-rapec-quality-energy-only-20260731-final-all-tasks,142,0.0
0.0,0.0,0.0,0.0,0.0,0.0,0.0,-0.0027052939757986508,0.0,192,3,5,0.38793667563191203,0.05352255323101623,7.65916034426419,29,7,1.045342835737979e-05,0.6590475889402452,7,0.3898149950426655,0.01026713497013773,25,0.12086516253027227,1,po-rapec-quality-energy-only-20260731-final-all-tasks,145,0.0
0.0,0.0,0.0,0.0,0.0,0.0,0.0,-0.0027052939757986508,0.0,96,7,7,0.4030500278134722,0.37702534449312636,6.377723359121125,40,18,3.1100937747809476e-06,0.5496797074676079,6,0.5163289402097396,0.00890177678215828,23,0.0791600885457062,1,po-rapec-quality-energy-only-20260731-final-all-tasks,146,0.0
0.0,0.0,0.0,0.0,0.0,0.0,0.0,-0.0027052939757986508,0.0,32,9,7,0.4030500278134722,0.10589930738809811,5.798213323031431,22,20,0.00031621436385847833,2.4847336813778322,5,0.36618906447935307,0.009721796134682235,25,0.0791600885457062,1,po-rapec-quality-energy-only-20260731-final-all-tasks,147,0.0
0.0,0.0,0.0,0.0,0.0,0.0,0.0,-0.0027052939757986508,0.0,128,15,13,0.2346594747758373,0.14981561565760906,6.9104644808076054,22,16,1.4309171915459122e-06,0.7793352622865081,4,0.2532150002810423,0.005512317866637148,25,0.09383910414147328,1,po-rapec-quality-energy-only-20260731-final-all-tasks,148,0.0
0.0,0.0,0.0,0.0,0.0,0.0,0.0,-0.0027052939757986508,0.0,128,15,5,0.533903253334211,0.3358007855331379,5.6944174936079355,11,9,2.3798803073215578e-05,0.6590475889402452,7,0.7891335438293792,0.01026713497013773,24,0.13316296962220858,1,po-rapec-quality-energy-only-20260731-final-all-tasks,149,0.0
0.0,0.0,0.0,0.0,0.0,0.0,0.0,-0.0027052939757986508,0.0,64,15,6,0.6519740535694692,0.05352255323101623,7.65916034426419,29,7,1.045342835737979e-05,0.5641453952079452,7,0.47352188749662516,0.003663356464954046,23,0.12086516253027227,1,po-rapec-quality-energy-only-20260731-final-all-tasks,150,0.0
0.0,0.0,0.0,0.0,0.0,0.0,0.0,-0.0027052939757986508,0.0,32,6,13,0.8465688795548559,0.08971825174138304,2.482670526858766,35,20,0.0001859891861588341,0.7304981539250575,6,0.37452572438238774,0.009721796134682235,25,0.08094265706305803,1,po-rapec-quality-energy-only-20260731-final-all-tasks,155,0.0
0.0,0.0,0.0,0.0,0.0,0.0,0.0,-0.0027052939757986508,0.0,128,4,7,0.4030500278134722,0.10589930738809811,4.334991162647201,16,9,8.377749538889109e-06,0.6590475889402452,7,0.3898149950426655,0.005212918201704737,23,0.22739926538452598,1,po-rapec-quality-energy-only-20260731-final-all-tasks,156,0.0
0.0,0.0,0.0,0.0031628626167402914,0.0,0.0,0.0,-0.0027052939757986508,0.0,32,9,3,0.15597256603747053,0.37702534449312636,4.334991162647201,16,9,1.5522806283146122e-05,2.733530175207833,7,0.3482444033722601,0.024024502205389233,25,0.09190259775031957,1,po-rapec-quality-energy-only-20260731-final-all-tasks,158,0.0
0.0,0.0,0.0,0.0,0.0,0.0,0.0,-0.0027052939757986508,0.0,128,3,10,0.207468365925079,0.06767341500506063,6.9104644808076054,27,20,1.3306903343618884e-06,1.7948126287784496,5,0.1285005510766885,0.009721796134682235,25,0.12879596326261983,1,po-rapec-quality-energy-only-20260731-final-all-tasks,159,0.0
0.0,0.0,0.0,0.0,0.0,0.0,0.0,-0.0027052939757986508,0.0,128,3,10,0.5863541118037707,0.14981561565760906,5.798213323031431,22,20,7.1594630059525e-05,0.7793352622865081,4,0.1285005510766885,0.005145861643814959,25,0.09383910414147328,1,po-rapec-quality-energy-only-20260731-final-all-tasks,160,0.0
0.0,0.0,0.0,0.0,0.0,0.0,0.0,-0.0027052939757986508,0.0,96,7,7,0.4030500278134722,0.351634836504838,6.377723359121125,40,18,3.1100937747809476e-06,0.5496797074676079,3,0.5163289402097396,0.00890177678215828,23,0.0791600885457062,1,po-rapec-quality-energy-only-20260731-final-all-tasks,161,0.0
0.0,0.0,0.0,0.0,0.0,0.0,0.0,-0.0027052939757986508,0.0,128,15,5,0.6519740535694692,0.3358007855331379,7.65916034426419,11,7,2.3798803073215578e-05,0.9297901318681443,7,0.47352188749662516,0.01026713497013773,23,0.13316296962220858,1,po-rapec-quality-energy-only-20260731-final-all-tasks,162,0.0
0.0,0.0,0.0,0.0021183874507772794,0.0,0.0,0.0,-0.0027052939757986508,0.0,32,3,5,0.38793667563191203,0.27217102153488776,4.774329570585679,29,10,1.045342835737979e-05,0.7418780697061534,4,0.3898149950426655,0.009721796134682235,25,0.12086516253027227,1,po-rapec-quality-energy-only-20260731-final-all-tasks,163,0.0
0.0,0.0,0.0,0.0,0.0,0.0,0.0,-0.0027052939757986508,0.0,32,6,9,0.8465688795548559,0.31321755069083024,2.482670526858766,35,20,0.0001859891861588341,0.7418780697061534,4,0.1133751943237745,0.005496663410104864,25,0.08094265706305803,1,po-rapec-quality-energy-only-20260731-final-all-tasks,164,0.0
0.0,0.0,0.0,0.0,0.0,0.0,0.0,-0.0027052939757986508,0.0,32,9,11,0.8465688795548559,0.08971825174138304,2.482670526858766,35,15,0.00031621436385847833,2.733530175207833,5,0.37452572438238774,0.009721796134682235,25,0.09190259775031957,1,po-rapec-quality-energy-only-20260731-final-all-tasks,166,0.0
0.0,0.0,0.0,0.0,0.0,0.0,0.0,-0.0027052939757986508,0.0,64,12,6,0.6519740535694692,0.37702534449312636,7.65916034426419,12,18,3.1100937747809476e-06,0.5641453952079452,6,0.47352188749662516,0.00890177678215828,23,0.0791600885457062,1,po-rapec-quality-energy-only-20260731-final-all-tasks,167,0.0
0.0,0.0,0.0,0.0,0.0,0.0,0.0,-0.0027052939757986508,0.0,96,3,7,0.3211613819916681,0.10589930738809811,7.65916034426419,21,20,3.1100937747809476e-06,0.6590475889402452,6,0.3898149950426655,0.01026713497013773,25,0.12086516253027227,1,po-rapec-quality-energy-only-20260731-final-all-tasks,169,0.0
0.0,0.0,0.0,0.0,0.0,0.0,0.0,-0.0027052939757986508,0.0,192,3,5,0.533903253334211,0.3358007855331379,7.65916034426419,11,7,2.3798803073215578e-05,2.6027366664560887,7,0.3898149950426655,0.020926552843658817,25,0.12086516253027227,1,po-rapec-quality-energy-only-20260731-final-all-tasks,171,0.0
0.0,0.0,0.0,0.0,0.0,0.0,0.0,-0.0027052939757986508,0.0,192,3,13,0.362392725298605,0.08971825174138304,7.65916034426419,29,8,1.6641838613225804e-05,0.6590475889402452,7,0.3898149950426655,0.002731731463547026,25,0.27605412168594334,1,po-rapec-quality-energy-only-20260731-final-all-tasks,174,0.0
0.0,0.0,0.0,0.0,0.0,0.0,0.0,-0.0027052939757986508,0.0,128,3,7,0.8465688795548559,0.06767341500506063,2.482670526858766,35,11,3.1100937747809476e-06,0.7304981539250575,4,0.36618906447935307,0.009721796134682235,15,0.08094265706305803,1,po-rapec-quality-energy-only-20260731-final-all-tasks,175,0.0
0.0,0.0,0.0,0.0,0.0,0.0,0.0,-0.0027052939757986508,0.0,128,4,5,0.4030500278134722,0.10589930738809811,3.977485078872376,16,9,2.3798803073215578e-05,0.6590475889402452,7,0.3898149950426655,0.005212918201704737,24,0.13316296962220858,1,po-rapec-quality-energy-only-20260731-final-all-tasks,178,0.0
0.0,0.0,0.0,0.0,0.0,0.0,0.0,-0.0027052939757986508,0.0,32,15,6,0.6519740535694692,0.39284932119257626,7.65916034426419,29,7,1.4309171915459122e-06,0.6590475889402452,7,0.20511581813868862,0.01026713497013773,25,0.12086516253027227,1,po-rapec-quality-energy-only-20260731-final-all-tasks,179,0.0
0.0,0.0,0.0,0.0,0.0,0.0,0.0,-0.0027052939757986508,0.0,128,15,8,0.2346594747758373,0.14981561565760906,6.9104644808076054,18,20,1.4309171915459122e-06,0.6590475889402452,6,0.3898149950426655,0.005512317866637148,25,0.12086516253027227,1,po-rapec-quality-energy-only-20260731-final-all-tasks,180,0.0
0.0,0.0,0.0,0.0,0.0,0.0,0.0,-0.0027052939757986508,0.0,128,15,5,0.533903253334211,0.3358007855331379,4.334991162647201,11,9,1.5522806283146122e-05,0.6590475889402452,7,0.3898149950426655,0.01026713497013773,24,0.13316296962220858,1,po-rapec-quality-energy-only-20260731-final-all-tasks,181,0.0
0.0,0.0,0.0,0.0,0.0,0.0,0.0,-0.0027052939757986508,0.0,32,4,3,0.533903253334211,0.2342710022958256,4.334991162647201,14,9,3.1100937747809476e-06,1.6903495308775263,4,0.36618906447935307,0.022580791866286552,25,0.09190259775031957,1,po-rapec-quality-energy-only-20260731-final-all-tasks,182,0.0
0.0,0.0,0.0,0.0,0.0,0.0,0.0,-0.0027052939757986508,0.0,128,3,5,0.533903253334211,0.3358007855331379,4.334991162647201,11,9,2.3798803073215578e-05,0.6590475889402452,7,0.3898149950426655,0.01026713497013773,24,0.13316296962220858,1,po-rapec-quality-energy-only-20260731-final-all-tasks,184,0.0
0.0,0.0,0.0,0.0,0.0,0.0,0.0,-0.0027052939757986508,0.0,32,15,5,0.6833615696284627,0.37702534449312636,4.334991162647201,19,9,1.045342835737979e-05,0.5641453952079452,2,0.47352188749662516,0.003663356464954046,25,0.09190259775031957,1,po-rapec-quality-energy-only-20260731-final-all-tasks,185,0.0
0.0,0.0,0.0,0.0,0.0,0.0,0.0,-0.0027052939757986508,0.0,32,3,5,0.8465688795548559,0.27217102153488776,5.798213323031431,22,9,2.3798803073215578e-05,0.6590475889402452,7,0.2900269883816277,0.009721796134682235,24,0.09190259775031957,1,po-rapec-quality-energy-only-20260731-final-all-tasks,186,0.0
0.0,0.0,0.0,0.0,0.0,0.0,0.0,-0.0027052939757986508,0.0,128,3,7,0.07333701454887034,0.37702534449312636,2.1064745462514742,30,20,1.5522806283146122e-05,1.6903495308775263,6,0.3898149950426655,0.005212918201704737,24,0.12086516253027227,1,po-rapec-quality-energy-only-20260731-final-all-tasks,187,0.0
0.0,0.0,0.0,0.0,0.0,0.0,0.0,-0.0027052939757986508,0.0,128,9,11,0.8465688795548559,0.3358007855331379,5.798213323031431,11,9,0.00031621436385847833,0.6590475889402452,5,0.2900269883816277,0.009721796134682235,25,0.13316296962220858,1,po-rapec-quality-energy-only-20260731-final-all-tasks,188,0.0
0.0,0.0,0.0,0.0,0.0,0.0,0.0,-0.0027052939757986508,0.0,32,6,11,0.8465688795548559,0.18894376986662026,5.684080626784622,35,20,0.0001859891861588341,2.0447998113313552,6,0.5787367832285027,0.009721796134682235,25,0.08094265706305803,1,po-rapec-quality-energy-only-20260731-final-all-tasks,189,0.0
0.0,0.0,0.0,0.008492760140585065,0.0,0.0,0.0,-0.0027052939757986508,0.0,96,5,8,0.533903253334211,0.3455045096304409,7.439644182541458,9,7,1.045342835737979e-05,0.6590475889402452,7,0.3898149950426655,0.01026713497013773,18,0.12086516253027227,1,po-rapec-quality-energy-only-20260731-final-all-tasks,191,0.0
0.0,0.0,0.0,0.0,0.0,0.0,0.0,-0.0027052939757986508,0.0,32,3,3,0.39567814444300553,0.06767341500506063,4.334991162647201,31,9,1.5522806283146122e-05,2.733530175207833,6,0.3482444033722601,0.024024502205389233,25,0.0791600885457062,1,po-rapec-quality-energy-only-20260731-final-all-tasks,194,0.0
0.0,0.0,0.0,0.0,0.0,0.0,0.0,-0.0027052939757986508,0.0,32,3,13,0.2346594747758373,0.14981561565760906,7.439644182541458,37,7,1.045342835737979e-05,1.478318994655364,7,0.3898149950426655,0.005512317866637148,25,0.12879596326261983,1,po-rapec-quality-energy-only-20260731-final-all-tasks,195,0.0
0.0,0.0,0.0,0.0,0.0,0.0,0.0,-0.0027052939757986508,0.0,128,15,13,0.2346594747758373,0.14981561565760906,6.9104644808076054,22,16,1.4309171915459122e-06,0.7793352622865081,6,0.20511581813868862,0.005512317866637148,25,0.09383910414147328,1,po-rapec-quality-energy-only-20260731-final-all-tasks,198,0.0
0.0,0.0,0.0,0.0,0.0,0.0,0.0,-0.0027052939757986508,0.0,128,3,8,0.533903253334211,0.3455045096304409,2.482670526858766,19,20,1.045342835737979e-05,0.6590475889402452,7,0.3898149950426655,0.009721796134682235,25,0.12086516253027227,1,po-rapec-quality-energy-only-20260731-final-all-tasks,199,0.0
0.0,0.0,0.0,0.0,0.0,0.0,0.0,-0.0027052939757986508,0.0,128,4,12,0.4030500278134722,0.3358007855331379,5.6944174936079355,31,20,3.1100937747809476e-06,0.828196666027952,6,0.7891335438293792,0.022580791866286552,24,0.0791600885457062,1,po-rapec-quality-energy-only-20260731-final-all-tasks,200,0.0
0.0,0.0,0.0,0.00318417518976394,0.0,0.0,0.0,-0.0027052939757986508,0.0,32,6,9,0.533903253334211,0.31321755069083024,2.482670526858766,11,9,2.3798803073215578e-05,0.6590475889402452,6,0.3898149950426655,0.01026713497013773,15,0.13316296962220858,1,po-rapec-quality-energy-only-20260731-final-all-tasks,201,0.0
0.0,0.0,0.0,0.0,0.0,0.0,0.0,-0.0027052939757986508,0.0,96,7,7,0.4030500278134722,0.37702534449312636,6.377723359121125,40,18,3.1100937747809476e-06,2.4847336813778322,5,0.36618906447935307,0.022580791866286552,23,0.07908004765031146,1,po-rapec-quality-energy-only-20260731-final-all-tasks,202,0.0
0.0,0.0,0.0,0.0,0.0,0.0,0.0,-0.0027052939757986508,0.0,32,3,13,0.6833615696284627,0.06767341500506063,6.9104644808076054,36,7,6.915105476917281e-05,0.5641453952079452,6,0.4447306427721347,0.003781910585863543,12,0.12879596326261983,1,po-rapec-quality-energy-only-20260731-final-all-tasks,206,0.0
0.0,0.0,0.0,0.0,0.0,0.0,0.0,-0.0027052939757986508,0.0,192,15,5,0.6833615696284627,0.3358007855331379,4.380056235578614,11,7,6.915105476917281e-05,0.5641453952079452,8,0.1307143989307438,0.003663356464954046,24,0.47707073925838644,1,po-rapec-quality-energy-only-20260731-final-all-tasks,207,0.0
0.0,0.0,0.0,0.0,0.0,0.0,0.0,-0.0027052939757986508,0.0,32,15,13,0.8465688795548559,0.14981561565760906,6.9104644808076054,35,20,0.0001859891861588341,0.7304981539250575,6,0.37452572438238774,0.009721796134682235,25,0.09383910414147328,1,po-rapec-quality-energy-only-20260731-final-all-tasks,208,0.0
0.0,0.0,0.0,0.0,0.0,0.0,0.0,-0.0027052939757986508,0.0,32,3,14,0.7165961861424903,0.10589930738809811,3.905717611600417,22,20,0.0001817230167405515,2.4847336813778322,7,0.3898149950426655,0.009721796134682235,21,0.0791600885457062,1,po-rapec-quality-energy-only-20260731-final-all-tasks,209,0.0
0.0,0.0,0.0,0.0,0.0,0.0,0.0,-0.0027052939757986508,0.0,128,15,5,0.39567814444300553,0.3358007855331379,4.371504373658846,11,9,2.3798803073215578e-05,0.6590475889402452,7,0.7891335438293792,0.01026713497013773,23,0.13316296962220858,1,po-rapec-quality-energy-only-20260731-final-all-tasks,210,0.0
0.0,0.0,0.0,0.0,0.0,0.0,0.0,-0.0027052939757986508,0.0,192,15,13,0.6833615696284627,0.3168751001723017,7.439644182541458,9,7,1.6641838613225804e-05,0.6590475889402452,8,0.37452572438238774,0.002731731463547026,12,0.12086516253027227,1,po-rapec-quality-energy-only-20260731-final-all-tasks,211,0.0
0.0,0.0,0.0,0.007443810146308658,0.0,0.0,0.0,-0.0027052939757986508,0.0,128,3,14,0.7165961861424903,0.37702534449312636,4.334991162647201,16,13,0.0001817230167405515,0.6590475889402452,7,0.3898149950426655,0.012340547179072566,21,0.22739926538452598,1,po-rapec-quality-energy-only-20260731-final-all-tasks,213,0.0
0.0,0.0,0.0,0.0,0.0,0.0,0.0,-0.0027052939757986508,0.0,32,6,13,0.38793667563191203,0.05352255323101623,7.65916034426419,8,7,0.0001859891861588341,0.5800986127190715,6,0.3898149950426655,0.009721796134682235,25,0.12086516253027227,1,po-rapec-quality-energy-only-20260731-final-all-tasks,214,0.0
0.0,0.0,0.0,0.0,0.0,0.0,0.0,-0.0027052939757986508,0.0,128,3,8,0.533903253334211,0.3455045096304409,7.439644182541458,15,7,1.045342835737979e-05,0.6590475889402452,7,0.3898149950426655,0.01026713497013773,24,0.12086516253027227,1,po-rapec-quality-energy-only-20260731-final-all-tasks,215,0.0
0.0,0.0,0.0,0.0,0.0,0.0,0.0,-0.0027052939757986508,0.0,32,3,8,0.4030500278134722,0.10589930738809811,1.940228606841015,22,7,0.00031621436385847833,2.4847336813778322,5,0.36618906447935307,0.009721796134682235,25,0.12086516253027227,1,po-rapec-quality-energy-only-20260731-final-all-tasks,216,0.0
0.0,0.0,0.0,0.0,0.0,0.0,0.0,-0.0027052939757986508,0.0,128,3,13,0.533903253334211,0.40793464666680007,4.334991162647201,9,7,1.5522806283146122e-05,2.733530175207833,7,0.3482444033722601,0.01026713497013773,24,0.09190259775031957,1,po-rapec-quality-energy-only-20260731-final-all-tasks,219,0.0
0.0,0.0,0.0,0.0,0.0,0.0,0.0,-0.0027052939757986508,0.0,32,3,12,0.39567814444300553,0.06767341500506063,6.9104644808076054,31,7,1.3306903343618884e-06,1.6903495308775263,6,0.36618906447935307,0.06994099124639958,12,0.0791600885457062,1,po-rapec-quality-energy-only-20260731-final-all-tasks,220,0.0
0.0,0.0,0.0,0.0,0.0,0.0,0.0,-0.0027052939757986508,0.0,96,10,13,0.07333701454887034,0.20139553485535916,7.439644182541458,9,20,1.045342835737979e-05,0.6590475889402452,4,0.37452572438238774,0.002731731463547026,23,0.12086516253027227,1,po-rapec-quality-energy-only-20260731-final-all-tasks,221,0.0
0.0,0.0,0.0,0.0063845113015320205,0.0,0.0,0.0,-0.0027052939757986508,0.0,96,4,7,0.8628172294289036,0.10589930738809811,4.371504373658846,9,8,1.6641838613225804e-05,2.4847336813778322,4,0.36618906447935307,0.022580791866286552,20,0.0791600885457062,1,po-rapec-quality-energy-only-20260731-final-all-tasks,222,0.0
0.0,0.0,0.0,0.0,0.0,0.0,0.0,-0.0027052939757986508,0.0,128,3,13,0.2346594747758373,0.14981561565760906,4.371504373658846,27,20,3.1100937747809476e-06,1.478318994655364,6,0.20511581813868862,0.06911961270947047,25,0.09190259775031957,1,po-rapec-quality-energy-only-20260731-final-all-tasks,223,0.0
0.0,0.0,0.0,0.0,0.0,0.0,0.0,-0.0027052939757986508,0.0,64,3,6,0.6519740535694692,0.05352255323101623,7.65916034426419,29,7,5.860040860884017e-06,0.6590475889402452,7,0.19743005729433055,0.01026713497013773,24,0.12086516253027227,1,po-rapec-quality-energy-only-20260731-final-all-tasks,224,0.0
0.0,0.0,0.0,0.0,0.0,0.0,0.0,-0.0027052939757986508,0.0,128,3,13,0.533903253334211,0.06767341500506063,1.835696202261214,22,20,1.045342835737979e-05,0.6590475889402452,4,0.3898149950426655,0.002742288935098344,24,0.09190259775031957,1,po-rapec-quality-energy-only-20260731-final-all-tasks,225,0.0
0.0,0.0,0.0,0.0,0.0,0.0,0.0,-0.0027052939757986508,0.0,96,4,13,0.8465688795548559,0.08971825174138304,4.371504373658846,35,20,0.0001859891861588341,2.1421620551182956,6,0.37452572438238774,0.009311702706589544,23,0.0791600885457062,1,po-rapec-quality-energy-only-20260731-final-all-tasks,226,0.0
0.0,0.0,0.0,0.0,0.0,0.0,0.0,-0.0027052939757986508,0.0,128,3,6,0.533903253334211,0.05352255323101623,4.334991162647201,29,9,1.0251942503405645e-06,0.5641453952079452,7,0.47352188749662516,0.003663356464954046,24,0.22739926538452598,1,po-rapec-quality-energy-only-20260731-final-all-tasks,228,0.0
0.0,0.0,0.0,0.0,0.0,0.0,0.0,-0.0027052939757986508,0.0,128,3,8,0.533903253334211,0.3455045096304409,7.439644182541458,19,7,1.045342835737979e-05,0.6590475889402452,7,0.3898149950426655,0.01026713497013773,24,0.12086516253027227,1,po-rapec-quality-energy-only-20260731-final-all-tasks,229,0.0
0.0,0.0,0.0,0.0011581320613127737,0.0,0.0,0.0,-0.0027052939757986508,0.0,96,15,8,0.533903253334211,0.14981561565760906,7.439644182541458,19,7,1.045342835737979e-05,0.6590475889402452,4,0.2532150002810423,0.01026713497013773,25,0.12086516253027227,1,po-rapec-quality-energy-only-20260731-final-all-tasks,233,0.0
0.0,0.0,0.0,0.0,0.0,0.0,0.0,-0.0027052939757986508,0.0,32,6,10,0.8465688795548559,0.27217102153488776,7.064107992190144,35,20,0.0001859891861588341,2.0447998113313552,6,0.7800097972877437,0.005496663410104864,25,0.08094265706305803,1,po-rapec-quality-energy-only-20260731-final-all-tasks,237,0.0
0.0,0.0,0.0,0.005322833837950277,0.0,0.0,0.0,-0.0027052939757986508,0.0,128,3,7,0.8465688795548559,0.06767341500506063,4.371504373658846,27,20,3.1100937747809476e-06,2.4847336813778322,4,0.1285005510766885,0.005145861643814959,15,0.09190259775031957,1,po-rapec-quality-energy-only-20260731-final-all-tasks,238,0.0
0.0,0.0,0.0,0.0,0.0,0.0,0.0,-0.0027052939757986508,0.0,128,15,12,0.533903253334211,0.14981561565760906,4.334991162647201,19,9,2.3798803073215578e-05,0.5641453952079452,6,0.1307143989307438,0.003663356464954046,17,0.12879596326261983,1,po-rapec-quality-energy-only-20260731-final-all-tasks,239,0.0
0.0,0.0,0.0,0.0,0.0,0.0,0.0,-0.0027052939757986508,0.0,64,3,6,0.5363885255416472,0.05352255323101623,7.65916034426419,29,7,5.860040860884017e-06,0.6590475889402452,7,0.19743005729433055,0.01026713497013773,24,0.12086516253027227,1,po-rapec-quality-energy-only-20260731-final-all-tasks,240,0.0
0.0,0.0,0.0,0.0,0.0,0.0,0.0,-0.0027052939757986508,0.0,32,6,14,0.38793667563191203,0.05352255323101623,7.65916034426419,29,20,0.0001859891861588341,0.6590475889402452,6,0.3898149950426655,0.005496663410104864,15,0.08094265706305803,1,po-rapec-quality-energy-only-20260731-final-all-tasks,241,0.0
0.0,0.0,0.0,0.0,0.0,0.0,0.0,-0.0027052939757986508,0.0,96,6,13,0.8465688795548559,0.35313541185819913,7.439644182541458,26,7,1.6641838613225804e-05,0.7793352622865081,5,0.37452572438238774,0.003781910585863543,18,0.08094265706305803,1,po-rapec-quality-energy-only-20260731-final-all-tasks,242,0.0
0.0,0.0,0.0,0.0,0.0,0.0,0.0,-0.0027052939757986508,0.0,96,10,13,0.6519740535694692,0.05352255323101623,7.439644182541458,29,7,1.6641838613225804e-05,0.5641453952079452,7,0.47352188749662516,0.002731731463547026,23,0.12086516253027227,1,po-rapec-quality-energy-only-20260731-final-all-tasks,243,0.0
0.0,0.0,0.0,0.0,0.0,0.0,0.0,-0.0027052939757986508,0.0,128,3,10,0.533903253334211,0.3358007855331379,4.371504373658846,11,9,2.3798803073215578e-05,0.6590475889402452,7,0.3898149950426655,0.01026713497013773,24,0.13316296962220858,1,po-rapec-quality-energy-only-20260731-final-all-tasks,244,0.0
0.0,0.0,0.0,0.0,0.0,0.0,0.0,-0.0027052939757986508,0.0,128,3,13,0.8465688795548559,0.27217102153488776,1.6406182907387394,25,9,1.045342835737979e-05,0.6590475889402452,4,0.37452572438238774,0.009721796134682235,24,0.08094265706305803,1,po-rapec-quality-energy-only-20260731-final-all-tasks,245,0.0
0.0,0.0,0.0,0.0,0.0,0.0,0.0,-0.0027052939757986508,0.0,192,15,13,0.6833615696284627,0.08971825174138304,2.482670526858766,35,15,0.0001859891861588341,0.5641453952079452,6,0.47352188749662516,0.003663356464954046,25,0.32274812982870205,1,po-rapec-quality-energy-only-20260731-final-all-tasks,246,0.0
0.0,0.0,0.0,0.0,0.0,0.0,0.0,-0.0027052939757986508,0.0,32,3,10,0.6385203869938039,0.06767341500506063,6.9104644808076054,27,20,1.3306903343618884e-06,1.7948126287784496,5,0.1285005510766885,0.003781910585863543,12,0.09190259775031957,1,po-rapec-quality-energy-only-20260731-final-all-tasks,248,0.0
0.0,0.0,0.0,0.0,0.0,0.0,0.0,-0.0027052939757986508,0.0,128,12,5,0.1459364027448432,0.3358007855331379,4.334991162647201,11,7,1.6641838613225804e-05,0.6590475889402452,7,0.2532150002810423,0.003781910585863543,24,0.13316296962220858,1,po-rapec-quality-energy-only-20260731-final-all-tasks,249,0.0
0.0,0.0,0.0,0.0,0.0,0.0,0.0,-0.0027052939757986508,0.0,96,3,7,0.39567814444300553,0.06767341500506063,4.371504373658846,31,20,1.3306903343618884e-06,1.6903495308775263,6,0.36618906447935307,0.06994099124639958,23,0.0791600885457062,1,po-rapec-quality-energy-only-20260731-final-all-tasks,250,0.0
0.0,0.0,0.0,0.0,0.0,0.0,0.0,-0.0027052939757986508,0.0,128,15,3,0.533903253334211,0.3358007855331379,4.837290077623644,11,9,2.3798803073215578e-05,0.6590475889402452,7,0.3898149950426655,0.01026713497013773,24,0.13316296962220858,1,po-rapec-quality-energy-only-20260731-final-all-tasks,252,0.0
0.0,0.0,0.0,0.0063845113015320205,0.0,0.0,0.0,-0.0027052939757986508,0.0,64,9,6,0.028063919202667476,0.27217102153488776,5.798213323031431,29,10,5.860040860884017e-06,0.6590475889402452,7,0.1133751943237745,0.009721796134682235,25,0.12086516253027227,1,po-rapec-quality-energy-only-20260731-final-all-tasks,253,0.0
0.0,0.0,0.0,0.0,0.0,0.0,0.0,-0.0027052939757986508,0.0,32,6,13,0.8465688795548559,0.27217102153488776,1.6406182907387394,20,10,0.0001859891861588341,0.6146412590779797,7,0.37452572438238774,0.01026713497013773,25,0.08094265706305803,1,po-rapec-quality-energy-only-20260731-final-all-tasks,254,0.0
0.0,0.0,0.0,0.0,0.0,0.0,0.0,-0.0027052939757986508,0.0,96,4,7,0.4030500278134722,0.10589930738809811,4.371504373658846,31,20,3.1100937747809476e-06,2.4847336813778322,6,0.36618906447935307,0.022580791866286552,23,0.0791600885457062,1,po-rapec-quality-energy-only-20260731-final-all-tasks,257,0.0
0.0,0.0,0.0,0.005322833837950277,0.0,0.0,0.0,-0.0027052939757986508,0.0,192,3,5,0.38793667563191203,0.05352255323101623,4.371504373658846,9,20,1.045342835737979e-05,2.4847336813778322,4,0.36618906447935307,0.022580791866286552,15,0.09190259775031957,1,po-rapec-quality-energy-only-20260731-final-all-tasks,258,0.0
0.0,0.0,0.0,0.0,0.0,0.0,0.0,-0.0027052939757986508,0.0,128,3,5,0.7886482416012427,0.3455045096304409,5.6944174936079355,11,7,1.045342835737979e-05,0.6590475889402452,5,0.3898149950426655,0.01026713497013773,24,0.12086516253027227,1,po-rapec-quality-energy-only-20260731-final-all-tasks,259,0.0
0.0,0.0,0.0,0.0,0.0,0.0,0.0,-0.0027052939757986508,0.0,32,9,7,0.4030500278134722,0.08971825174138304,5.798213323031431,9,8,0.00031621436385847833,0.7304981539250575,5,0.36618906447935307,0.002731731463547026,25,0.27605412168594334,1,po-rapec-quality-energy-only-20260731-final-all-tasks,260,0.0
0.0,0.0,0.0,0.0,0.0,0.0,0.0,-0.0027052939757986508,0.0,128,15,7,0.4030500278134722,0.3358007855331379,6.377723359121125,11,18,3.1100937747809476e-06,0.6590475889402452,6,0.5163289402097396,0.00890177678215828,24,0.0791600885457062,1,po-rapec-quality-energy-only-20260731-final-all-tasks,261,0.0
0.0,0.0,0.0,0.0,0.0,0.0,0.0,-0.0027052939757986508,0.0,96,3,13,0.533903253334211,0.10589930738809811,4.371504373658846,31,20,1.045342835737979e-05,0.6590475889402452,7,0.36618906447935307,0.01026713497013773,24,0.1304053739537409,1,po-rapec-quality-energy-only-20260731-final-all-tasks,262,0.0
0.0,0.0,0.0,0.0,0.0,0.0,0.0,-0.0027052939757986508,0.0,32,6,11,0.8465688795548559,0.27217102153488776,2.482670526858766,35,20,0.0001859891861588341,2.0447998113313552,6,0.5787367832285027,0.009721796134682235,25,0.08094265706305803,1,po-rapec-quality-energy-only-20260731-final-all-tasks,263,0.0
0.0,0.0,0.0,0.0,0.0,0.0,0.0,-0.0027052939757986508,0.0,128,3,10,0.533903253334211,0.3358007855331379,4.334991162647201,11,9,1.3306903343618884e-06,0.6590475889402452,7,0.3898149950426655,0.01026713497013773,25,0.13316296962220858,1,po-rapec-quality-energy-only-20260731-final-all-tasks,265,0.0
0.0,0.0,0.0,0.0,0.0,0.0,0.0,-0.0027052939757986508,0.0,192,11,9,0.6833615696284627,0.3358007855331379,4.380056235578614,36,9,6.915105476917281e-05,0.6590475889402452,8,0.1307143989307438,0.01026713497013773,24,0.13316296962220858,1,po-rapec-quality-energy-only-20260731-final-all-tasks,267,0.0
0.0,0.0,0.0,0.0,0.0,0.0,0.0,-0.0027052939757986508,0.0,128,3,6,0.533903253334211,0.3358007855331379,7.65916034426419,29,9,5.860040860884017e-06,0.6590475889402452,7,0.19743005729433055,0.01026713497013773,24,0.12086516253027227,1,po-rapec-quality-energy-only-20260731-final-all-tasks,269,0.0
0.0,0.0,0.0,0.0,0.0,0.0,0.0,-0.0027052939757986508,0.0,128,3,5,0.029551954898960155,0.3455045096304409,7.65916034426419,19,7,1.045342835737979e-05,0.6590475889402452,7,0.3898149950426655,0.01026713497013773,25,0.12086516253027227,1,po-rapec-quality-energy-only-20260731-final-all-tasks,270,0.0
0.0,0.0,0.0,0.0,0.0,0.0,0.0,-0.0027052939757986508,0.0,192,9,13,0.8465688795548559,0.08971825174138304,2.482670526858766,22,20,0.00031621436385847833,0.7304981539250575,5,0.37452572438238774,0.009721796134682235,25,0.08094265706305803,1,po-rapec-quality-energy-only-20260731-final-all-tasks,271,0.0
0.0,0.0,0.0,0.0,0.0,0.0,0.0,-0.0027052939757986508,0.0,128,3,5,0.533903253334211,0.05352255323101623,7.439644182541458,19,7,6.1640899825957524e-06,0.6590475889402452,7,0.3898149950426655,0.01026713497013773,25,0.12086516253027227,1,po-rapec-quality-energy-only-20260731-final-all-tasks,273,0.0
0.0,0.0,0.0,0.0,0.0,0.0,0.0,-0.0027052939757986508,0.0,128,11,5,0.6833615696284627,0.3168751001723017,5.798213323031431,27,7,1.3306903343618884e-06,0.5641453952079452,4,0.21054057644577115,0.005145861643814959,15,0.09190259775031957,1,po-rapec-quality-energy-only-20260731-final-all-tasks,275,0.0
0.0,0.0,0.0,0.005322833837950277,0.0,0.0,0.0,-0.0027052939757986508,0.0,96,5,7,0.4030500278134722,0.27217102153488776,5.798213323031431,31,10,0.0001859891861588341,1.6903495308775263,4,0.36618906447935307,0.022580791866286552,25,0.0791600885457062,1,po-rapec-quality-energy-only-20260731-final-all-tasks,277,0.0
0.0,0.0,0.0,0.0,0.0,0.0,0.0,-0.0027052939757986508,0.0,128,3,10,0.8465688795548559,0.06767341500506063,5.798213323031431,16,20,1.5522806283146122e-05,2.733530175207833,7,0.3482444033722601,0.005145861643814959,25,0.09190259775031957,1,po-rapec-quality-energy-only-20260731-final-all-tasks,278,0.0
0.0,0.0,0.0,0.0021183874507772794,0.0,0.0,0.0,-0.0027052939757986508,0.0,96,4,7,0.4030500278134722,0.06767341500506063,4.371504373658846,27,20,1.3306903343618884e-06,1.6903495308775263,6,0.36618906447935307,0.022580791866286552,15,0.0791600885457062,1,po-rapec-quality-energy-only-20260731-final-all-tasks,280,0.0
0.0,0.0,0.0,0.0,0.0,0.0,0.0,-0.0027052939757986508,0.0,192,9,3,0.5519760012776005,0.14997067788464183,5.798213323031431,11,9,6.167206339602892e-06,0.7418780697061534,7,0.1133751943237745,0.009721796134682235,25,0.09190259775031957,1,po-rapec-quality-energy-only-20260731-final-all-tasks,281,0.0
0.0,0.0,0.0,0.0,0.0,0.0,0.0,-0.0027052939757986508,0.0,96,4,7,0.4030500278134722,0.37702534449312636,6.377723359121125,31,18,3.1100937747809476e-06,0.5496797074676079,6,0.36618906447935307,0.01998109544666775,23,0.0791600885457062,1,po-rapec-quality-energy-only-20260731-final-all-tasks,282,0.0
0.0,0.0,0.0,0.0,0.0,0.0,0.0,-0.0027052939757986508,0.0,96,15,5,0.6833615696284627,0.3168751001723017,4.371504373658846,31,15,1.1400341768505626e-05,0.5641453952079452,6,0.47352188749662516,0.022580791866286552,23,0.0791600885457062,1,po-rapec-quality-energy-only-20260731-final-all-tasks,283,0.0
0.0,0.0,0.0,0.0063845113015320205,0.0,0.0,0.0,-0.0027052939757986508,0.0,128,3,13,0.5862155066028948,0.06767341500506063,5.798213323031431,22,15,0.0001949148555556005,0.7793352622865081,4,0.36618906447935307,0.07933889807184834,12,0.0791600885457062,1,po-rapec-quality-energy-only-20260731-final-all-tasks,287,0.0
0.0,0.0,0.0,0.0,0.0,0.0,0.0,-0.0027052939757986508,0.0,128,15,5,0.2217010077659292,0.05352255323101623,7.65916034426419,11,7,2.3798803073215578e-05,0.6590475889402452,7,0.47352188749662516,0.003663356464954046,23,0.12086516253027227,1,po-rapec-quality-energy-only-20260731-final-all-tasks,288,0.0
0.0,0.0,0.0,0.0,0.0,0.0,0.0,-0.0027052939757986508,0.0,128,7,10,0.4030500278134722,0.06767341500506063,6.9104644808076054,40,20,1.3306903343618884e-06,0.5496797074676079,6,0.5163289402097396,0.00890177678215828,23,0.12879596326261983,1,po-rapec-quality-energy-only-20260731-final-all-tasks,289,0.0
0.0,0.0,0.0,0.0,0.0,0.0,0.0,-0.0027052939757986508,0.0,64,4,7,0.4030500278134722,0.3455045096304409,7.439644182541458,19,7,1.045342835737979e-05,0.5641453952079452,2,0.36618906447935307,0.022580791866286552,23,0.0791600885457062,1,po-rapec-quality-energy-only-20260731-final-all-tasks,291,0.0
0.0,0.0,0.0,0.0,0.0,0.0,0.0,-0.0027052939757986508,0.0,64,15,13,0.6519740535694692,0.14981561565760906,7.65916034426419,22,16,1.045342835737979e-05,0.5641453952079452,4,0.2532150002810423,0.005512317866637148,23,0.12086516253027227,1,po-rapec-quality-energy-only-20260731-final-all-tasks,294,0.0
0.0,0.0,0.0,0.0,0.0,0.0,0.0,-0.0027052939757986508,0.0,96,12,13,0.1459364027448432,0.12134859530971945,7.439644182541458,26,7,1.6641838613225804e-05,0.7793352622865081,5,0.2532150002810423,0.003781910585863543,18,0.12086516253027227,1,po-rapec-quality-energy-only-20260731-final-all-tasks,295,0.0
0.0,0.0,0.0,0.0021183874507772794,0.0,0.0,0.0,-0.0027052939757986508,0.0,128,3,11,0.533903253334211,0.08971825174138304,1.6406182907387394,9,7,1.045342835737979e-05,0.6590475889402452,7,0.37452572438238774,0.01026713497013773,24,0.27605412168594334,1,po-rapec-quality-energy-only-20260731-final-all-tasks,296,0.0
0.0,0.0,0.0,0.0,0.0,0.0,0.0,-0.0027052939757986508,0.0,96,4,7,0.8613921949257808,0.3168751001723017,3.5771079630687215,16,17,0.0001949148555556005,0.6590475889402452,7,0.3898149950426655,0.005212918201704737,23,0.22739926538452598,1,po-rapec-quality-energy-only-20260731-final-all-tasks,298,0.0
0.0,0.0,0.0,0.0,0.0,0.0,0.0,-0.0027052939757986508,0.0,96,3,6,0.4030500278134722,0.2342710022958256,4.08148833217793,29,11,3.1100937747809476e-06,1.6903495308775263,6,0.19743005729433055,0.01026713497013773,23,0.12086516253027227,1,po-rapec-quality-energy-only-20260731-final-all-tasks,299,0.0
0.0,0.0,0.0,0.0,0.0,0.0,0.0,-0.0027052939757986508,0.0,96,15,13,0.2346594747758373,0.14981561565760906,7.439644182541458,37,7,1.4309171915459122e-06,1.478318994655364,7,0.20511581813868862,0.01026713497013773,25,0.12086516253027227,1,po-rapec-quality-energy-only-20260731-final-all-tasks,300,0.0
0.0,0.0,0.0,0.0,0.0,0.0,0.0,-0.0027052939757986508,0.0,32,4,7,0.533903253334211,0.2342710022958256,2.361862654302696,31,9,3.1100937747809476e-06,1.6903495308775263,7,0.36618906447935307,0.022580791866286552,25,0.0791600885457062,1,po-rapec-quality-energy-only-20260731-final-all-tasks,302,0.0
0.0,0.0,0.0,0.0021183874507772794,0.0,0.0,0.0,-0.0027052939757986508,0.0,32,9,7,0.07333701454887034,0.06767341500506063,7.439644182541458,11,9,1.5522806283146122e-05,1.6903495308775263,6,0.3482444033722601,0.024024502205389233,25,0.09190259775031957,1,po-rapec-quality-energy-only-20260731-final-all-tasks,303,0.0
0.0,0.0,0.0,0.010615804829660166,0.0,0.0,0.0,-0.0027052939757986508,0.0,128,3,5,0.533903253334211,0.37702534449312636,4.334991162647201,11,13,0.0001817230167405515,0.6590475889402452,7,0.3898149950426655,0.01026713497013773,24,0.22739926538452598,1,po-rapec-quality-energy-only-20260731-final-all-tasks,304,0.0
0.0,0.0,0.0,0.0,0.0,0.0,0.0,-0.0027052939757986508,0.0,128,15,13,0.2346594747758373,0.14981561565760906,1.6406182907387394,9,8,1.4309171915459122e-06,0.7793352622865081,4,0.2532150002810423,0.002731731463547026,25,0.27605412168594334,1,po-rapec-quality-energy-only-20260731-final-all-tasks,305,0.0
0.0,0.0,0.0,0.0,0.0,0.0,0.0,-0.0027052939757986508,0.0,96,4,11,0.15597256603747053,0.2342710022958256,4.371504373658846,16,20,3.1100937747809476e-06,2.733530175207833,7,0.3482444033722601,0.022580791866286552,23,0.09190259775031957,1,po-rapec-quality-energy-only-20260731-final-all-tasks,306,0.0
0.0,0.0,0.0,0.0,0.0,0.0,0.0,-0.0027052939757986508,0.0,96,10,13,0.533903253334211,0.3455045096304409,7.439644182541458,9,7,1.6641838613225804e-05,0.6590475889402452,4,0.3898149950426655,0.0018335706477160918,24,0.12086516253027227,1,po-rapec-quality-energy-only-20260731-final-all-tasks,309,0.0
0.0,0.0,0.0,0.0,0.0,0.0,0.0,-0.0027052939757986508,0.0,96,4,7,0.4030500278134722,0.42298902410317923,4.371504373658846,22,20,3.1100937747809476e-06,2.2195817726390095,6,0.36618906447935307,0.022580791866286552,23,0.0791600885457062,1,po-rapec-quality-energy-only-20260731-final-all-tasks,310,0.0
0.0,0.0,0.0,0.0,0.0,0.0,0.0,-0.0027052939757986508,0.0,128,4,7,0.4030500278134722,0.3455045096304409,4.371504373658846,19,20,1.045342835737979e-05,0.6590475889402452,7,0.13587975613488812,0.01026713497013773,24,0.12086516253027227,1,po-rapec-quality-energy-only-20260731-final-all-tasks,311,0.0
0.0,0.0,0.0,0.0,0.0,0.0,0.0,-0.0027052939757986508,0.0,96,4,11,0.4030500278134722,0.27217102153488776,5.798213323031431,35,10,3.1100937747809476e-06,2.4847336813778322,4,0.1133751943237745,0.022580791866286552,25,0.0791600885457062,1,po-rapec-quality-energy-only-20260731-final-all-tasks,312,0.0
0.0,0.0,0.0,0.002146752366433351,0.0,0.0,0.0,-0.0027052939757986508,0.0,96,10,7,0.1459364027448432,0.37702534449312636,6.377723359121125,40,7,1.6641838613225804e-05,0.6590475889402452,4,0.37452572438238774,0.002731731463547026,18,0.0791600885457062,1,po-rapec-quality-energy-only-20260731-final-all-tasks,313,0.0
0.0,0.0,0.0,0.0,0.0,0.0,0.0,-0.0027052939757986508,0.0,192,15,5,0.6833615696284627,0.3168751001723017,7.439644182541458,31,15,1.045342835737979e-05,0.5641453952079452,6,0.47352188749662516,0.003663356464954046,17,0.32274812982870205,1,po-rapec-quality-energy-only-20260731-final-all-tasks,315,0.0
0.0,0.0,0.0,0.0,0.0,0.0,0.0,-0.0027052939757986508,0.0,96,3,3,0.533903253334211,0.06767341500506063,4.334991162647201,16,20,1.5522806283146122e-05,1.6903495308775263,7,0.36618906447935307,0.06994099124639958,23,0.09190259775031957,1,po-rapec-quality-energy-only-20260731-final-all-tasks,316,0.0
0.0,0.0,0.0,0.0,0.0,0.0,0.0,-0.0027052939757986508,0.0,128,3,13,0.6385203869938039,0.06767341500506063,5.798213323031431,22,20,1.3306903343618884e-06,0.7793352622865081,7,0.2532150002810423,0.003781910585863543,12,0.09190259775031957,1,po-rapec-quality-energy-only-20260731-final-all-tasks,317,0.0
0.0,0.0,0.0,0.0,0.0,0.0,0.0,-0.0027052939757986508,0.0,96,12,5,0.1459364027448432,0.3358007855331379,7.380829386930682,26,7,2.3798803073215578e-05,0.7793352622865081,5,0.2532150002810423,0.0011359910026044666,23,0.13316296962220858,1,po-rapec-quality-energy-only-20260731-final-all-tasks,318,0.0
0.0,0.0,0.0,0.0,0.0,0.0,0.0,-0.0027052939757986508,0.0,128,3,5,0.533903253334211,0.3455045096304409,7.439644182541458,19,7,1.045342835737979e-05,0.6590475889402452,7,0.3898149950426655,0.01026713497013773,24,0.12086516253027227,1,po-rapec-quality-energy-only-20260731-final-all-tasks,319,0.0
0.0,0.0,0.0,0.0,0.0,0.0,0.0,-0.0027052939757986508,0.0,192,6,13,0.8465688795548559,0.08971825174138304,5.798213323031431,35,20,0.0001859891861588341,1.6903495308775263,4,0.1285005510766885,0.009721796134682235,15,0.08094265706305803,1,po-rapec-quality-energy-only-20260731-final-all-tasks,321,0.0
0.0,0.0,0.0,0.0,0.0,0.0,0.0,-0.0027052939757986508,0.0,32,6,9,0.8465688795548559,0.27217102153488776,2.482670526858766,22,20,0.0001859891861588341,2.733530175207833,5,0.2900269883816277,0.009721796134682235,25,0.08094265706305803,1,po-rapec-quality-energy-only-20260731-final-all-tasks,322,0.0
0.0,0.0,0.0,0.0,0.0,0.0,0.0,-0.0027052939757986508,0.0,128,9,5,0.533903253334211,0.37702534449312636,5.6944174936079355,18,9,1.5522806283146122e-05,0.6590475889402452,7,0.7891335438293792,0.01026713497013773,24,0.09190259775031957,1,po-rapec-quality-energy-only-20260731-final-all-tasks,323,0.0
0.0,0.0,0.0,0.0,0.0,0.0,0.0,-0.0027052939757986508,0.0,32,10,13,0.2346594747758373,0.14981561565760906,6.9104644808076054,22,20,0.00031621436385847833,1.478318994655364,6,0.20511581813868862,0.009721796134682235,25,0.12879596326261983,1,po-rapec-quality-energy-only-20260731-final-all-tasks,324,0.0
0.0,0.0,0.0,0.0,0.0,0.0,0.0,-0.0027052939757986508,0.0,96,4,9,0.5862155066028948,0.3168751001723017,4.371504373658846,31,15,0.0001949148555556005,1.5305373161746703,6,0.36618906447935307,0.009311702706589544,23,0.0791600885457062,1,po-rapec-quality-energy-only-20260731-final-all-tasks,325,0.0
0.0,0.0,0.0,0.006584485398071951,0.0,0.0,0.0,-0.0027052939757986508,0.0,128,9,11,0.07333701454887034,0.06767341500506063,7.439644182541458,36,20,6.167206339602892e-06,1.6903495308775263,4,0.47352188749662516,0.009721796134682235,25,0.09190259775031957,1,po-rapec-quality-energy-only-20260731-final-all-tasks,326,0.0
0.0,0.0,0.0,0.0,0.0,0.0,0.0,-0.0027052939757986508,0.0,128,3,5,0.8465688795548559,0.27217102153488776,4.334991162647201,11,9,2.3798803073215578e-05,0.6590475889402452,5,0.2900269883816277,0.01026713497013773,24,0.09190259775031957,1,po-rapec-quality-energy-only-20260731-final-all-tasks,327,0.0
0.0,0.0,0.0,0.0,0.0,0.0,0.0,-0.0027052939757986508,0.0,32,9,11,0.39567814444300553,0.27217102153488776,5.798213323031431,31,14,0.00031621436385847833,2.733530175207833,5,0.36618906447935307,0.009721796134682235,25,0.09190259775031957,1,po-rapec-quality-energy-only-20260731-final-all-tasks,328,0.0
0.0,0.0,0.0,0.0,0.0,0.0,0.0,-0.0027052939757986508,0.0,32,4,3,0.4030500278134722,0.37702534449312636,4.334991162647201,31,9,1.5522806283146122e-05,2.247073581267599,6,0.36618906447935307,0.022580791866286552,25,0.09190259775031957,1,po-rapec-quality-energy-only-20260731-final-all-tasks,329,0.0
0.0,0.0,0.0,0.0,0.0,0.0,0.0,-0.0027052939757986508,0.0,32,3,3,0.15597256603747053,0.37702534449312636,4.334991162647201,29,15,1.5522806283146122e-05,2.733530175207833,7,0.3482444033722601,0.01026713497013773,24,0.12086516253027227,1,po-rapec-quality-energy-only-20260731-final-all-tasks,330,0.0
0.0,0.0,0.0,0.0010622657018342294,0.0,0.0,0.0,-0.0027052939757986508,0.0,32,3,5,0.8465688795548559,0.27217102153488776,7.65916034426419,22,7,1.045342835737979e-05,2.733530175207833,5,0.3898149950426655,0.009721796134682235,25,0.12086516253027227,1,po-rapec-quality-energy-only-20260731-final-all-tasks,331,0.0
0.0,0.0,0.0,0.0,0.0,0.0,0.0,-0.0027052939757986508,0.0,32,9,11,0.8465688795548559,0.32591089775628723,2.482670526858766,35,10,0.00031621436385847833,2.0447998113313552,6,0.2900269883816277,0.005496663410104864,25,0.09190259775031957,1,po-rapec-quality-energy-only-20260731-final-all-tasks,333,0.0
0.0,0.0,0.0,0.0,0.0,0.0,0.0,-0.0027052939757986508,0.0,128,9,5,0.6833615696284627,0.3168751001723017,5.798213323031431,31,15,1.045342835737979e-05,0.5641453952079452,4,0.47352188749662516,0.003663356464954046,25,0.32274812982870205,1,po-rapec-quality-energy-only-20260731-final-all-tasks,334,0.0
0.0,0.0,0.0,0.0,0.0,0.0,0.0,-0.0027052939757986508,0.0,128,10,13,0.1459364027448432,0.37702534449312636,4.334991162647201,16,7,1.6641838613225804e-05,0.6590475889402452,8,0.3898149950426655,0.005212918201704737,18,0.12086516253027227,1,po-rapec-quality-energy-only-20260731-final-all-tasks,335,0.0
0.0,0.0,0.0,0.0,0.0,0.0,0.0,-0.0027052939757986508,0.0,128,15,5,0.6833615696284627,0.27217102153488776,5.798213323031431,11,10,6.915105476917281e-05,0.5641453952079452,4,0.1307143989307438,0.009721796134682235,25,0.47707073925838644,1,po-rapec-quality-energy-only-20260731-final-all-tasks,336,0.0
0.0,0.0,0.0,0.0,0.0,0.0,0.0,-0.0027052939757986508,0.0,32,9,7,0.4030500278134722,0.10589930738809811,6.043676353260931,22,20,0.00031621436385847833,2.733530175207833,5,0.36618906447935307,0.009721796134682235,25,0.09190259775031957,1,po-rapec-quality-energy-only-20260731-final-all-tasks,337,0.0
0.0,0.0,0.0,0.0,0.0,0.0,0.0,-0.0027052939757986508,0.0,128,9,5,0.533903253334211,0.073379064852322,4.334991162647201,11,9,1.5522806283146122e-05,0.6590475889402452,7,0.5282977440563503,0.01026713497013773,24,0.09190259775031957,1,po-rapec-quality-energy-only-20260731-final-all-tasks,338,0.0
0.0,0.0,0.0,0.0,0.0,0.0,0.0,-0.0027052939757986508,0.0,128,15,5,0.533903253334211,0.3168751001723017,4.380056235578614,11,7,1.045342835737979e-05,0.6590475889402452,8,0.3898149950426655,0.003663356464954046,24,0.12086516253027227,1,po-rapec-quality-energy-only-20260731-final-all-tasks,339,0.0
0.0,0.0,0.0,0.0,0.0,0.0,0.0,-0.0027052939757986508,0.0,96,15,7,0.4030500278134722,0.05352255323101623,6.377723359121125,40,18,3.1100937747809476e-06,0.5641453952079452,6,0.5163289402097396,0.00890177678215828,23,0.12086516253027227,1,po-rapec-quality-energy-only-20260731-final-all-tasks,340,0.0
0.0,0.0,0.0,0.0,0.0,0.0,0.0,-0.0027052939757986508,0.0,96,4,5,0.6833615696284627,0.2342710022958256,4.380056235578614,11,7,3.1100937747809476e-06,1.6903495308775263,6,0.1307143989307438,0.006811335798460475,12,0.0791600885457062,1,po-rapec-quality-energy-only-20260731-final-all-tasks,341,0.0
0.0,0.0,0.0,0.0,0.0,0.0,0.0,-0.0027052939757986508,0.0,128,4,7,0.533903253334211,0.10589930738809811,4.371504373658846,11,9,3.1100937747809476e-06,0.6590475889402452,7,0.36618906447935307,0.01026713497013773,23,0.0791600885457062,1,po-rapec-quality-energy-only-20260731-final-all-tasks,342,0.0
0.0,0.0,0.0,0.0,0.0,0.0,0.0,-0.0027052939757986508,0.0,128,9,11,0.5519760012776005,0.08971825174138304,5.798213323031431,36,10,1.045342835737979e-05,0.7418780697061534,7,0.1133751943237745,0.009721796134682235,24,0.09190259775031957,1,po-rapec-quality-energy-only-20260731-final-all-tasks,344,0.0
0.0,0.0,0.0,0.0,0.0,0.0,0.0,-0.0027052939757986508,0.0,128,15,11,0.6833615696284627,0.27217102153488776,5.798213323031431,36,7,6.167206339602892e-06,0.7418780697061534,4,0.6546675247143898,0.009721796134682235,25,0.09190259775031957,1,po-rapec-quality-energy-only-20260731-final-all-tasks,345,0.0
0.0,0.0,0.0,0.0,0.0,0.0,0.0,-0.0027052939757986508,0.0,96,4,7,0.39567814444300553,0.2342710022958256,4.371504373658846,31,20,3.1100937747809476e-06,1.6903495308775263,6,0.11854014677206687,0.06994099124639958,23,0.0791600885457062,1,po-rapec-quality-energy-only-20260731-final-all-tasks,346,0.0
0.0,0.0,0.0,0.0,0.0,0.0,0.0,-0.0027052939757986508,0.0,96,4,7,0.4030500278134722,0.10589930738809811,4.371504373658846,31,8,1.3306903343618884e-06,1.6903495308775263,6,0.6231782888130867,0.06994099124639958,23,0.0791600885457062,1,po-rapec-quality-energy-only-20260731-final-all-tasks,347,0.0
0.0,0.0,0.0,0.0,0.0,0.0,0.0,-0.0027052939757986508,0.0,128,3,13,0.533903253334211,0.08971825174138304,1.6406182907387394,9,7,1.6641838613225804e-05,0.6590475889402452,4,0.37452572438238774,0.002731731463547026,24,0.12086516253027227,1,po-rapec-quality-energy-only-20260731-final-all-tasks,348,0.0
0.0,0.0,0.0,0.0,0.0,0.0,0.0,-0.0027052939757986508,0.0,96,3,7,0.8187331978175824,0.08971825174138304,4.371504373658846,9,20,1.6641838613225804e-05,0.7304981539250575,6,0.37452572438238774,0.002731731463547026,15,0.0791600885457062,1,po-rapec-quality-energy-only-20260731-final-all-tasks,349,0.0
0.0,0.0,0.0,0.0,0.0,0.0,0.0,-0.0027052939757986508,0.0,128,3,10,0.207468365925079,0.37702534449312636,4.334991162647201,16,13,0.0001817230167405515,0.6590475889402452,7,0.3898149950426655,0.009721796134682235,21,0.12879596326261983,1,po-rapec-quality-energy-only-20260731-final-all-tasks,350,0.0
0.0,0.0,0.0,0.0,0.0,0.0,0.0,-0.0027052939757986508,0.0,128,3,8,0.533903253334211,0.37702534449312636,4.334991162647201,19,7,1.045342835737979e-05,1.0111269981805764,7,0.3898149950426655,0.01026713497013773,25,0.12086516253027227,1,po-rapec-quality-energy-only-20260731-final-all-tasks,351,0.0
0.0,0.0,0.0,0.0,0.0,0.0,0.0,-0.0027052939757986508,0.0,96,9,11,0.5519760012776005,0.22674295449545329,4.371504373658846,31,20,1.1288032926642498e-05,0.7418780697061534,6,0.1133751943237745,0.009721796134682235,25,0.0791600885457062,1,po-rapec-quality-energy-only-20260731-final-all-tasks,354,0.0
0.0,0.0,0.0,0.0,0.0,0.0,0.0,-0.0027052939757986508,0.0,128,4,7,0.4030500278134722,0.10589930738809811,4.334991162647201,12,9,8.377749538889109e-06,0.6590475889402452,7,0.3898149950426655,0.005212918201704737,23,0.22739926538452598,1,po-rapec-quality-energy-only-20260731-final-all-tasks,356,0.0
0.0,0.0,0.0,0.0,0.0,0.0,0.0,-0.0027052939757986508,0.0,32,9,7,0.4030500278134722,0.10589930738809811,5.798213323031431,22,20,0.00031621436385847833,2.4847336813778322,5,0.36618906447935307,0.009721796134682235,25,0.0791600885457062,1,po-rapec-quality-energy-only-20260731-final-all-tasks,357,0.0
0.0,0.0,0.0,0.008926372767302898,0.0,0.0,0.0,-0.0027052939757986508,0.0,128,9,11,0.533903253334211,0.27217102153488776,5.798213323031431,16,10,1.5522806283146122e-05,0.6590475889402452,5,0.3898149950426655,0.009721796134682235,25,0.22739926538452598,1,po-rapec-quality-energy-only-20260731-final-all-tasks,358,0.0
0.0,0.0,0.0,0.0,0.0,0.0,0.0,-0.0027052939757986508,0.0,128,15,5,0.6519740535694692,0.2349980539071705,5.798213323031431,22,20,1.3306903343618884e-06,0.5641453952079452,7,0.2532150002810423,0.003781910585863543,23,0.09190259775031957,1,po-rapec-quality-energy-only-20260731-final-all-tasks,360,0.0
0.0,0.0,0.0,0.0,0.0,0.0,0.0,-0.0027052939757986508,0.0,96,4,7,0.4030500278134722,0.14981561565760906,6.9104644808076054,31,20,6.915105476917281e-05,0.5641453952079452,6,0.1307143989307438,0.003663356464954046,12,0.0791600885457062,1,po-rapec-quality-energy-only-20260731-final-all-tasks,361,0.0
0.0,0.0,0.0,0.0,0.0,0.0,0.0,-0.0027052939757986508,0.0,128,3,7,0.6894321429158731,0.06767341500506063,4.371504373658846,27,20,3.1100937747809476e-06,1.7948126287784496,5,0.1285005510766885,0.022580791866286552,25,0.09190259775031957,1,po-rapec-quality-energy-only-20260731-final-all-tasks,362,0.0
0.0,0.0,0.0,0.0,0.0,0.0,0.0,-0.0027052939757986508,0.0,32,3,5,0.15597256603747053,0.05352255323101623,4.334991162647201,16,7,1.5522806283146122e-05,0.5789718320143873,7,0.3898149950426655,0.01026713497013773,25,0.12086516253027227,1,po-rapec-quality-energy-only-20260731-final-all-tasks,363,0.0
0.0,0.0,0.0,0.0063845113015320205,0.0,0.0,0.0,-0.0027052939757986508,0.0,128,9,11,0.5519760012776005,0.37702534449312636,5.798213323031431,36,13,6.167206339602892e-06,2.733530175207833,7,0.7930758523521106,0.024024502205389233,25,0.09190259775031957,1,po-rapec-quality-energy-only-20260731-final-all-tasks,364,0.0
0.0,0.0,0.0,0.0,0.0,0.0,0.0,-0.0027052939757986508,0.0,128,15,13,0.2346594747758373,0.14981561565760906,6.9104644808076054,22,16,1.4309171915459122e-06,0.7793352622865081,4,0.2532150002810423,0.005512317866637148,25,0.09383910414147328,1,po-rapec-quality-energy-only-20260731-final-all-tasks,366,0.0
0.0,0.0,0.0,0.0,0.0,0.0,0.0,-0.0027052939757986508,0.0,192,9,3,0.6833615696284627,0.37702534449312636,4.334991162647201,19,7,1.5522806283146122e-05,0.5641453952079452,7,0.3482444033722601,0.003663356464954046,25,0.12086516253027227,1,po-rapec-quality-energy-only-20260731-final-all-tasks,368,0.0
0.0,0.0,0.0,0.0,0.0,0.0,0.0,-0.0027052939757986508,0.0,128,4,7,0.4030500278134722,0.10589930738809811,4.334991162647201,16,9,8.377749538889109e-06,0.6590475889402452,7,0.3898149950426655,0.005212918201704737,23,0.22739926538452598,1,po-rapec-quality-energy-only-20260731-final-all-tasks,369,0.0
0.0,0.0,0.0,0.0,0.0,0.0,0.0,-0.0027052939757986508,0.0,128,4,11,0.5519760012776005,0.10589930738809811,4.371504373658846,8,10,6.470960649070057e-06,0.7418780697061534,4,0.1133751943237745,0.022580791866286552,23,0.0791600885457062,1,po-rapec-quality-energy-only-20260731-final-all-tasks,370,0.0
0.0,0.0,0.0,0.0,0.0,0.0,0.0,-0.0027052939757986508,0.0,32,6,9,0.533903253334211,0.31321755069083024,2.6031763057168416,16,9,1.5522806283146122e-05,2.0447998113313552,6,0.15932383792494242,0.005496663410104864,15,0.08094265706305803,1,po-rapec-quality-energy-only-20260731-final-all-tasks,371,0.0
0.0,0.0,0.0,0.0,0.0,0.0,0.0,-0.0027052939757986508,0.0,192,3,7,0.533903253334211,0.3455045096304409,7.439644182541458,19,20,1.045342835737979e-05,0.6590475889402452,7,0.47352188749662516,0.01026713497013773,24,0.12086516253027227,1,po-rapec-quality-energy-only-20260731-final-all-tasks,372,0.0
0.0,0.0,0.0,0.0,0.0,0.0,0.0,-0.0027052939757986508,0.0,128,3,7,0.533903253334211,0.3455045096304409,4.334991162647201,16,9,1.045342835737979e-05,0.6590475889402452,7,0.3898149950426655,0.01026713497013773,24,0.12086516253027227,1,po-rapec-quality-energy-only-20260731-final-all-tasks,374,0.0
0.0,0.0,0.0,0.0011581320613127737,0.0,0.0,0.0,-0.0027052939757986508,0.0,128,9,11,0.5519760012776005,0.27217102153488776,5.798213323031431,36,10,6.167206339602892e-06,0.7418780697061534,4,0.1133751943237745,0.009721796134682235,25,0.09190259775031957,1,po-rapec-quality-energy-only-20260731-final-all-tasks,375,0.0
0.0,0.0,0.0,0.0,0.0,0.0,0.0,-0.0027052939757986508,0.0,128,3,7,0.8465688795548559,0.06767341500506063,2.6432766014020443,27,20,1.045342835737979e-05,1.6903495308775263,4,0.47352188749662516,0.003663356464954046,23,0.12086516253027227,1,po-rapec-quality-energy-only-20260731-final-all-tasks,376,0.0
0.0,0.0,0.0,0.0,0.0,0.0,0.0,-0.0027052939757986508,0.0,32,9,7,0.4030500278134722,0.37702534449312636,4.334991162647201,15,9,1.5522806283146122e-05,0.5496797074676079,7,0.5163289402097396,0.024024502205389233,23,0.0791600885457062,1,po-rapec-quality-energy-only-20260731-final-all-tasks,377,0.0
0.0,0.0,0.0,0.0,0.0,0.0,0.0,-0.0027052939757986508,0.0,32,15,13,0.8465688795548559,0.08971825174138304,4.162376928113808,35,20,0.0001859891861588341,0.7749520394169203,6,0.20511581813868862,0.005512317866637148,25,0.08094265706305803,1,po-rapec-quality-energy-only-20260731-final-all-tasks,379,0.0
0.0,0.0,0.0,0.0,0.0,0.0,0.0,-0.0027052939757986508,0.0,32,15,13,0.7281356031470716,0.35313541185819913,7.439644182541458,26,20,1.4309171915459122e-06,0.7793352622865081,6,0.20511581813868862,0.022825285907995766,25,0.12086516253027227,1,po-rapec-quality-energy-only-20260731-final-all-tasks,380,0.0
0.0,0.0,0.0,0.0,0.0,0.0,0.0,-0.0027052939757986508,0.0,192,15,5,0.6833615696284627,0.3168751001723017,7.439644182541458,31,17,1.045342835737979e-05,0.5641453952079452,6,0.47352188749662516,0.003663356464954046,17,0.32274812982870205,1,po-rapec-quality-energy-only-20260731-final-all-tasks,381,0.0
0.0,0.0,0.0,0.0,0.0,0.0,0.0,-0.0027052939757986508,0.0,128,15,10,0.2346594747758373,0.06767341500506063,5.798213323031431,37,20,1.4309171915459122e-06,1.6903495308775263,7,0.1285005510766885,0.005145861643814959,25,0.09190259775031957,1,po-rapec-quality-energy-only-20260731-final-all-tasks,382,0.0
0.0,0.0,0.0,0.0,0.0,0.0,0.0,-0.0027052939757986508,0.0,96,15,13,0.1459364027448432,0.14981561565760906,7.439644182541458,37,7,1.4309171915459122e-06,1.478318994655364,6,0.20511581813868862,0.005512317866637148,25,0.12879596326261983,1,po-rapec-quality-energy-only-20260731-final-all-tasks,385,0.0
0.0,0.0,0.0,0.0,0.0,0.0,0.0,-0.0027052939757986508,0.0,128,15,8,0.533903253334211,0.3455045096304409,5.6944174936079355,19,7,1.045342835737979e-05,0.6590475889402452,7,0.3898149950426655,0.01026713497013773,24,0.12086516253027227,1,po-rapec-quality-energy-only-20260731-final-all-tasks,387,0.0
0.0,0.0,0.0,0.0,0.0,0.0,0.0,-0.0027052939757986508,0.0,128,3,11,0.8465688795548559,0.06767341500506063,4.371504373658846,19,20,0.0001859891861588341,2.0447998113313552,6,0.36618906447935307,0.009721796134682235,15,0.08094265706305803,1,po-rapec-quality-energy-only-20260731-final-all-tasks,390,0.0
0.0,0.0,0.0,0.0,0.0,0.0,0.0,-0.0027052939757986508,0.0,128,3,5,0.533903253334211,0.3358007855331379,4.334991162647201,27,20,1.3306903343618884e-06,0.6590475889402452,5,0.1285005510766885,0.01026713497013773,24,0.13316296962220858,1,po-rapec-quality-energy-only-20260731-final-all-tasks,391,0.0
0.0,0.0,0.0,0.004244851489872421,0.0,0.0,0.0,-0.0027052939757986508,0.0,128,3,3,0.2346594747758373,0.06767341500506063,5.798213323031431,22,16,1.3306903343618884e-06,1.6903495308775263,4,0.1285005510766885,0.005145861643814959,15,0.09383910414147328,1,po-rapec-quality-energy-only-20260731-final-all-tasks,392,0.0
0.0,0.0,0.0,0.0,0.0,0.0,0.0,-0.0027052939757986508,0.0,192,3,5,0.6833615696284627,0.3455045096304409,7.439644182541458,19,7,1.045342835737979e-05,0.6590475889402452,7,0.47352188749662516,0.003663356464954046,24,0.12086516253027227,1,po-rapec-quality-energy-only-20260731-final-all-tasks,393,0.0
0.0,0.0,0.0,0.0,0.0,0.0,0.0,-0.0027052939757986508,0.0,128,3,11,0.8465688795548559,0.06767341500506063,5.798213323031431,27,20,0.0001859891861588341,1.6903495308775263,4,0.1285005510766885,0.009721796134682235,15,0.08094265706305803,1,po-rapec-quality-energy-only-20260731-final-all-tasks,395,0.0
0.0,0.0,0.0,0.0,0.0,0.0,0.0,-0.0027052939757986508,0.0,32,6,3,0.18554956484144505,0.37702534449312636,5.798213323031431,31,10,1.5522806283146122e-05,1.0230121255206757,7,0.1133751943237745,0.024024502205389233,25,0.08094265706305803,1,po-rapec-quality-energy-only-20260731-final-all-tasks,396,0.0
0.0,0.0,0.0,0.0,0.0,0.0,0.0,-0.0027052939757986508,0.0,128,6,13,0.8465688795548559,0.08971825174138304,2.482670526858766,27,20,0.0001859891861588341,2.4847336813778322,5,0.36618906447935307,0.009721796134682235,25,0.08094265706305803,1,po-rapec-quality-energy-only-20260731-final-all-tasks,397,0.0
0.0,0.0,0.0,0.0,0.0,0.0,0.0,-0.0027052939757986508,0.0,128,9,5,0.533903253334211,0.27217102153488776,4.334991162647201,36,9,6.167206339602892e-06,0.7418780697061534,7,0.3898149950426655,0.01026713497013773,25,0.09190259775031957,1,po-rapec-quality-energy-only-20260731-final-all-tasks,398,0.0
0.0,0.0,0.0,0.0,0.0,0.0,0.0,-0.0027052939757986508,0.0,192,15,5,0.38793667563191203,0.14981561565760906,7.65916034426419,29,7,6.915105476917281e-05,0.6590475889402452,7,0.3898149950426655,0.003663356464954046,25,0.12879596326261983,1,po-rapec-quality-energy-only-20260731-final-all-tasks,399,0.0
0.0,0.0,0.0,0.0,0.0,0.0,0.0,-0.0027052939757986508,0.0,192,15,5,0.8465688795548559,0.27217102153488776,2.482670526858766,11,7,0.0001859891861588341,0.5641453952079452,6,0.5787367832285027,0.009721796134682235,25,0.08094265706305803,1,po-rapec-quality-energy-only-20260731-final-all-tasks,401,0.0
0.0,0.0,0.0,0.0021183874507772794,0.0,0.0,0.0,-0.0027052939757986508,0.0,96,4,7,0.010162962855545021,0.2342710022958256,4.371504373658846,35,20,0.0001859891861588341,2.0447998113313552,6,0.36618906447935307,0.022580791866286552,15,0.0791600885457062,1,po-rapec-quality-energy-only-20260731-final-all-tasks,403,0.0
0.0,0.0,0.0,0.0,0.0,0.0,0.0,-0.0027052939757986508,0.0,128,3,7,0.533903253334211,0.3455045096304409,7.439644182541458,27,20,1.045342835737979e-05,0.6590475889402452,4,0.36618906447935307,0.0010876981780293556,24,0.06847188824464209,1,po-rapec-quality-energy-only-20260731-final-all-tasks,405,0.0
0.0,0.0,0.0,0.0,0.0,0.0,0.0,-0.0027052939757986508,0.0,128,3,13,0.1459364027448432,0.3455045096304409,7.439644182541458,9,15,1.6641838613225804e-05,0.6590475889402452,7,0.3898149950426655,0.002731731463547026,24,0.12086516253027227,1,po-rapec-quality-energy-only-20260731-final-all-tasks,406,0.0
0.0,0.0,0.0,0.0,0.0,0.0,0.0,-0.0027052939757986508,0.0,32,12,13,0.8465688795548559,0.27217102153488776,5.798213323031431,35,10,1.6641838613225804e-05,0.7793352622865081,4,0.2532150002810423,0.003781910585863543,25,0.12086516253027227,1,po-rapec-quality-energy-only-20260731-final-all-tasks,407,0.0
0.0,0.0,0.0,0.0,0.0,0.0,0.0,-0.0027052939757986508,0.0,96,3,7,0.8465688795548559,0.06767341500506063,4.371504373658846,31,20,3.5122920377554376e-05,1.6903495308775263,6,0.36618906447935307,0.06994099124639958,23,0.09190259775031957,1,po-rapec-quality-energy-only-20260731-final-all-tasks,408,0.0
0.0,0.0,0.0,0.0,0.0,0.0,0.0,-0.0027052939757986508,0.0,96,4,9,0.8564775525461987,0.2342710022958256,4.371504373658846,31,20,3.1100937747809476e-06,1.552618401953044,6,0.36618906447935307,0.022580791866286552,23,0.0791600885457062,1,po-rapec-quality-energy-only-20260731-final-all-tasks,409,0.0
0.0,0.0,0.0,0.0,0.0,0.0,0.0,-0.0027052939757986508,0.0,128,3,5,0.7165961861424903,0.3358007855331379,5.6944174936079355,11,9,0.0001817230167405515,0.6590475889402452,8,0.3898149950426655,0.012340547179072566,24,0.13316296962220858,1,po-rapec-quality-energy-only-20260731-final-all-tasks,410,0.0
0.0,0.0,0.0,0.0,0.0,0.0,0.0,-0.0027052939757986508,0.0,64,15,6,0.6519740535694692,0.05352255323101623,7.65916034426419,29,7,1.045342835737979e-05,0.5641453952079452,7,0.360057359189935,0.003663356464954046,23,0.12086516253027227,1,po-rapec-quality-energy-only-20260731-final-all-tasks,412,0.0
0.0,0.0,0.0,0.0,0.0,0.0,0.0,-0.0027052939757986508,0.0,32,6,11,0.8465688795548559,0.3168751001723017,7.439644182541458,35,15,0.0001859891861588341,2.0447998113313552,6,0.5787367832285027,0.003663356464954046,17,0.08094265706305803,1,po-rapec-quality-energy-only-20260731-final-all-tasks,413,0.0
0.0,0.0,0.0,0.0034235017667878366,0.0,0.0,0.0,-0.0027052939757986508,0.0,128,15,5,0.533903253334211,0.2349980539071705,5.6944174936079355,22,9,2.3798803073215578e-05,0.5641453952079452,3,0.2532150002810423,0.01026713497013773,24,0.13316296962220858,1,po-rapec-quality-energy-only-20260731-final-all-tasks,414,0.0
0.0,0.0,0.0,0.0,0.0,0.0,0.0,-0.0027052939757986508,0.0,32,6,7,0.8465688795548559,0.06767341500506063,4.371504373658846,35,18,3.1100937747809476e-06,2.4847336813778322,6,0.5787367832285027,0.022580791866286552,25,0.08094265706305803,1,po-rapec-quality-energy-only-20260731-final-all-tasks,416,0.0
0.0,0.0,0.0,0.0,0.0,0.0,0.0,-0.0027052939757986508,0.0,192,15,5,0.6833615696284627,0.20139553485535916,7.439644182541458,34,7,1.045342835737979e-05,0.6590475889402452,2,0.47352188749662516,0.002731731463547026,18,0.12086516253027227,1,po-rapec-quality-energy-only-20260731-final-all-tasks,417,0.0
0.0,0.0,0.0,0.0,0.0,0.0,0.0,-0.0027052939757986508,0.0,128,3,8,0.4431663707611578,0.37702534449312636,4.334991162647201,19,7,1.5522806283146122e-05,0.6590475889402452,7,0.3898149950426655,0.01026713497013773,24,0.12086516253027227,1,po-rapec-quality-energy-only-20260731-final-all-tasks,418,0.0
0.0,0.0,0.0,0.0,0.0,0.0,0.0,-0.0027052939757986508,0.0,96,4,8,0.533903253334211,0.3455045096304409,4.371504373658846,31,7,0.0001949148555556005,0.6590475889402452,6,0.36618906447935307,0.01026713497013773,23,0.0791600885457062,1,po-rapec-quality-energy-only-20260731-final-all-tasks,419,0.0
0.0,0.0,0.0,0.0,0.0,0.0,0.0,-0.0027052939757986508,0.0,32,3,9,0.533903253334211,0.31321755069083024,2.482670526858766,12,20,0.0001859891861588341,1.163347539401984,6,0.3898149950426655,0.005496663410104864,15,0.08094265706305803,1,po-rapec-quality-energy-only-20260731-final-all-tasks,420,0.0
0.0,0.0,0.0,0.0,0.0,0.0,0.0,-0.0027052939757986508,0.0,128,4,13,0.4030500278134722,0.10589930738809811,1.6406182907387394,31,7,3.1100937747809476e-06,2.1625874601927215,6,0.36618906447935307,0.022580791866286552,24,0.0791600885457062,1,po-rapec-quality-energy-only-20260731-final-all-tasks,421,0.0
0.0,0.0,0.0,0.0,0.0,0.0,0.0,-0.0027052939757986508,0.0,32,6,5,0.533903253334211,0.08066600808775277,7.439644182541458,19,20,0.0001859891861588341,0.6590475889402452,6,0.5787367832285027,0.009721796134682235,19,0.08094265706305803,1,po-rapec-quality-energy-only-20260731-final-all-tasks,422,0.0
0.0,0.0,0.0,0.0,0.0,0.0,0.0,-0.0027052939757986508,0.0,64,15,13,0.2346594747758373,0.06767341500506063,7.439644182541458,37,20,1.4309171915459122e-06,1.6903495308775263,6,0.47352188749662516,0.005512317866637148,25,0.23740169042783094,1,po-rapec-quality-energy-only-20260731-final-all-tasks,423,0.0
0.0,0.0,0.0,0.0,0.0,0.0,0.0,-0.0027052939757986508,0.0,192,15,8,0.6833615696284627,0.3455045096304409,6.713967860747886,19,7,2.787792991482191e-05,0.5641453952079452,2,0.3898149950426655,0.003663356464954046,24,0.12086516253027227,1,po-rapec-quality-energy-only-20260731-final-all-tasks,425,0.0
0.0,0.0,0.0,0.0,0.0,0.0,0.0,-0.0027052939757986508,0.0,96,15,7,0.07333701454887034,0.06767341500506063,4.371504373658846,31,20,1.045342835737979e-05,1.6903495308775263,6,0.47352188749662516,0.003663356464954046,23,0.12086516253027227,1,po-rapec-quality-energy-only-20260731-final-all-tasks,426,0.0
0.0,0.0,0.0,0.0,0.0,0.0,0.0,-0.0027052939757986508,0.0,128,3,8,0.533903253334211,0.3455045096304409,7.439644182541458,19,9,1.5522806283146122e-05,2.733530175207833,7,0.3898149950426655,0.01026713497013773,24,0.12086516253027227,1,po-rapec-quality-energy-only-20260731-final-all-tasks,427,0.0
0.0,0.0,0.0,0.0,0.0,0.0,0.0,-0.0027052939757986508,0.0,128,3,7,0.5519760012776005,0.27217102153488776,4.334991162647201,22,13,0.00010465200439454561,0.6590475889402452,4,0.3898149950426655,0.004566457412727492,25,0.22739926538452598,1,po-rapec-quality-energy-only-20260731-final-all-tasks,429,0.0
0.0,0.0,0.0,0.0,0.0,0.0,0.0,-0.0027052939757986508,0.0,32,15,12,0.6833615696284627,0.14981561565760906,6.9104644808076054,37,20,6.915105476917281e-05,1.478318994655364,6,0.1307143989307438,0.005512317866637148,25,0.06827738402704825,1,po-rapec-quality-energy-only-20260731-final-all-tasks,430,0.0
0.0,0.0,0.0,0.0,0.0,0.0,0.0,-0.0027052939757986508,0.0,64,15,6,0.6519740535694692,0.05352255323101623,1.6406182907387394,9,7,1.045342835737979e-05,0.6590475889402452,7,0.37452572438238774,0.003663356464954046,24,0.12086516253027227,1,po-rapec-quality-energy-only-20260731-final-all-tasks,431,0.0
0.0,0.0,0.0,0.0,0.0,0.0,0.0,-0.0027052939757986508,0.0,192,15,7,0.8465688795548559,0.27217102153488776,5.798213323031431,35,10,0.0001859891861588341,0.7418780697061534,6,0.1133751943237745,0.009721796134682235,23,0.08094265706305803,1,po-rapec-quality-energy-only-20260731-final-all-tasks,432,0.0
0.0,0.0,0.0,0.0,0.0,0.0,0.0,-0.0027052939757986508,0.0,192,3,8,0.5309964815178757,0.05352255323101623,7.439644182541458,19,7,0.0006784646556237762,0.6590475889402452,7,0.3898149950426655,0.01026713497013773,24,0.12086516253027227,1,po-rapec-quality-energy-only-20260731-final-all-tasks,436,0.0
0.0,0.0,0.0,0.0,0.0,0.0,0.0,-0.0027052939757986508,0.0,128,3,13,0.533903253334211,0.08971825174138304,6.9104644808076054,27,7,1.3306903343618884e-06,1.7948126287784496,7,0.37452572438238774,0.009721796134682235,24,0.12879596326261983,1,po-rapec-quality-energy-only-20260731-final-all-tasks,439,0.0
0.0,0.0,0.0,0.0,0.0,0.0,0.0,-0.0027052939757986508,0.0,32,9,7,0.4030500278134722,0.10589930738809811,5.798213323031431,22,8,0.00031621436385847833,2.4847336813778322,5,0.36618906447935307,0.009721796134682235,25,0.0791600885457062,1,po-rapec-quality-energy-only-20260731-final-all-tasks,440,0.0
0.0,0.0,0.0,0.0,0.0,0.0,0.0,-0.0027052939757986508,0.0,32,8,11,0.8465688795548559,0.08971825174138304,2.482670526858766,35,20,0.0001859891861588341,0.7304981539250575,5,0.5787367832285027,0.009721796134682235,25,0.08094265706305803,1,po-rapec-quality-energy-only-20260731-final-all-tasks,441,0.0
0.0,0.0,0.0,0.0,0.0,0.0,0.0,-0.0027052939757986508,0.0,128,6,3,0.533903253334211,0.11690327175986931,2.482670526858766,8,9,0.0001859891861588341,0.7304981539250575,6,0.37452572438238774,0.009721796134682235,25,0.22739926538452598,1,po-rapec-quality-energy-only-20260731-final-all-tasks,442,0.0
0.0,0.0,0.0,0.0,0.0,0.0,0.0,-0.0027052939757986508,0.0,32,3,8,0.8465688795548559,0.27217102153488776,7.439644182541458,19,7,1.045342835737979e-05,0.7418780697061534,7,0.1133751943237745,0.009721796134682235,24,0.12086516253027227,1,po-rapec-quality-energy-only-20260731-final-all-tasks,443,0.0
0.0,0.0,0.0,0.0,0.0,0.0,0.0,-0.0027052939757986508,0.0,32,9,3,0.8465688795548559,0.27217102153488776,5.798213323031431,21,9,0.00031621436385847833,0.6590475889402452,7,0.2900269883816277,0.005397915144426497,24,0.331848908679875,1,po-rapec-quality-energy-only-20260731-final-all-tasks,444,0.0
0.0,0.0,0.0,0.0,0.0,0.0,0.0,-0.0027052939757986508,0.0,192,7,7,0.4030500278134722,0.1362380708244446,6.377723359121125,40,7,1.045342835737979e-05,0.6590475889402452,8,0.3898149950426655,0.00890177678215828,23,0.18412741051071474,1,po-rapec-quality-energy-only-20260731-final-all-tasks,445,0.0
0.0,0.0,0.0,0.0,0.0,0.0,0.0,-0.0027052939757986508,0.0,32,9,11,0.8465688795548559,0.27217102153488776,4.334991162647201,35,10,1.5522806283146122e-05,2.733530175207833,7,0.1133751943237745,0.024024502205389233,25,0.08094265706305803,1,po-rapec-quality-energy-only-20260731-final-all-tasks,446,0.0
0.0,0.0,0.0,0.0,0.0,0.0,0.0,-0.0027052939757986508,0.0,128,3,13,0.6519740535694692,0.23121464420566407,5.798213323031431,28,20,1.3306903343618884e-06,0.5641453952079452,4,0.36618906447935307,0.003781910585863543,15,0.09190259775031957,1,po-rapec-quality-energy-only-20260731-final-all-tasks,447,0.0
0.0005243535064072639,0.010423188551814963,0.003639181557665405,0.0460030900487017,0.0005243535064072639,0.010423188551814963,0.0,-0.0027052939757986508,0.4596604481053848,128,9,11,0.8465688795548559,0.08715640581544998,3.6372754937035285,27,10,6.167206339602892e-06,2.733530175207833,4,0.1133751943237745,0.009721796134682235,25,0.09190259775031957,1,po-rapec-quality-energy-only-20260731-final-all-tasks,448,0.4596604481053848
0.0,0.0,0.0,0.0,0.0,0.0,0.0,-0.0027052939757986508,0.0,128,3,3,0.6519740535694692,0.37702534449312636,4.334991162647201,29,9,1.045342835737979e-05,0.5641453952079452,7,0.3898149950426655,0.003663356464954046,24,0.22739926538452598,1,po-rapec-quality-energy-only-20260731-final-all-tasks,450,0.0
0.0,0.0,0.0,0.005322833837950277,0.0,0.0,0.0,-0.0027052939757986508,0.0,128,3,10,0.6833615696284627,0.06767341500506063,6.9104644808076054,19,20,1.3306903343618884e-06,1.7948126287784496,6,0.1307143989307438,0.009721796134682235,6,0.12879596326261983,1,po-rapec-quality-energy-only-20260731-final-all-tasks,451,0.0
0.0,0.0,0.0,0.0,0.0,0.0,0.0,-0.0027052939757986508,0.0,128,9,11,0.5519760012776005,0.27217102153488776,7.65916034426419,22,7,1.045342835737979e-05,0.5641453952079452,4,0.47352188749662516,0.003663356464954046,23,0.12086516253027227,1,po-rapec-quality-energy-only-20260731-final-all-tasks,452,0.0
0.0,0.0,0.0,0.0,0.0,0.0,0.0,-0.0027052939757986508,0.0,192,3,5,0.38793667563191203,0.05352255323101623,7.65916034426419,11,7,1.7340256499244632e-06,0.6590475889402452,7,0.6424953702034013,0.005212918201704737,25,0.22739926538452598,1,po-rapec-quality-energy-only-20260731-final-all-tasks,453,0.0
0.0,0.0,0.0,0.0063845113015320205,0.0,0.0,0.0,-0.0027052939757986508,0.0,128,4,9,0.5862155066028948,0.3168751001723017,4.371504373658846,31,15,1.3306903343618884e-06,1.552618401953044,6,0.36618906447935307,0.003781910585863543,12,0.09190259775031957,1,po-rapec-quality-energy-only-20260731-final-all-tasks,454,0.0
0.0,0.0,0.0,0.0,0.0,0.0,0.0,-0.0027052939757986508,0.0,96,15,5,0.8465688795548559,0.27217102153488776,2.482670526858766,11,7,0.0001859891861588341,0.5641453952079452,6,0.5787367832285027,0.009721796134682235,25,0.08094265706305803,1,po-rapec-quality-energy-only-20260731-final-all-tasks,456,0.0
0.0,0.0,0.0,0.0,0.0,0.0,0.0,-0.0027052939757986508,0.0,32,3,7,0.39567814444300553,0.06767341500506063,4.371504373658846,16,20,1.3306903343618884e-06,2.733530175207833,6,0.3482444033722601,0.024024502205389233,23,0.0791600885457062,1,po-rapec-quality-energy-only-20260731-final-all-tasks,458,0.0
0.0,0.0,0.0,0.0,0.0,0.0,0.0,-0.0027052939757986508,0.0,96,10,13,0.6519740535694692,0.05352255323101623,7.439644182541458,9,7,5.860040860884017e-06,1.8405665790405619,4,0.19743005729433055,0.01026713497013773,24,0.12086516253027227,1,po-rapec-quality-energy-only-20260731-final-all-tasks,459,0.0
0.0,0.0,0.0,0.0,0.0,0.0,0.0,-0.0027052939757986508,0.0,96,3,7,0.4030500278134722,0.06767341500506063,4.371504373658846,31,20,3.1100937747809476e-06,1.6903495308775263,4,0.36618906447935307,0.022580791866286552,20,0.0791600885457062,1,po-rapec-quality-energy-only-20260731-final-all-tasks,460,0.0
0.0,0.0,0.0,0.0,0.0,0.0,0.0,-0.0027052939757986508,0.0,96,3,7,0.39567814444300553,0.06767341500506063,4.371504373658846,31,20,1.3306903343618884e-06,1.6903495308775263,8,0.36618906447935307,0.06994099124639958,23,0.0791600885457062,1,po-rapec-quality-energy-only-20260731-final-all-tasks,461,0.0
0.0,0.0,0.0,0.0,0.0,0.0,0.0,-0.0027052939757986508,0.0,32,9,13,0.4030500278134722,0.20139553485535916,5.798213323031431,9,7,0.00031621436385847833,0.6590475889402452,5,0.37452572438238774,0.009721796134682235,18,0.12086516253027227,1,po-rapec-quality-energy-only-20260731-final-all-tasks,463,0.0
0.0,0.0,0.0,0.0,0.0,0.0,0.0,-0.0027052939757986508,0.0,128,4,13,0.8465688795548559,0.08971825174138304,2.482670526858766,9,16,1.4309171915459122e-06,0.7793352622865081,4,0.37452572438238774,0.005512317866637148,25,0.08094265706305803,1,po-rapec-quality-energy-only-20260731-final-all-tasks,464,0.0
0.0,0.0,0.0,0.0,0.0,0.0,0.0,-0.0027052939757986508,0.0,128,3,5,0.533903253334211,0.27217102153488776,7.439644182541458,19,7,1.045342835737979e-05,0.6590475889402452,4,0.1133751943237745,0.01026713497013773,25,0.12086516253027227,1,po-rapec-quality-energy-only-20260731-final-all-tasks,465,0.0
0.0,0.0,0.0,0.0,0.0,0.0,0.0,-0.0027052939757986508,0.0,128,3,11,0.7643560677163564,0.27217102153488776,5.601342983003216,22,10,1.5522806283146122e-05,0.6590475889402452,4,0.36611510682472603,0.004438480336826968,25,0.09190259775031957,1,po-rapec-quality-energy-only-20260731-final-all-tasks,466,0.0
0.0,0.0,0.0,0.0,0.0,0.0,0.0,-0.0027052939757986508,0.0,32,9,11,0.5519760012776005,0.37702534449312636,5.798213323031431,16,10,1.5522806283146122e-05,0.7418780697061534,4,0.3482444033722601,0.009721796134682235,25,0.09190259775031957,1,po-rapec-quality-energy-only-20260731-final-all-tasks,467,0.0
0.0,0.0,0.0,0.0,0.0,0.0,0.0,-0.0027052939757986508,0.0,128,3,5,0.7165961861424903,0.3455045096304409,7.439644182541458,19,13,1.045342835737979e-05,0.6590475889402452,7,0.3898149950426655,0.01026713497013773,24,0.22739926538452598,1,po-rapec-quality-energy-only-20260731-final-all-tasks,468,0.0
0.0,0.0,0.0,0.0,0.0,0.0,0.0,-0.0027052939757986508,0.0,128,3,5,0.8686170412379799,0.3455045096304409,7.439644182541458,19,20,1.045342835737979e-05,0.6590475889402452,4,0.3898149950426655,0.022580791866286552,24,0.12086516253027227,1,po-rapec-quality-energy-only-20260731-final-all-tasks,469,0.0
0.0,0.0,0.0,0.005322833837950277,0.0,0.0,0.0,-0.0027052939757986508,0.0,96,9,7,0.8465688795548559,0.09359503324234911,5.798213323031431,22,20,0.00031621436385847833,2.4847336813778322,6,0.36618906447935307,0.0013448367228373476,25,0.0791600885457062,1,po-rapec-quality-energy-only-20260731-final-all-tasks,472,0.0
0.0,0.0,0.0,0.0063845113015320205,0.0,0.0,0.0,-0.0027052939757986508,0.0,128,9,11,0.8465688795548559,0.27217102153488776,5.403084432068228,16,10,1.5522806283146122e-05,2.733530175207833,7,0.3482444033722601,0.009721796134682235,25,0.09190259775031957,1,po-rapec-quality-energy-only-20260731-final-all-tasks,473,0.0
0.0,0.0,0.0,0.0,0.0,0.0,0.0,-0.0027052939757986508,0.0,64,3,8,0.6519740535694692,0.3455045096304409,7.439644182541458,29,7,1.045342835737979e-05,1.9488904083048062,7,0.3898149950426655,0.01026713497013773,24,0.12086516253027227,1,po-rapec-quality-energy-only-20260731-final-all-tasks,474,0.0
0.0,0.0,0.0,0.0,0.0,0.0,0.0,-0.0027052939757986508,0.0,192,9,7,0.38793667563191203,0.10589930738809811,5.901754525707168,33,7,0.00031621436385847833,2.4847336813778322,5,0.36618906447935307,0.009721796134682235,25,0.0791600885457062,1,po-rapec-quality-energy-only-20260731-final-all-tasks,475,0.0
0.0,0.0,0.0,0.0,0.0,0.0,0.0,-0.0027052939757986508,0.0,128,3,7,0.8465688795548559,0.10589930738809811,4.371504373658846,31,20,1.3306903343618884e-06,1.6903495308775263,6,0.31719805620359387,0.022580791866286552,15,0.09190259775031957,1,po-rapec-quality-energy-only-20260731-final-all-tasks,476,0.0
0.0,0.0,0.0,0.0,0.0,0.0,0.0,-0.0027052939757986508,0.0,128,3,6,0.6519740535694692,0.05352255323101623,5.6944174936079355,19,7,0.0001935145052332143,0.6590475889402452,7,0.7891335438293792,0.01026713497013773,24,0.12086516253027227,1,po-rapec-quality-energy-only-20260731-final-all-tasks,477,0.0
0.0,0.0,0.0,0.0031628626167402914,0.0,0.0,0.0,-0.0027052939757986508,0.0,32,9,3,0.533903253334211,0.37702534449312636,4.334991162647201,19,9,1.045342835737979e-05,2.733530175207833,7,0.3482444033722601,0.024024502205389233,25,0.09190259775031957,1,po-rapec-quality-energy-only-20260731-final-all-tasks,478,0.0
0.0,0.0,0.0,0.0,0.0,0.0,0.0,-0.0027052939757986508,0.0,32,15,12,0.6519740535694692,0.14981561565760906,4.785890302332111,22,7,1.3306903343618884e-06,0.5641453952079452,7,0.1307143989307438,0.003663356464954046,12,0.12879596326261983,1,po-rapec-quality-energy-only-20260731-final-all-tasks,479,0.0
0.0,0.0,0.0,0.0,0.0,0.0,0.0,-0.0027052939757986508,0.0,32,6,11,0.8465688795548559,0.27217102153488776,2.482670526858766,35,15,0.0001859891861588341,2.0447998113313552,6,0.5787367832285027,0.009721796134682235,25,0.08094265706305803,1,po-rapec-quality-energy-only-20260731-final-all-tasks,480,0.0
0.0,0.0,0.0,0.0,0.0,0.0,0.0,-0.0027052939757986508,0.0,32,15,5,0.6519740535694692,0.08971825174138304,5.798213323031431,22,20,1.292414444739536e-06,0.7304981539250575,7,0.2532150002810423,0.003781910585863543,25,0.08094265706305803,1,po-rapec-quality-energy-only-20260731-final-all-tasks,481,0.0
0.0,0.0,0.0,0.0,0.0,0.0,0.0,-0.0027052939757986508,0.0,128,7,7,0.207468365925079,0.06767341500506063,6.9104644808076054,27,18,1.3306903343618884e-06,0.5496797074676079,5,0.5163289402097396,0.00890177678215828,25,0.0791600885457062,1,po-rapec-quality-energy-only-20260731-final-all-tasks,482,0.0
0.0,0.0,0.0,0.0,0.0,0.0,0.0,-0.0027052939757986508,0.0,192,3,9,0.38793667563191203,0.05352255323101623,4.371504373658846,31,10,0.0001949148555556005,0.6590475889402452,6,0.36618906447935307,0.01026713497013773,23,0.12029634909446668,1,po-rapec-quality-energy-only-20260731-final-all-tasks,483,0.0
0.0,0.0,0.0,0.009546040417031705,0.0,0.0,0.0,-0.0027052939757986508,0.0,192,3,8,0.1459364027448432,0.3455045096304409,7.439644182541458,19,7,1.045342835737979e-05,0.6590475889402452,4,0.3898149950426655,0.01026713497013773,18,0.12086516253027227,1,po-rapec-quality-energy-only-20260731-final-all-tasks,484,0.0
0.0,0.0,0.0,0.0011581320613127737,0.0,0.0,0.0,-0.0027052939757986508,0.0,32,15,10,0.207468365925079,0.14981561565760906,6.9104644808076054,27,7,1.3306903343618884e-06,0.5641453952079452,5,0.1285005510766885,0.009721796134682235,25,0.12879596326261983,1,po-rapec-quality-energy-only-20260731-final-all-tasks,486,0.0
0.0,0.0,0.0,0.0,0.0,0.0,0.0,-0.0027052939757986508,0.0,32,4,7,0.4030500278134722,0.2342710022958256,5.798213323031431,31,20,3.1100937747809476e-06,1.6903495308775263,5,0.36618906447935307,0.009721796134682235,25,0.0791600885457062,1,po-rapec-quality-energy-only-20260731-final-all-tasks,487,0.0
0.0,0.0,0.0,0.0,0.0,0.0,0.0,-0.0027052939757986508,0.0,128,10,14,0.4030500278134722,0.10589930738809811,4.334991162647201,16,13,8.377749538889109e-06,0.6590475889402452,7,0.3898149950426655,0.005212918201704737,23,0.22739926538452598,1,po-rapec-quality-energy-only-20260731-final-all-tasks,488,0.0
0.0,0.0,0.0,0.0,0.0,0.0,0.0,-0.0027052939757986508,0.0,32,4,7,0.8465688795548559,0.10589930738809811,4.371504373658846,31,10,0.0001859891861588341,2.4847336813778322,6,0.36618906447935307,0.009721796134682235,25,0.08094265706305803,1,po-rapec-quality-energy-only-20260731-final-all-tasks,489,0.0
0.0,0.0,0.0,0.0,0.0,0.0,0.0,-0.0027052939757986508,0.0,128,10,13,0.1459364027448432,0.27217102153488776,5.798213323031431,36,7,1.6641838613225804e-05,0.6590475889402452,4,0.1133751943237745,0.002731731463547026,25,0.09190259775031957,1,po-rapec-quality-energy-only-20260731-final-all-tasks,490,0.0
0.0,0.0,0.0,0.008926372767302898,0.0,0.0,0.0,-0.0027052939757986508,0.0,128,12,13,0.1459364027448432,0.34999379407069664,4.334991162647201,16,7,0.0001817230167405515,0.7793352622865081,7,0.37957428236762525,0.003781910585863543,21,0.22739926538452598,1,po-rapec-quality-energy-only-20260731-final-all-tasks,494,0.0
0.0,0.0,0.0,0.0,0.0,0.0,0.0,-0.0027052939757986508,0.0,128,3,3,0.207468365925079,0.06767341500506063,6.9104644808076054,27,20,0.0001859891861588341,2.0447998113313552,5,0.5787367832285027,0.009721796134682235,25,0.12879596326261983,1,po-rapec-quality-energy-only-20260731-final-all-tasks,495,0.0
0.0,0.0,0.0,0.008630799723932174,0.0,0.0,0.0,-0.0027052939757986508,0.0,96,7,7,0.4030500278134722,0.37702534449312636,6.377723359121125,40,18,3.1100937747809476e-06,0.5496797074676079,6,0.5163289402097396,0.00890177678215828,23,0.14056704391919783,1,po-rapec-quality-energy-only-20260731-final-all-tasks,496,0.0
0.0,0.0,0.0,0.0,0.0,0.0,0.0,-0.0027052939757986508,0.0,192,15,12,0.5519760012776005,0.14981561565760906,6.9104644808076054,19,14,6.915105476917281e-05,0.7418780697061534,6,0.1133751943237745,0.003663356464954046,25,0.12879596326261983,1,po-rapec-quality-energy-only-20260731-final-all-tasks,497,0.0
0.0,0.0,0.0,0.0,0.0,0.0,0.0,-0.0027052939757986508,0.0,64,3,6,0.6519740535694692,0.06767341500506063,4.371504373658846,29,7,5.860040860884017e-06,1.6903495308775263,7,0.19743005729433055,0.06994099124639958,23,0.12086516253027227,1,po-rapec-quality-energy-only-20260731-final-all-tasks,498,0.0
